id,model_name,arch,framework,backend,workload,accuracy,score
543007,MacBook Pro（14 英寸，M5 Pro 或 M5 Max）,Apple Silicon,Core ML,CPU,Image Classification (SP),"100%
",2352
543007,MacBook Pro（14 英寸，M5 Pro 或 M5 Max）,Apple Silicon,Core ML,CPU,Image Classification (HP),"100%
",3512
543007,MacBook Pro（14 英寸，M5 Pro 或 M5 Max）,Apple Silicon,Core ML,CPU,Image Classification (Q),"94%
",2199
543007,MacBook Pro（14 英寸，M5 Pro 或 M5 Max）,Apple Silicon,Core ML,CPU,Image Segmentation (SP),"100%
",2500
543007,MacBook Pro（14 英寸，M5 Pro 或 M5 Max）,Apple Silicon,Core ML,CPU,Image Segmentation (HP),"100%
",2924
543007,MacBook Pro（14 英寸，M5 Pro 或 M5 Max）,Apple Silicon,Core ML,CPU,Image Segmentation (Q),"99%
",4066
543007,MacBook Pro（14 英寸，M5 Pro 或 M5 Max）,Apple Silicon,Core ML,CPU,Pose Estimation (SP),"100%
",9516
543007,MacBook Pro（14 英寸，M5 Pro 或 M5 Max）,Apple Silicon,Core ML,CPU,Pose Estimation (HP),"100%
",19353
543007,MacBook Pro（14 英寸，M5 Pro 或 M5 Max）,Apple Silicon,Core ML,CPU,Pose Estimation (Q),"96%
",16742
543007,MacBook Pro（14 英寸，M5 Pro 或 M5 Max）,Apple Silicon,Core ML,CPU,Object Detection (SP),"100%
",2872
543007,MacBook Pro（14 英寸，M5 Pro 或 M5 Max）,Apple Silicon,Core ML,CPU,Object Detection (HP),"98%
",4303
543007,MacBook Pro（14 英寸，M5 Pro 或 M5 Max）,Apple Silicon,Core ML,CPU,Object Detection (Q),"88%
",2892
543007,MacBook Pro（14 英寸，M5 Pro 或 M5 Max）,Apple Silicon,Core ML,CPU,Face Detection (SP),"100%
",5388
543007,MacBook Pro（14 英寸，M5 Pro 或 M5 Max）,Apple Silicon,Core ML,CPU,Face Detection (HP),"100%
",9543
543007,MacBook Pro（14 英寸，M5 Pro 或 M5 Max）,Apple Silicon,Core ML,CPU,Face Detection (Q),"100%
",5246
543007,MacBook Pro（14 英寸，M5 Pro 或 M5 Max）,Apple Silicon,Core ML,CPU,Depth Estimation (SP),"100%
",9135
543007,MacBook Pro（14 英寸，M5 Pro 或 M5 Max）,Apple Silicon,Core ML,CPU,Depth Estimation (HP),"98%
",11644
543007,MacBook Pro（14 英寸，M5 Pro 或 M5 Max）,Apple Silicon,Core ML,CPU,Depth Estimation (Q),"85%
",8240
543007,MacBook Pro（14 英寸，M5 Pro 或 M5 Max）,Apple Silicon,Core ML,CPU,Style Transfer (SP),"100%
",24634
543007,MacBook Pro（14 英寸，M5 Pro 或 M5 Max）,Apple Silicon,Core ML,CPU,Style Transfer (HP),"100%
",45706
543007,MacBook Pro（14 英寸，M5 Pro 或 M5 Max）,Apple Silicon,Core ML,CPU,Style Transfer (Q),"96%
",36349
543007,MacBook Pro（14 英寸，M5 Pro 或 M5 Max）,Apple Silicon,Core ML,CPU,Image Super-Resolution (SP),"100%
",5811
543007,MacBook Pro（14 英寸，M5 Pro 或 M5 Max）,Apple Silicon,Core ML,CPU,Image Super-Resolution (HP),"100%
",10599
543007,MacBook Pro（14 英寸，M5 Pro 或 M5 Max）,Apple Silicon,Core ML,CPU,Image Super-Resolution (Q),"99%
",6233
543007,MacBook Pro（14 英寸，M5 Pro 或 M5 Max）,Apple Silicon,Core ML,CPU,Text Classification (SP),"99%
",5830
543007,MacBook Pro（14 英寸，M5 Pro 或 M5 Max）,Apple Silicon,Core ML,CPU,Text Classification (HP),"99%
",9659
543007,MacBook Pro（14 英寸，M5 Pro 或 M5 Max）,Apple Silicon,Core ML,CPU,Text Classification (Q),"93%
",9585
543007,MacBook Pro（14 英寸，M5 Pro 或 M5 Max）,Apple Silicon,Core ML,CPU,Machine Translation (SP),"100%
",2721
543007,MacBook Pro（14 英寸，M5 Pro 或 M5 Max）,Apple Silicon,Core ML,CPU,Machine Translation (HP),"100%
",9440
543007,MacBook Pro（14 英寸，M5 Pro 或 M5 Max）,Apple Silicon,Core ML,CPU,Machine Translation (Q),"98%
",9393
543014,"MacBook Pro (14-inch, 2024)",Apple Silicon,Core ML,Neural Engine,Image Classification (SP),"100%
",2066
543014,"MacBook Pro (14-inch, 2024)",Apple Silicon,Core ML,Neural Engine,Image Classification (HP),"100%
",17161
543014,"MacBook Pro (14-inch, 2024)",Apple Silicon,Core ML,Neural Engine,Image Classification (Q),"97%
",27550
543014,"MacBook Pro (14-inch, 2024)",Apple Silicon,Core ML,Neural Engine,Image Segmentation (SP),"100%
",2224
543014,"MacBook Pro (14-inch, 2024)",Apple Silicon,Core ML,Neural Engine,Image Segmentation (HP),"100%
",22251
543014,"MacBook Pro (14-inch, 2024)",Apple Silicon,Core ML,Neural Engine,Image Segmentation (Q),"99%
",30060
543014,"MacBook Pro (14-inch, 2024)",Apple Silicon,Core ML,Neural Engine,Pose Estimation (SP),"100%
",10052
543014,"MacBook Pro (14-inch, 2024)",Apple Silicon,Core ML,Neural Engine,Pose Estimation (HP),"100%
",122499
543014,"MacBook Pro (14-inch, 2024)",Apple Silicon,Core ML,Neural Engine,Pose Estimation (Q),"95%
",231124
543014,"MacBook Pro (14-inch, 2024)",Apple Silicon,Core ML,Neural Engine,Object Detection (SP),"100%
",2437
543014,"MacBook Pro (14-inch, 2024)",Apple Silicon,Core ML,Neural Engine,Object Detection (HP),"100%
",18546
543014,"MacBook Pro (14-inch, 2024)",Apple Silicon,Core ML,Neural Engine,Object Detection (Q),"91%
",25538
543014,"MacBook Pro (14-inch, 2024)",Apple Silicon,Core ML,Neural Engine,Face Detection (SP),"100%
",4222
543014,"MacBook Pro (14-inch, 2024)",Apple Silicon,Core ML,Neural Engine,Face Detection (HP),"100%
",43861
543014,"MacBook Pro (14-inch, 2024)",Apple Silicon,Core ML,Neural Engine,Face Detection (Q),"100%
",64077
543014,"MacBook Pro (14-inch, 2024)",Apple Silicon,Core ML,Neural Engine,Depth Estimation (SP),"100%
",8597
543014,"MacBook Pro (14-inch, 2024)",Apple Silicon,Core ML,Neural Engine,Depth Estimation (HP),"99%
",99092
543014,"MacBook Pro (14-inch, 2024)",Apple Silicon,Core ML,Neural Engine,Depth Estimation (Q),"85%
",169064
543014,"MacBook Pro (14-inch, 2024)",Apple Silicon,Core ML,Neural Engine,Style Transfer (SP),"100%
",21576
543014,"MacBook Pro (14-inch, 2024)",Apple Silicon,Core ML,Neural Engine,Style Transfer (HP),"100%
",230573
543014,"MacBook Pro (14-inch, 2024)",Apple Silicon,Core ML,Neural Engine,Style Transfer (Q),"96%
",295941
543014,"MacBook Pro (14-inch, 2024)",Apple Silicon,Core ML,Neural Engine,Image Super-Resolution (SP),"100%
",6095
543014,"MacBook Pro (14-inch, 2024)",Apple Silicon,Core ML,Neural Engine,Image Super-Resolution (HP),"100%
",50250
543014,"MacBook Pro (14-inch, 2024)",Apple Silicon,Core ML,Neural Engine,Image Super-Resolution (Q),"99%
",84856
543014,"MacBook Pro (14-inch, 2024)",Apple Silicon,Core ML,Neural Engine,Text Classification (SP),"100%
",2918
543014,"MacBook Pro (14-inch, 2024)",Apple Silicon,Core ML,Neural Engine,Text Classification (HP),"100%
",6005
543014,"MacBook Pro (14-inch, 2024)",Apple Silicon,Core ML,Neural Engine,Text Classification (Q),"93%
",6899
543014,"MacBook Pro (14-inch, 2024)",Apple Silicon,Core ML,Neural Engine,Machine Translation (SP),"100%
",4385
543014,"MacBook Pro (14-inch, 2024)",Apple Silicon,Core ML,Neural Engine,Machine Translation (HP),"100%
",16357
543014,"MacBook Pro (14-inch, 2024)",Apple Silicon,Core ML,Neural Engine,Machine Translation (Q),"98%
",18238
543047,"MacBook Pro (16-inch, 2021)",Apple Silicon,Core ML,Neural Engine,Image Classification (SP),"100%
",1333
543047,"MacBook Pro (16-inch, 2021)",Apple Silicon,Core ML,Neural Engine,Image Classification (HP),"100%
",6517
543047,"MacBook Pro (16-inch, 2021)",Apple Silicon,Core ML,Neural Engine,Image Classification (Q),"97%
",6219
543047,"MacBook Pro (16-inch, 2021)",Apple Silicon,Core ML,Neural Engine,Image Segmentation (SP),"100%
",1517
543047,"MacBook Pro (16-inch, 2021)",Apple Silicon,Core ML,Neural Engine,Image Segmentation (HP),"100%
",9149
543047,"MacBook Pro (16-inch, 2021)",Apple Silicon,Core ML,Neural Engine,Image Segmentation (Q),"99%
",9955
543047,"MacBook Pro (16-inch, 2021)",Apple Silicon,Core ML,Neural Engine,Pose Estimation (SP),"100%
",10288
543047,"MacBook Pro (16-inch, 2021)",Apple Silicon,Core ML,Neural Engine,Pose Estimation (HP),"100%
",69437
543047,"MacBook Pro (16-inch, 2021)",Apple Silicon,Core ML,Neural Engine,Pose Estimation (Q),"95%
",64665
543047,"MacBook Pro (16-inch, 2021)",Apple Silicon,Core ML,Neural Engine,Object Detection (SP),"100%
",1528
543047,"MacBook Pro (16-inch, 2021)",Apple Silicon,Core ML,Neural Engine,Object Detection (HP),"99%
",7392
543047,"MacBook Pro (16-inch, 2021)",Apple Silicon,Core ML,Neural Engine,Object Detection (Q),"89%
",6977
543047,"MacBook Pro (16-inch, 2021)",Apple Silicon,Core ML,Neural Engine,Face Detection (SP),"100%
",3379
543047,"MacBook Pro (16-inch, 2021)",Apple Silicon,Core ML,Neural Engine,Face Detection (HP),"100%
",14376
543047,"MacBook Pro (16-inch, 2021)",Apple Silicon,Core ML,Neural Engine,Face Detection (Q),"100%
",13563
543047,"MacBook Pro (16-inch, 2021)",Apple Silicon,Core ML,Neural Engine,Depth Estimation (SP),"100%
",5700
543047,"MacBook Pro (16-inch, 2021)",Apple Silicon,Core ML,Neural Engine,Depth Estimation (HP),"99%
",49614
543047,"MacBook Pro (16-inch, 2021)",Apple Silicon,Core ML,Neural Engine,Depth Estimation (Q),"85%
",51852
543047,"MacBook Pro (16-inch, 2021)",Apple Silicon,Core ML,Neural Engine,Style Transfer (SP),"100%
",21919
543047,"MacBook Pro (16-inch, 2021)",Apple Silicon,Core ML,Neural Engine,Style Transfer (HP),"100%
",122911
543047,"MacBook Pro (16-inch, 2021)",Apple Silicon,Core ML,Neural Engine,Style Transfer (Q),"96%
",114297
543047,"MacBook Pro (16-inch, 2021)",Apple Silicon,Core ML,Neural Engine,Image Super-Resolution (SP),"100%
",4071
543047,"MacBook Pro (16-inch, 2021)",Apple Silicon,Core ML,Neural Engine,Image Super-Resolution (HP),"100%
",25600
543047,"MacBook Pro (16-inch, 2021)",Apple Silicon,Core ML,Neural Engine,Image Super-Resolution (Q),"99%
",26824
543047,"MacBook Pro (16-inch, 2021)",Apple Silicon,Core ML,Neural Engine,Text Classification (SP),"99%
",4300
543047,"MacBook Pro (16-inch, 2021)",Apple Silicon,Core ML,Neural Engine,Text Classification (HP),"100%
",6963
543047,"MacBook Pro (16-inch, 2021)",Apple Silicon,Core ML,Neural Engine,Text Classification (Q),"92%
",6563
543047,"MacBook Pro (16-inch, 2021)",Apple Silicon,Core ML,Neural Engine,Machine Translation (SP),"100%
",3107
543047,"MacBook Pro (16-inch, 2021)",Apple Silicon,Core ML,Neural Engine,Machine Translation (HP),"100%
",2747
543047,"MacBook Pro (16-inch, 2021)",Apple Silicon,Core ML,Neural Engine,Machine Translation (Q),"98%
",2761
543065,MacBook Pro（16 英寸，M5 Pro 或 M5 Max）,Apple Silicon,Core ML,CPU,Image Classification (SP),"100%
",2389
543065,MacBook Pro（16 英寸，M5 Pro 或 M5 Max）,Apple Silicon,Core ML,CPU,Image Classification (HP),"100%
",3665
543065,MacBook Pro（16 英寸，M5 Pro 或 M5 Max）,Apple Silicon,Core ML,CPU,Image Classification (Q),"94%
",2030
543065,MacBook Pro（16 英寸，M5 Pro 或 M5 Max）,Apple Silicon,Core ML,CPU,Image Segmentation (SP),"100%
",2520
543065,MacBook Pro（16 英寸，M5 Pro 或 M5 Max）,Apple Silicon,Core ML,CPU,Image Segmentation (HP),"100%
",3087
543065,MacBook Pro（16 英寸，M5 Pro 或 M5 Max）,Apple Silicon,Core ML,CPU,Image Segmentation (Q),"99%
",4145
543065,MacBook Pro（16 英寸，M5 Pro 或 M5 Max）,Apple Silicon,Core ML,CPU,Pose Estimation (SP),"100%
",9963
543065,MacBook Pro（16 英寸，M5 Pro 或 M5 Max）,Apple Silicon,Core ML,CPU,Pose Estimation (HP),"100%
",19595
543065,MacBook Pro（16 英寸，M5 Pro 或 M5 Max）,Apple Silicon,Core ML,CPU,Pose Estimation (Q),"96%
",17027
543065,MacBook Pro（16 英寸，M5 Pro 或 M5 Max）,Apple Silicon,Core ML,CPU,Object Detection (SP),"100%
",2933
543065,MacBook Pro（16 英寸，M5 Pro 或 M5 Max）,Apple Silicon,Core ML,CPU,Object Detection (HP),"98%
",4303
543065,MacBook Pro（16 英寸，M5 Pro 或 M5 Max）,Apple Silicon,Core ML,CPU,Object Detection (Q),"88%
",2866
543065,MacBook Pro（16 英寸，M5 Pro 或 M5 Max）,Apple Silicon,Core ML,CPU,Face Detection (SP),"100%
",5778
543065,MacBook Pro（16 英寸，M5 Pro 或 M5 Max）,Apple Silicon,Core ML,CPU,Face Detection (HP),"100%
",10163
543065,MacBook Pro（16 英寸，M5 Pro 或 M5 Max）,Apple Silicon,Core ML,CPU,Face Detection (Q),"100%
",5376
543065,MacBook Pro（16 英寸，M5 Pro 或 M5 Max）,Apple Silicon,Core ML,CPU,Depth Estimation (SP),"100%
",9284
543065,MacBook Pro（16 英寸，M5 Pro 或 M5 Max）,Apple Silicon,Core ML,CPU,Depth Estimation (HP),"98%
",12295
543065,MacBook Pro（16 英寸，M5 Pro 或 M5 Max）,Apple Silicon,Core ML,CPU,Depth Estimation (Q),"85%
",8280
543065,MacBook Pro（16 英寸，M5 Pro 或 M5 Max）,Apple Silicon,Core ML,CPU,Style Transfer (SP),"100%
",25271
543065,MacBook Pro（16 英寸，M5 Pro 或 M5 Max）,Apple Silicon,Core ML,CPU,Style Transfer (HP),"100%
",46552
543065,MacBook Pro（16 英寸，M5 Pro 或 M5 Max）,Apple Silicon,Core ML,CPU,Style Transfer (Q),"96%
",37253
543065,MacBook Pro（16 英寸，M5 Pro 或 M5 Max）,Apple Silicon,Core ML,CPU,Image Super-Resolution (SP),"100%
",5797
543065,MacBook Pro（16 英寸，M5 Pro 或 M5 Max）,Apple Silicon,Core ML,CPU,Image Super-Resolution (HP),"100%
",10499
543065,MacBook Pro（16 英寸，M5 Pro 或 M5 Max）,Apple Silicon,Core ML,CPU,Image Super-Resolution (Q),"99%
",6270
543065,MacBook Pro（16 英寸，M5 Pro 或 M5 Max）,Apple Silicon,Core ML,CPU,Text Classification (SP),"99%
",6204
543065,MacBook Pro（16 英寸，M5 Pro 或 M5 Max）,Apple Silicon,Core ML,CPU,Text Classification (HP),"99%
",10135
543065,MacBook Pro（16 英寸，M5 Pro 或 M5 Max）,Apple Silicon,Core ML,CPU,Text Classification (Q),"93%
",10219
543065,MacBook Pro（16 英寸，M5 Pro 或 M5 Max）,Apple Silicon,Core ML,CPU,Machine Translation (SP),"100%
",2867
543065,MacBook Pro（16 英寸，M5 Pro 或 M5 Max）,Apple Silicon,Core ML,CPU,Machine Translation (HP),"100%
",9848
543065,MacBook Pro（16 英寸，M5 Pro 或 M5 Max）,Apple Silicon,Core ML,CPU,Machine Translation (Q),"98%
",9796
543066,MacBook Pro（16 英寸，M5 Pro 或 M5 Max）,Apple Silicon,Core ML,GPU,Image Classification (SP),"100%
",10711
543066,MacBook Pro（16 英寸，M5 Pro 或 M5 Max）,Apple Silicon,Core ML,GPU,Image Classification (HP),"100%
",13482
543066,MacBook Pro（16 英寸，M5 Pro 或 M5 Max）,Apple Silicon,Core ML,GPU,Image Classification (Q),"97%
",12013
543066,MacBook Pro（16 英寸，M5 Pro 或 M5 Max）,Apple Silicon,Core ML,GPU,Image Segmentation (SP),"100%
",27998
543066,MacBook Pro（16 英寸，M5 Pro 或 M5 Max）,Apple Silicon,Core ML,GPU,Image Segmentation (HP),"100%
",42585
543066,MacBook Pro（16 英寸，M5 Pro 或 M5 Max）,Apple Silicon,Core ML,GPU,Image Segmentation (Q),"99%
",39151
543066,MacBook Pro（16 英寸，M5 Pro 或 M5 Max）,Apple Silicon,Core ML,GPU,Pose Estimation (SP),"100%
",130676
543066,MacBook Pro（16 英寸，M5 Pro 或 M5 Max）,Apple Silicon,Core ML,GPU,Pose Estimation (HP),"100%
",333996
543066,MacBook Pro（16 英寸，M5 Pro 或 M5 Max）,Apple Silicon,Core ML,GPU,Pose Estimation (Q),"95%
",289945
543066,MacBook Pro（16 英寸，M5 Pro 或 M5 Max）,Apple Silicon,Core ML,GPU,Object Detection (SP),"100%
",10119
543066,MacBook Pro（16 英寸，M5 Pro 或 M5 Max）,Apple Silicon,Core ML,GPU,Object Detection (HP),"100%
",14562
543066,MacBook Pro（16 英寸，M5 Pro 或 M5 Max）,Apple Silicon,Core ML,GPU,Object Detection (Q),"94%
",13733
543066,MacBook Pro（16 英寸，M5 Pro 或 M5 Max）,Apple Silicon,Core ML,GPU,Face Detection (SP),"100%
",49845
543066,MacBook Pro（16 英寸，M5 Pro 或 M5 Max）,Apple Silicon,Core ML,GPU,Face Detection (HP),"100%
",72805
543066,MacBook Pro（16 英寸，M5 Pro 或 M5 Max）,Apple Silicon,Core ML,GPU,Face Detection (Q),"100%
",65178
543066,MacBook Pro（16 英寸，M5 Pro 或 M5 Max）,Apple Silicon,Core ML,GPU,Depth Estimation (SP),"100%
",53431
543066,MacBook Pro（16 英寸，M5 Pro 或 M5 Max）,Apple Silicon,Core ML,GPU,Depth Estimation (HP),"99%
",86050
543066,MacBook Pro（16 英寸，M5 Pro 或 M5 Max）,Apple Silicon,Core ML,GPU,Depth Estimation (Q),"86%
",86942
543066,MacBook Pro（16 英寸，M5 Pro 或 M5 Max）,Apple Silicon,Core ML,GPU,Style Transfer (SP),"100%
",264652
543066,MacBook Pro（16 英寸，M5 Pro 或 M5 Max）,Apple Silicon,Core ML,GPU,Style Transfer (HP),"100%
",554734
543066,MacBook Pro（16 英寸，M5 Pro 或 M5 Max）,Apple Silicon,Core ML,GPU,Style Transfer (Q),"96%
",610497
543066,MacBook Pro（16 英寸，M5 Pro 或 M5 Max）,Apple Silicon,Core ML,GPU,Image Super-Resolution (SP),"100%
",34847
543066,MacBook Pro（16 英寸，M5 Pro 或 M5 Max）,Apple Silicon,Core ML,GPU,Image Super-Resolution (HP),"100%
",52249
543066,MacBook Pro（16 英寸，M5 Pro 或 M5 Max）,Apple Silicon,Core ML,GPU,Image Super-Resolution (Q),"99%
",42718
543066,MacBook Pro（16 英寸，M5 Pro 或 M5 Max）,Apple Silicon,Core ML,GPU,Text Classification (SP),"100%
",6005
543066,MacBook Pro（16 英寸，M5 Pro 或 M5 Max）,Apple Silicon,Core ML,GPU,Text Classification (HP),"99%
",9952
543066,MacBook Pro（16 英寸，M5 Pro 或 M5 Max）,Apple Silicon,Core ML,GPU,Text Classification (Q),"92%
",10168
543066,MacBook Pro（16 英寸，M5 Pro 或 M5 Max）,Apple Silicon,Core ML,GPU,Machine Translation (SP),"100%
",8380
543066,MacBook Pro（16 英寸，M5 Pro 或 M5 Max）,Apple Silicon,Core ML,GPU,Machine Translation (HP),"100%
",8880
543066,MacBook Pro（16 英寸，M5 Pro 或 M5 Max）,Apple Silicon,Core ML,GPU,Machine Translation (Q),"98%
",8575
543067,MacBook Pro（16 英寸，M5 Pro 或 M5 Max）,Apple Silicon,Core ML,Neural Engine,Image Classification (SP),"100%
",2396
543067,MacBook Pro（16 英寸，M5 Pro 或 M5 Max）,Apple Silicon,Core ML,Neural Engine,Image Classification (HP),"100%
",20098
543067,MacBook Pro（16 英寸，M5 Pro 或 M5 Max）,Apple Silicon,Core ML,Neural Engine,Image Classification (Q),"97%
",27721
543067,MacBook Pro（16 英寸，M5 Pro 或 M5 Max）,Apple Silicon,Core ML,Neural Engine,Image Segmentation (SP),"100%
",2493
543067,MacBook Pro（16 英寸，M5 Pro 或 M5 Max）,Apple Silicon,Core ML,Neural Engine,Image Segmentation (HP),"100%
",26599
543067,MacBook Pro（16 英寸，M5 Pro 或 M5 Max）,Apple Silicon,Core ML,Neural Engine,Image Segmentation (Q),"99%
",38073
543067,MacBook Pro（16 英寸，M5 Pro 或 M5 Max）,Apple Silicon,Core ML,Neural Engine,Pose Estimation (SP),"100%
",10198
543067,MacBook Pro（16 英寸，M5 Pro 或 M5 Max）,Apple Silicon,Core ML,Neural Engine,Pose Estimation (HP),"100%
",183602
543067,MacBook Pro（16 英寸，M5 Pro 或 M5 Max）,Apple Silicon,Core ML,Neural Engine,Pose Estimation (Q),"95%
",339726
543067,MacBook Pro（16 英寸，M5 Pro 或 M5 Max）,Apple Silicon,Core ML,Neural Engine,Object Detection (SP),"100%
",2945
543067,MacBook Pro（16 英寸，M5 Pro 或 M5 Max）,Apple Silicon,Core ML,Neural Engine,Object Detection (HP),"100%
",22592
543067,MacBook Pro（16 英寸，M5 Pro 或 M5 Max）,Apple Silicon,Core ML,Neural Engine,Object Detection (Q),"89%
",29244
543067,MacBook Pro（16 英寸，M5 Pro 或 M5 Max）,Apple Silicon,Core ML,Neural Engine,Face Detection (SP),"100%
",5756
543067,MacBook Pro（16 英寸，M5 Pro 或 M5 Max）,Apple Silicon,Core ML,Neural Engine,Face Detection (HP),"100%
",51005
543067,MacBook Pro（16 英寸，M5 Pro 或 M5 Max）,Apple Silicon,Core ML,Neural Engine,Face Detection (Q),"100%
",78277
543067,MacBook Pro（16 英寸，M5 Pro 或 M5 Max）,Apple Silicon,Core ML,Neural Engine,Depth Estimation (SP),"100%
",9233
543067,MacBook Pro（16 英寸，M5 Pro 或 M5 Max）,Apple Silicon,Core ML,Neural Engine,Depth Estimation (HP),"99%
",139154
543067,MacBook Pro（16 英寸，M5 Pro 或 M5 Max）,Apple Silicon,Core ML,Neural Engine,Depth Estimation (Q),"85%
",221828
543067,MacBook Pro（16 英寸，M5 Pro 或 M5 Max）,Apple Silicon,Core ML,Neural Engine,Style Transfer (SP),"100%
",24676
543067,MacBook Pro（16 英寸，M5 Pro 或 M5 Max）,Apple Silicon,Core ML,Neural Engine,Style Transfer (HP),"100%
",290226
543067,MacBook Pro（16 英寸，M5 Pro 或 M5 Max）,Apple Silicon,Core ML,Neural Engine,Style Transfer (Q),"96%
",367838
543067,MacBook Pro（16 英寸，M5 Pro 或 M5 Max）,Apple Silicon,Core ML,Neural Engine,Image Super-Resolution (SP),"100%
",5822
543067,MacBook Pro（16 英寸，M5 Pro 或 M5 Max）,Apple Silicon,Core ML,Neural Engine,Image Super-Resolution (HP),"100%
",66758
543067,MacBook Pro（16 英寸，M5 Pro 或 M5 Max）,Apple Silicon,Core ML,Neural Engine,Image Super-Resolution (Q),"99%
",100742
543067,MacBook Pro（16 英寸，M5 Pro 或 M5 Max）,Apple Silicon,Core ML,Neural Engine,Text Classification (SP),"100%
",5801
543067,MacBook Pro（16 英寸，M5 Pro 或 M5 Max）,Apple Silicon,Core ML,Neural Engine,Text Classification (HP),"100%
",10095
543067,MacBook Pro（16 英寸，M5 Pro 或 M5 Max）,Apple Silicon,Core ML,Neural Engine,Text Classification (Q),"92%
",9599
543067,MacBook Pro（16 英寸，M5 Pro 或 M5 Max）,Apple Silicon,Core ML,Neural Engine,Machine Translation (SP),"100%
",2893
543067,MacBook Pro（16 英寸，M5 Pro 或 M5 Max）,Apple Silicon,Core ML,Neural Engine,Machine Translation (HP),"100%
",19695
543067,MacBook Pro（16 英寸，M5 Pro 或 M5 Max）,Apple Silicon,Core ML,Neural Engine,Machine Translation (Q),"98%
",19416
542798,"MacBook Pro (16-inch, 2021)",Apple Silicon,Core ML,Neural Engine,Image Classification (SP),"100%
",1344
542798,"MacBook Pro (16-inch, 2021)",Apple Silicon,Core ML,Neural Engine,Image Classification (HP),"100%
",6778
542798,"MacBook Pro (16-inch, 2021)",Apple Silicon,Core ML,Neural Engine,Image Classification (Q),"97%
",6562
542798,"MacBook Pro (16-inch, 2021)",Apple Silicon,Core ML,Neural Engine,Image Segmentation (SP),"100%
",1550
542798,"MacBook Pro (16-inch, 2021)",Apple Silicon,Core ML,Neural Engine,Image Segmentation (HP),"100%
",9338
542798,"MacBook Pro (16-inch, 2021)",Apple Silicon,Core ML,Neural Engine,Image Segmentation (Q),"99%
",10037
542798,"MacBook Pro (16-inch, 2021)",Apple Silicon,Core ML,Neural Engine,Pose Estimation (SP),"100%
",10037
542798,"MacBook Pro (16-inch, 2021)",Apple Silicon,Core ML,Neural Engine,Pose Estimation (HP),"100%
",67447
542798,"MacBook Pro (16-inch, 2021)",Apple Silicon,Core ML,Neural Engine,Pose Estimation (Q),"95%
",64981
542798,"MacBook Pro (16-inch, 2021)",Apple Silicon,Core ML,Neural Engine,Object Detection (SP),"100%
",1497
542798,"MacBook Pro (16-inch, 2021)",Apple Silicon,Core ML,Neural Engine,Object Detection (HP),"99%
",7587
542798,"MacBook Pro (16-inch, 2021)",Apple Silicon,Core ML,Neural Engine,Object Detection (Q),"89%
",7076
542798,"MacBook Pro (16-inch, 2021)",Apple Silicon,Core ML,Neural Engine,Face Detection (SP),"100%
",3311
542798,"MacBook Pro (16-inch, 2021)",Apple Silicon,Core ML,Neural Engine,Face Detection (HP),"100%
",14521
542798,"MacBook Pro (16-inch, 2021)",Apple Silicon,Core ML,Neural Engine,Face Detection (Q),"100%
",13891
542798,"MacBook Pro (16-inch, 2021)",Apple Silicon,Core ML,Neural Engine,Depth Estimation (SP),"100%
",5668
542798,"MacBook Pro (16-inch, 2021)",Apple Silicon,Core ML,Neural Engine,Depth Estimation (HP),"99%
",50739
542798,"MacBook Pro (16-inch, 2021)",Apple Silicon,Core ML,Neural Engine,Depth Estimation (Q),"85%
",52329
542798,"MacBook Pro (16-inch, 2021)",Apple Silicon,Core ML,Neural Engine,Style Transfer (SP),"100%
",22005
542798,"MacBook Pro (16-inch, 2021)",Apple Silicon,Core ML,Neural Engine,Style Transfer (HP),"100%
",123084
542798,"MacBook Pro (16-inch, 2021)",Apple Silicon,Core ML,Neural Engine,Style Transfer (Q),"96%
",115072
542798,"MacBook Pro (16-inch, 2021)",Apple Silicon,Core ML,Neural Engine,Image Super-Resolution (SP),"100%
",4158
542798,"MacBook Pro (16-inch, 2021)",Apple Silicon,Core ML,Neural Engine,Image Super-Resolution (HP),"100%
",26282
542798,"MacBook Pro (16-inch, 2021)",Apple Silicon,Core ML,Neural Engine,Image Super-Resolution (Q),"99%
",27457
542798,"MacBook Pro (16-inch, 2021)",Apple Silicon,Core ML,Neural Engine,Text Classification (SP),"100%
",4254
542798,"MacBook Pro (16-inch, 2021)",Apple Silicon,Core ML,Neural Engine,Text Classification (HP),"100%
",7058
542798,"MacBook Pro (16-inch, 2021)",Apple Silicon,Core ML,Neural Engine,Text Classification (Q),"92%
",6958
542798,"MacBook Pro (16-inch, 2021)",Apple Silicon,Core ML,Neural Engine,Machine Translation (SP),"100%
",3108
542798,"MacBook Pro (16-inch, 2021)",Apple Silicon,Core ML,Neural Engine,Machine Translation (HP),"100%
",2854
542798,"MacBook Pro (16-inch, 2021)",Apple Silicon,Core ML,Neural Engine,Machine Translation (Q),"98%
",2841
542799,"MacBook Pro (16-inch, 2021)",Apple Silicon,Core ML,CPU,Image Classification (SP),"100%
",1280
542799,"MacBook Pro (16-inch, 2021)",Apple Silicon,Core ML,CPU,Image Classification (HP),"100%
",2077
542799,"MacBook Pro (16-inch, 2021)",Apple Silicon,Core ML,CPU,Image Classification (Q),"96%
",1515
542799,"MacBook Pro (16-inch, 2021)",Apple Silicon,Core ML,CPU,Image Segmentation (SP),"100%
",1499
542799,"MacBook Pro (16-inch, 2021)",Apple Silicon,Core ML,CPU,Image Segmentation (HP),"100%
",2273
542799,"MacBook Pro (16-inch, 2021)",Apple Silicon,Core ML,CPU,Image Segmentation (Q),"99%
",2590
542799,"MacBook Pro (16-inch, 2021)",Apple Silicon,Core ML,CPU,Pose Estimation (SP),"100%
",10318
542799,"MacBook Pro (16-inch, 2021)",Apple Silicon,Core ML,CPU,Pose Estimation (HP),"100%
",22987
542799,"MacBook Pro (16-inch, 2021)",Apple Silicon,Core ML,CPU,Pose Estimation (Q),"95%
",17727
542799,"MacBook Pro (16-inch, 2021)",Apple Silicon,Core ML,CPU,Object Detection (SP),"100%
",1482
542799,"MacBook Pro (16-inch, 2021)",Apple Silicon,Core ML,CPU,Object Detection (HP),"97%
",2234
542799,"MacBook Pro (16-inch, 2021)",Apple Silicon,Core ML,CPU,Object Detection (Q),"94%
",1638
542799,"MacBook Pro (16-inch, 2021)",Apple Silicon,Core ML,CPU,Face Detection (SP),"100%
",3142
542799,"MacBook Pro (16-inch, 2021)",Apple Silicon,Core ML,CPU,Face Detection (HP),"100%
",5264
542799,"MacBook Pro (16-inch, 2021)",Apple Silicon,Core ML,CPU,Face Detection (Q),"100%
",3095
542799,"MacBook Pro (16-inch, 2021)",Apple Silicon,Core ML,CPU,Depth Estimation (SP),"100%
",5577
542799,"MacBook Pro (16-inch, 2021)",Apple Silicon,Core ML,CPU,Depth Estimation (HP),"98%
",10398
542799,"MacBook Pro (16-inch, 2021)",Apple Silicon,Core ML,CPU,Depth Estimation (Q),"85%
",6963
542799,"MacBook Pro (16-inch, 2021)",Apple Silicon,Core ML,CPU,Style Transfer (SP),"100%
",21228
542799,"MacBook Pro (16-inch, 2021)",Apple Silicon,Core ML,CPU,Style Transfer (HP),"100%
",35649
542799,"MacBook Pro (16-inch, 2021)",Apple Silicon,Core ML,CPU,Style Transfer (Q),"96%
",28124
542799,"MacBook Pro (16-inch, 2021)",Apple Silicon,Core ML,CPU,Image Super-Resolution (SP),"100%
",3966
542799,"MacBook Pro (16-inch, 2021)",Apple Silicon,Core ML,CPU,Image Super-Resolution (HP),"100%
",5471
542799,"MacBook Pro (16-inch, 2021)",Apple Silicon,Core ML,CPU,Image Super-Resolution (Q),"99%
",3976
542799,"MacBook Pro (16-inch, 2021)",Apple Silicon,Core ML,CPU,Text Classification (SP),"99%
",4262
542799,"MacBook Pro (16-inch, 2021)",Apple Silicon,Core ML,CPU,Text Classification (HP),"99%
",6954
542799,"MacBook Pro (16-inch, 2021)",Apple Silicon,Core ML,CPU,Text Classification (Q),"93%
",7073
542799,"MacBook Pro (16-inch, 2021)",Apple Silicon,Core ML,CPU,Machine Translation (SP),"100%
",3055
542799,"MacBook Pro (16-inch, 2021)",Apple Silicon,Core ML,CPU,Machine Translation (HP),"98%
",5103
542799,"MacBook Pro (16-inch, 2021)",Apple Silicon,Core ML,CPU,Machine Translation (Q),"98%
",5104
543087,"MacBook Pro (14-inch, 2024)",Apple Silicon,Core ML,CPU,Image Classification (SP),"100%
",2186
543087,"MacBook Pro (14-inch, 2024)",Apple Silicon,Core ML,CPU,Image Classification (HP),"100%
",3070
543087,"MacBook Pro (14-inch, 2024)",Apple Silicon,Core ML,CPU,Image Classification (Q),"96%
",2182
543087,"MacBook Pro (14-inch, 2024)",Apple Silicon,Core ML,CPU,Image Segmentation (SP),"100%
",2529
543087,"MacBook Pro (14-inch, 2024)",Apple Silicon,Core ML,CPU,Image Segmentation (HP),"100%
",3625
543087,"MacBook Pro (14-inch, 2024)",Apple Silicon,Core ML,CPU,Image Segmentation (Q),"99%
",4039
543087,"MacBook Pro (14-inch, 2024)",Apple Silicon,Core ML,CPU,Pose Estimation (SP),"100%
",17309
543087,"MacBook Pro (14-inch, 2024)",Apple Silicon,Core ML,CPU,Pose Estimation (HP),"100%
",32873
543087,"MacBook Pro (14-inch, 2024)",Apple Silicon,Core ML,CPU,Pose Estimation (Q),"95%
",25697
543087,"MacBook Pro (14-inch, 2024)",Apple Silicon,Core ML,CPU,Object Detection (SP),"100%
",2648
543087,"MacBook Pro (14-inch, 2024)",Apple Silicon,Core ML,CPU,Object Detection (HP),"97%
",3825
543087,"MacBook Pro (14-inch, 2024)",Apple Silicon,Core ML,CPU,Object Detection (Q),"94%
",2737
543087,"MacBook Pro (14-inch, 2024)",Apple Silicon,Core ML,CPU,Face Detection (SP),"100%
",5356
543087,"MacBook Pro (14-inch, 2024)",Apple Silicon,Core ML,CPU,Face Detection (HP),"100%
",8636
543087,"MacBook Pro (14-inch, 2024)",Apple Silicon,Core ML,CPU,Face Detection (Q),"100%
",4900
543087,"MacBook Pro (14-inch, 2024)",Apple Silicon,Core ML,CPU,Depth Estimation (SP),"100%
",8821
543087,"MacBook Pro (14-inch, 2024)",Apple Silicon,Core ML,CPU,Depth Estimation (HP),"97%
",15746
543087,"MacBook Pro (14-inch, 2024)",Apple Silicon,Core ML,CPU,Depth Estimation (Q),"86%
",10923
543087,"MacBook Pro (14-inch, 2024)",Apple Silicon,Core ML,CPU,Style Transfer (SP),"100%
",30344
543087,"MacBook Pro (14-inch, 2024)",Apple Silicon,Core ML,CPU,Style Transfer (HP),"100%
",57455
543087,"MacBook Pro (14-inch, 2024)",Apple Silicon,Core ML,CPU,Style Transfer (Q),"96%
",43019
543087,"MacBook Pro (14-inch, 2024)",Apple Silicon,Core ML,CPU,Image Super-Resolution (SP),"100%
",6959
543087,"MacBook Pro (14-inch, 2024)",Apple Silicon,Core ML,CPU,Image Super-Resolution (HP),"100%
",9297
543087,"MacBook Pro (14-inch, 2024)",Apple Silicon,Core ML,CPU,Image Super-Resolution (Q),"99%
",5295
543087,"MacBook Pro (14-inch, 2024)",Apple Silicon,Core ML,CPU,Text Classification (SP),"100%
",5900
543087,"MacBook Pro (14-inch, 2024)",Apple Silicon,Core ML,CPU,Text Classification (HP),"99%
",9051
543087,"MacBook Pro (14-inch, 2024)",Apple Silicon,Core ML,CPU,Text Classification (Q),"93%
",9059
543087,"MacBook Pro (14-inch, 2024)",Apple Silicon,Core ML,CPU,Machine Translation (SP),"100%
",6586
543087,"MacBook Pro (14-inch, 2024)",Apple Silicon,Core ML,CPU,Machine Translation (HP),"98%
",10211
543087,"MacBook Pro (14-inch, 2024)",Apple Silicon,Core ML,CPU,Machine Translation (Q),"98%
",10274
543088,MacBook Pro（16 英寸，M5 Pro 或 M5 Max）,Apple Silicon,Core ML,CPU,Image Classification (SP),"100%
",2337
543088,MacBook Pro（16 英寸，M5 Pro 或 M5 Max）,Apple Silicon,Core ML,CPU,Image Classification (HP),"100%
",3606
543088,MacBook Pro（16 英寸，M5 Pro 或 M5 Max）,Apple Silicon,Core ML,CPU,Image Classification (Q),"94%
",2167
543088,MacBook Pro（16 英寸，M5 Pro 或 M5 Max）,Apple Silicon,Core ML,CPU,Image Segmentation (SP),"100%
",2543
543088,MacBook Pro（16 英寸，M5 Pro 或 M5 Max）,Apple Silicon,Core ML,CPU,Image Segmentation (HP),"100%
",3070
543088,MacBook Pro（16 英寸，M5 Pro 或 M5 Max）,Apple Silicon,Core ML,CPU,Image Segmentation (Q),"99%
",4109
543088,MacBook Pro（16 英寸，M5 Pro 或 M5 Max）,Apple Silicon,Core ML,CPU,Pose Estimation (SP),"100%
",9868
543088,MacBook Pro（16 英寸，M5 Pro 或 M5 Max）,Apple Silicon,Core ML,CPU,Pose Estimation (HP),"100%
",19456
543088,MacBook Pro（16 英寸，M5 Pro 或 M5 Max）,Apple Silicon,Core ML,CPU,Pose Estimation (Q),"96%
",16855
543088,MacBook Pro（16 英寸，M5 Pro 或 M5 Max）,Apple Silicon,Core ML,CPU,Object Detection (SP),"100%
",2902
543088,MacBook Pro（16 英寸，M5 Pro 或 M5 Max）,Apple Silicon,Core ML,CPU,Object Detection (HP),"98%
",4328
543088,MacBook Pro（16 英寸，M5 Pro 或 M5 Max）,Apple Silicon,Core ML,CPU,Object Detection (Q),"88%
",2920
543088,MacBook Pro（16 英寸，M5 Pro 或 M5 Max）,Apple Silicon,Core ML,CPU,Face Detection (SP),"100%
",5616
543088,MacBook Pro（16 英寸，M5 Pro 或 M5 Max）,Apple Silicon,Core ML,CPU,Face Detection (HP),"100%
",10104
543088,MacBook Pro（16 英寸，M5 Pro 或 M5 Max）,Apple Silicon,Core ML,CPU,Face Detection (Q),"100%
",5303
543088,MacBook Pro（16 英寸，M5 Pro 或 M5 Max）,Apple Silicon,Core ML,CPU,Depth Estimation (SP),"100%
",9167
543088,MacBook Pro（16 英寸，M5 Pro 或 M5 Max）,Apple Silicon,Core ML,CPU,Depth Estimation (HP),"98%
",12064
543088,MacBook Pro（16 英寸，M5 Pro 或 M5 Max）,Apple Silicon,Core ML,CPU,Depth Estimation (Q),"85%
",8563
543088,MacBook Pro（16 英寸，M5 Pro 或 M5 Max）,Apple Silicon,Core ML,CPU,Style Transfer (SP),"100%
",24638
543088,MacBook Pro（16 英寸，M5 Pro 或 M5 Max）,Apple Silicon,Core ML,CPU,Style Transfer (HP),"100%
",46073
543088,MacBook Pro（16 英寸，M5 Pro 或 M5 Max）,Apple Silicon,Core ML,CPU,Style Transfer (Q),"96%
",36787
543088,MacBook Pro（16 英寸，M5 Pro 或 M5 Max）,Apple Silicon,Core ML,CPU,Image Super-Resolution (SP),"100%
",5825
543088,MacBook Pro（16 英寸，M5 Pro 或 M5 Max）,Apple Silicon,Core ML,CPU,Image Super-Resolution (HP),"100%
",10523
543088,MacBook Pro（16 英寸，M5 Pro 或 M5 Max）,Apple Silicon,Core ML,CPU,Image Super-Resolution (Q),"99%
",6257
543088,MacBook Pro（16 英寸，M5 Pro 或 M5 Max）,Apple Silicon,Core ML,CPU,Text Classification (SP),"99%
",6147
543088,MacBook Pro（16 英寸，M5 Pro 或 M5 Max）,Apple Silicon,Core ML,CPU,Text Classification (HP),"100%
",10417
543088,MacBook Pro（16 英寸，M5 Pro 或 M5 Max）,Apple Silicon,Core ML,CPU,Text Classification (Q),"92%
",10120
543088,MacBook Pro（16 英寸，M5 Pro 或 M5 Max）,Apple Silicon,Core ML,CPU,Machine Translation (SP),"100%
",2798
543088,MacBook Pro（16 英寸，M5 Pro 或 M5 Max）,Apple Silicon,Core ML,CPU,Machine Translation (HP),"100%
",9649
543088,MacBook Pro（16 英寸，M5 Pro 或 M5 Max）,Apple Silicon,Core ML,CPU,Machine Translation (Q),"98%
",9631
543089,MacBook Pro（16 英寸，M5 Pro 或 M5 Max）,Apple Silicon,Core ML,CPU,Image Classification (SP),"100%
",2356
543089,MacBook Pro（16 英寸，M5 Pro 或 M5 Max）,Apple Silicon,Core ML,CPU,Image Classification (HP),"100%
",3508
543089,MacBook Pro（16 英寸，M5 Pro 或 M5 Max）,Apple Silicon,Core ML,CPU,Image Classification (Q),"94%
",2141
543089,MacBook Pro（16 英寸，M5 Pro 或 M5 Max）,Apple Silicon,Core ML,CPU,Image Segmentation (SP),"100%
",2526
543089,MacBook Pro（16 英寸，M5 Pro 或 M5 Max）,Apple Silicon,Core ML,CPU,Image Segmentation (HP),"100%
",3080
543089,MacBook Pro（16 英寸，M5 Pro 或 M5 Max）,Apple Silicon,Core ML,CPU,Image Segmentation (Q),"99%
",4089
543089,MacBook Pro（16 英寸，M5 Pro 或 M5 Max）,Apple Silicon,Core ML,CPU,Pose Estimation (SP),"100%
",9537
543089,MacBook Pro（16 英寸，M5 Pro 或 M5 Max）,Apple Silicon,Core ML,CPU,Pose Estimation (HP),"100%
",19416
543089,MacBook Pro（16 英寸，M5 Pro 或 M5 Max）,Apple Silicon,Core ML,CPU,Pose Estimation (Q),"96%
",16806
543089,MacBook Pro（16 英寸，M5 Pro 或 M5 Max）,Apple Silicon,Core ML,CPU,Object Detection (SP),"100%
",2898
543089,MacBook Pro（16 英寸，M5 Pro 或 M5 Max）,Apple Silicon,Core ML,CPU,Object Detection (HP),"98%
",4331
543089,MacBook Pro（16 英寸，M5 Pro 或 M5 Max）,Apple Silicon,Core ML,CPU,Object Detection (Q),"88%
",2825
543089,MacBook Pro（16 英寸，M5 Pro 或 M5 Max）,Apple Silicon,Core ML,CPU,Face Detection (SP),"100%
",5602
543089,MacBook Pro（16 英寸，M5 Pro 或 M5 Max）,Apple Silicon,Core ML,CPU,Face Detection (HP),"100%
",9888
543089,MacBook Pro（16 英寸，M5 Pro 或 M5 Max）,Apple Silicon,Core ML,CPU,Face Detection (Q),"100%
",5230
543089,MacBook Pro（16 英寸，M5 Pro 或 M5 Max）,Apple Silicon,Core ML,CPU,Depth Estimation (SP),"100%
",9188
543089,MacBook Pro（16 英寸，M5 Pro 或 M5 Max）,Apple Silicon,Core ML,CPU,Depth Estimation (HP),"98%
",12060
543089,MacBook Pro（16 英寸，M5 Pro 或 M5 Max）,Apple Silicon,Core ML,CPU,Depth Estimation (Q),"85%
",8484
543089,MacBook Pro（16 英寸，M5 Pro 或 M5 Max）,Apple Silicon,Core ML,CPU,Style Transfer (SP),"100%
",24824
543089,MacBook Pro（16 英寸，M5 Pro 或 M5 Max）,Apple Silicon,Core ML,CPU,Style Transfer (HP),"100%
",46078
543089,MacBook Pro（16 英寸，M5 Pro 或 M5 Max）,Apple Silicon,Core ML,CPU,Style Transfer (Q),"96%
",36844
543089,MacBook Pro（16 英寸，M5 Pro 或 M5 Max）,Apple Silicon,Core ML,CPU,Image Super-Resolution (SP),"100%
",5824
543089,MacBook Pro（16 英寸，M5 Pro 或 M5 Max）,Apple Silicon,Core ML,CPU,Image Super-Resolution (HP),"100%
",10601
543089,MacBook Pro（16 英寸，M5 Pro 或 M5 Max）,Apple Silicon,Core ML,CPU,Image Super-Resolution (Q),"99%
",6279
543089,MacBook Pro（16 英寸，M5 Pro 或 M5 Max）,Apple Silicon,Core ML,CPU,Text Classification (SP),"99%
",6117
543089,MacBook Pro（16 英寸，M5 Pro 或 M5 Max）,Apple Silicon,Core ML,CPU,Text Classification (HP),"100%
",10461
543089,MacBook Pro（16 英寸，M5 Pro 或 M5 Max）,Apple Silicon,Core ML,CPU,Text Classification (Q),"92%
",10281
543089,MacBook Pro（16 英寸，M5 Pro 或 M5 Max）,Apple Silicon,Core ML,CPU,Machine Translation (SP),"100%
",2788
543089,MacBook Pro（16 英寸，M5 Pro 或 M5 Max）,Apple Silicon,Core ML,CPU,Machine Translation (HP),"100%
",9617
543089,MacBook Pro（16 英寸，M5 Pro 或 M5 Max）,Apple Silicon,Core ML,CPU,Machine Translation (Q),"98%
",9558
543091,MacBook Pro（16 英寸，M5 Pro 或 M5 Max）,Apple Silicon,Core ML,Neural Engine,Image Classification (SP),"100%
",2392
543091,MacBook Pro（16 英寸，M5 Pro 或 M5 Max）,Apple Silicon,Core ML,Neural Engine,Image Classification (HP),"100%
",20153
543091,MacBook Pro（16 英寸，M5 Pro 或 M5 Max）,Apple Silicon,Core ML,Neural Engine,Image Classification (Q),"97%
",24477
543091,MacBook Pro（16 英寸，M5 Pro 或 M5 Max）,Apple Silicon,Core ML,Neural Engine,Image Segmentation (SP),"100%
",2482
543091,MacBook Pro（16 英寸，M5 Pro 或 M5 Max）,Apple Silicon,Core ML,Neural Engine,Image Segmentation (HP),"100%
",26061
543091,MacBook Pro（16 英寸，M5 Pro 或 M5 Max）,Apple Silicon,Core ML,Neural Engine,Image Segmentation (Q),"99%
",38172
543091,MacBook Pro（16 英寸，M5 Pro 或 M5 Max）,Apple Silicon,Core ML,Neural Engine,Pose Estimation (SP),"100%
",9953
543091,MacBook Pro（16 英寸，M5 Pro 或 M5 Max）,Apple Silicon,Core ML,Neural Engine,Pose Estimation (HP),"100%
",183170
543091,MacBook Pro（16 英寸，M5 Pro 或 M5 Max）,Apple Silicon,Core ML,Neural Engine,Pose Estimation (Q),"95%
",337212
543091,MacBook Pro（16 英寸，M5 Pro 或 M5 Max）,Apple Silicon,Core ML,Neural Engine,Object Detection (SP),"100%
",2944
543091,MacBook Pro（16 英寸，M5 Pro 或 M5 Max）,Apple Silicon,Core ML,Neural Engine,Object Detection (HP),"100%
",22573
543091,MacBook Pro（16 英寸，M5 Pro 或 M5 Max）,Apple Silicon,Core ML,Neural Engine,Object Detection (Q),"89%
",28353
543091,MacBook Pro（16 英寸，M5 Pro 或 M5 Max）,Apple Silicon,Core ML,Neural Engine,Face Detection (SP),"100%
",5734
543091,MacBook Pro（16 英寸，M5 Pro 或 M5 Max）,Apple Silicon,Core ML,Neural Engine,Face Detection (HP),"100%
",51090
543091,MacBook Pro（16 英寸，M5 Pro 或 M5 Max）,Apple Silicon,Core ML,Neural Engine,Face Detection (Q),"100%
",78388
543091,MacBook Pro（16 英寸，M5 Pro 或 M5 Max）,Apple Silicon,Core ML,Neural Engine,Depth Estimation (SP),"100%
",9292
543091,MacBook Pro（16 英寸，M5 Pro 或 M5 Max）,Apple Silicon,Core ML,Neural Engine,Depth Estimation (HP),"99%
",138387
543091,MacBook Pro（16 英寸，M5 Pro 或 M5 Max）,Apple Silicon,Core ML,Neural Engine,Depth Estimation (Q),"85%
",217543
543091,MacBook Pro（16 英寸，M5 Pro 或 M5 Max）,Apple Silicon,Core ML,Neural Engine,Style Transfer (SP),"100%
",25163
543091,MacBook Pro（16 英寸，M5 Pro 或 M5 Max）,Apple Silicon,Core ML,Neural Engine,Style Transfer (HP),"100%
",289127
543091,MacBook Pro（16 英寸，M5 Pro 或 M5 Max）,Apple Silicon,Core ML,Neural Engine,Style Transfer (Q),"96%
",362601
543091,MacBook Pro（16 英寸，M5 Pro 或 M5 Max）,Apple Silicon,Core ML,Neural Engine,Image Super-Resolution (SP),"100%
",5802
543091,MacBook Pro（16 英寸，M5 Pro 或 M5 Max）,Apple Silicon,Core ML,Neural Engine,Image Super-Resolution (HP),"100%
",65568
543091,MacBook Pro（16 英寸，M5 Pro 或 M5 Max）,Apple Silicon,Core ML,Neural Engine,Image Super-Resolution (Q),"99%
",100319
543091,MacBook Pro（16 英寸，M5 Pro 或 M5 Max）,Apple Silicon,Core ML,Neural Engine,Text Classification (SP),"99%
",5876
543091,MacBook Pro（16 英寸，M5 Pro 或 M5 Max）,Apple Silicon,Core ML,Neural Engine,Text Classification (HP),"100%
",10126
543091,MacBook Pro（16 英寸，M5 Pro 或 M5 Max）,Apple Silicon,Core ML,Neural Engine,Text Classification (Q),"93%
",9723
543091,MacBook Pro（16 英寸，M5 Pro 或 M5 Max）,Apple Silicon,Core ML,Neural Engine,Machine Translation (SP),"100%
",2872
543091,MacBook Pro（16 英寸，M5 Pro 或 M5 Max）,Apple Silicon,Core ML,Neural Engine,Machine Translation (HP),"100%
",18690
543091,MacBook Pro（16 英寸，M5 Pro 或 M5 Max）,Apple Silicon,Core ML,Neural Engine,Machine Translation (Q),"98%
",18532
543092,"MacBook Pro (14-inch, 2024)",Apple Silicon,Core ML,CPU,Image Classification (SP),"100%
",2186
543092,"MacBook Pro (14-inch, 2024)",Apple Silicon,Core ML,CPU,Image Classification (HP),"100%
",3053
543092,"MacBook Pro (14-inch, 2024)",Apple Silicon,Core ML,CPU,Image Classification (Q),"96%
",2163
543092,"MacBook Pro (14-inch, 2024)",Apple Silicon,Core ML,CPU,Image Segmentation (SP),"100%
",2489
543092,"MacBook Pro (14-inch, 2024)",Apple Silicon,Core ML,CPU,Image Segmentation (HP),"100%
",3629
543092,"MacBook Pro (14-inch, 2024)",Apple Silicon,Core ML,CPU,Image Segmentation (Q),"99%
",3983
543092,"MacBook Pro (14-inch, 2024)",Apple Silicon,Core ML,CPU,Pose Estimation (SP),"100%
",17514
543092,"MacBook Pro (14-inch, 2024)",Apple Silicon,Core ML,CPU,Pose Estimation (HP),"100%
",33088
543092,"MacBook Pro (14-inch, 2024)",Apple Silicon,Core ML,CPU,Pose Estimation (Q),"95%
",25478
543092,"MacBook Pro (14-inch, 2024)",Apple Silicon,Core ML,CPU,Object Detection (SP),"100%
",2651
543092,"MacBook Pro (14-inch, 2024)",Apple Silicon,Core ML,CPU,Object Detection (HP),"97%
",3874
543092,"MacBook Pro (14-inch, 2024)",Apple Silicon,Core ML,CPU,Object Detection (Q),"94%
",2735
543092,"MacBook Pro (14-inch, 2024)",Apple Silicon,Core ML,CPU,Face Detection (SP),"100%
",5334
543092,"MacBook Pro (14-inch, 2024)",Apple Silicon,Core ML,CPU,Face Detection (HP),"100%
",8636
543092,"MacBook Pro (14-inch, 2024)",Apple Silicon,Core ML,CPU,Face Detection (Q),"100%
",4879
543092,"MacBook Pro (14-inch, 2024)",Apple Silicon,Core ML,CPU,Depth Estimation (SP),"100%
",8838
543092,"MacBook Pro (14-inch, 2024)",Apple Silicon,Core ML,CPU,Depth Estimation (HP),"97%
",15749
543092,"MacBook Pro (14-inch, 2024)",Apple Silicon,Core ML,CPU,Depth Estimation (Q),"86%
",10978
543092,"MacBook Pro (14-inch, 2024)",Apple Silicon,Core ML,CPU,Style Transfer (SP),"100%
",30403
543092,"MacBook Pro (14-inch, 2024)",Apple Silicon,Core ML,CPU,Style Transfer (HP),"100%
",56726
543092,"MacBook Pro (14-inch, 2024)",Apple Silicon,Core ML,CPU,Style Transfer (Q),"96%
",42033
543092,"MacBook Pro (14-inch, 2024)",Apple Silicon,Core ML,CPU,Image Super-Resolution (SP),"100%
",6911
543092,"MacBook Pro (14-inch, 2024)",Apple Silicon,Core ML,CPU,Image Super-Resolution (HP),"100%
",8996
543092,"MacBook Pro (14-inch, 2024)",Apple Silicon,Core ML,CPU,Image Super-Resolution (Q),"99%
",5254
543092,"MacBook Pro (14-inch, 2024)",Apple Silicon,Core ML,CPU,Text Classification (SP),"100%
",5932
543092,"MacBook Pro (14-inch, 2024)",Apple Silicon,Core ML,CPU,Text Classification (HP),"99%
",9013
543092,"MacBook Pro (14-inch, 2024)",Apple Silicon,Core ML,CPU,Text Classification (Q),"93%
",8979
543092,"MacBook Pro (14-inch, 2024)",Apple Silicon,Core ML,CPU,Machine Translation (SP),"100%
",5872
543092,"MacBook Pro (14-inch, 2024)",Apple Silicon,Core ML,CPU,Machine Translation (HP),"98%
",10112
543092,"MacBook Pro (14-inch, 2024)",Apple Silicon,Core ML,CPU,Machine Translation (Q),"98%
",10203
543094,MacBook Pro（16 英寸，M5 Pro 或 M5 Max）,Apple Silicon,Core ML,GPU,Image Classification (SP),"100%
",10470
543094,MacBook Pro（16 英寸，M5 Pro 或 M5 Max）,Apple Silicon,Core ML,GPU,Image Classification (HP),"100%
",13323
543094,MacBook Pro（16 英寸，M5 Pro 或 M5 Max）,Apple Silicon,Core ML,GPU,Image Classification (Q),"97%
",12114
543094,MacBook Pro（16 英寸，M5 Pro 或 M5 Max）,Apple Silicon,Core ML,GPU,Image Segmentation (SP),"100%
",27993
543094,MacBook Pro（16 英寸，M5 Pro 或 M5 Max）,Apple Silicon,Core ML,GPU,Image Segmentation (HP),"100%
",42169
543094,MacBook Pro（16 英寸，M5 Pro 或 M5 Max）,Apple Silicon,Core ML,GPU,Image Segmentation (Q),"99%
",39234
543094,MacBook Pro（16 英寸，M5 Pro 或 M5 Max）,Apple Silicon,Core ML,GPU,Pose Estimation (SP),"100%
",130594
543094,MacBook Pro（16 英寸，M5 Pro 或 M5 Max）,Apple Silicon,Core ML,GPU,Pose Estimation (HP),"100%
",333763
543094,MacBook Pro（16 英寸，M5 Pro 或 M5 Max）,Apple Silicon,Core ML,GPU,Pose Estimation (Q),"95%
",292305
543094,MacBook Pro（16 英寸，M5 Pro 或 M5 Max）,Apple Silicon,Core ML,GPU,Object Detection (SP),"100%
",10105
543094,MacBook Pro（16 英寸，M5 Pro 或 M5 Max）,Apple Silicon,Core ML,GPU,Object Detection (HP),"100%
",14061
543094,MacBook Pro（16 英寸，M5 Pro 或 M5 Max）,Apple Silicon,Core ML,GPU,Object Detection (Q),"94%
",13566
543094,MacBook Pro（16 英寸，M5 Pro 或 M5 Max）,Apple Silicon,Core ML,GPU,Face Detection (SP),"100%
",49524
543094,MacBook Pro（16 英寸，M5 Pro 或 M5 Max）,Apple Silicon,Core ML,GPU,Face Detection (HP),"100%
",72583
543094,MacBook Pro（16 英寸，M5 Pro 或 M5 Max）,Apple Silicon,Core ML,GPU,Face Detection (Q),"100%
",65050
543094,MacBook Pro（16 英寸，M5 Pro 或 M5 Max）,Apple Silicon,Core ML,GPU,Depth Estimation (SP),"100%
",53174
543094,MacBook Pro（16 英寸，M5 Pro 或 M5 Max）,Apple Silicon,Core ML,GPU,Depth Estimation (HP),"99%
",88336
543094,MacBook Pro（16 英寸，M5 Pro 或 M5 Max）,Apple Silicon,Core ML,GPU,Depth Estimation (Q),"86%
",85600
543094,MacBook Pro（16 英寸，M5 Pro 或 M5 Max）,Apple Silicon,Core ML,GPU,Style Transfer (SP),"100%
",265287
543094,MacBook Pro（16 英寸，M5 Pro 或 M5 Max）,Apple Silicon,Core ML,GPU,Style Transfer (HP),"100%
",551091
543094,MacBook Pro（16 英寸，M5 Pro 或 M5 Max）,Apple Silicon,Core ML,GPU,Style Transfer (Q),"96%
",607280
543094,MacBook Pro（16 英寸，M5 Pro 或 M5 Max）,Apple Silicon,Core ML,GPU,Image Super-Resolution (SP),"100%
",34662
543094,MacBook Pro（16 英寸，M5 Pro 或 M5 Max）,Apple Silicon,Core ML,GPU,Image Super-Resolution (HP),"100%
",51675
543094,MacBook Pro（16 英寸，M5 Pro 或 M5 Max）,Apple Silicon,Core ML,GPU,Image Super-Resolution (Q),"99%
",41938
543094,MacBook Pro（16 英寸，M5 Pro 或 M5 Max）,Apple Silicon,Core ML,GPU,Text Classification (SP),"99%
",5970
543094,MacBook Pro（16 英寸，M5 Pro 或 M5 Max）,Apple Silicon,Core ML,GPU,Text Classification (HP),"100%
",9752
543094,MacBook Pro（16 英寸，M5 Pro 或 M5 Max）,Apple Silicon,Core ML,GPU,Text Classification (Q),"93%
",9689
543094,MacBook Pro（16 英寸，M5 Pro 或 M5 Max）,Apple Silicon,Core ML,GPU,Machine Translation (SP),"100%
",8316
543094,MacBook Pro（16 英寸，M5 Pro 或 M5 Max）,Apple Silicon,Core ML,GPU,Machine Translation (HP),"100%
",8837
543094,MacBook Pro（16 英寸，M5 Pro 或 M5 Max）,Apple Silicon,Core ML,GPU,Machine Translation (Q),"98%
",8466
543095,MacBook Pro（16 英寸，M5 Pro 或 M5 Max）,Apple Silicon,Core ML,CPU,Image Classification (SP),"100%
",2388
543095,MacBook Pro（16 英寸，M5 Pro 或 M5 Max）,Apple Silicon,Core ML,CPU,Image Classification (HP),"100%
",3519
543095,MacBook Pro（16 英寸，M5 Pro 或 M5 Max）,Apple Silicon,Core ML,CPU,Image Classification (Q),"94%
",2173
543095,MacBook Pro（16 英寸，M5 Pro 或 M5 Max）,Apple Silicon,Core ML,CPU,Image Segmentation (SP),"100%
",2472
543095,MacBook Pro（16 英寸，M5 Pro 或 M5 Max）,Apple Silicon,Core ML,CPU,Image Segmentation (HP),"100%
",3042
543095,MacBook Pro（16 英寸，M5 Pro 或 M5 Max）,Apple Silicon,Core ML,CPU,Image Segmentation (Q),"99%
",4110
543095,MacBook Pro（16 英寸，M5 Pro 或 M5 Max）,Apple Silicon,Core ML,CPU,Pose Estimation (SP),"100%
",10127
543095,MacBook Pro（16 英寸，M5 Pro 或 M5 Max）,Apple Silicon,Core ML,CPU,Pose Estimation (HP),"100%
",19503
543095,MacBook Pro（16 英寸，M5 Pro 或 M5 Max）,Apple Silicon,Core ML,CPU,Pose Estimation (Q),"96%
",16907
543095,MacBook Pro（16 英寸，M5 Pro 或 M5 Max）,Apple Silicon,Core ML,CPU,Object Detection (SP),"100%
",2934
543095,MacBook Pro（16 英寸，M5 Pro 或 M5 Max）,Apple Silicon,Core ML,CPU,Object Detection (HP),"98%
",4439
543095,MacBook Pro（16 英寸，M5 Pro 或 M5 Max）,Apple Silicon,Core ML,CPU,Object Detection (Q),"88%
",2903
543095,MacBook Pro（16 英寸，M5 Pro 或 M5 Max）,Apple Silicon,Core ML,CPU,Face Detection (SP),"100%
",5725
543095,MacBook Pro（16 英寸，M5 Pro 或 M5 Max）,Apple Silicon,Core ML,CPU,Face Detection (HP),"100%
",10215
543095,MacBook Pro（16 英寸，M5 Pro 或 M5 Max）,Apple Silicon,Core ML,CPU,Face Detection (Q),"100%
",5295
543095,MacBook Pro（16 英寸，M5 Pro 或 M5 Max）,Apple Silicon,Core ML,CPU,Depth Estimation (SP),"100%
",9245
543095,MacBook Pro（16 英寸，M5 Pro 或 M5 Max）,Apple Silicon,Core ML,CPU,Depth Estimation (HP),"98%
",12152
543095,MacBook Pro（16 英寸，M5 Pro 或 M5 Max）,Apple Silicon,Core ML,CPU,Depth Estimation (Q),"85%
",8213
543095,MacBook Pro（16 英寸，M5 Pro 或 M5 Max）,Apple Silicon,Core ML,CPU,Style Transfer (SP),"100%
",25099
543095,MacBook Pro（16 英寸，M5 Pro 或 M5 Max）,Apple Silicon,Core ML,CPU,Style Transfer (HP),"100%
",46127
543095,MacBook Pro（16 英寸，M5 Pro 或 M5 Max）,Apple Silicon,Core ML,CPU,Style Transfer (Q),"96%
",36998
543095,MacBook Pro（16 英寸，M5 Pro 或 M5 Max）,Apple Silicon,Core ML,CPU,Image Super-Resolution (SP),"100%
",5811
543095,MacBook Pro（16 英寸，M5 Pro 或 M5 Max）,Apple Silicon,Core ML,CPU,Image Super-Resolution (HP),"100%
",10481
543095,MacBook Pro（16 英寸，M5 Pro 或 M5 Max）,Apple Silicon,Core ML,CPU,Image Super-Resolution (Q),"99%
",6204
543095,MacBook Pro（16 英寸，M5 Pro 或 M5 Max）,Apple Silicon,Core ML,CPU,Text Classification (SP),"99%
",5857
543095,MacBook Pro（16 英寸，M5 Pro 或 M5 Max）,Apple Silicon,Core ML,CPU,Text Classification (HP),"99%
",9685
543095,MacBook Pro（16 英寸，M5 Pro 或 M5 Max）,Apple Silicon,Core ML,CPU,Text Classification (Q),"92%
",10044
543095,MacBook Pro（16 英寸，M5 Pro 或 M5 Max）,Apple Silicon,Core ML,CPU,Machine Translation (SP),"100%
",2856
543095,MacBook Pro（16 英寸，M5 Pro 或 M5 Max）,Apple Silicon,Core ML,CPU,Machine Translation (HP),"100%
",9695
543095,MacBook Pro（16 英寸，M5 Pro 或 M5 Max）,Apple Silicon,Core ML,CPU,Machine Translation (Q),"98%
",9828
543098,"MacBook Pro (16-inch, 2021)",Apple Silicon,Core ML,Neural Engine,Image Classification (SP),"100%
",1337
543098,"MacBook Pro (16-inch, 2021)",Apple Silicon,Core ML,Neural Engine,Image Classification (HP),"100%
",6548
543098,"MacBook Pro (16-inch, 2021)",Apple Silicon,Core ML,Neural Engine,Image Classification (Q),"97%
",6309
543098,"MacBook Pro (16-inch, 2021)",Apple Silicon,Core ML,Neural Engine,Image Segmentation (SP),"100%
",1515
543098,"MacBook Pro (16-inch, 2021)",Apple Silicon,Core ML,Neural Engine,Image Segmentation (HP),"100%
",9678
543098,"MacBook Pro (16-inch, 2021)",Apple Silicon,Core ML,Neural Engine,Image Segmentation (Q),"99%
",10456
543098,"MacBook Pro (16-inch, 2021)",Apple Silicon,Core ML,Neural Engine,Pose Estimation (SP),"100%
",10345
543098,"MacBook Pro (16-inch, 2021)",Apple Silicon,Core ML,Neural Engine,Pose Estimation (HP),"100%
",70279
543098,"MacBook Pro (16-inch, 2021)",Apple Silicon,Core ML,Neural Engine,Pose Estimation (Q),"95%
",64729
543098,"MacBook Pro (16-inch, 2021)",Apple Silicon,Core ML,Neural Engine,Object Detection (SP),"100%
",1521
543098,"MacBook Pro (16-inch, 2021)",Apple Silicon,Core ML,Neural Engine,Object Detection (HP),"99%
",7528
543098,"MacBook Pro (16-inch, 2021)",Apple Silicon,Core ML,Neural Engine,Object Detection (Q),"89%
",7124
543098,"MacBook Pro (16-inch, 2021)",Apple Silicon,Core ML,Neural Engine,Face Detection (SP),"100%
",3322
543098,"MacBook Pro (16-inch, 2021)",Apple Silicon,Core ML,Neural Engine,Face Detection (HP),"100%
",14242
543098,"MacBook Pro (16-inch, 2021)",Apple Silicon,Core ML,Neural Engine,Face Detection (Q),"100%
",13745
543098,"MacBook Pro (16-inch, 2021)",Apple Silicon,Core ML,Neural Engine,Depth Estimation (SP),"100%
",5710
543098,"MacBook Pro (16-inch, 2021)",Apple Silicon,Core ML,Neural Engine,Depth Estimation (HP),"99%
",49529
543098,"MacBook Pro (16-inch, 2021)",Apple Silicon,Core ML,Neural Engine,Depth Estimation (Q),"85%
",51434
543098,"MacBook Pro (16-inch, 2021)",Apple Silicon,Core ML,Neural Engine,Style Transfer (SP),"100%
",22009
543098,"MacBook Pro (16-inch, 2021)",Apple Silicon,Core ML,Neural Engine,Style Transfer (HP),"100%
",121267
543098,"MacBook Pro (16-inch, 2021)",Apple Silicon,Core ML,Neural Engine,Style Transfer (Q),"96%
",113399
543098,"MacBook Pro (16-inch, 2021)",Apple Silicon,Core ML,Neural Engine,Image Super-Resolution (SP),"100%
",4116
543098,"MacBook Pro (16-inch, 2021)",Apple Silicon,Core ML,Neural Engine,Image Super-Resolution (HP),"100%
",25809
543098,"MacBook Pro (16-inch, 2021)",Apple Silicon,Core ML,Neural Engine,Image Super-Resolution (Q),"99%
",27042
543098,"MacBook Pro (16-inch, 2021)",Apple Silicon,Core ML,Neural Engine,Text Classification (SP),"99%
",4373
543098,"MacBook Pro (16-inch, 2021)",Apple Silicon,Core ML,Neural Engine,Text Classification (HP),"99%
",7033
543098,"MacBook Pro (16-inch, 2021)",Apple Silicon,Core ML,Neural Engine,Text Classification (Q),"92%
",6791
543098,"MacBook Pro (16-inch, 2021)",Apple Silicon,Core ML,Neural Engine,Machine Translation (SP),"100%
",2974
543098,"MacBook Pro (16-inch, 2021)",Apple Silicon,Core ML,Neural Engine,Machine Translation (HP),"100%
",5620
543098,"MacBook Pro (16-inch, 2021)",Apple Silicon,Core ML,Neural Engine,Machine Translation (Q),"98%
",5882
543099,"MacBook Pro (16-inch, 2021)",Apple Silicon,Core ML,GPU,Image Classification (SP),"100%
",4028
543099,"MacBook Pro (16-inch, 2021)",Apple Silicon,Core ML,GPU,Image Classification (HP),"100%
",4154
543099,"MacBook Pro (16-inch, 2021)",Apple Silicon,Core ML,GPU,Image Classification (Q),"94%
",3910
543099,"MacBook Pro (16-inch, 2021)",Apple Silicon,Core ML,GPU,Image Segmentation (SP),"100%
",7341
543099,"MacBook Pro (16-inch, 2021)",Apple Silicon,Core ML,GPU,Image Segmentation (HP),"100%
",7533
543099,"MacBook Pro (16-inch, 2021)",Apple Silicon,Core ML,GPU,Image Segmentation (Q),"99%
",7132
543099,"MacBook Pro (16-inch, 2021)",Apple Silicon,Core ML,GPU,Pose Estimation (SP),"100%
",32925
543099,"MacBook Pro (16-inch, 2021)",Apple Silicon,Core ML,GPU,Pose Estimation (HP),"100%
",36182
543099,"MacBook Pro (16-inch, 2021)",Apple Silicon,Core ML,GPU,Pose Estimation (Q),"96%
",34765
543099,"MacBook Pro (16-inch, 2021)",Apple Silicon,Core ML,GPU,Object Detection (SP),"100%
",3980
543099,"MacBook Pro (16-inch, 2021)",Apple Silicon,Core ML,GPU,Object Detection (HP),"100%
",4081
543099,"MacBook Pro (16-inch, 2021)",Apple Silicon,Core ML,GPU,Object Detection (Q),"91%
",3875
543099,"MacBook Pro (16-inch, 2021)",Apple Silicon,Core ML,GPU,Face Detection (SP),"100%
",14596
543099,"MacBook Pro (16-inch, 2021)",Apple Silicon,Core ML,GPU,Face Detection (HP),"100%
",15231
543099,"MacBook Pro (16-inch, 2021)",Apple Silicon,Core ML,GPU,Face Detection (Q),"100%
",13844
543099,"MacBook Pro (16-inch, 2021)",Apple Silicon,Core ML,GPU,Depth Estimation (SP),"100%
",19773
543099,"MacBook Pro (16-inch, 2021)",Apple Silicon,Core ML,GPU,Depth Estimation (HP),"99%
",18997
543099,"MacBook Pro (16-inch, 2021)",Apple Silicon,Core ML,GPU,Depth Estimation (Q),"85%
",17717
543099,"MacBook Pro (16-inch, 2021)",Apple Silicon,Core ML,GPU,Style Transfer (SP),"100%
",54087
543099,"MacBook Pro (16-inch, 2021)",Apple Silicon,Core ML,GPU,Style Transfer (HP),"100%
",64483
543099,"MacBook Pro (16-inch, 2021)",Apple Silicon,Core ML,GPU,Style Transfer (Q),"96%
",63208
543099,"MacBook Pro (16-inch, 2021)",Apple Silicon,Core ML,GPU,Image Super-Resolution (SP),"100%
",10660
543099,"MacBook Pro (16-inch, 2021)",Apple Silicon,Core ML,GPU,Image Super-Resolution (HP),"100%
",11453
543099,"MacBook Pro (16-inch, 2021)",Apple Silicon,Core ML,GPU,Image Super-Resolution (Q),"99%
",9935
543099,"MacBook Pro (16-inch, 2021)",Apple Silicon,Core ML,GPU,Text Classification (SP),"100%
",4333
543099,"MacBook Pro (16-inch, 2021)",Apple Silicon,Core ML,GPU,Text Classification (HP),"99%
",6894
543099,"MacBook Pro (16-inch, 2021)",Apple Silicon,Core ML,GPU,Text Classification (Q),"93%
",6824
543099,"MacBook Pro (16-inch, 2021)",Apple Silicon,Core ML,GPU,Machine Translation (SP),"100%
",3310
543099,"MacBook Pro (16-inch, 2021)",Apple Silicon,Core ML,GPU,Machine Translation (HP),"100%
",3377
543099,"MacBook Pro (16-inch, 2021)",Apple Silicon,Core ML,GPU,Machine Translation (Q),"98%
",1986
542804,"MacBook Pro (14-inch, 2023)",Apple Silicon,Core ML,CPU,Image Classification (SP),"100%
",1012
542804,"MacBook Pro (14-inch, 2023)",Apple Silicon,Core ML,CPU,Image Classification (HP),"100%
",1693
542804,"MacBook Pro (14-inch, 2023)",Apple Silicon,Core ML,CPU,Image Classification (Q),"96%
",1211
542804,"MacBook Pro (14-inch, 2023)",Apple Silicon,Core ML,CPU,Image Segmentation (SP),"100%
",1275
542804,"MacBook Pro (14-inch, 2023)",Apple Silicon,Core ML,CPU,Image Segmentation (HP),"100%
",1885
542804,"MacBook Pro (14-inch, 2023)",Apple Silicon,Core ML,CPU,Image Segmentation (Q),"99%
",2089
542804,"MacBook Pro (14-inch, 2023)",Apple Silicon,Core ML,CPU,Pose Estimation (SP),"100%
",8928
542804,"MacBook Pro (14-inch, 2023)",Apple Silicon,Core ML,CPU,Pose Estimation (HP),"100%
",20252
542804,"MacBook Pro (14-inch, 2023)",Apple Silicon,Core ML,CPU,Pose Estimation (Q),"95%
",15336
542804,"MacBook Pro (14-inch, 2023)",Apple Silicon,Core ML,CPU,Object Detection (SP),"100%
",1271
542804,"MacBook Pro (14-inch, 2023)",Apple Silicon,Core ML,CPU,Object Detection (HP),"97%
",2021
542804,"MacBook Pro (14-inch, 2023)",Apple Silicon,Core ML,CPU,Object Detection (Q),"94%
",1450
542804,"MacBook Pro (14-inch, 2023)",Apple Silicon,Core ML,CPU,Face Detection (SP),"100%
",2743
542804,"MacBook Pro (14-inch, 2023)",Apple Silicon,Core ML,CPU,Face Detection (HP),"100%
",4522
542804,"MacBook Pro (14-inch, 2023)",Apple Silicon,Core ML,CPU,Face Detection (Q),"100%
",2541
542804,"MacBook Pro (14-inch, 2023)",Apple Silicon,Core ML,CPU,Depth Estimation (SP),"100%
",4654
542804,"MacBook Pro (14-inch, 2023)",Apple Silicon,Core ML,CPU,Depth Estimation (HP),"98%
",8921
542804,"MacBook Pro (14-inch, 2023)",Apple Silicon,Core ML,CPU,Depth Estimation (Q),"85%
",6088
542804,"MacBook Pro (14-inch, 2023)",Apple Silicon,Core ML,CPU,Style Transfer (SP),"100%
",19022
542804,"MacBook Pro (14-inch, 2023)",Apple Silicon,Core ML,CPU,Style Transfer (HP),"100%
",30720
542804,"MacBook Pro (14-inch, 2023)",Apple Silicon,Core ML,CPU,Style Transfer (Q),"96%
",23989
542804,"MacBook Pro (14-inch, 2023)",Apple Silicon,Core ML,CPU,Image Super-Resolution (SP),"100%
",3832
542804,"MacBook Pro (14-inch, 2023)",Apple Silicon,Core ML,CPU,Image Super-Resolution (HP),"100%
",5138
542804,"MacBook Pro (14-inch, 2023)",Apple Silicon,Core ML,CPU,Image Super-Resolution (Q),"99%
",3488
542804,"MacBook Pro (14-inch, 2023)",Apple Silicon,Core ML,CPU,Text Classification (SP),"99%
",3422
542804,"MacBook Pro (14-inch, 2023)",Apple Silicon,Core ML,CPU,Text Classification (HP),"99%
",5487
542804,"MacBook Pro (14-inch, 2023)",Apple Silicon,Core ML,CPU,Text Classification (Q),"93%
",5415
542804,"MacBook Pro (14-inch, 2023)",Apple Silicon,Core ML,CPU,Machine Translation (SP),"100%
",3346
542804,"MacBook Pro (14-inch, 2023)",Apple Silicon,Core ML,CPU,Machine Translation (HP),"98%
",6027
542804,"MacBook Pro (14-inch, 2023)",Apple Silicon,Core ML,CPU,Machine Translation (Q),"98%
",6061
542807,"MacBook Pro (14-inch, 2023)",Apple Silicon,Core ML,GPU,Image Classification (SP),"100%
",5038
542807,"MacBook Pro (14-inch, 2023)",Apple Silicon,Core ML,GPU,Image Classification (HP),"100%
",5173
542807,"MacBook Pro (14-inch, 2023)",Apple Silicon,Core ML,GPU,Image Classification (Q),"94%
",4806
542807,"MacBook Pro (14-inch, 2023)",Apple Silicon,Core ML,GPU,Image Segmentation (SP),"100%
",8106
542807,"MacBook Pro (14-inch, 2023)",Apple Silicon,Core ML,GPU,Image Segmentation (HP),"100%
",8026
542807,"MacBook Pro (14-inch, 2023)",Apple Silicon,Core ML,GPU,Image Segmentation (Q),"99%
",7647
542807,"MacBook Pro (14-inch, 2023)",Apple Silicon,Core ML,GPU,Pose Estimation (SP),"100%
",36582
542807,"MacBook Pro (14-inch, 2023)",Apple Silicon,Core ML,GPU,Pose Estimation (HP),"100%
",40549
542807,"MacBook Pro (14-inch, 2023)",Apple Silicon,Core ML,GPU,Pose Estimation (Q),"96%
",39133
542807,"MacBook Pro (14-inch, 2023)",Apple Silicon,Core ML,GPU,Object Detection (SP),"100%
",4136
542807,"MacBook Pro (14-inch, 2023)",Apple Silicon,Core ML,GPU,Object Detection (HP),"100%
",4741
542807,"MacBook Pro (14-inch, 2023)",Apple Silicon,Core ML,GPU,Object Detection (Q),"91%
",4536
542807,"MacBook Pro (14-inch, 2023)",Apple Silicon,Core ML,GPU,Face Detection (SP),"100%
",16365
542807,"MacBook Pro (14-inch, 2023)",Apple Silicon,Core ML,GPU,Face Detection (HP),"100%
",17813
542807,"MacBook Pro (14-inch, 2023)",Apple Silicon,Core ML,GPU,Face Detection (Q),"100%
",15840
542807,"MacBook Pro (14-inch, 2023)",Apple Silicon,Core ML,GPU,Depth Estimation (SP),"100%
",23805
542807,"MacBook Pro (14-inch, 2023)",Apple Silicon,Core ML,GPU,Depth Estimation (HP),"99%
",25019
542807,"MacBook Pro (14-inch, 2023)",Apple Silicon,Core ML,GPU,Depth Estimation (Q),"85%
",23096
542807,"MacBook Pro (14-inch, 2023)",Apple Silicon,Core ML,GPU,Style Transfer (SP),"100%
",68663
542807,"MacBook Pro (14-inch, 2023)",Apple Silicon,Core ML,GPU,Style Transfer (HP),"100%
",75443
542807,"MacBook Pro (14-inch, 2023)",Apple Silicon,Core ML,GPU,Style Transfer (Q),"96%
",73679
542807,"MacBook Pro (14-inch, 2023)",Apple Silicon,Core ML,GPU,Image Super-Resolution (SP),"100%
",13047
542807,"MacBook Pro (14-inch, 2023)",Apple Silicon,Core ML,GPU,Image Super-Resolution (HP),"100%
",14048
542807,"MacBook Pro (14-inch, 2023)",Apple Silicon,Core ML,GPU,Image Super-Resolution (Q),"99%
",12021
542807,"MacBook Pro (14-inch, 2023)",Apple Silicon,Core ML,GPU,Text Classification (SP),"99%
",3424
542807,"MacBook Pro (14-inch, 2023)",Apple Silicon,Core ML,GPU,Text Classification (HP),"100%
",5255
542807,"MacBook Pro (14-inch, 2023)",Apple Silicon,Core ML,GPU,Text Classification (Q),"92%
",5415
542807,"MacBook Pro (14-inch, 2023)",Apple Silicon,Core ML,GPU,Machine Translation (SP),"100%
",2475
542807,"MacBook Pro (14-inch, 2023)",Apple Silicon,Core ML,GPU,Machine Translation (HP),"100%
",2574
542807,"MacBook Pro (14-inch, 2023)",Apple Silicon,Core ML,GPU,Machine Translation (Q),"98%
",1719
542809,"MacBook Pro (14-inch, 2023)",Apple Silicon,Core ML,Neural Engine,Image Classification (SP),"100%
",1001
542809,"MacBook Pro (14-inch, 2023)",Apple Silicon,Core ML,Neural Engine,Image Classification (HP),"100%
",14281
542809,"MacBook Pro (14-inch, 2023)",Apple Silicon,Core ML,Neural Engine,Image Classification (Q),"97%
",17615
542809,"MacBook Pro (14-inch, 2023)",Apple Silicon,Core ML,Neural Engine,Image Segmentation (SP),"100%
",1268
542809,"MacBook Pro (14-inch, 2023)",Apple Silicon,Core ML,Neural Engine,Image Segmentation (HP),"100%
",18801
542809,"MacBook Pro (14-inch, 2023)",Apple Silicon,Core ML,Neural Engine,Image Segmentation (Q),"99%
",23458
542809,"MacBook Pro (14-inch, 2023)",Apple Silicon,Core ML,Neural Engine,Pose Estimation (SP),"100%
",8968
542809,"MacBook Pro (14-inch, 2023)",Apple Silicon,Core ML,Neural Engine,Pose Estimation (HP),"100%
",106149
542809,"MacBook Pro (14-inch, 2023)",Apple Silicon,Core ML,Neural Engine,Pose Estimation (Q),"95%
",104471
542809,"MacBook Pro (14-inch, 2023)",Apple Silicon,Core ML,Neural Engine,Object Detection (SP),"100%
",1276
542809,"MacBook Pro (14-inch, 2023)",Apple Silicon,Core ML,Neural Engine,Object Detection (HP),"99%
",15000
542809,"MacBook Pro (14-inch, 2023)",Apple Silicon,Core ML,Neural Engine,Object Detection (Q),"89%
",16754
542809,"MacBook Pro (14-inch, 2023)",Apple Silicon,Core ML,Neural Engine,Face Detection (SP),"100%
",2755
542809,"MacBook Pro (14-inch, 2023)",Apple Silicon,Core ML,Neural Engine,Face Detection (HP),"100%
",34340
542809,"MacBook Pro (14-inch, 2023)",Apple Silicon,Core ML,Neural Engine,Face Detection (Q),"100%
",46089
542809,"MacBook Pro (14-inch, 2023)",Apple Silicon,Core ML,Neural Engine,Depth Estimation (SP),"100%
",4618
542809,"MacBook Pro (14-inch, 2023)",Apple Silicon,Core ML,Neural Engine,Depth Estimation (HP),"99%
",87798
542809,"MacBook Pro (14-inch, 2023)",Apple Silicon,Core ML,Neural Engine,Depth Estimation (Q),"85%
",110082
542809,"MacBook Pro (14-inch, 2023)",Apple Silicon,Core ML,Neural Engine,Style Transfer (SP),"100%
",19116
542809,"MacBook Pro (14-inch, 2023)",Apple Silicon,Core ML,Neural Engine,Style Transfer (HP),"100%
",207229
542809,"MacBook Pro (14-inch, 2023)",Apple Silicon,Core ML,Neural Engine,Style Transfer (Q),"96%
",189026
542809,"MacBook Pro (14-inch, 2023)",Apple Silicon,Core ML,Neural Engine,Image Super-Resolution (SP),"100%
",3838
542809,"MacBook Pro (14-inch, 2023)",Apple Silicon,Core ML,Neural Engine,Image Super-Resolution (HP),"100%
",42374
542809,"MacBook Pro (14-inch, 2023)",Apple Silicon,Core ML,Neural Engine,Image Super-Resolution (Q),"99%
",47626
542809,"MacBook Pro (14-inch, 2023)",Apple Silicon,Core ML,Neural Engine,Text Classification (SP),"100%
",3470
542809,"MacBook Pro (14-inch, 2023)",Apple Silicon,Core ML,Neural Engine,Text Classification (HP),"99%
",5574
542809,"MacBook Pro (14-inch, 2023)",Apple Silicon,Core ML,Neural Engine,Text Classification (Q),"93%
",5473
542809,"MacBook Pro (14-inch, 2023)",Apple Silicon,Core ML,Neural Engine,Machine Translation (SP),"100%
",3350
542809,"MacBook Pro (14-inch, 2023)",Apple Silicon,Core ML,Neural Engine,Machine Translation (HP),"100%
",3134
542809,"MacBook Pro (14-inch, 2023)",Apple Silicon,Core ML,Neural Engine,Machine Translation (Q),"98%
",3064
542810,"MacBook Pro (14-inch, 2023)",Apple Silicon,Core ML,CPU,Image Classification (SP),"100%
",994
542810,"MacBook Pro (14-inch, 2023)",Apple Silicon,Core ML,CPU,Image Classification (HP),"100%
",1689
542810,"MacBook Pro (14-inch, 2023)",Apple Silicon,Core ML,CPU,Image Classification (Q),"96%
",1210
542810,"MacBook Pro (14-inch, 2023)",Apple Silicon,Core ML,CPU,Image Segmentation (SP),"100%
",1281
542810,"MacBook Pro (14-inch, 2023)",Apple Silicon,Core ML,CPU,Image Segmentation (HP),"100%
",1881
542810,"MacBook Pro (14-inch, 2023)",Apple Silicon,Core ML,CPU,Image Segmentation (Q),"99%
",2083
542810,"MacBook Pro (14-inch, 2023)",Apple Silicon,Core ML,CPU,Pose Estimation (SP),"100%
",8974
542810,"MacBook Pro (14-inch, 2023)",Apple Silicon,Core ML,CPU,Pose Estimation (HP),"100%
",20254
542810,"MacBook Pro (14-inch, 2023)",Apple Silicon,Core ML,CPU,Pose Estimation (Q),"95%
",15329
542810,"MacBook Pro (14-inch, 2023)",Apple Silicon,Core ML,CPU,Object Detection (SP),"100%
",1259
542810,"MacBook Pro (14-inch, 2023)",Apple Silicon,Core ML,CPU,Object Detection (HP),"97%
",2023
542810,"MacBook Pro (14-inch, 2023)",Apple Silicon,Core ML,CPU,Object Detection (Q),"94%
",1454
542810,"MacBook Pro (14-inch, 2023)",Apple Silicon,Core ML,CPU,Face Detection (SP),"100%
",2748
542810,"MacBook Pro (14-inch, 2023)",Apple Silicon,Core ML,CPU,Face Detection (HP),"100%
",4521
542810,"MacBook Pro (14-inch, 2023)",Apple Silicon,Core ML,CPU,Face Detection (Q),"100%
",2539
542810,"MacBook Pro (14-inch, 2023)",Apple Silicon,Core ML,CPU,Depth Estimation (SP),"100%
",4616
542810,"MacBook Pro (14-inch, 2023)",Apple Silicon,Core ML,CPU,Depth Estimation (HP),"98%
",8954
542810,"MacBook Pro (14-inch, 2023)",Apple Silicon,Core ML,CPU,Depth Estimation (Q),"85%
",6092
542810,"MacBook Pro (14-inch, 2023)",Apple Silicon,Core ML,CPU,Style Transfer (SP),"100%
",19070
542810,"MacBook Pro (14-inch, 2023)",Apple Silicon,Core ML,CPU,Style Transfer (HP),"100%
",30929
542810,"MacBook Pro (14-inch, 2023)",Apple Silicon,Core ML,CPU,Style Transfer (Q),"96%
",24001
542810,"MacBook Pro (14-inch, 2023)",Apple Silicon,Core ML,CPU,Image Super-Resolution (SP),"100%
",3818
542810,"MacBook Pro (14-inch, 2023)",Apple Silicon,Core ML,CPU,Image Super-Resolution (HP),"100%
",5147
542810,"MacBook Pro (14-inch, 2023)",Apple Silicon,Core ML,CPU,Image Super-Resolution (Q),"99%
",3489
542810,"MacBook Pro (14-inch, 2023)",Apple Silicon,Core ML,CPU,Text Classification (SP),"99%
",3366
542810,"MacBook Pro (14-inch, 2023)",Apple Silicon,Core ML,CPU,Text Classification (HP),"99%
",5232
542810,"MacBook Pro (14-inch, 2023)",Apple Silicon,Core ML,CPU,Text Classification (Q),"93%
",5349
542810,"MacBook Pro (14-inch, 2023)",Apple Silicon,Core ML,CPU,Machine Translation (SP),"100%
",3349
542810,"MacBook Pro (14-inch, 2023)",Apple Silicon,Core ML,CPU,Machine Translation (HP),"98%
",5919
542810,"MacBook Pro (14-inch, 2023)",Apple Silicon,Core ML,CPU,Machine Translation (Q),"98%
",5980
543127,Mac mini (2024),Apple Silicon,Core ML,Neural Engine,Image Classification (SP),"100%
",949
543127,Mac mini (2024),Apple Silicon,Core ML,Neural Engine,Image Classification (HP),"100%
",15437
543127,Mac mini (2024),Apple Silicon,Core ML,Neural Engine,Image Classification (Q),"97%
",17986
543127,Mac mini (2024),Apple Silicon,Core ML,Neural Engine,Image Segmentation (SP),"100%
",1002
543127,Mac mini (2024),Apple Silicon,Core ML,Neural Engine,Image Segmentation (HP),"100%
",18782
543127,Mac mini (2024),Apple Silicon,Core ML,Neural Engine,Image Segmentation (Q),"99%
",25742
543127,Mac mini (2024),Apple Silicon,Core ML,Neural Engine,Pose Estimation (SP),"100%
",3659
543127,Mac mini (2024),Apple Silicon,Core ML,Neural Engine,Pose Estimation (HP),"100%
",117312
543127,Mac mini (2024),Apple Silicon,Core ML,Neural Engine,Pose Estimation (Q),"95%
",220165
543127,Mac mini (2024),Apple Silicon,Core ML,Neural Engine,Object Detection (SP),"100%
",1167
543127,Mac mini (2024),Apple Silicon,Core ML,Neural Engine,Object Detection (HP),"100%
",16820
543127,Mac mini (2024),Apple Silicon,Core ML,Neural Engine,Object Detection (Q),"89%
",21952
543127,Mac mini (2024),Apple Silicon,Core ML,Neural Engine,Face Detection (SP),"100%
",1951
543127,Mac mini (2024),Apple Silicon,Core ML,Neural Engine,Face Detection (HP),"100%
",37747
543127,Mac mini (2024),Apple Silicon,Core ML,Neural Engine,Face Detection (Q),"100%
",53530
543127,Mac mini (2024),Apple Silicon,Core ML,Neural Engine,Depth Estimation (SP),"100%
",3440
543127,Mac mini (2024),Apple Silicon,Core ML,Neural Engine,Depth Estimation (HP),"99%
",90823
543127,Mac mini (2024),Apple Silicon,Core ML,Neural Engine,Depth Estimation (Q),"85%
",150937
543127,Mac mini (2024),Apple Silicon,Core ML,Neural Engine,Style Transfer (SP),"100%
",8135
543127,Mac mini (2024),Apple Silicon,Core ML,Neural Engine,Style Transfer (HP),"100%
",224356
543127,Mac mini (2024),Apple Silicon,Core ML,Neural Engine,Style Transfer (Q),"96%
",278022
543127,Mac mini (2024),Apple Silicon,Core ML,Neural Engine,Image Super-Resolution (SP),"100%
",2493
543127,Mac mini (2024),Apple Silicon,Core ML,Neural Engine,Image Super-Resolution (HP),"100%
",44874
543127,Mac mini (2024),Apple Silicon,Core ML,Neural Engine,Image Super-Resolution (Q),"99%
",75308
543127,Mac mini (2024),Apple Silicon,Core ML,Neural Engine,Text Classification (SP),"99%
",3393
543127,Mac mini (2024),Apple Silicon,Core ML,Neural Engine,Text Classification (HP),"99%
",5176
543127,Mac mini (2024),Apple Silicon,Core ML,Neural Engine,Text Classification (Q),"93%
",5257
543127,Mac mini (2024),Apple Silicon,Core ML,Neural Engine,Machine Translation (SP),"100%
",1942
543127,Mac mini (2024),Apple Silicon,Core ML,Neural Engine,Machine Translation (HP),"100%
",9874
543127,Mac mini (2024),Apple Silicon,Core ML,Neural Engine,Machine Translation (Q),"98%
",11368
543128,Mac mini (2024),Apple Silicon,Core ML,Neural Engine,Image Classification (SP),"100%
",931
543128,Mac mini (2024),Apple Silicon,Core ML,Neural Engine,Image Classification (HP),"100%
",15544
543128,Mac mini (2024),Apple Silicon,Core ML,Neural Engine,Image Classification (Q),"97%
",18678
543128,Mac mini (2024),Apple Silicon,Core ML,Neural Engine,Image Segmentation (SP),"100%
",964
543128,Mac mini (2024),Apple Silicon,Core ML,Neural Engine,Image Segmentation (HP),"100%
",18536
543128,Mac mini (2024),Apple Silicon,Core ML,Neural Engine,Image Segmentation (Q),"99%
",24835
543128,Mac mini (2024),Apple Silicon,Core ML,Neural Engine,Pose Estimation (SP),"100%
",3640
543128,Mac mini (2024),Apple Silicon,Core ML,Neural Engine,Pose Estimation (HP),"100%
",117025
543128,Mac mini (2024),Apple Silicon,Core ML,Neural Engine,Pose Estimation (Q),"95%
",220098
543128,Mac mini (2024),Apple Silicon,Core ML,Neural Engine,Object Detection (SP),"100%
",1135
543128,Mac mini (2024),Apple Silicon,Core ML,Neural Engine,Object Detection (HP),"100%
",16180
543128,Mac mini (2024),Apple Silicon,Core ML,Neural Engine,Object Detection (Q),"89%
",21644
543128,Mac mini (2024),Apple Silicon,Core ML,Neural Engine,Face Detection (SP),"100%
",1938
543128,Mac mini (2024),Apple Silicon,Core ML,Neural Engine,Face Detection (HP),"100%
",38574
543128,Mac mini (2024),Apple Silicon,Core ML,Neural Engine,Face Detection (Q),"100%
",54985
543128,Mac mini (2024),Apple Silicon,Core ML,Neural Engine,Depth Estimation (SP),"100%
",3632
543128,Mac mini (2024),Apple Silicon,Core ML,Neural Engine,Depth Estimation (HP),"99%
",97703
543128,Mac mini (2024),Apple Silicon,Core ML,Neural Engine,Depth Estimation (Q),"85%
",167009
543128,Mac mini (2024),Apple Silicon,Core ML,Neural Engine,Style Transfer (SP),"100%
",17777
543128,Mac mini (2024),Apple Silicon,Core ML,Neural Engine,Style Transfer (HP),"100%
",235470
543128,Mac mini (2024),Apple Silicon,Core ML,Neural Engine,Style Transfer (Q),"96%
",290734
543128,Mac mini (2024),Apple Silicon,Core ML,Neural Engine,Image Super-Resolution (SP),"100%
",4592
543128,Mac mini (2024),Apple Silicon,Core ML,Neural Engine,Image Super-Resolution (HP),"100%
",49928
543128,Mac mini (2024),Apple Silicon,Core ML,Neural Engine,Image Super-Resolution (Q),"99%
",80134
543128,Mac mini (2024),Apple Silicon,Core ML,Neural Engine,Text Classification (SP),"99%
",6128
543128,Mac mini (2024),Apple Silicon,Core ML,Neural Engine,Text Classification (HP),"99%
",9712
543128,Mac mini (2024),Apple Silicon,Core ML,Neural Engine,Text Classification (Q),"93%
",9575
543128,Mac mini (2024),Apple Silicon,Core ML,Neural Engine,Machine Translation (SP),"100%
",3853
543128,Mac mini (2024),Apple Silicon,Core ML,Neural Engine,Machine Translation (HP),"100%
",15180
543128,Mac mini (2024),Apple Silicon,Core ML,Neural Engine,Machine Translation (Q),"98%
",16937
543129,Mac mini (2024),Apple Silicon,Core ML,GPU,Image Classification (SP),"100%
",4750
543129,Mac mini (2024),Apple Silicon,Core ML,GPU,Image Classification (HP),"100%
",5196
543129,Mac mini (2024),Apple Silicon,Core ML,GPU,Image Classification (Q),"96%
",4925
543129,Mac mini (2024),Apple Silicon,Core ML,GPU,Image Segmentation (SP),"100%
",7026
543129,Mac mini (2024),Apple Silicon,Core ML,GPU,Image Segmentation (HP),"100%
",8173
543129,Mac mini (2024),Apple Silicon,Core ML,GPU,Image Segmentation (Q),"99%
",7868
543129,Mac mini (2024),Apple Silicon,Core ML,GPU,Pose Estimation (SP),"100%
",28070
543129,Mac mini (2024),Apple Silicon,Core ML,GPU,Pose Estimation (HP),"100%
",32604
543129,Mac mini (2024),Apple Silicon,Core ML,GPU,Pose Estimation (Q),"96%
",31024
543129,Mac mini (2024),Apple Silicon,Core ML,GPU,Object Detection (SP),"100%
",4593
543129,Mac mini (2024),Apple Silicon,Core ML,GPU,Object Detection (HP),"100%
",5248
543129,Mac mini (2024),Apple Silicon,Core ML,GPU,Object Detection (Q),"91%
",5135
543129,Mac mini (2024),Apple Silicon,Core ML,GPU,Face Detection (SP),"100%
",11055
543129,Mac mini (2024),Apple Silicon,Core ML,GPU,Face Detection (HP),"100%
",16493
543129,Mac mini (2024),Apple Silicon,Core ML,GPU,Face Detection (Q),"100%
",15579
543129,Mac mini (2024),Apple Silicon,Core ML,GPU,Depth Estimation (SP),"100%
",19791
543129,Mac mini (2024),Apple Silicon,Core ML,GPU,Depth Estimation (HP),"99%
",23036
543129,Mac mini (2024),Apple Silicon,Core ML,GPU,Depth Estimation (Q),"85%
",21870
543129,Mac mini (2024),Apple Silicon,Core ML,GPU,Style Transfer (SP),"100%
",56777
543129,Mac mini (2024),Apple Silicon,Core ML,GPU,Style Transfer (HP),"100%
",71167
543129,Mac mini (2024),Apple Silicon,Core ML,GPU,Style Transfer (Q),"96%
",66931
543129,Mac mini (2024),Apple Silicon,Core ML,GPU,Image Super-Resolution (SP),"100%
",11569
543129,Mac mini (2024),Apple Silicon,Core ML,GPU,Image Super-Resolution (HP),"100%
",12403
543129,Mac mini (2024),Apple Silicon,Core ML,GPU,Image Super-Resolution (Q),"99%
",10673
543129,Mac mini (2024),Apple Silicon,Core ML,GPU,Text Classification (SP),"99%
",6496
543129,Mac mini (2024),Apple Silicon,Core ML,GPU,Text Classification (HP),"99%
",10001
543129,Mac mini (2024),Apple Silicon,Core ML,GPU,Text Classification (Q),"93%
",9922
543129,Mac mini (2024),Apple Silicon,Core ML,GPU,Machine Translation (SP),"100%
",5112
543129,Mac mini (2024),Apple Silicon,Core ML,GPU,Machine Translation (HP),"100%
",5874
543129,Mac mini (2024),Apple Silicon,Core ML,GPU,Machine Translation (Q),"98%
",5670
543135,"MacBook Pro (14-inch, 2024)",Apple Silicon,Core ML,Neural Engine,Image Classification (SP),"100%
",2217
543135,"MacBook Pro (14-inch, 2024)",Apple Silicon,Core ML,Neural Engine,Image Classification (HP),"100%
",18099
543135,"MacBook Pro (14-inch, 2024)",Apple Silicon,Core ML,Neural Engine,Image Classification (Q),"97%
",26153
543135,"MacBook Pro (14-inch, 2024)",Apple Silicon,Core ML,Neural Engine,Image Segmentation (SP),"100%
",2500
543135,"MacBook Pro (14-inch, 2024)",Apple Silicon,Core ML,Neural Engine,Image Segmentation (HP),"100%
",23818
543135,"MacBook Pro (14-inch, 2024)",Apple Silicon,Core ML,Neural Engine,Image Segmentation (Q),"99%
",34101
543135,"MacBook Pro (14-inch, 2024)",Apple Silicon,Core ML,Neural Engine,Pose Estimation (SP),"100%
",17895
543135,"MacBook Pro (14-inch, 2024)",Apple Silicon,Core ML,Neural Engine,Pose Estimation (HP),"100%
",123580
543135,"MacBook Pro (14-inch, 2024)",Apple Silicon,Core ML,Neural Engine,Pose Estimation (Q),"95%
",230099
543135,"MacBook Pro (14-inch, 2024)",Apple Silicon,Core ML,Neural Engine,Object Detection (SP),"100%
",2768
543135,"MacBook Pro (14-inch, 2024)",Apple Silicon,Core ML,Neural Engine,Object Detection (HP),"100%
",20438
543135,"MacBook Pro (14-inch, 2024)",Apple Silicon,Core ML,Neural Engine,Object Detection (Q),"89%
",26094
543135,"MacBook Pro (14-inch, 2024)",Apple Silicon,Core ML,Neural Engine,Face Detection (SP),"100%
",5565
543135,"MacBook Pro (14-inch, 2024)",Apple Silicon,Core ML,Neural Engine,Face Detection (HP),"100%
",47309
543135,"MacBook Pro (14-inch, 2024)",Apple Silicon,Core ML,Neural Engine,Face Detection (Q),"100%
",74731
543135,"MacBook Pro (14-inch, 2024)",Apple Silicon,Core ML,Neural Engine,Depth Estimation (SP),"100%
",8964
543135,"MacBook Pro (14-inch, 2024)",Apple Silicon,Core ML,Neural Engine,Depth Estimation (HP),"99%
",107287
543135,"MacBook Pro (14-inch, 2024)",Apple Silicon,Core ML,Neural Engine,Depth Estimation (Q),"85%
",186340
543135,"MacBook Pro (14-inch, 2024)",Apple Silicon,Core ML,Neural Engine,Style Transfer (SP),"100%
",30808
543135,"MacBook Pro (14-inch, 2024)",Apple Silicon,Core ML,Neural Engine,Style Transfer (HP),"100%
",255414
543135,"MacBook Pro (14-inch, 2024)",Apple Silicon,Core ML,Neural Engine,Style Transfer (Q),"96%
",327160
543135,"MacBook Pro (14-inch, 2024)",Apple Silicon,Core ML,Neural Engine,Image Super-Resolution (SP),"100%
",7057
543135,"MacBook Pro (14-inch, 2024)",Apple Silicon,Core ML,Neural Engine,Image Super-Resolution (HP),"100%
",48153
543135,"MacBook Pro (14-inch, 2024)",Apple Silicon,Core ML,Neural Engine,Image Super-Resolution (Q),"99%
",79346
543135,"MacBook Pro (14-inch, 2024)",Apple Silicon,Core ML,Neural Engine,Text Classification (SP),"100%
",6082
543135,"MacBook Pro (14-inch, 2024)",Apple Silicon,Core ML,Neural Engine,Text Classification (HP),"99%
",9716
543135,"MacBook Pro (14-inch, 2024)",Apple Silicon,Core ML,Neural Engine,Text Classification (Q),"93%
",9181
543135,"MacBook Pro (14-inch, 2024)",Apple Silicon,Core ML,Neural Engine,Machine Translation (SP),"100%
",5887
543135,"MacBook Pro (14-inch, 2024)",Apple Silicon,Core ML,Neural Engine,Machine Translation (HP),"100%
",16566
543135,"MacBook Pro (14-inch, 2024)",Apple Silicon,Core ML,Neural Engine,Machine Translation (Q),"98%
",16681
543137,Mac mini (2024),Apple Silicon,Core ML,CPU,Image Classification (SP),"100%
",2035
543137,Mac mini (2024),Apple Silicon,Core ML,CPU,Image Classification (HP),"100%
",3299
543137,Mac mini (2024),Apple Silicon,Core ML,CPU,Image Classification (Q),"96%
",2299
543137,Mac mini (2024),Apple Silicon,Core ML,CPU,Image Segmentation (SP),"100%
",2070
543137,Mac mini (2024),Apple Silicon,Core ML,CPU,Image Segmentation (HP),"100%
",3133
543137,Mac mini (2024),Apple Silicon,Core ML,CPU,Image Segmentation (Q),"99%
",3472
543137,Mac mini (2024),Apple Silicon,Core ML,CPU,Pose Estimation (SP),"100%
",8579
543137,Mac mini (2024),Apple Silicon,Core ML,CPU,Pose Estimation (HP),"100%
",18979
543137,Mac mini (2024),Apple Silicon,Core ML,CPU,Pose Estimation (Q),"95%
",16391
543137,Mac mini (2024),Apple Silicon,Core ML,CPU,Object Detection (SP),"100%
",2347
543137,Mac mini (2024),Apple Silicon,Core ML,CPU,Object Detection (HP),"97%
",3671
543137,Mac mini (2024),Apple Silicon,Core ML,CPU,Object Detection (Q),"94%
",2688
543137,Mac mini (2024),Apple Silicon,Core ML,CPU,Face Detection (SP),"100%
",4331
543137,Mac mini (2024),Apple Silicon,Core ML,CPU,Face Detection (HP),"100%
",7485
543137,Mac mini (2024),Apple Silicon,Core ML,CPU,Face Detection (Q),"100%
",4395
543137,Mac mini (2024),Apple Silicon,Core ML,CPU,Depth Estimation (SP),"100%
",7714
543137,Mac mini (2024),Apple Silicon,Core ML,CPU,Depth Estimation (HP),"97%
",13807
543137,Mac mini (2024),Apple Silicon,Core ML,CPU,Depth Estimation (Q),"86%
",9509
543137,Mac mini (2024),Apple Silicon,Core ML,CPU,Style Transfer (SP),"100%
",21320
543137,Mac mini (2024),Apple Silicon,Core ML,CPU,Style Transfer (HP),"100%
",38833
543137,Mac mini (2024),Apple Silicon,Core ML,CPU,Style Transfer (Q),"96%
",32088
543137,Mac mini (2024),Apple Silicon,Core ML,CPU,Image Super-Resolution (SP),"100%
",5090
543137,Mac mini (2024),Apple Silicon,Core ML,CPU,Image Super-Resolution (HP),"100%
",6767
543137,Mac mini (2024),Apple Silicon,Core ML,CPU,Image Super-Resolution (Q),"99%
",4855
543137,Mac mini (2024),Apple Silicon,Core ML,CPU,Text Classification (SP),"99%
",6239
543137,Mac mini (2024),Apple Silicon,Core ML,CPU,Text Classification (HP),"99%
",10132
543137,Mac mini (2024),Apple Silicon,Core ML,CPU,Text Classification (Q),"92%
",9997
543137,Mac mini (2024),Apple Silicon,Core ML,CPU,Machine Translation (SP),"100%
",4325
543137,Mac mini (2024),Apple Silicon,Core ML,CPU,Machine Translation (HP),"98%
",7034
543137,Mac mini (2024),Apple Silicon,Core ML,CPU,Machine Translation (Q),"98%
",7070
543138,"MacBook Pro (14-inch, 2024)",Apple Silicon,Core ML,GPU,Image Classification (SP),"100%
",5191
543138,"MacBook Pro (14-inch, 2024)",Apple Silicon,Core ML,GPU,Image Classification (HP),"100%
",5357
543138,"MacBook Pro (14-inch, 2024)",Apple Silicon,Core ML,GPU,Image Classification (Q),"96%
",5200
543138,"MacBook Pro (14-inch, 2024)",Apple Silicon,Core ML,GPU,Image Segmentation (SP),"100%
",7582
543138,"MacBook Pro (14-inch, 2024)",Apple Silicon,Core ML,GPU,Image Segmentation (HP),"100%
",8465
543138,"MacBook Pro (14-inch, 2024)",Apple Silicon,Core ML,GPU,Image Segmentation (Q),"99%
",8149
543138,"MacBook Pro (14-inch, 2024)",Apple Silicon,Core ML,GPU,Pose Estimation (SP),"100%
",28639
543138,"MacBook Pro (14-inch, 2024)",Apple Silicon,Core ML,GPU,Pose Estimation (HP),"100%
",33005
543138,"MacBook Pro (14-inch, 2024)",Apple Silicon,Core ML,GPU,Pose Estimation (Q),"96%
",32123
543138,"MacBook Pro (14-inch, 2024)",Apple Silicon,Core ML,GPU,Object Detection (SP),"100%
",4959
543138,"MacBook Pro (14-inch, 2024)",Apple Silicon,Core ML,GPU,Object Detection (HP),"100%
",5472
543138,"MacBook Pro (14-inch, 2024)",Apple Silicon,Core ML,GPU,Object Detection (Q),"91%
",5388
543138,"MacBook Pro (14-inch, 2024)",Apple Silicon,Core ML,GPU,Face Detection (SP),"100%
",13052
543138,"MacBook Pro (14-inch, 2024)",Apple Silicon,Core ML,GPU,Face Detection (HP),"100%
",18277
543138,"MacBook Pro (14-inch, 2024)",Apple Silicon,Core ML,GPU,Face Detection (Q),"100%
",17153
543138,"MacBook Pro (14-inch, 2024)",Apple Silicon,Core ML,GPU,Depth Estimation (SP),"100%
",21210
543138,"MacBook Pro (14-inch, 2024)",Apple Silicon,Core ML,GPU,Depth Estimation (HP),"99%
",23863
543138,"MacBook Pro (14-inch, 2024)",Apple Silicon,Core ML,GPU,Depth Estimation (Q),"85%
",22447
543138,"MacBook Pro (14-inch, 2024)",Apple Silicon,Core ML,GPU,Style Transfer (SP),"100%
",59538
543138,"MacBook Pro (14-inch, 2024)",Apple Silicon,Core ML,GPU,Style Transfer (HP),"100%
",73396
543138,"MacBook Pro (14-inch, 2024)",Apple Silicon,Core ML,GPU,Style Transfer (Q),"96%
",70391
543138,"MacBook Pro (14-inch, 2024)",Apple Silicon,Core ML,GPU,Image Super-Resolution (SP),"100%
",12171
543138,"MacBook Pro (14-inch, 2024)",Apple Silicon,Core ML,GPU,Image Super-Resolution (HP),"100%
",12385
543138,"MacBook Pro (14-inch, 2024)",Apple Silicon,Core ML,GPU,Image Super-Resolution (Q),"99%
",10878
543138,"MacBook Pro (14-inch, 2024)",Apple Silicon,Core ML,GPU,Text Classification (SP),"99%
",6455
543138,"MacBook Pro (14-inch, 2024)",Apple Silicon,Core ML,GPU,Text Classification (HP),"100%
",10181
543138,"MacBook Pro (14-inch, 2024)",Apple Silicon,Core ML,GPU,Text Classification (Q),"93%
",10026
543138,"MacBook Pro (14-inch, 2024)",Apple Silicon,Core ML,GPU,Machine Translation (SP),"100%
",5375
543138,"MacBook Pro (14-inch, 2024)",Apple Silicon,Core ML,GPU,Machine Translation (HP),"100%
",6065
543138,"MacBook Pro (14-inch, 2024)",Apple Silicon,Core ML,GPU,Machine Translation (Q),"98%
",5758
543143,MacBook Air (2022),Apple Silicon,Core ML,Neural Engine,Image Classification (SP),"100%
",1289
543143,MacBook Air (2022),Apple Silicon,Core ML,Neural Engine,Image Classification (HP),"100%
",14144
543143,MacBook Air (2022),Apple Silicon,Core ML,Neural Engine,Image Classification (Q),"97%
",15802
543143,MacBook Air (2022),Apple Silicon,Core ML,Neural Engine,Image Segmentation (SP),"100%
",1404
543143,MacBook Air (2022),Apple Silicon,Core ML,Neural Engine,Image Segmentation (HP),"100%
",19302
543143,MacBook Air (2022),Apple Silicon,Core ML,Neural Engine,Image Segmentation (Q),"99%
",24502
543143,MacBook Air (2022),Apple Silicon,Core ML,Neural Engine,Pose Estimation (SP),"100%
",6078
543143,MacBook Air (2022),Apple Silicon,Core ML,Neural Engine,Pose Estimation (HP),"100%
",104723
543143,MacBook Air (2022),Apple Silicon,Core ML,Neural Engine,Pose Estimation (Q),"95%
",106141
543143,MacBook Air (2022),Apple Silicon,Core ML,Neural Engine,Object Detection (SP),"100%
",1388
543143,MacBook Air (2022),Apple Silicon,Core ML,Neural Engine,Object Detection (HP),"99%
",15947
543143,MacBook Air (2022),Apple Silicon,Core ML,Neural Engine,Object Detection (Q),"89%
",18040
543143,MacBook Air (2022),Apple Silicon,Core ML,Neural Engine,Face Detection (SP),"100%
",2891
543143,MacBook Air (2022),Apple Silicon,Core ML,Neural Engine,Face Detection (HP),"100%
",35010
543143,MacBook Air (2022),Apple Silicon,Core ML,Neural Engine,Face Detection (Q),"100%
",47065
543143,MacBook Air (2022),Apple Silicon,Core ML,Neural Engine,Depth Estimation (SP),"100%
",5186
543143,MacBook Air (2022),Apple Silicon,Core ML,Neural Engine,Depth Estimation (HP),"99%
",87421
543143,MacBook Air (2022),Apple Silicon,Core ML,Neural Engine,Depth Estimation (Q),"85%
",111957
543143,MacBook Air (2022),Apple Silicon,Core ML,Neural Engine,Style Transfer (SP),"100%
",17410
543143,MacBook Air (2022),Apple Silicon,Core ML,Neural Engine,Style Transfer (HP),"100%
",205221
543143,MacBook Air (2022),Apple Silicon,Core ML,Neural Engine,Style Transfer (Q),"96%
",193170
543143,MacBook Air (2022),Apple Silicon,Core ML,Neural Engine,Image Super-Resolution (SP),"100%
",3539
543143,MacBook Air (2022),Apple Silicon,Core ML,Neural Engine,Image Super-Resolution (HP),"100%
",43304
543143,MacBook Air (2022),Apple Silicon,Core ML,Neural Engine,Image Super-Resolution (Q),"99%
",48769
543143,MacBook Air (2022),Apple Silicon,Core ML,Neural Engine,Text Classification (SP),"100%
",4122
543143,MacBook Air (2022),Apple Silicon,Core ML,Neural Engine,Text Classification (HP),"99%
",6260
543143,MacBook Air (2022),Apple Silicon,Core ML,Neural Engine,Text Classification (Q),"93%
",6231
543143,MacBook Air (2022),Apple Silicon,Core ML,Neural Engine,Machine Translation (SP),"100%
",3481
543143,MacBook Air (2022),Apple Silicon,Core ML,Neural Engine,Machine Translation (HP),"100%
",4062
543143,MacBook Air (2022),Apple Silicon,Core ML,Neural Engine,Machine Translation (Q),"98%
",4233
543150,MacBook Air (2022),Apple Silicon,Core ML,GPU,Image Classification (SP),"100%
",3233
543150,MacBook Air (2022),Apple Silicon,Core ML,GPU,Image Classification (HP),"100%
",3030
543150,MacBook Air (2022),Apple Silicon,Core ML,GPU,Image Classification (Q),"94%
",2636
543150,MacBook Air (2022),Apple Silicon,Core ML,GPU,Image Segmentation (SP),"100%
",4813
543150,MacBook Air (2022),Apple Silicon,Core ML,GPU,Image Segmentation (HP),"100%
",4903
543150,MacBook Air (2022),Apple Silicon,Core ML,GPU,Image Segmentation (Q),"99%
",4664
543150,MacBook Air (2022),Apple Silicon,Core ML,GPU,Pose Estimation (SP),"100%
",19427
543150,MacBook Air (2022),Apple Silicon,Core ML,GPU,Pose Estimation (HP),"100%
",21924
543150,MacBook Air (2022),Apple Silicon,Core ML,GPU,Pose Estimation (Q),"96%
",21102
543150,MacBook Air (2022),Apple Silicon,Core ML,GPU,Object Detection (SP),"100%
",2656
543150,MacBook Air (2022),Apple Silicon,Core ML,GPU,Object Detection (HP),"100%
",3006
543150,MacBook Air (2022),Apple Silicon,Core ML,GPU,Object Detection (Q),"91%
",2778
543150,MacBook Air (2022),Apple Silicon,Core ML,GPU,Face Detection (SP),"100%
",9254
543150,MacBook Air (2022),Apple Silicon,Core ML,GPU,Face Detection (HP),"100%
",9173
543150,MacBook Air (2022),Apple Silicon,Core ML,GPU,Face Detection (Q),"100%
",9618
543150,MacBook Air (2022),Apple Silicon,Core ML,GPU,Depth Estimation (SP),"100%
",12674
543150,MacBook Air (2022),Apple Silicon,Core ML,GPU,Depth Estimation (HP),"99%
",14254
543150,MacBook Air (2022),Apple Silicon,Core ML,GPU,Depth Estimation (Q),"85%
",13328
543150,MacBook Air (2022),Apple Silicon,Core ML,GPU,Style Transfer (SP),"100%
",35726
543150,MacBook Air (2022),Apple Silicon,Core ML,GPU,Style Transfer (HP),"100%
",40526
543150,MacBook Air (2022),Apple Silicon,Core ML,GPU,Style Transfer (Q),"96%
",38797
543150,MacBook Air (2022),Apple Silicon,Core ML,GPU,Image Super-Resolution (SP),"100%
",7834
543150,MacBook Air (2022),Apple Silicon,Core ML,GPU,Image Super-Resolution (HP),"100%
",8588
543150,MacBook Air (2022),Apple Silicon,Core ML,GPU,Image Super-Resolution (Q),"99%
",7135
543150,MacBook Air (2022),Apple Silicon,Core ML,GPU,Text Classification (SP),"100%
",4104
543150,MacBook Air (2022),Apple Silicon,Core ML,GPU,Text Classification (HP),"100%
",6467
543150,MacBook Air (2022),Apple Silicon,Core ML,GPU,Text Classification (Q),"93%
",6486
543150,MacBook Air (2022),Apple Silicon,Core ML,GPU,Machine Translation (SP),"100%
",1526
543150,MacBook Air (2022),Apple Silicon,Core ML,GPU,Machine Translation (HP),"100%
",1590
543150,MacBook Air (2022),Apple Silicon,Core ML,GPU,Machine Translation (Q),"98%
",1267
543152,Mac mini (2024),Apple Silicon,Core ML,Neural Engine,Image Classification (SP),"100%
",2208
543152,Mac mini (2024),Apple Silicon,Core ML,Neural Engine,Image Classification (HP),"100%
",19097
543152,Mac mini (2024),Apple Silicon,Core ML,Neural Engine,Image Classification (Q),"97%
",25773
543152,Mac mini (2024),Apple Silicon,Core ML,Neural Engine,Image Segmentation (SP),"100%
",2505
543152,Mac mini (2024),Apple Silicon,Core ML,Neural Engine,Image Segmentation (HP),"100%
",23860
543152,Mac mini (2024),Apple Silicon,Core ML,Neural Engine,Image Segmentation (Q),"99%
",34877
543152,Mac mini (2024),Apple Silicon,Core ML,Neural Engine,Pose Estimation (SP),"100%
",17178
543152,Mac mini (2024),Apple Silicon,Core ML,Neural Engine,Pose Estimation (HP),"100%
",124082
543152,Mac mini (2024),Apple Silicon,Core ML,Neural Engine,Pose Estimation (Q),"95%
",231778
543152,Mac mini (2024),Apple Silicon,Core ML,Neural Engine,Object Detection (SP),"100%
",2698
543152,Mac mini (2024),Apple Silicon,Core ML,Neural Engine,Object Detection (HP),"100%
",21314
543152,Mac mini (2024),Apple Silicon,Core ML,Neural Engine,Object Detection (Q),"89%
",26677
543152,Mac mini (2024),Apple Silicon,Core ML,Neural Engine,Face Detection (SP),"100%
",5381
543152,Mac mini (2024),Apple Silicon,Core ML,Neural Engine,Face Detection (HP),"100%
",47259
543152,Mac mini (2024),Apple Silicon,Core ML,Neural Engine,Face Detection (Q),"100%
",74529
543152,Mac mini (2024),Apple Silicon,Core ML,Neural Engine,Depth Estimation (SP),"100%
",8844
543152,Mac mini (2024),Apple Silicon,Core ML,Neural Engine,Depth Estimation (HP),"99%
",109744
543152,Mac mini (2024),Apple Silicon,Core ML,Neural Engine,Depth Estimation (Q),"85%
",187741
543152,Mac mini (2024),Apple Silicon,Core ML,Neural Engine,Style Transfer (SP),"100%
",31228
543152,Mac mini (2024),Apple Silicon,Core ML,Neural Engine,Style Transfer (HP),"100%
",258011
543152,Mac mini (2024),Apple Silicon,Core ML,Neural Engine,Style Transfer (Q),"96%
",328238
543152,Mac mini (2024),Apple Silicon,Core ML,Neural Engine,Image Super-Resolution (SP),"100%
",7051
543152,Mac mini (2024),Apple Silicon,Core ML,Neural Engine,Image Super-Resolution (HP),"100%
",49488
543152,Mac mini (2024),Apple Silicon,Core ML,Neural Engine,Image Super-Resolution (Q),"99%
",81798
543152,Mac mini (2024),Apple Silicon,Core ML,Neural Engine,Text Classification (SP),"100%
",6028
543152,Mac mini (2024),Apple Silicon,Core ML,Neural Engine,Text Classification (HP),"99%
",9162
543152,Mac mini (2024),Apple Silicon,Core ML,Neural Engine,Text Classification (Q),"93%
",9272
543152,Mac mini (2024),Apple Silicon,Core ML,Neural Engine,Machine Translation (SP),"100%
",5604
543152,Mac mini (2024),Apple Silicon,Core ML,Neural Engine,Machine Translation (HP),"100%
",17945
543152,Mac mini (2024),Apple Silicon,Core ML,Neural Engine,Machine Translation (Q),"98%
",17467
543154,Mac Pro（2019 年）,Intel,Core ML,GPU,Image Classification (SP),"100%
",5204
543154,Mac Pro（2019 年）,Intel,Core ML,GPU,Image Classification (HP),"100%
",5281
543154,Mac Pro（2019 年）,Intel,Core ML,GPU,Image Classification (Q),"96%
",195
543154,Mac Pro（2019 年）,Intel,Core ML,GPU,Image Segmentation (SP),"100%
",764
543154,Mac Pro（2019 年）,Intel,Core ML,GPU,Image Segmentation (HP),"100%
",747
543154,Mac Pro（2019 年）,Intel,Core ML,GPU,Image Segmentation (Q),"99%
",347
543154,Mac Pro（2019 年）,Intel,Core ML,GPU,Pose Estimation (SP),"100%
",76014
543154,Mac Pro（2019 年）,Intel,Core ML,GPU,Pose Estimation (HP),"100%
",70675
543154,Mac Pro（2019 年）,Intel,Core ML,GPU,Pose Estimation (Q),"96%
",3819
543154,Mac Pro（2019 年）,Intel,Core ML,GPU,Object Detection (SP),"100%
",6118
543154,Mac Pro（2019 年）,Intel,Core ML,GPU,Object Detection (HP),"100%
",6165
543154,Mac Pro（2019 年）,Intel,Core ML,GPU,Object Detection (Q),"92%
",160
543154,Mac Pro（2019 年）,Intel,Core ML,GPU,Face Detection (SP),"100%
",18142
543154,Mac Pro（2019 年）,Intel,Core ML,GPU,Face Detection (HP),"100%
",22292
543154,Mac Pro（2019 年）,Intel,Core ML,GPU,Face Detection (Q),"100%
",371
543154,Mac Pro（2019 年）,Intel,Core ML,GPU,Depth Estimation (SP),"100%
",27488
543154,Mac Pro（2019 年）,Intel,Core ML,GPU,Depth Estimation (HP),"99%
",30308
543154,Mac Pro（2019 年）,Intel,Core ML,GPU,Depth Estimation (Q),"85%
",28369
543154,Mac Pro（2019 年）,Intel,Core ML,GPU,Style Transfer (SP),"100%
",119269
543154,Mac Pro（2019 年）,Intel,Core ML,GPU,Style Transfer (HP),"100%
",114743
543154,Mac Pro（2019 年）,Intel,Core ML,GPU,Style Transfer (Q),"96%
",144263
543154,Mac Pro（2019 年）,Intel,Core ML,GPU,Image Super-Resolution (SP),"100%
",10206
543154,Mac Pro（2019 年）,Intel,Core ML,GPU,Image Super-Resolution (HP),"100%
",17192
543154,Mac Pro（2019 年）,Intel,Core ML,GPU,Image Super-Resolution (Q),"99%
",15771
543154,Mac Pro（2019 年）,Intel,Core ML,GPU,Text Classification (SP),"100%
",698
543154,Mac Pro（2019 年）,Intel,Core ML,GPU,Text Classification (HP),"100%
",661
543154,Mac Pro（2019 年）,Intel,Core ML,GPU,Text Classification (Q),"93%
",615
543154,Mac Pro（2019 年）,Intel,Core ML,GPU,Machine Translation (SP),"100%
",1828
543154,Mac Pro（2019 年）,Intel,Core ML,GPU,Machine Translation (HP),"100%
",1768
543154,Mac Pro（2019 年）,Intel,Core ML,GPU,Machine Translation (Q),"98%
",1785
542927,MacBook Air (Late 2020),Apple Silicon,Core ML,CPU,Image Classification (SP),"100%
",947
542927,MacBook Air (Late 2020),Apple Silicon,Core ML,CPU,Image Classification (HP),"100%
",1325
542927,MacBook Air (Late 2020),Apple Silicon,Core ML,CPU,Image Classification (Q),"96%
",1122
542927,MacBook Air (Late 2020),Apple Silicon,Core ML,CPU,Image Segmentation (SP),"100%
",1186
542927,MacBook Air (Late 2020),Apple Silicon,Core ML,CPU,Image Segmentation (HP),"100%
",1518
542927,MacBook Air (Late 2020),Apple Silicon,Core ML,CPU,Image Segmentation (Q),"99%
",1926
542927,MacBook Air (Late 2020),Apple Silicon,Core ML,CPU,Pose Estimation (SP),"100%
",3803
542927,MacBook Air (Late 2020),Apple Silicon,Core ML,CPU,Pose Estimation (HP),"100%
",11510
542927,MacBook Air (Late 2020),Apple Silicon,Core ML,CPU,Pose Estimation (Q),"95%
",9013
542927,MacBook Air (Late 2020),Apple Silicon,Core ML,CPU,Object Detection (SP),"100%
",846
542927,MacBook Air (Late 2020),Apple Silicon,Core ML,CPU,Object Detection (HP),"97%
",935
542927,MacBook Air (Late 2020),Apple Silicon,Core ML,CPU,Object Detection (Q),"94%
",1114
542927,MacBook Air (Late 2020),Apple Silicon,Core ML,CPU,Face Detection (SP),"100%
",1938
542927,MacBook Air (Late 2020),Apple Silicon,Core ML,CPU,Face Detection (HP),"100%
",1485
542927,MacBook Air (Late 2020),Apple Silicon,Core ML,CPU,Face Detection (Q),"100%
",1317
542927,MacBook Air (Late 2020),Apple Silicon,Core ML,CPU,Depth Estimation (SP),"100%
",3234
542927,MacBook Air (Late 2020),Apple Silicon,Core ML,CPU,Depth Estimation (HP),"98%
",6276
542927,MacBook Air (Late 2020),Apple Silicon,Core ML,CPU,Depth Estimation (Q),"85%
",4319
542927,MacBook Air (Late 2020),Apple Silicon,Core ML,CPU,Style Transfer (SP),"100%
",9727
542927,MacBook Air (Late 2020),Apple Silicon,Core ML,CPU,Style Transfer (HP),"100%
",15648
542927,MacBook Air (Late 2020),Apple Silicon,Core ML,CPU,Style Transfer (Q),"96%
",10710
542927,MacBook Air (Late 2020),Apple Silicon,Core ML,CPU,Image Super-Resolution (SP),"100%
",2047
542927,MacBook Air (Late 2020),Apple Silicon,Core ML,CPU,Image Super-Resolution (HP),"100%
",3509
542927,MacBook Air (Late 2020),Apple Silicon,Core ML,CPU,Image Super-Resolution (Q),"99%
",1930
542927,MacBook Air (Late 2020),Apple Silicon,Core ML,CPU,Text Classification (SP),"100%
",909
542927,MacBook Air (Late 2020),Apple Silicon,Core ML,CPU,Text Classification (HP),"99%
",1691
542927,MacBook Air (Late 2020),Apple Silicon,Core ML,CPU,Text Classification (Q),"93%
",1912
542927,MacBook Air (Late 2020),Apple Silicon,Core ML,CPU,Machine Translation (SP),"100%
",1279
542927,MacBook Air (Late 2020),Apple Silicon,Core ML,CPU,Machine Translation (HP),"98%
",2316
542927,MacBook Air (Late 2020),Apple Silicon,Core ML,CPU,Machine Translation (Q),"98%
",2707
542930,MacBook Air (Late 2020),Apple Silicon,Core ML,GPU,Image Classification (SP),"100%
",859
542930,MacBook Air (Late 2020),Apple Silicon,Core ML,GPU,Image Classification (HP),"100%
",839
542930,MacBook Air (Late 2020),Apple Silicon,Core ML,GPU,Image Classification (Q),"94%
",800
542930,MacBook Air (Late 2020),Apple Silicon,Core ML,GPU,Image Segmentation (SP),"100%
",3559
542930,MacBook Air (Late 2020),Apple Silicon,Core ML,GPU,Image Segmentation (HP),"100%
",3653
542930,MacBook Air (Late 2020),Apple Silicon,Core ML,GPU,Image Segmentation (Q),"99%
",3446
542930,MacBook Air (Late 2020),Apple Silicon,Core ML,GPU,Pose Estimation (SP),"100%
",14182
542930,MacBook Air (Late 2020),Apple Silicon,Core ML,GPU,Pose Estimation (HP),"100%
",16185
542930,MacBook Air (Late 2020),Apple Silicon,Core ML,GPU,Pose Estimation (Q),"96%
",16488
542930,MacBook Air (Late 2020),Apple Silicon,Core ML,GPU,Object Detection (SP),"100%
",1504
542930,MacBook Air (Late 2020),Apple Silicon,Core ML,GPU,Object Detection (HP),"100%
",1729
542930,MacBook Air (Late 2020),Apple Silicon,Core ML,GPU,Object Detection (Q),"91%
",1340
542930,MacBook Air (Late 2020),Apple Silicon,Core ML,GPU,Face Detection (SP),"100%
",5666
542930,MacBook Air (Late 2020),Apple Silicon,Core ML,GPU,Face Detection (HP),"100%
",7487
542930,MacBook Air (Late 2020),Apple Silicon,Core ML,GPU,Face Detection (Q),"100%
",6602
542930,MacBook Air (Late 2020),Apple Silicon,Core ML,GPU,Depth Estimation (SP),"100%
",9351
542930,MacBook Air (Late 2020),Apple Silicon,Core ML,GPU,Depth Estimation (HP),"99%
",10950
542930,MacBook Air (Late 2020),Apple Silicon,Core ML,GPU,Depth Estimation (Q),"85%
",9888
542930,MacBook Air (Late 2020),Apple Silicon,Core ML,GPU,Style Transfer (SP),"100%
",26448
542930,MacBook Air (Late 2020),Apple Silicon,Core ML,GPU,Style Transfer (HP),"100%
",30558
542930,MacBook Air (Late 2020),Apple Silicon,Core ML,GPU,Style Transfer (Q),"96%
",29325
542930,MacBook Air (Late 2020),Apple Silicon,Core ML,GPU,Image Super-Resolution (SP),"100%
",3269
542930,MacBook Air (Late 2020),Apple Silicon,Core ML,GPU,Image Super-Resolution (HP),"100%
",3389
542930,MacBook Air (Late 2020),Apple Silicon,Core ML,GPU,Image Super-Resolution (Q),"99%
",3083
542930,MacBook Air (Late 2020),Apple Silicon,Core ML,GPU,Text Classification (SP),"100%
",952
542930,MacBook Air (Late 2020),Apple Silicon,Core ML,GPU,Text Classification (HP),"99%
",2206
542930,MacBook Air (Late 2020),Apple Silicon,Core ML,GPU,Text Classification (Q),"93%
",2112
542930,MacBook Air (Late 2020),Apple Silicon,Core ML,GPU,Machine Translation (SP),"100%
",962
542930,MacBook Air (Late 2020),Apple Silicon,Core ML,GPU,Machine Translation (HP),"100%
",935
542930,MacBook Air (Late 2020),Apple Silicon,Core ML,GPU,Machine Translation (Q),"98%
",927
542938,MacBook Air (Late 2020),Apple Silicon,Core ML,Neural Engine,Image Classification (SP),"100%
",620
542938,MacBook Air (Late 2020),Apple Silicon,Core ML,Neural Engine,Image Classification (HP),"100%
",4263
542938,MacBook Air (Late 2020),Apple Silicon,Core ML,Neural Engine,Image Classification (Q),"97%
",4216
542938,MacBook Air (Late 2020),Apple Silicon,Core ML,Neural Engine,Image Segmentation (SP),"100%
",469
542938,MacBook Air (Late 2020),Apple Silicon,Core ML,Neural Engine,Image Segmentation (HP),"100%
",6987
542938,MacBook Air (Late 2020),Apple Silicon,Core ML,Neural Engine,Image Segmentation (Q),"99%
",6465
542938,MacBook Air (Late 2020),Apple Silicon,Core ML,Neural Engine,Pose Estimation (SP),"100%
",3097
542938,MacBook Air (Late 2020),Apple Silicon,Core ML,Neural Engine,Pose Estimation (HP),"100%
",47204
542938,MacBook Air (Late 2020),Apple Silicon,Core ML,Neural Engine,Pose Estimation (Q),"95%
",46712
542938,MacBook Air (Late 2020),Apple Silicon,Core ML,Neural Engine,Object Detection (SP),"100%
",743
542938,MacBook Air (Late 2020),Apple Silicon,Core ML,Neural Engine,Object Detection (HP),"99%
",3905
542938,MacBook Air (Late 2020),Apple Silicon,Core ML,Neural Engine,Object Detection (Q),"89%
",4188
542938,MacBook Air (Late 2020),Apple Silicon,Core ML,Neural Engine,Face Detection (SP),"100%
",1887
542938,MacBook Air (Late 2020),Apple Silicon,Core ML,Neural Engine,Face Detection (HP),"100%
",11813
542938,MacBook Air (Late 2020),Apple Silicon,Core ML,Neural Engine,Face Detection (Q),"100%
",12456
542938,MacBook Air (Late 2020),Apple Silicon,Core ML,Neural Engine,Depth Estimation (SP),"100%
",2525
542938,MacBook Air (Late 2020),Apple Silicon,Core ML,Neural Engine,Depth Estimation (HP),"99%
",28741
542938,MacBook Air (Late 2020),Apple Silicon,Core ML,Neural Engine,Depth Estimation (Q),"85%
",31781
542938,MacBook Air (Late 2020),Apple Silicon,Core ML,Neural Engine,Style Transfer (SP),"100%
",8467
542938,MacBook Air (Late 2020),Apple Silicon,Core ML,Neural Engine,Style Transfer (HP),"100%
",95868
542938,MacBook Air (Late 2020),Apple Silicon,Core ML,Neural Engine,Style Transfer (Q),"96%
",91844
542938,MacBook Air (Late 2020),Apple Silicon,Core ML,Neural Engine,Image Super-Resolution (SP),"100%
",1617
542938,MacBook Air (Late 2020),Apple Silicon,Core ML,Neural Engine,Image Super-Resolution (HP),"100%
",10250
542938,MacBook Air (Late 2020),Apple Silicon,Core ML,Neural Engine,Image Super-Resolution (Q),"99%
",9831
542938,MacBook Air (Late 2020),Apple Silicon,Core ML,Neural Engine,Text Classification (SP),"100%
",924
542938,MacBook Air (Late 2020),Apple Silicon,Core ML,Neural Engine,Text Classification (HP),"99%
",1737
542938,MacBook Air (Late 2020),Apple Silicon,Core ML,Neural Engine,Text Classification (Q),"93%
",1857
542938,MacBook Air (Late 2020),Apple Silicon,Core ML,Neural Engine,Machine Translation (SP),"100%
",970
542938,MacBook Air (Late 2020),Apple Silicon,Core ML,Neural Engine,Machine Translation (HP),"100%
",1854
542938,MacBook Air (Late 2020),Apple Silicon,Core ML,Neural Engine,Machine Translation (Q),"98%
",2281
542968,"MacBook Pro (16-inch, Nov 2023)",Apple Silicon,Core ML,CPU,Image Classification (SP),"100%
",1514
542968,"MacBook Pro (16-inch, Nov 2023)",Apple Silicon,Core ML,CPU,Image Classification (HP),"100%
",2485
542968,"MacBook Pro (16-inch, Nov 2023)",Apple Silicon,Core ML,CPU,Image Classification (Q),"96%
",1849
542968,"MacBook Pro (16-inch, Nov 2023)",Apple Silicon,Core ML,CPU,Image Segmentation (SP),"100%
",1801
542968,"MacBook Pro (16-inch, Nov 2023)",Apple Silicon,Core ML,CPU,Image Segmentation (HP),"100%
",2691
542968,"MacBook Pro (16-inch, Nov 2023)",Apple Silicon,Core ML,CPU,Image Segmentation (Q),"99%
",3337
542968,"MacBook Pro (16-inch, Nov 2023)",Apple Silicon,Core ML,CPU,Pose Estimation (SP),"100%
",15489
542968,"MacBook Pro (16-inch, Nov 2023)",Apple Silicon,Core ML,CPU,Pose Estimation (HP),"100%
",29758
542968,"MacBook Pro (16-inch, Nov 2023)",Apple Silicon,Core ML,CPU,Pose Estimation (Q),"95%
",23319
542968,"MacBook Pro (16-inch, Nov 2023)",Apple Silicon,Core ML,CPU,Object Detection (SP),"100%
",1930
542968,"MacBook Pro (16-inch, Nov 2023)",Apple Silicon,Core ML,CPU,Object Detection (HP),"97%
",2864
542968,"MacBook Pro (16-inch, Nov 2023)",Apple Silicon,Core ML,CPU,Object Detection (Q),"94%
",2179
542968,"MacBook Pro (16-inch, Nov 2023)",Apple Silicon,Core ML,CPU,Face Detection (SP),"100%
",4131
542968,"MacBook Pro (16-inch, Nov 2023)",Apple Silicon,Core ML,CPU,Face Detection (HP),"100%
",6740
542968,"MacBook Pro (16-inch, Nov 2023)",Apple Silicon,Core ML,CPU,Face Detection (Q),"100%
",3994
542968,"MacBook Pro (16-inch, Nov 2023)",Apple Silicon,Core ML,CPU,Depth Estimation (SP),"100%
",7240
542968,"MacBook Pro (16-inch, Nov 2023)",Apple Silicon,Core ML,CPU,Depth Estimation (HP),"98%
",13209
542968,"MacBook Pro (16-inch, Nov 2023)",Apple Silicon,Core ML,CPU,Depth Estimation (Q),"85%
",8638
542968,"MacBook Pro (16-inch, Nov 2023)",Apple Silicon,Core ML,CPU,Style Transfer (SP),"100%
",30385
542968,"MacBook Pro (16-inch, Nov 2023)",Apple Silicon,Core ML,CPU,Style Transfer (HP),"100%
",46566
542968,"MacBook Pro (16-inch, Nov 2023)",Apple Silicon,Core ML,CPU,Style Transfer (Q),"96%
",36922
542968,"MacBook Pro (16-inch, Nov 2023)",Apple Silicon,Core ML,CPU,Image Super-Resolution (SP),"100%
",5362
542968,"MacBook Pro (16-inch, Nov 2023)",Apple Silicon,Core ML,CPU,Image Super-Resolution (HP),"100%
",7321
542968,"MacBook Pro (16-inch, Nov 2023)",Apple Silicon,Core ML,CPU,Image Super-Resolution (Q),"99%
",4317
542968,"MacBook Pro (16-inch, Nov 2023)",Apple Silicon,Core ML,CPU,Text Classification (SP),"99%
",5262
542968,"MacBook Pro (16-inch, Nov 2023)",Apple Silicon,Core ML,CPU,Text Classification (HP),"99%
",8883
542968,"MacBook Pro (16-inch, Nov 2023)",Apple Silicon,Core ML,CPU,Text Classification (Q),"93%
",8328
542968,"MacBook Pro (16-inch, Nov 2023)",Apple Silicon,Core ML,CPU,Machine Translation (SP),"100%
",3780
542968,"MacBook Pro (16-inch, Nov 2023)",Apple Silicon,Core ML,CPU,Machine Translation (HP),"98%
",6817
542968,"MacBook Pro (16-inch, Nov 2023)",Apple Silicon,Core ML,CPU,Machine Translation (Q),"98%
",6831
542970,"MacBook Pro (16-inch, Nov 2023)",Apple Silicon,Core ML,Neural Engine,Image Classification (SP),"100%
",1520
542970,"MacBook Pro (16-inch, Nov 2023)",Apple Silicon,Core ML,Neural Engine,Image Classification (HP),"100%
",12062
542970,"MacBook Pro (16-inch, Nov 2023)",Apple Silicon,Core ML,Neural Engine,Image Classification (Q),"97%
",13921
542970,"MacBook Pro (16-inch, Nov 2023)",Apple Silicon,Core ML,Neural Engine,Image Segmentation (SP),"100%
",1818
542970,"MacBook Pro (16-inch, Nov 2023)",Apple Silicon,Core ML,Neural Engine,Image Segmentation (HP),"100%
",21524
542970,"MacBook Pro (16-inch, Nov 2023)",Apple Silicon,Core ML,Neural Engine,Image Segmentation (Q),"99%
",27805
542970,"MacBook Pro (16-inch, Nov 2023)",Apple Silicon,Core ML,Neural Engine,Pose Estimation (SP),"100%
",15492
542970,"MacBook Pro (16-inch, Nov 2023)",Apple Silicon,Core ML,Neural Engine,Pose Estimation (HP),"100%
",119355
542970,"MacBook Pro (16-inch, Nov 2023)",Apple Silicon,Core ML,Neural Engine,Pose Estimation (Q),"95%
",117793
542970,"MacBook Pro (16-inch, Nov 2023)",Apple Silicon,Core ML,Neural Engine,Object Detection (SP),"100%
",1929
542970,"MacBook Pro (16-inch, Nov 2023)",Apple Silicon,Core ML,Neural Engine,Object Detection (HP),"100%
",15815
542970,"MacBook Pro (16-inch, Nov 2023)",Apple Silicon,Core ML,Neural Engine,Object Detection (Q),"89%
",15595
542970,"MacBook Pro (16-inch, Nov 2023)",Apple Silicon,Core ML,Neural Engine,Face Detection (SP),"100%
",4076
542970,"MacBook Pro (16-inch, Nov 2023)",Apple Silicon,Core ML,Neural Engine,Face Detection (HP),"100%
",34004
542970,"MacBook Pro (16-inch, Nov 2023)",Apple Silicon,Core ML,Neural Engine,Face Detection (Q),"100%
",43989
542970,"MacBook Pro (16-inch, Nov 2023)",Apple Silicon,Core ML,Neural Engine,Depth Estimation (SP),"100%
",7268
542970,"MacBook Pro (16-inch, Nov 2023)",Apple Silicon,Core ML,Neural Engine,Depth Estimation (HP),"99%
",99018
542970,"MacBook Pro (16-inch, Nov 2023)",Apple Silicon,Core ML,Neural Engine,Depth Estimation (Q),"85%
",88543
542970,"MacBook Pro (16-inch, Nov 2023)",Apple Silicon,Core ML,Neural Engine,Style Transfer (SP),"100%
",30529
542970,"MacBook Pro (16-inch, Nov 2023)",Apple Silicon,Core ML,Neural Engine,Style Transfer (HP),"100%
",209192
542970,"MacBook Pro (16-inch, Nov 2023)",Apple Silicon,Core ML,Neural Engine,Style Transfer (Q),"96%
",205261
542970,"MacBook Pro (16-inch, Nov 2023)",Apple Silicon,Core ML,Neural Engine,Image Super-Resolution (SP),"100%
",5477
542970,"MacBook Pro (16-inch, Nov 2023)",Apple Silicon,Core ML,Neural Engine,Image Super-Resolution (HP),"100%
",37929
542970,"MacBook Pro (16-inch, Nov 2023)",Apple Silicon,Core ML,Neural Engine,Image Super-Resolution (Q),"99%
",43876
542970,"MacBook Pro (16-inch, Nov 2023)",Apple Silicon,Core ML,Neural Engine,Text Classification (SP),"100%
",5104
542970,"MacBook Pro (16-inch, Nov 2023)",Apple Silicon,Core ML,Neural Engine,Text Classification (HP),"99%
",8320
542970,"MacBook Pro (16-inch, Nov 2023)",Apple Silicon,Core ML,Neural Engine,Text Classification (Q),"92%
",8716
542970,"MacBook Pro (16-inch, Nov 2023)",Apple Silicon,Core ML,Neural Engine,Machine Translation (SP),"100%
",3789
542970,"MacBook Pro (16-inch, Nov 2023)",Apple Silicon,Core ML,Neural Engine,Machine Translation (HP),"100%
",4253
542970,"MacBook Pro (16-inch, Nov 2023)",Apple Silicon,Core ML,Neural Engine,Machine Translation (Q),"98%
",4462
542972,"MacBook Pro (16-inch, Nov 2023)",Apple Silicon,Core ML,GPU,Image Classification (SP),"100%
",8073
542972,"MacBook Pro (16-inch, Nov 2023)",Apple Silicon,Core ML,GPU,Image Classification (HP),"100%
",8210
542972,"MacBook Pro (16-inch, Nov 2023)",Apple Silicon,Core ML,GPU,Image Classification (Q),"96%
",8141
542972,"MacBook Pro (16-inch, Nov 2023)",Apple Silicon,Core ML,GPU,Image Segmentation (SP),"100%
",19867
542972,"MacBook Pro (16-inch, Nov 2023)",Apple Silicon,Core ML,GPU,Image Segmentation (HP),"100%
",20544
542972,"MacBook Pro (16-inch, Nov 2023)",Apple Silicon,Core ML,GPU,Image Segmentation (Q),"99%
",19864
542972,"MacBook Pro (16-inch, Nov 2023)",Apple Silicon,Core ML,GPU,Pose Estimation (SP),"100%
",87946
542972,"MacBook Pro (16-inch, Nov 2023)",Apple Silicon,Core ML,GPU,Pose Estimation (HP),"100%
",96580
542972,"MacBook Pro (16-inch, Nov 2023)",Apple Silicon,Core ML,GPU,Pose Estimation (Q),"96%
",92130
542972,"MacBook Pro (16-inch, Nov 2023)",Apple Silicon,Core ML,GPU,Object Detection (SP),"100%
",7686
542972,"MacBook Pro (16-inch, Nov 2023)",Apple Silicon,Core ML,GPU,Object Detection (HP),"100%
",8334
542972,"MacBook Pro (16-inch, Nov 2023)",Apple Silicon,Core ML,GPU,Object Detection (Q),"91%
",7934
542972,"MacBook Pro (16-inch, Nov 2023)",Apple Silicon,Core ML,GPU,Face Detection (SP),"100%
",33475
542972,"MacBook Pro (16-inch, Nov 2023)",Apple Silicon,Core ML,GPU,Face Detection (HP),"100%
",37489
542972,"MacBook Pro (16-inch, Nov 2023)",Apple Silicon,Core ML,GPU,Face Detection (Q),"100%
",35367
542972,"MacBook Pro (16-inch, Nov 2023)",Apple Silicon,Core ML,GPU,Depth Estimation (SP),"100%
",39016
542972,"MacBook Pro (16-inch, Nov 2023)",Apple Silicon,Core ML,GPU,Depth Estimation (HP),"99%
",41563
542972,"MacBook Pro (16-inch, Nov 2023)",Apple Silicon,Core ML,GPU,Depth Estimation (Q),"85%
",38906
542972,"MacBook Pro (16-inch, Nov 2023)",Apple Silicon,Core ML,GPU,Style Transfer (SP),"100%
",186001
542972,"MacBook Pro (16-inch, Nov 2023)",Apple Silicon,Core ML,GPU,Style Transfer (HP),"100%
",202140
542972,"MacBook Pro (16-inch, Nov 2023)",Apple Silicon,Core ML,GPU,Style Transfer (Q),"96%
",195419
542972,"MacBook Pro (16-inch, Nov 2023)",Apple Silicon,Core ML,GPU,Image Super-Resolution (SP),"100%
",23983
542972,"MacBook Pro (16-inch, Nov 2023)",Apple Silicon,Core ML,GPU,Image Super-Resolution (HP),"100%
",24952
542972,"MacBook Pro (16-inch, Nov 2023)",Apple Silicon,Core ML,GPU,Image Super-Resolution (Q),"99%
",21785
542972,"MacBook Pro (16-inch, Nov 2023)",Apple Silicon,Core ML,GPU,Text Classification (SP),"100%
",5130
542972,"MacBook Pro (16-inch, Nov 2023)",Apple Silicon,Core ML,GPU,Text Classification (HP),"100%
",7916
542972,"MacBook Pro (16-inch, Nov 2023)",Apple Silicon,Core ML,GPU,Text Classification (Q),"92%
",8114
542972,"MacBook Pro (16-inch, Nov 2023)",Apple Silicon,Core ML,GPU,Machine Translation (SP),"100%
",6141
542972,"MacBook Pro (16-inch, Nov 2023)",Apple Silicon,Core ML,GPU,Machine Translation (HP),"100%
",6361
542972,"MacBook Pro (16-inch, Nov 2023)",Apple Silicon,Core ML,GPU,Machine Translation (Q),"98%
",5668
542978,"MacBook Pro (14-inch, 2024)",Apple Silicon,Core ML,CPU,Image Classification (SP),"100%
",2100
542978,"MacBook Pro (14-inch, 2024)",Apple Silicon,Core ML,CPU,Image Classification (HP),"100%
",3327
542978,"MacBook Pro (14-inch, 2024)",Apple Silicon,Core ML,CPU,Image Classification (Q),"96%
",2315
542978,"MacBook Pro (14-inch, 2024)",Apple Silicon,Core ML,CPU,Image Segmentation (SP),"100%
",2237
542978,"MacBook Pro (14-inch, 2024)",Apple Silicon,Core ML,CPU,Image Segmentation (HP),"100%
",3365
542978,"MacBook Pro (14-inch, 2024)",Apple Silicon,Core ML,CPU,Image Segmentation (Q),"99%
",3721
542978,"MacBook Pro (14-inch, 2024)",Apple Silicon,Core ML,CPU,Pose Estimation (SP),"100%
",9926
542978,"MacBook Pro (14-inch, 2024)",Apple Silicon,Core ML,CPU,Pose Estimation (HP),"100%
",19357
542978,"MacBook Pro (14-inch, 2024)",Apple Silicon,Core ML,CPU,Pose Estimation (Q),"95%
",16669
542978,"MacBook Pro (14-inch, 2024)",Apple Silicon,Core ML,CPU,Object Detection (SP),"100%
",2343
542978,"MacBook Pro (14-inch, 2024)",Apple Silicon,Core ML,CPU,Object Detection (HP),"97%
",3770
542978,"MacBook Pro (14-inch, 2024)",Apple Silicon,Core ML,CPU,Object Detection (Q),"94%
",2733
542978,"MacBook Pro (14-inch, 2024)",Apple Silicon,Core ML,CPU,Face Detection (SP),"100%
",4259
542978,"MacBook Pro (14-inch, 2024)",Apple Silicon,Core ML,CPU,Face Detection (HP),"100%
",7523
542978,"MacBook Pro (14-inch, 2024)",Apple Silicon,Core ML,CPU,Face Detection (Q),"100%
",4395
542978,"MacBook Pro (14-inch, 2024)",Apple Silicon,Core ML,CPU,Depth Estimation (SP),"100%
",8629
542978,"MacBook Pro (14-inch, 2024)",Apple Silicon,Core ML,CPU,Depth Estimation (HP),"97%
",14688
542978,"MacBook Pro (14-inch, 2024)",Apple Silicon,Core ML,CPU,Depth Estimation (Q),"86%
",10241
542978,"MacBook Pro (14-inch, 2024)",Apple Silicon,Core ML,CPU,Style Transfer (SP),"100%
",21798
542978,"MacBook Pro (14-inch, 2024)",Apple Silicon,Core ML,CPU,Style Transfer (HP),"100%
",38649
542978,"MacBook Pro (14-inch, 2024)",Apple Silicon,Core ML,CPU,Style Transfer (Q),"96%
",31946
542978,"MacBook Pro (14-inch, 2024)",Apple Silicon,Core ML,CPU,Image Super-Resolution (SP),"100%
",6106
542978,"MacBook Pro (14-inch, 2024)",Apple Silicon,Core ML,CPU,Image Super-Resolution (HP),"100%
",6999
542978,"MacBook Pro (14-inch, 2024)",Apple Silicon,Core ML,CPU,Image Super-Resolution (Q),"99%
",5028
542978,"MacBook Pro (14-inch, 2024)",Apple Silicon,Core ML,CPU,Text Classification (SP),"100%
",2935
542978,"MacBook Pro (14-inch, 2024)",Apple Silicon,Core ML,CPU,Text Classification (HP),"100%
",5242
542978,"MacBook Pro (14-inch, 2024)",Apple Silicon,Core ML,CPU,Text Classification (Q),"93%
",5311
542978,"MacBook Pro (14-inch, 2024)",Apple Silicon,Core ML,CPU,Machine Translation (SP),"100%
",4390
542978,"MacBook Pro (14-inch, 2024)",Apple Silicon,Core ML,CPU,Machine Translation (HP),"98%
",7212
542978,"MacBook Pro (14-inch, 2024)",Apple Silicon,Core ML,CPU,Machine Translation (Q),"98%
",7206
543566,MacBook Pro (16-inch Late 2019),Intel,Core ML,GPU,Image Classification (SP),"100%
",2464
543566,MacBook Pro (16-inch Late 2019),Intel,Core ML,GPU,Image Classification (HP),"100%
",2587
543566,MacBook Pro (16-inch Late 2019),Intel,Core ML,GPU,Image Classification (Q),"96%
",100
543566,MacBook Pro (16-inch Late 2019),Intel,Core ML,GPU,Image Segmentation (SP),"100%
",291
543566,MacBook Pro (16-inch Late 2019),Intel,Core ML,GPU,Image Segmentation (HP),"100%
",290
543566,MacBook Pro (16-inch Late 2019),Intel,Core ML,GPU,Image Segmentation (Q),"99%
",173
543566,MacBook Pro (16-inch Late 2019),Intel,Core ML,GPU,Pose Estimation (SP),"100%
",18932
543566,MacBook Pro (16-inch Late 2019),Intel,Core ML,GPU,Pose Estimation (HP),"100%
",19869
543566,MacBook Pro (16-inch Late 2019),Intel,Core ML,GPU,Pose Estimation (Q),"96%
",1904
543566,MacBook Pro (16-inch Late 2019),Intel,Core ML,GPU,Object Detection (SP),"100%
",2614
543566,MacBook Pro (16-inch Late 2019),Intel,Core ML,GPU,Object Detection (HP),"100%
",2563
543566,MacBook Pro (16-inch Late 2019),Intel,Core ML,GPU,Object Detection (Q),"92%
",87
543566,MacBook Pro (16-inch Late 2019),Intel,Core ML,GPU,Face Detection (SP),"100%
",5473
543566,MacBook Pro (16-inch Late 2019),Intel,Core ML,GPU,Face Detection (HP),"100%
",5942
543566,MacBook Pro (16-inch Late 2019),Intel,Core ML,GPU,Face Detection (Q),"100%
",173
543566,MacBook Pro (16-inch Late 2019),Intel,Core ML,GPU,Depth Estimation (SP),"100%
",11794
543566,MacBook Pro (16-inch Late 2019),Intel,Core ML,GPU,Depth Estimation (HP),"99%
",12612
543566,MacBook Pro (16-inch Late 2019),Intel,Core ML,GPU,Depth Estimation (Q),"85%
",11936
543566,MacBook Pro (16-inch Late 2019),Intel,Core ML,GPU,Style Transfer (SP),"100%
",35726
543566,MacBook Pro (16-inch Late 2019),Intel,Core ML,GPU,Style Transfer (HP),"100%
",38129
543566,MacBook Pro (16-inch Late 2019),Intel,Core ML,GPU,Style Transfer (Q),"96%
",48577
543566,MacBook Pro (16-inch Late 2019),Intel,Core ML,GPU,Image Super-Resolution (SP),"100%
",4710
543566,MacBook Pro (16-inch Late 2019),Intel,Core ML,GPU,Image Super-Resolution (HP),"100%
",7589
543566,MacBook Pro (16-inch Late 2019),Intel,Core ML,GPU,Image Super-Resolution (Q),"99%
",6709
543566,MacBook Pro (16-inch Late 2019),Intel,Core ML,GPU,Text Classification (SP),"100%
",239
543566,MacBook Pro (16-inch Late 2019),Intel,Core ML,GPU,Text Classification (HP),"100%
",260
543566,MacBook Pro (16-inch Late 2019),Intel,Core ML,GPU,Text Classification (Q),"93%
",259
543566,MacBook Pro (16-inch Late 2019),Intel,Core ML,GPU,Machine Translation (SP),"100%
",573
543566,MacBook Pro (16-inch Late 2019),Intel,Core ML,GPU,Machine Translation (HP),"100%
",480
543566,MacBook Pro (16-inch Late 2019),Intel,Core ML,GPU,Machine Translation (Q),"98%
",489
543570,MacBook Pro (16-inch Late 2019),Intel,Core ML,CPU,Image Classification (SP),"100%
",374
543570,MacBook Pro (16-inch Late 2019),Intel,Core ML,CPU,Image Classification (HP),"100%
",265
543570,MacBook Pro (16-inch Late 2019),Intel,Core ML,CPU,Image Classification (Q),"96%
",136
543570,MacBook Pro (16-inch Late 2019),Intel,Core ML,CPU,Image Segmentation (SP),"100%
",299
543570,MacBook Pro (16-inch Late 2019),Intel,Core ML,CPU,Image Segmentation (HP),"100%
",288
543570,MacBook Pro (16-inch Late 2019),Intel,Core ML,CPU,Image Segmentation (Q),"99%
",172
543570,MacBook Pro (16-inch Late 2019),Intel,Core ML,CPU,Pose Estimation (SP),"100%
",1570
543570,MacBook Pro (16-inch Late 2019),Intel,Core ML,CPU,Pose Estimation (HP),"100%
",642
543570,MacBook Pro (16-inch Late 2019),Intel,Core ML,CPU,Pose Estimation (Q),"96%
",531
543570,MacBook Pro (16-inch Late 2019),Intel,Core ML,CPU,Object Detection (SP),"100%
",369
543570,MacBook Pro (16-inch Late 2019),Intel,Core ML,CPU,Object Detection (HP),"100%
",323
543570,MacBook Pro (16-inch Late 2019),Intel,Core ML,CPU,Object Detection (Q),"92%
",176
543570,MacBook Pro (16-inch Late 2019),Intel,Core ML,CPU,Face Detection (SP),"100%
",652
543570,MacBook Pro (16-inch Late 2019),Intel,Core ML,CPU,Face Detection (HP),"100%
",531
543570,MacBook Pro (16-inch Late 2019),Intel,Core ML,CPU,Face Detection (Q),"100%
",246
543570,MacBook Pro (16-inch Late 2019),Intel,Core ML,CPU,Depth Estimation (SP),"100%
",934
543570,MacBook Pro (16-inch Late 2019),Intel,Core ML,CPU,Depth Estimation (HP),"99%
",851
543570,MacBook Pro (16-inch Late 2019),Intel,Core ML,CPU,Depth Estimation (Q),"85%
",508
543570,MacBook Pro (16-inch Late 2019),Intel,Core ML,CPU,Style Transfer (SP),"100%
",2506
543570,MacBook Pro (16-inch Late 2019),Intel,Core ML,CPU,Style Transfer (HP),"100%
",2164
543570,MacBook Pro (16-inch Late 2019),Intel,Core ML,CPU,Style Transfer (Q),"96%
",1920
543570,MacBook Pro (16-inch Late 2019),Intel,Core ML,CPU,Image Super-Resolution (SP),"100%
",1229
543570,MacBook Pro (16-inch Late 2019),Intel,Core ML,CPU,Image Super-Resolution (HP),"100%
",607
543570,MacBook Pro (16-inch Late 2019),Intel,Core ML,CPU,Image Super-Resolution (Q),"99%
",345
543570,MacBook Pro (16-inch Late 2019),Intel,Core ML,CPU,Text Classification (SP),"99%
",1009
543570,MacBook Pro (16-inch Late 2019),Intel,Core ML,CPU,Text Classification (HP),"99%
",484
543570,MacBook Pro (16-inch Late 2019),Intel,Core ML,CPU,Text Classification (Q),"93%
",459
543570,MacBook Pro (16-inch Late 2019),Intel,Core ML,CPU,Machine Translation (SP),"100%
",597
543570,MacBook Pro (16-inch Late 2019),Intel,Core ML,CPU,Machine Translation (HP),"100%
",543
543570,MacBook Pro (16-inch Late 2019),Intel,Core ML,CPU,Machine Translation (Q),"98%
",543
543577,Mac mini (Late 2018),Intel,Core ML,CPU,Image Classification (SP),"100%
",401
543577,Mac mini (Late 2018),Intel,Core ML,CPU,Image Classification (HP),"
",0
543577,Mac mini (Late 2018),Intel,Core ML,CPU,Image Classification (Q),"
",0
543577,Mac mini (Late 2018),Intel,Core ML,CPU,Image Segmentation (SP),"100%
",464
543577,Mac mini (Late 2018),Intel,Core ML,CPU,Image Segmentation (HP),"
",0
543577,Mac mini (Late 2018),Intel,Core ML,CPU,Image Segmentation (Q),"
",0
543577,Mac mini (Late 2018),Intel,Core ML,CPU,Pose Estimation (SP),"100%
",2608
543577,Mac mini (Late 2018),Intel,Core ML,CPU,Pose Estimation (HP),"100%
",681
543577,Mac mini (Late 2018),Intel,Core ML,CPU,Pose Estimation (Q),"96%
",624
543577,Mac mini (Late 2018),Intel,Core ML,CPU,Object Detection (SP),"100%
",426
543577,Mac mini (Late 2018),Intel,Core ML,CPU,Object Detection (HP),"
",0
543577,Mac mini (Late 2018),Intel,Core ML,CPU,Object Detection (Q),"
",0
543577,Mac mini (Late 2018),Intel,Core ML,CPU,Face Detection (SP),"100%
",1027
543577,Mac mini (Late 2018),Intel,Core ML,CPU,Face Detection (HP),"100%
",828
543577,Mac mini (Late 2018),Intel,Core ML,CPU,Face Detection (Q),"100%
",343
543577,Mac mini (Late 2018),Intel,Core ML,CPU,Depth Estimation (SP),"100%
",1325
543577,Mac mini (Late 2018),Intel,Core ML,CPU,Depth Estimation (HP),"99%
",1008
543577,Mac mini (Late 2018),Intel,Core ML,CPU,Depth Estimation (Q),"85%
",688
543577,Mac mini (Late 2018),Intel,Core ML,CPU,Style Transfer (SP),"100%
",3476
543577,Mac mini (Late 2018),Intel,Core ML,CPU,Style Transfer (HP),"100%
",2567
543577,Mac mini (Late 2018),Intel,Core ML,CPU,Style Transfer (Q),"96%
",2105
543577,Mac mini (Late 2018),Intel,Core ML,CPU,Image Super-Resolution (SP),"100%
",1632
543577,Mac mini (Late 2018),Intel,Core ML,CPU,Image Super-Resolution (HP),"100%
",553
543577,Mac mini (Late 2018),Intel,Core ML,CPU,Image Super-Resolution (Q),"99%
",364
543577,Mac mini (Late 2018),Intel,Core ML,CPU,Text Classification (SP),"100%
",457
543577,Mac mini (Late 2018),Intel,Core ML,CPU,Text Classification (HP),"100%
",471
543577,Mac mini (Late 2018),Intel,Core ML,CPU,Text Classification (Q),"93%
",479
543577,Mac mini (Late 2018),Intel,Core ML,CPU,Machine Translation (SP),"100%
",370
543577,Mac mini (Late 2018),Intel,Core ML,CPU,Machine Translation (HP),"100%
",579
543577,Mac mini (Late 2018),Intel,Core ML,CPU,Machine Translation (Q),"98%
",580
543579,Mac mini (Late 2018),Intel,Core ML,GPU,Image Classification (SP),"100%
",542
543579,Mac mini (Late 2018),Intel,Core ML,GPU,Image Classification (HP),"100%
",543
543579,Mac mini (Late 2018),Intel,Core ML,GPU,Image Classification (Q),"96%
",136
543579,Mac mini (Late 2018),Intel,Core ML,GPU,Image Segmentation (SP),"100%
",259
543579,Mac mini (Late 2018),Intel,Core ML,GPU,Image Segmentation (HP),"100%
",265
543579,Mac mini (Late 2018),Intel,Core ML,GPU,Image Segmentation (Q),"99%
",178
543579,Mac mini (Late 2018),Intel,Core ML,GPU,Pose Estimation (SP),"100%
",3746
543579,Mac mini (Late 2018),Intel,Core ML,GPU,Pose Estimation (HP),"99%
",6758
543579,Mac mini (Late 2018),Intel,Core ML,GPU,Pose Estimation (Q),"96%
",1734
543579,Mac mini (Late 2018),Intel,Core ML,GPU,Object Detection (SP),"100%
",493
543579,Mac mini (Late 2018),Intel,Core ML,GPU,Object Detection (HP),"100%
",537
543579,Mac mini (Late 2018),Intel,Core ML,GPU,Object Detection (Q),"94%
",138
543579,Mac mini (Late 2018),Intel,Core ML,GPU,Face Detection (SP),"100%
",1630
543579,Mac mini (Late 2018),Intel,Core ML,GPU,Face Detection (HP),"100%
",1546
543579,Mac mini (Late 2018),Intel,Core ML,GPU,Face Detection (Q),"100%
",250
543579,Mac mini (Late 2018),Intel,Core ML,GPU,Depth Estimation (SP),"94%
",20391
543579,Mac mini (Late 2018),Intel,Core ML,GPU,Depth Estimation (HP),"94%
",21903
543579,Mac mini (Late 2018),Intel,Core ML,GPU,Depth Estimation (Q),"85%
",20161
543579,Mac mini (Late 2018),Intel,Core ML,GPU,Style Transfer (SP),"100%
",55569
543579,Mac mini (Late 2018),Intel,Core ML,GPU,Style Transfer (HP),"100%
",58129
543579,Mac mini (Late 2018),Intel,Core ML,GPU,Style Transfer (Q),"96%
",76145
543579,Mac mini (Late 2018),Intel,Core ML,GPU,Image Super-Resolution (SP),"100%
",7520
543579,Mac mini (Late 2018),Intel,Core ML,GPU,Image Super-Resolution (HP),"100%
",12126
543579,Mac mini (Late 2018),Intel,Core ML,GPU,Image Super-Resolution (Q),"99%
",10758
543579,Mac mini (Late 2018),Intel,Core ML,GPU,Text Classification (SP),"99%
",480
543579,Mac mini (Late 2018),Intel,Core ML,GPU,Text Classification (HP),"99%
",273
543579,Mac mini (Late 2018),Intel,Core ML,GPU,Text Classification (Q),"93%
",275
543579,Mac mini (Late 2018),Intel,Core ML,GPU,Machine Translation (SP),"100%
",317
543579,Mac mini (Late 2018),Intel,Core ML,GPU,Machine Translation (HP),"100%
",256
543579,Mac mini (Late 2018),Intel,Core ML,GPU,Machine Translation (Q),"98%
",338
543581,MacBook Pro（16 英寸，M5 Pro 或 M5 Max）,Apple Silicon,Core ML,CPU,Image Classification (SP),"100%
",2331
543581,MacBook Pro（16 英寸，M5 Pro 或 M5 Max）,Apple Silicon,Core ML,CPU,Image Classification (HP),"100%
",3564
543581,MacBook Pro（16 英寸，M5 Pro 或 M5 Max）,Apple Silicon,Core ML,CPU,Image Classification (Q),"94%
",2155
543581,MacBook Pro（16 英寸，M5 Pro 或 M5 Max）,Apple Silicon,Core ML,CPU,Image Segmentation (SP),"100%
",2551
543581,MacBook Pro（16 英寸，M5 Pro 或 M5 Max）,Apple Silicon,Core ML,CPU,Image Segmentation (HP),"100%
",3072
543581,MacBook Pro（16 英寸，M5 Pro 或 M5 Max）,Apple Silicon,Core ML,CPU,Image Segmentation (Q),"99%
",4126
543581,MacBook Pro（16 英寸，M5 Pro 或 M5 Max）,Apple Silicon,Core ML,CPU,Pose Estimation (SP),"100%
",9915
543581,MacBook Pro（16 英寸，M5 Pro 或 M5 Max）,Apple Silicon,Core ML,CPU,Pose Estimation (HP),"100%
",19447
543581,MacBook Pro（16 英寸，M5 Pro 或 M5 Max）,Apple Silicon,Core ML,CPU,Pose Estimation (Q),"96%
",16843
543581,MacBook Pro（16 英寸，M5 Pro 或 M5 Max）,Apple Silicon,Core ML,CPU,Object Detection (SP),"100%
",2900
543581,MacBook Pro（16 英寸，M5 Pro 或 M5 Max）,Apple Silicon,Core ML,CPU,Object Detection (HP),"98%
",4287
543581,MacBook Pro（16 英寸，M5 Pro 或 M5 Max）,Apple Silicon,Core ML,CPU,Object Detection (Q),"88%
",2825
543581,MacBook Pro（16 英寸，M5 Pro 或 M5 Max）,Apple Silicon,Core ML,CPU,Face Detection (SP),"100%
",5645
543581,MacBook Pro（16 英寸，M5 Pro 或 M5 Max）,Apple Silicon,Core ML,CPU,Face Detection (HP),"100%
",10005
543581,MacBook Pro（16 英寸，M5 Pro 或 M5 Max）,Apple Silicon,Core ML,CPU,Face Detection (Q),"100%
",5236
543581,MacBook Pro（16 英寸，M5 Pro 或 M5 Max）,Apple Silicon,Core ML,CPU,Depth Estimation (SP),"100%
",9187
543581,MacBook Pro（16 英寸，M5 Pro 或 M5 Max）,Apple Silicon,Core ML,CPU,Depth Estimation (HP),"98%
",12217
543581,MacBook Pro（16 英寸，M5 Pro 或 M5 Max）,Apple Silicon,Core ML,CPU,Depth Estimation (Q),"85%
",8357
543581,MacBook Pro（16 英寸，M5 Pro 或 M5 Max）,Apple Silicon,Core ML,CPU,Style Transfer (SP),"100%
",24584
543581,MacBook Pro（16 英寸，M5 Pro 或 M5 Max）,Apple Silicon,Core ML,CPU,Style Transfer (HP),"100%
",45853
543581,MacBook Pro（16 英寸，M5 Pro 或 M5 Max）,Apple Silicon,Core ML,CPU,Style Transfer (Q),"96%
",36872
543581,MacBook Pro（16 英寸，M5 Pro 或 M5 Max）,Apple Silicon,Core ML,CPU,Image Super-Resolution (SP),"100%
",5824
543581,MacBook Pro（16 英寸，M5 Pro 或 M5 Max）,Apple Silicon,Core ML,CPU,Image Super-Resolution (HP),"100%
",10668
543581,MacBook Pro（16 英寸，M5 Pro 或 M5 Max）,Apple Silicon,Core ML,CPU,Image Super-Resolution (Q),"99%
",6273
543581,MacBook Pro（16 英寸，M5 Pro 或 M5 Max）,Apple Silicon,Core ML,CPU,Text Classification (SP),"99%
",6069
543581,MacBook Pro（16 英寸，M5 Pro 或 M5 Max）,Apple Silicon,Core ML,CPU,Text Classification (HP),"99%
",10169
543581,MacBook Pro（16 英寸，M5 Pro 或 M5 Max）,Apple Silicon,Core ML,CPU,Text Classification (Q),"93%
",10069
543581,MacBook Pro（16 英寸，M5 Pro 或 M5 Max）,Apple Silicon,Core ML,CPU,Machine Translation (SP),"100%
",2768
543581,MacBook Pro（16 英寸，M5 Pro 或 M5 Max）,Apple Silicon,Core ML,CPU,Machine Translation (HP),"100%
",9641
543581,MacBook Pro（16 英寸，M5 Pro 或 M5 Max）,Apple Silicon,Core ML,CPU,Machine Translation (Q),"98%
",9543
543583,MacBook Pro（16 英寸，M5 Pro 或 M5 Max）,Apple Silicon,Core ML,GPU,Image Classification (SP),"100%
",10404
543583,MacBook Pro（16 英寸，M5 Pro 或 M5 Max）,Apple Silicon,Core ML,GPU,Image Classification (HP),"100%
",13572
543583,MacBook Pro（16 英寸，M5 Pro 或 M5 Max）,Apple Silicon,Core ML,GPU,Image Classification (Q),"97%
",12086
543583,MacBook Pro（16 英寸，M5 Pro 或 M5 Max）,Apple Silicon,Core ML,GPU,Image Segmentation (SP),"100%
",27956
543583,MacBook Pro（16 英寸，M5 Pro 或 M5 Max）,Apple Silicon,Core ML,GPU,Image Segmentation (HP),"100%
",42253
543583,MacBook Pro（16 英寸，M5 Pro 或 M5 Max）,Apple Silicon,Core ML,GPU,Image Segmentation (Q),"99%
",38958
543583,MacBook Pro（16 英寸，M5 Pro 或 M5 Max）,Apple Silicon,Core ML,GPU,Pose Estimation (SP),"100%
",130519
543583,MacBook Pro（16 英寸，M5 Pro 或 M5 Max）,Apple Silicon,Core ML,GPU,Pose Estimation (HP),"100%
",334756
543583,MacBook Pro（16 英寸，M5 Pro 或 M5 Max）,Apple Silicon,Core ML,GPU,Pose Estimation (Q),"95%
",288944
543583,MacBook Pro（16 英寸，M5 Pro 或 M5 Max）,Apple Silicon,Core ML,GPU,Object Detection (SP),"100%
",10197
543583,MacBook Pro（16 英寸，M5 Pro 或 M5 Max）,Apple Silicon,Core ML,GPU,Object Detection (HP),"100%
",14808
543583,MacBook Pro（16 英寸，M5 Pro 或 M5 Max）,Apple Silicon,Core ML,GPU,Object Detection (Q),"94%
",14708
543583,MacBook Pro（16 英寸，M5 Pro 或 M5 Max）,Apple Silicon,Core ML,GPU,Face Detection (SP),"100%
",49194
543583,MacBook Pro（16 英寸，M5 Pro 或 M5 Max）,Apple Silicon,Core ML,GPU,Face Detection (HP),"100%
",71972
543583,MacBook Pro（16 英寸，M5 Pro 或 M5 Max）,Apple Silicon,Core ML,GPU,Face Detection (Q),"100%
",62755
543583,MacBook Pro（16 英寸，M5 Pro 或 M5 Max）,Apple Silicon,Core ML,GPU,Depth Estimation (SP),"100%
",53316
543583,MacBook Pro（16 英寸，M5 Pro 或 M5 Max）,Apple Silicon,Core ML,GPU,Depth Estimation (HP),"99%
",84801
543583,MacBook Pro（16 英寸，M5 Pro 或 M5 Max）,Apple Silicon,Core ML,GPU,Depth Estimation (Q),"86%
",82458
543583,MacBook Pro（16 英寸，M5 Pro 或 M5 Max）,Apple Silicon,Core ML,GPU,Style Transfer (SP),"100%
",267056
543583,MacBook Pro（16 英寸，M5 Pro 或 M5 Max）,Apple Silicon,Core ML,GPU,Style Transfer (HP),"100%
",552626
543583,MacBook Pro（16 英寸，M5 Pro 或 M5 Max）,Apple Silicon,Core ML,GPU,Style Transfer (Q),"96%
",606420
543583,MacBook Pro（16 英寸，M5 Pro 或 M5 Max）,Apple Silicon,Core ML,GPU,Image Super-Resolution (SP),"100%
",34890
543583,MacBook Pro（16 英寸，M5 Pro 或 M5 Max）,Apple Silicon,Core ML,GPU,Image Super-Resolution (HP),"100%
",52335
543583,MacBook Pro（16 英寸，M5 Pro 或 M5 Max）,Apple Silicon,Core ML,GPU,Image Super-Resolution (Q),"99%
",42746
543583,MacBook Pro（16 英寸，M5 Pro 或 M5 Max）,Apple Silicon,Core ML,GPU,Text Classification (SP),"100%
",6166
543583,MacBook Pro（16 英寸，M5 Pro 或 M5 Max）,Apple Silicon,Core ML,GPU,Text Classification (HP),"100%
",9907
543583,MacBook Pro（16 英寸，M5 Pro 或 M5 Max）,Apple Silicon,Core ML,GPU,Text Classification (Q),"93%
",9993
543583,MacBook Pro（16 英寸，M5 Pro 或 M5 Max）,Apple Silicon,Core ML,GPU,Machine Translation (SP),"100%
",8190
543583,MacBook Pro（16 英寸，M5 Pro 或 M5 Max）,Apple Silicon,Core ML,GPU,Machine Translation (HP),"100%
",8800
543583,MacBook Pro（16 英寸，M5 Pro 或 M5 Max）,Apple Silicon,Core ML,GPU,Machine Translation (Q),"98%
",8417
543586,MacBook Pro（16 英寸，M5 Pro 或 M5 Max）,Apple Silicon,Core ML,Neural Engine,Image Classification (SP),"100%
",2320
543586,MacBook Pro（16 英寸，M5 Pro 或 M5 Max）,Apple Silicon,Core ML,Neural Engine,Image Classification (HP),"100%
",22146
543586,MacBook Pro（16 英寸，M5 Pro 或 M5 Max）,Apple Silicon,Core ML,Neural Engine,Image Classification (Q),"97%
",29171
543586,MacBook Pro（16 英寸，M5 Pro 或 M5 Max）,Apple Silicon,Core ML,Neural Engine,Image Segmentation (SP),"100%
",2549
543586,MacBook Pro（16 英寸，M5 Pro 或 M5 Max）,Apple Silicon,Core ML,Neural Engine,Image Segmentation (HP),"100%
",26702
543586,MacBook Pro（16 英寸，M5 Pro 或 M5 Max）,Apple Silicon,Core ML,Neural Engine,Image Segmentation (Q),"99%
",39540
543586,MacBook Pro（16 英寸，M5 Pro 或 M5 Max）,Apple Silicon,Core ML,Neural Engine,Pose Estimation (SP),"100%
",9728
543586,MacBook Pro（16 英寸，M5 Pro 或 M5 Max）,Apple Silicon,Core ML,Neural Engine,Pose Estimation (HP),"100%
",184314
543586,MacBook Pro（16 英寸，M5 Pro 或 M5 Max）,Apple Silicon,Core ML,Neural Engine,Pose Estimation (Q),"95%
",340307
543586,MacBook Pro（16 英寸，M5 Pro 或 M5 Max）,Apple Silicon,Core ML,Neural Engine,Object Detection (SP),"100%
",2919
543586,MacBook Pro（16 英寸，M5 Pro 或 M5 Max）,Apple Silicon,Core ML,Neural Engine,Object Detection (HP),"100%
",24316
543586,MacBook Pro（16 英寸，M5 Pro 或 M5 Max）,Apple Silicon,Core ML,Neural Engine,Object Detection (Q),"89%
",29561
543586,MacBook Pro（16 英寸，M5 Pro 或 M5 Max）,Apple Silicon,Core ML,Neural Engine,Face Detection (SP),"100%
",5618
543586,MacBook Pro（16 英寸，M5 Pro 或 M5 Max）,Apple Silicon,Core ML,Neural Engine,Face Detection (HP),"100%
",51987
543586,MacBook Pro（16 英寸，M5 Pro 或 M5 Max）,Apple Silicon,Core ML,Neural Engine,Face Detection (Q),"100%
",81090
543586,MacBook Pro（16 英寸，M5 Pro 或 M5 Max）,Apple Silicon,Core ML,Neural Engine,Depth Estimation (SP),"100%
",9210
543586,MacBook Pro（16 英寸，M5 Pro 或 M5 Max）,Apple Silicon,Core ML,Neural Engine,Depth Estimation (HP),"99%
",140759
543586,MacBook Pro（16 英寸，M5 Pro 或 M5 Max）,Apple Silicon,Core ML,Neural Engine,Depth Estimation (Q),"85%
",228107
543586,MacBook Pro（16 英寸，M5 Pro 或 M5 Max）,Apple Silicon,Core ML,Neural Engine,Style Transfer (SP),"100%
",24939
543586,MacBook Pro（16 英寸，M5 Pro 或 M5 Max）,Apple Silicon,Core ML,Neural Engine,Style Transfer (HP),"100%
",291204
543586,MacBook Pro（16 英寸，M5 Pro 或 M5 Max）,Apple Silicon,Core ML,Neural Engine,Style Transfer (Q),"96%
",371674
543586,MacBook Pro（16 英寸，M5 Pro 或 M5 Max）,Apple Silicon,Core ML,Neural Engine,Image Super-Resolution (SP),"100%
",5825
543586,MacBook Pro（16 英寸，M5 Pro 或 M5 Max）,Apple Silicon,Core ML,Neural Engine,Image Super-Resolution (HP),"100%
",68540
543586,MacBook Pro（16 英寸，M5 Pro 或 M5 Max）,Apple Silicon,Core ML,Neural Engine,Image Super-Resolution (Q),"99%
",109857
543586,MacBook Pro（16 英寸，M5 Pro 或 M5 Max）,Apple Silicon,Core ML,Neural Engine,Text Classification (SP),"99%
",5885
543586,MacBook Pro（16 英寸，M5 Pro 或 M5 Max）,Apple Silicon,Core ML,Neural Engine,Text Classification (HP),"99%
",10183
543586,MacBook Pro（16 英寸，M5 Pro 或 M5 Max）,Apple Silicon,Core ML,Neural Engine,Text Classification (Q),"93%
",9845
543586,MacBook Pro（16 英寸，M5 Pro 或 M5 Max）,Apple Silicon,Core ML,Neural Engine,Machine Translation (SP),"100%
",2800
543586,MacBook Pro（16 英寸，M5 Pro 或 M5 Max）,Apple Silicon,Core ML,Neural Engine,Machine Translation (HP),"100%
",20009
543586,MacBook Pro（16 英寸，M5 Pro 或 M5 Max）,Apple Silicon,Core ML,Neural Engine,Machine Translation (Q),"98%
",20093
543227,Mac Studio,Apple Silicon,Core ML,CPU,Image Classification (SP),"100%
",1135
543227,Mac Studio,Apple Silicon,Core ML,CPU,Image Classification (HP),"100%
",1743
543227,Mac Studio,Apple Silicon,Core ML,CPU,Image Classification (Q),"96%
",1281
543227,Mac Studio,Apple Silicon,Core ML,CPU,Image Segmentation (SP),"100%
",1240
543227,Mac Studio,Apple Silicon,Core ML,CPU,Image Segmentation (HP),"100%
",2001
543227,Mac Studio,Apple Silicon,Core ML,CPU,Image Segmentation (Q),"99%
",2251
543227,Mac Studio,Apple Silicon,Core ML,CPU,Pose Estimation (SP),"100%
",8172
543227,Mac Studio,Apple Silicon,Core ML,CPU,Pose Estimation (HP),"100%
",18425
543227,Mac Studio,Apple Silicon,Core ML,CPU,Pose Estimation (Q),"95%
",14832
543227,Mac Studio,Apple Silicon,Core ML,CPU,Object Detection (SP),"100%
",1295
543227,Mac Studio,Apple Silicon,Core ML,CPU,Object Detection (HP),"97%
",1992
543227,Mac Studio,Apple Silicon,Core ML,CPU,Object Detection (Q),"94%
",1508
543227,Mac Studio,Apple Silicon,Core ML,CPU,Face Detection (SP),"100%
",2600
543227,Mac Studio,Apple Silicon,Core ML,CPU,Face Detection (HP),"100%
",4921
543227,Mac Studio,Apple Silicon,Core ML,CPU,Face Detection (Q),"100%
",3008
543227,Mac Studio,Apple Silicon,Core ML,CPU,Depth Estimation (SP),"100%
",4603
543227,Mac Studio,Apple Silicon,Core ML,CPU,Depth Estimation (HP),"98%
",8007
543227,Mac Studio,Apple Silicon,Core ML,CPU,Depth Estimation (Q),"85%
",5923
543227,Mac Studio,Apple Silicon,Core ML,CPU,Style Transfer (SP),"100%
",18506
543227,Mac Studio,Apple Silicon,Core ML,CPU,Style Transfer (HP),"100%
",29715
543227,Mac Studio,Apple Silicon,Core ML,CPU,Style Transfer (Q),"96%
",23803
543227,Mac Studio,Apple Silicon,Core ML,CPU,Image Super-Resolution (SP),"100%
",3206
543227,Mac Studio,Apple Silicon,Core ML,CPU,Image Super-Resolution (HP),"100%
",5043
543227,Mac Studio,Apple Silicon,Core ML,CPU,Image Super-Resolution (Q),"99%
",3474
543227,Mac Studio,Apple Silicon,Core ML,CPU,Text Classification (SP),"100%
",1747
543227,Mac Studio,Apple Silicon,Core ML,CPU,Text Classification (HP),"100%
",3351
543227,Mac Studio,Apple Silicon,Core ML,CPU,Text Classification (Q),"93%
",3213
543227,Mac Studio,Apple Silicon,Core ML,CPU,Machine Translation (SP),"100%
",2816
543227,Mac Studio,Apple Silicon,Core ML,CPU,Machine Translation (HP),"98%
",4142
543227,Mac Studio,Apple Silicon,Core ML,CPU,Machine Translation (Q),"98%
",4117
543599,"MacBook Pro (16-inch, 2021)",Apple Silicon,Core ML,CPU,Image Classification (SP),"100%
",1345
543599,"MacBook Pro (16-inch, 2021)",Apple Silicon,Core ML,CPU,Image Classification (HP),"100%
",2025
543599,"MacBook Pro (16-inch, 2021)",Apple Silicon,Core ML,CPU,Image Classification (Q),"96%
",1502
543599,"MacBook Pro (16-inch, 2021)",Apple Silicon,Core ML,CPU,Image Segmentation (SP),"100%
",1532
543599,"MacBook Pro (16-inch, 2021)",Apple Silicon,Core ML,CPU,Image Segmentation (HP),"100%
",2276
543599,"MacBook Pro (16-inch, 2021)",Apple Silicon,Core ML,CPU,Image Segmentation (Q),"99%
",2613
543599,"MacBook Pro (16-inch, 2021)",Apple Silicon,Core ML,CPU,Pose Estimation (SP),"100%
",11073
543599,"MacBook Pro (16-inch, 2021)",Apple Silicon,Core ML,CPU,Pose Estimation (HP),"100%
",21768
543599,"MacBook Pro (16-inch, 2021)",Apple Silicon,Core ML,CPU,Pose Estimation (Q),"95%
",17524
543599,"MacBook Pro (16-inch, 2021)",Apple Silicon,Core ML,CPU,Object Detection (SP),"100%
",1554
543599,"MacBook Pro (16-inch, 2021)",Apple Silicon,Core ML,CPU,Object Detection (HP),"97%
",2297
543599,"MacBook Pro (16-inch, 2021)",Apple Silicon,Core ML,CPU,Object Detection (Q),"94%
",1718
543599,"MacBook Pro (16-inch, 2021)",Apple Silicon,Core ML,CPU,Face Detection (SP),"100%
",3252
543599,"MacBook Pro (16-inch, 2021)",Apple Silicon,Core ML,CPU,Face Detection (HP),"100%
",5191
543599,"MacBook Pro (16-inch, 2021)",Apple Silicon,Core ML,CPU,Face Detection (Q),"100%
",3030
543599,"MacBook Pro (16-inch, 2021)",Apple Silicon,Core ML,CPU,Depth Estimation (SP),"100%
",5842
543599,"MacBook Pro (16-inch, 2021)",Apple Silicon,Core ML,CPU,Depth Estimation (HP),"98%
",10165
543599,"MacBook Pro (16-inch, 2021)",Apple Silicon,Core ML,CPU,Depth Estimation (Q),"85%
",7062
543599,"MacBook Pro (16-inch, 2021)",Apple Silicon,Core ML,CPU,Style Transfer (SP),"100%
",22016
543599,"MacBook Pro (16-inch, 2021)",Apple Silicon,Core ML,CPU,Style Transfer (HP),"100%
",31731
543599,"MacBook Pro (16-inch, 2021)",Apple Silicon,Core ML,CPU,Style Transfer (Q),"96%
",25688
543599,"MacBook Pro (16-inch, 2021)",Apple Silicon,Core ML,CPU,Image Super-Resolution (SP),"100%
",4347
543599,"MacBook Pro (16-inch, 2021)",Apple Silicon,Core ML,CPU,Image Super-Resolution (HP),"100%
",5825
543599,"MacBook Pro (16-inch, 2021)",Apple Silicon,Core ML,CPU,Image Super-Resolution (Q),"99%
",4071
543599,"MacBook Pro (16-inch, 2021)",Apple Silicon,Core ML,CPU,Text Classification (SP),"100%
",2282
543599,"MacBook Pro (16-inch, 2021)",Apple Silicon,Core ML,CPU,Text Classification (HP),"100%
",4045
543599,"MacBook Pro (16-inch, 2021)",Apple Silicon,Core ML,CPU,Text Classification (Q),"93%
",4012
543599,"MacBook Pro (16-inch, 2021)",Apple Silicon,Core ML,CPU,Machine Translation (SP),"100%
",3101
543599,"MacBook Pro (16-inch, 2021)",Apple Silicon,Core ML,CPU,Machine Translation (HP),"98%
",4787
543599,"MacBook Pro (16-inch, 2021)",Apple Silicon,Core ML,CPU,Machine Translation (Q),"98%
",4833
543603,"MacBook Pro (16-inch, 2021)",Apple Silicon,Core ML,GPU,Image Classification (SP),"100%
",4041
543603,"MacBook Pro (16-inch, 2021)",Apple Silicon,Core ML,GPU,Image Classification (HP),"100%
",4258
543603,"MacBook Pro (16-inch, 2021)",Apple Silicon,Core ML,GPU,Image Classification (Q),"96%
",3850
543603,"MacBook Pro (16-inch, 2021)",Apple Silicon,Core ML,GPU,Image Segmentation (SP),"100%
",7268
543603,"MacBook Pro (16-inch, 2021)",Apple Silicon,Core ML,GPU,Image Segmentation (HP),"100%
",7454
543603,"MacBook Pro (16-inch, 2021)",Apple Silicon,Core ML,GPU,Image Segmentation (Q),"99%
",7090
543603,"MacBook Pro (16-inch, 2021)",Apple Silicon,Core ML,GPU,Pose Estimation (SP),"100%
",32835
543603,"MacBook Pro (16-inch, 2021)",Apple Silicon,Core ML,GPU,Pose Estimation (HP),"100%
",36034
543603,"MacBook Pro (16-inch, 2021)",Apple Silicon,Core ML,GPU,Pose Estimation (Q),"96%
",34622
543603,"MacBook Pro (16-inch, 2021)",Apple Silicon,Core ML,GPU,Object Detection (SP),"100%
",3925
543603,"MacBook Pro (16-inch, 2021)",Apple Silicon,Core ML,GPU,Object Detection (HP),"100%
",4213
543603,"MacBook Pro (16-inch, 2021)",Apple Silicon,Core ML,GPU,Object Detection (Q),"92%
",3829
543603,"MacBook Pro (16-inch, 2021)",Apple Silicon,Core ML,GPU,Face Detection (SP),"100%
",13805
543603,"MacBook Pro (16-inch, 2021)",Apple Silicon,Core ML,GPU,Face Detection (HP),"100%
",14636
543603,"MacBook Pro (16-inch, 2021)",Apple Silicon,Core ML,GPU,Face Detection (Q),"100%
",12643
543603,"MacBook Pro (16-inch, 2021)",Apple Silicon,Core ML,GPU,Depth Estimation (SP),"100%
",19780
543603,"MacBook Pro (16-inch, 2021)",Apple Silicon,Core ML,GPU,Depth Estimation (HP),"99%
",18974
543603,"MacBook Pro (16-inch, 2021)",Apple Silicon,Core ML,GPU,Depth Estimation (Q),"86%
",17333
543603,"MacBook Pro (16-inch, 2021)",Apple Silicon,Core ML,GPU,Style Transfer (SP),"100%
",54107
543603,"MacBook Pro (16-inch, 2021)",Apple Silicon,Core ML,GPU,Style Transfer (HP),"100%
",64655
543603,"MacBook Pro (16-inch, 2021)",Apple Silicon,Core ML,GPU,Style Transfer (Q),"96%
",63285
543603,"MacBook Pro (16-inch, 2021)",Apple Silicon,Core ML,GPU,Image Super-Resolution (SP),"100%
",11010
543603,"MacBook Pro (16-inch, 2021)",Apple Silicon,Core ML,GPU,Image Super-Resolution (HP),"100%
",11608
543603,"MacBook Pro (16-inch, 2021)",Apple Silicon,Core ML,GPU,Image Super-Resolution (Q),"99%
",9932
543603,"MacBook Pro (16-inch, 2021)",Apple Silicon,Core ML,GPU,Text Classification (SP),"100%
",2309
543603,"MacBook Pro (16-inch, 2021)",Apple Silicon,Core ML,GPU,Text Classification (HP),"100%
",4116
543603,"MacBook Pro (16-inch, 2021)",Apple Silicon,Core ML,GPU,Text Classification (Q),"93%
",4043
543603,"MacBook Pro (16-inch, 2021)",Apple Silicon,Core ML,GPU,Machine Translation (SP),"100%
",1805
543603,"MacBook Pro (16-inch, 2021)",Apple Silicon,Core ML,GPU,Machine Translation (HP),"100%
",1977
543603,"MacBook Pro (16-inch, 2021)",Apple Silicon,Core ML,GPU,Machine Translation (Q),"98%
",1827
543605,"MacBook Pro (16-inch, 2021)",Apple Silicon,Core ML,Neural Engine,Image Classification (SP),"100%
",1347
543605,"MacBook Pro (16-inch, 2021)",Apple Silicon,Core ML,Neural Engine,Image Classification (HP),"100%
",6893
543605,"MacBook Pro (16-inch, 2021)",Apple Silicon,Core ML,Neural Engine,Image Classification (Q),"96%
",6603
543605,"MacBook Pro (16-inch, 2021)",Apple Silicon,Core ML,Neural Engine,Image Segmentation (SP),"100%
",1538
543605,"MacBook Pro (16-inch, 2021)",Apple Silicon,Core ML,Neural Engine,Image Segmentation (HP),"100%
",9695
543605,"MacBook Pro (16-inch, 2021)",Apple Silicon,Core ML,Neural Engine,Image Segmentation (Q),"99%
",10436
543605,"MacBook Pro (16-inch, 2021)",Apple Silicon,Core ML,Neural Engine,Pose Estimation (SP),"100%
",11090
543605,"MacBook Pro (16-inch, 2021)",Apple Silicon,Core ML,Neural Engine,Pose Estimation (HP),"100%
",69976
543605,"MacBook Pro (16-inch, 2021)",Apple Silicon,Core ML,Neural Engine,Pose Estimation (Q),"95%
",67763
543605,"MacBook Pro (16-inch, 2021)",Apple Silicon,Core ML,Neural Engine,Object Detection (SP),"100%
",1560
543605,"MacBook Pro (16-inch, 2021)",Apple Silicon,Core ML,Neural Engine,Object Detection (HP),"99%
",8013
543605,"MacBook Pro (16-inch, 2021)",Apple Silicon,Core ML,Neural Engine,Object Detection (Q),"91%
",7526
543605,"MacBook Pro (16-inch, 2021)",Apple Silicon,Core ML,Neural Engine,Face Detection (SP),"100%
",3249
543605,"MacBook Pro (16-inch, 2021)",Apple Silicon,Core ML,Neural Engine,Face Detection (HP),"100%
",16087
543605,"MacBook Pro (16-inch, 2021)",Apple Silicon,Core ML,Neural Engine,Face Detection (Q),"100%
",14994
543605,"MacBook Pro (16-inch, 2021)",Apple Silicon,Core ML,Neural Engine,Depth Estimation (SP),"100%
",5768
543605,"MacBook Pro (16-inch, 2021)",Apple Silicon,Core ML,Neural Engine,Depth Estimation (HP),"99%
",51618
543605,"MacBook Pro (16-inch, 2021)",Apple Silicon,Core ML,Neural Engine,Depth Estimation (Q),"85%
",54174
543605,"MacBook Pro (16-inch, 2021)",Apple Silicon,Core ML,Neural Engine,Style Transfer (SP),"100%
",22050
543605,"MacBook Pro (16-inch, 2021)",Apple Silicon,Core ML,Neural Engine,Style Transfer (HP),"100%
",120094
543605,"MacBook Pro (16-inch, 2021)",Apple Silicon,Core ML,Neural Engine,Style Transfer (Q),"96%
",116178
543605,"MacBook Pro (16-inch, 2021)",Apple Silicon,Core ML,Neural Engine,Image Super-Resolution (SP),"100%
",4356
543605,"MacBook Pro (16-inch, 2021)",Apple Silicon,Core ML,Neural Engine,Image Super-Resolution (HP),"100%
",25867
543605,"MacBook Pro (16-inch, 2021)",Apple Silicon,Core ML,Neural Engine,Image Super-Resolution (Q),"99%
",27910
543605,"MacBook Pro (16-inch, 2021)",Apple Silicon,Core ML,Neural Engine,Text Classification (SP),"100%
",2291
543605,"MacBook Pro (16-inch, 2021)",Apple Silicon,Core ML,Neural Engine,Text Classification (HP),"100%
",4027
543605,"MacBook Pro (16-inch, 2021)",Apple Silicon,Core ML,Neural Engine,Text Classification (Q),"93%
",4000
543605,"MacBook Pro (16-inch, 2021)",Apple Silicon,Core ML,Neural Engine,Machine Translation (SP),"100%
",3110
543605,"MacBook Pro (16-inch, 2021)",Apple Silicon,Core ML,Neural Engine,Machine Translation (HP),"100%
",3711
543605,"MacBook Pro (16-inch, 2021)",Apple Silicon,Core ML,Neural Engine,Machine Translation (Q),"98%
",3860
543609,iMac（27 英寸，2020 年）,Intel,Core ML,CPU,Image Classification (SP),"100%
",420
543609,iMac（27 英寸，2020 年）,Intel,Core ML,CPU,Image Classification (HP),"100%
",332
543609,iMac（27 英寸，2020 年）,Intel,Core ML,CPU,Image Classification (Q),"96%
",178
543609,iMac（27 英寸，2020 年）,Intel,Core ML,CPU,Image Segmentation (SP),"100%
",422
543609,iMac（27 英寸，2020 年）,Intel,Core ML,CPU,Image Segmentation (HP),"100%
",382
543609,iMac（27 英寸，2020 年）,Intel,Core ML,CPU,Image Segmentation (Q),"99%
",262
543609,iMac（27 英寸，2020 年）,Intel,Core ML,CPU,Pose Estimation (SP),"100%
",2638
543609,iMac（27 英寸，2020 年）,Intel,Core ML,CPU,Pose Estimation (HP),"100%
",658
543609,iMac（27 英寸，2020 年）,Intel,Core ML,CPU,Pose Estimation (Q),"96%
",595
543609,iMac（27 英寸，2020 年）,Intel,Core ML,CPU,Object Detection (SP),"100%
",395
543609,iMac（27 英寸，2020 年）,Intel,Core ML,CPU,Object Detection (HP),"100%
",346
543609,iMac（27 英寸，2020 年）,Intel,Core ML,CPU,Object Detection (Q),"92%
",203
543609,iMac（27 英寸，2020 年）,Intel,Core ML,CPU,Face Detection (SP),"100%
",1061
543609,iMac（27 英寸，2020 年）,Intel,Core ML,CPU,Face Detection (HP),"100%
",817
543609,iMac（27 英寸，2020 年）,Intel,Core ML,CPU,Face Detection (Q),"100%
",332
543609,iMac（27 英寸，2020 年）,Intel,Core ML,CPU,Depth Estimation (SP),"100%
",1266
543609,iMac（27 英寸，2020 年）,Intel,Core ML,CPU,Depth Estimation (HP),"99%
",929
543609,iMac（27 英寸，2020 年）,Intel,Core ML,CPU,Depth Estimation (Q),"85%
",643
543609,iMac（27 英寸，2020 年）,Intel,Core ML,CPU,Style Transfer (SP),"100%
",3621
543609,iMac（27 英寸，2020 年）,Intel,Core ML,CPU,Style Transfer (HP),"100%
",2324
543609,iMac（27 英寸，2020 年）,Intel,Core ML,CPU,Style Transfer (Q),"96%
",1888
543609,iMac（27 英寸，2020 年）,Intel,Core ML,CPU,Image Super-Resolution (SP),"100%
",1474
543609,iMac（27 英寸，2020 年）,Intel,Core ML,CPU,Image Super-Resolution (HP),"100%
",490
543609,iMac（27 英寸，2020 年）,Intel,Core ML,CPU,Image Super-Resolution (Q),"99%
",331
543609,iMac（27 英寸，2020 年）,Intel,Core ML,CPU,Text Classification (SP),"99%
",1165
543609,iMac（27 英寸，2020 年）,Intel,Core ML,CPU,Text Classification (HP),"99%
",1127
543609,iMac（27 英寸，2020 年）,Intel,Core ML,CPU,Text Classification (Q),"93%
",1117
543609,iMac（27 英寸，2020 年）,Intel,Core ML,CPU,Machine Translation (SP),"100%
",658
543609,iMac（27 英寸，2020 年）,Intel,Core ML,CPU,Machine Translation (HP),"100%
",623
543609,iMac（27 英寸，2020 年）,Intel,Core ML,CPU,Machine Translation (Q),"98%
",621
543236,Mac Studio (2025),Apple Silicon,Core ML,CPU,Image Classification (SP),"100%
",2193
543236,Mac Studio (2025),Apple Silicon,Core ML,CPU,Image Classification (HP),"100%
",3145
543236,Mac Studio (2025),Apple Silicon,Core ML,CPU,Image Classification (Q),"96%
",2171
543236,Mac Studio (2025),Apple Silicon,Core ML,CPU,Image Segmentation (SP),"100%
",2550
543236,Mac Studio (2025),Apple Silicon,Core ML,CPU,Image Segmentation (HP),"100%
",3628
543236,Mac Studio (2025),Apple Silicon,Core ML,CPU,Image Segmentation (Q),"99%
",3999
543236,Mac Studio (2025),Apple Silicon,Core ML,CPU,Pose Estimation (SP),"100%
",16345
543236,Mac Studio (2025),Apple Silicon,Core ML,CPU,Pose Estimation (HP),"100%
",34881
543236,Mac Studio (2025),Apple Silicon,Core ML,CPU,Pose Estimation (Q),"95%
",27192
543236,Mac Studio (2025),Apple Silicon,Core ML,CPU,Object Detection (SP),"100%
",2836
543236,Mac Studio (2025),Apple Silicon,Core ML,CPU,Object Detection (HP),"97%
",3985
543236,Mac Studio (2025),Apple Silicon,Core ML,CPU,Object Detection (Q),"94%
",2806
543236,Mac Studio (2025),Apple Silicon,Core ML,CPU,Face Detection (SP),"100%
",5655
543236,Mac Studio (2025),Apple Silicon,Core ML,CPU,Face Detection (HP),"100%
",8883
543236,Mac Studio (2025),Apple Silicon,Core ML,CPU,Face Detection (Q),"100%
",4925
543236,Mac Studio (2025),Apple Silicon,Core ML,CPU,Depth Estimation (SP),"100%
",9227
543236,Mac Studio (2025),Apple Silicon,Core ML,CPU,Depth Estimation (HP),"97%
",15525
543236,Mac Studio (2025),Apple Silicon,Core ML,CPU,Depth Estimation (Q),"86%
",10269
543236,Mac Studio (2025),Apple Silicon,Core ML,CPU,Style Transfer (SP),"100%
",28203
543236,Mac Studio (2025),Apple Silicon,Core ML,CPU,Style Transfer (HP),"100%
",58260
543236,Mac Studio (2025),Apple Silicon,Core ML,CPU,Style Transfer (Q),"96%
",44704
543236,Mac Studio (2025),Apple Silicon,Core ML,CPU,Image Super-Resolution (SP),"100%
",5582
543236,Mac Studio (2025),Apple Silicon,Core ML,CPU,Image Super-Resolution (HP),"100%
",9785
543236,Mac Studio (2025),Apple Silicon,Core ML,CPU,Image Super-Resolution (Q),"99%
",5482
543236,Mac Studio (2025),Apple Silicon,Core ML,CPU,Text Classification (SP),"100%
",6142
543236,Mac Studio (2025),Apple Silicon,Core ML,CPU,Text Classification (HP),"100%
",10085
543236,Mac Studio (2025),Apple Silicon,Core ML,CPU,Text Classification (Q),"93%
",9725
543236,Mac Studio (2025),Apple Silicon,Core ML,CPU,Machine Translation (SP),"100%
",6475
543236,Mac Studio (2025),Apple Silicon,Core ML,CPU,Machine Translation (HP),"98%
",9939
543236,Mac Studio (2025),Apple Silicon,Core ML,CPU,Machine Translation (Q),"98%
",9908
543627,Mac Pro（2019 年）,AMD/Other (Hackintosh),Core ML,CPU,Image Classification (SP),"100%
",773
543627,Mac Pro（2019 年）,AMD/Other (Hackintosh),Core ML,CPU,Image Classification (HP),"100%
",613
543627,Mac Pro（2019 年）,AMD/Other (Hackintosh),Core ML,CPU,Image Classification (Q),"96%
",378
543627,Mac Pro（2019 年）,AMD/Other (Hackintosh),Core ML,CPU,Image Segmentation (SP),"100%
",937
543627,Mac Pro（2019 年）,AMD/Other (Hackintosh),Core ML,CPU,Image Segmentation (HP),"100%
",699
543627,Mac Pro（2019 年）,AMD/Other (Hackintosh),Core ML,CPU,Image Segmentation (Q),"99%
",613
543627,Mac Pro（2019 年）,AMD/Other (Hackintosh),Core ML,CPU,Pose Estimation (SP),"100%
",4122
543627,Mac Pro（2019 年）,AMD/Other (Hackintosh),Core ML,CPU,Pose Estimation (HP),"100%
",2784
543627,Mac Pro（2019 年）,AMD/Other (Hackintosh),Core ML,CPU,Pose Estimation (Q),"96%
",2322
543627,Mac Pro（2019 年）,AMD/Other (Hackintosh),Core ML,CPU,Object Detection (SP),"100%
",877
543627,Mac Pro（2019 年）,AMD/Other (Hackintosh),Core ML,CPU,Object Detection (HP),"100%
",681
543627,Mac Pro（2019 年）,AMD/Other (Hackintosh),Core ML,CPU,Object Detection (Q),"92%
",433
543627,Mac Pro（2019 年）,AMD/Other (Hackintosh),Core ML,CPU,Face Detection (SP),"100%
",1710
543627,Mac Pro（2019 年）,AMD/Other (Hackintosh),Core ML,CPU,Face Detection (HP),"100%
",1488
543627,Mac Pro（2019 年）,AMD/Other (Hackintosh),Core ML,CPU,Face Detection (Q),"100%
",719
543627,Mac Pro（2019 年）,AMD/Other (Hackintosh),Core ML,CPU,Depth Estimation (SP),"100%
",2436
543627,Mac Pro（2019 年）,AMD/Other (Hackintosh),Core ML,CPU,Depth Estimation (HP),"99%
",2357
543627,Mac Pro（2019 年）,AMD/Other (Hackintosh),Core ML,CPU,Depth Estimation (Q),"85%
",1546
543627,Mac Pro（2019 年）,AMD/Other (Hackintosh),Core ML,CPU,Style Transfer (SP),"100%
",8342
543627,Mac Pro（2019 年）,AMD/Other (Hackintosh),Core ML,CPU,Style Transfer (HP),"100%
",8501
543627,Mac Pro（2019 年）,AMD/Other (Hackintosh),Core ML,CPU,Style Transfer (Q),"96%
",6084
543627,Mac Pro（2019 年）,AMD/Other (Hackintosh),Core ML,CPU,Image Super-Resolution (SP),"100%
",1823
543627,Mac Pro（2019 年）,AMD/Other (Hackintosh),Core ML,CPU,Image Super-Resolution (HP),"100%
",1185
543627,Mac Pro（2019 年）,AMD/Other (Hackintosh),Core ML,CPU,Image Super-Resolution (Q),"99%
",813
543627,Mac Pro（2019 年）,AMD/Other (Hackintosh),Core ML,CPU,Text Classification (SP),"99%
",2841
543627,Mac Pro（2019 年）,AMD/Other (Hackintosh),Core ML,CPU,Text Classification (HP),"99%
",1247
543627,Mac Pro（2019 年）,AMD/Other (Hackintosh),Core ML,CPU,Text Classification (Q),"93%
",1199
543627,Mac Pro（2019 年）,AMD/Other (Hackintosh),Core ML,CPU,Machine Translation (SP),"100%
",1071
543627,Mac Pro（2019 年）,AMD/Other (Hackintosh),Core ML,CPU,Machine Translation (HP),"100%
",931
543627,Mac Pro（2019 年）,AMD/Other (Hackintosh),Core ML,CPU,Machine Translation (Q),"98%
",937
543629,Mac Pro（2019 年）,AMD/Other (Hackintosh),Core ML,GPU,Image Classification (SP),"100%
",6397
543629,Mac Pro（2019 年）,AMD/Other (Hackintosh),Core ML,GPU,Image Classification (HP),"100%
",6351
543629,Mac Pro（2019 年）,AMD/Other (Hackintosh),Core ML,GPU,Image Classification (Q),"96%
",240
543629,Mac Pro（2019 年）,AMD/Other (Hackintosh),Core ML,GPU,Image Segmentation (SP),"100%
",646
543629,Mac Pro（2019 年）,AMD/Other (Hackintosh),Core ML,GPU,Image Segmentation (HP),"100%
",653
543629,Mac Pro（2019 年）,AMD/Other (Hackintosh),Core ML,GPU,Image Segmentation (Q),"99%
",334
543629,Mac Pro（2019 年）,AMD/Other (Hackintosh),Core ML,GPU,Pose Estimation (SP),"100%
",94383
543629,Mac Pro（2019 年）,AMD/Other (Hackintosh),Core ML,GPU,Pose Estimation (HP),"100%
",82319
543629,Mac Pro（2019 年）,AMD/Other (Hackintosh),Core ML,GPU,Pose Estimation (Q),"96%
",3554
543629,Mac Pro（2019 年）,AMD/Other (Hackintosh),Core ML,GPU,Object Detection (SP),"100%
",6663
543629,Mac Pro（2019 年）,AMD/Other (Hackintosh),Core ML,GPU,Object Detection (HP),"100%
",6407
543629,Mac Pro（2019 年）,AMD/Other (Hackintosh),Core ML,GPU,Object Detection (Q),"92%
",172
543629,Mac Pro（2019 年）,AMD/Other (Hackintosh),Core ML,GPU,Face Detection (SP),"100%
",19590
543629,Mac Pro（2019 年）,AMD/Other (Hackintosh),Core ML,GPU,Face Detection (HP),"100%
",19238
543629,Mac Pro（2019 年）,AMD/Other (Hackintosh),Core ML,GPU,Face Detection (Q),"100%
",407
543629,Mac Pro（2019 年）,AMD/Other (Hackintosh),Core ML,GPU,Depth Estimation (SP),"100%
",34191
543629,Mac Pro（2019 年）,AMD/Other (Hackintosh),Core ML,GPU,Depth Estimation (HP),"99%
",34619
543629,Mac Pro（2019 年）,AMD/Other (Hackintosh),Core ML,GPU,Depth Estimation (Q),"85%
",32774
543629,Mac Pro（2019 年）,AMD/Other (Hackintosh),Core ML,GPU,Style Transfer (SP),"100%
",158889
543629,Mac Pro（2019 年）,AMD/Other (Hackintosh),Core ML,GPU,Style Transfer (HP),"100%
",154890
543629,Mac Pro（2019 年）,AMD/Other (Hackintosh),Core ML,GPU,Style Transfer (Q),"96%
",186534
543629,Mac Pro（2019 年）,AMD/Other (Hackintosh),Core ML,GPU,Image Super-Resolution (SP),"100%
",17783
543629,Mac Pro（2019 年）,AMD/Other (Hackintosh),Core ML,GPU,Image Super-Resolution (HP),"100%
",23907
543629,Mac Pro（2019 年）,AMD/Other (Hackintosh),Core ML,GPU,Image Super-Resolution (Q),"99%
",19820
543629,Mac Pro（2019 年）,AMD/Other (Hackintosh),Core ML,GPU,Text Classification (SP),"100%
",1163
543629,Mac Pro（2019 年）,AMD/Other (Hackintosh),Core ML,GPU,Text Classification (HP),"100%
",955
543629,Mac Pro（2019 年）,AMD/Other (Hackintosh),Core ML,GPU,Text Classification (Q),"93%
",972
543629,Mac Pro（2019 年）,AMD/Other (Hackintosh),Core ML,GPU,Machine Translation (SP),"100%
",1768
543629,Mac Pro（2019 年）,AMD/Other (Hackintosh),Core ML,GPU,Machine Translation (HP),"100%
",1705
543629,Mac Pro（2019 年）,AMD/Other (Hackintosh),Core ML,GPU,Machine Translation (Q),"98%
",1731
543273,MacBook Air (Late 2020),Apple Silicon,Core ML,CPU,Image Classification (SP),"100%
",1193
543273,MacBook Air (Late 2020),Apple Silicon,Core ML,CPU,Image Classification (HP),"100%
",1419
543273,MacBook Air (Late 2020),Apple Silicon,Core ML,CPU,Image Classification (Q),"96%
",1408
543273,MacBook Air (Late 2020),Apple Silicon,Core ML,CPU,Image Segmentation (SP),"100%
",1171
543273,MacBook Air (Late 2020),Apple Silicon,Core ML,CPU,Image Segmentation (HP),"100%
",2104
543273,MacBook Air (Late 2020),Apple Silicon,Core ML,CPU,Image Segmentation (Q),"99%
",1861
543273,MacBook Air (Late 2020),Apple Silicon,Core ML,CPU,Pose Estimation (SP),"100%
",3521
543273,MacBook Air (Late 2020),Apple Silicon,Core ML,CPU,Pose Estimation (HP),"100%
",10399
543273,MacBook Air (Late 2020),Apple Silicon,Core ML,CPU,Pose Estimation (Q),"95%
",6823
543273,MacBook Air (Late 2020),Apple Silicon,Core ML,CPU,Object Detection (SP),"100%
",591
543273,MacBook Air (Late 2020),Apple Silicon,Core ML,CPU,Object Detection (HP),"97%
",838
543273,MacBook Air (Late 2020),Apple Silicon,Core ML,CPU,Object Detection (Q),"94%
",479
543273,MacBook Air (Late 2020),Apple Silicon,Core ML,CPU,Face Detection (SP),"100%
",1447
543273,MacBook Air (Late 2020),Apple Silicon,Core ML,CPU,Face Detection (HP),"100%
",2761
543273,MacBook Air (Late 2020),Apple Silicon,Core ML,CPU,Face Detection (Q),"100%
",1222
543273,MacBook Air (Late 2020),Apple Silicon,Core ML,CPU,Depth Estimation (SP),"100%
",3237
543273,MacBook Air (Late 2020),Apple Silicon,Core ML,CPU,Depth Estimation (HP),"98%
",3937
543273,MacBook Air (Late 2020),Apple Silicon,Core ML,CPU,Depth Estimation (Q),"85%
",4046
543273,MacBook Air (Late 2020),Apple Silicon,Core ML,CPU,Style Transfer (SP),"100%
",4684
543273,MacBook Air (Late 2020),Apple Silicon,Core ML,CPU,Style Transfer (HP),"100%
",12711
543273,MacBook Air (Late 2020),Apple Silicon,Core ML,CPU,Style Transfer (Q),"96%
",13014
543273,MacBook Air (Late 2020),Apple Silicon,Core ML,CPU,Image Super-Resolution (SP),"100%
",1212
543273,MacBook Air (Late 2020),Apple Silicon,Core ML,CPU,Image Super-Resolution (HP),"100%
",1999
543273,MacBook Air (Late 2020),Apple Silicon,Core ML,CPU,Image Super-Resolution (Q),"99%
",1979
543273,MacBook Air (Late 2020),Apple Silicon,Core ML,CPU,Text Classification (SP),"100%
",888
543273,MacBook Air (Late 2020),Apple Silicon,Core ML,CPU,Text Classification (HP),"99%
",1856
543273,MacBook Air (Late 2020),Apple Silicon,Core ML,CPU,Text Classification (Q),"93%
",1913
543273,MacBook Air (Late 2020),Apple Silicon,Core ML,CPU,Machine Translation (SP),"100%
",963
543273,MacBook Air (Late 2020),Apple Silicon,Core ML,CPU,Machine Translation (HP),"98%
",1628
543273,MacBook Air (Late 2020),Apple Silicon,Core ML,CPU,Machine Translation (Q),"98%
",1135
543637,iMac（27 英寸，2020 年）,Intel,Core ML,CPU,Image Classification (SP),"100%
",671
543637,iMac（27 英寸，2020 年）,Intel,Core ML,CPU,Image Classification (HP),"100%
",464
543637,iMac（27 英寸，2020 年）,Intel,Core ML,CPU,Image Classification (Q),"96%
",242
543637,iMac（27 英寸，2020 年）,Intel,Core ML,CPU,Image Segmentation (SP),"100%
",726
543637,iMac（27 英寸，2020 年）,Intel,Core ML,CPU,Image Segmentation (HP),"100%
",560
543637,iMac（27 英寸，2020 年）,Intel,Core ML,CPU,Image Segmentation (Q),"99%
",367
543637,iMac（27 英寸，2020 年）,Intel,Core ML,CPU,Pose Estimation (SP),"100%
",4283
543637,iMac（27 英寸，2020 年）,Intel,Core ML,CPU,Pose Estimation (HP),"100%
",1562
543637,iMac（27 英寸，2020 年）,Intel,Core ML,CPU,Pose Estimation (Q),"96%
",1341
543637,iMac（27 英寸，2020 年）,Intel,Core ML,CPU,Object Detection (SP),"100%
",709
543637,iMac（27 英寸，2020 年）,Intel,Core ML,CPU,Object Detection (HP),"100%
",547
543637,iMac（27 英寸，2020 年）,Intel,Core ML,CPU,Object Detection (Q),"92%
",294
543637,iMac（27 英寸，2020 年）,Intel,Core ML,CPU,Face Detection (SP),"100%
",1340
543637,iMac（27 英寸，2020 年）,Intel,Core ML,CPU,Face Detection (HP),"100%
",992
543637,iMac（27 英寸，2020 年）,Intel,Core ML,CPU,Face Detection (Q),"100%
",433
543637,iMac（27 英寸，2020 年）,Intel,Core ML,CPU,Depth Estimation (SP),"100%
",2306
543637,iMac（27 英寸，2020 年）,Intel,Core ML,CPU,Depth Estimation (HP),"99%
",1786
543637,iMac（27 英寸，2020 年）,Intel,Core ML,CPU,Depth Estimation (Q),"85%
",1028
543637,iMac（27 英寸，2020 年）,Intel,Core ML,CPU,Style Transfer (SP),"100%
",7020
543637,iMac（27 英寸，2020 年）,Intel,Core ML,CPU,Style Transfer (HP),"100%
",4606
543637,iMac（27 英寸，2020 年）,Intel,Core ML,CPU,Style Transfer (Q),"96%
",3497
543637,iMac（27 英寸，2020 年）,Intel,Core ML,CPU,Image Super-Resolution (SP),"100%
",2398
543637,iMac（27 英寸，2020 年）,Intel,Core ML,CPU,Image Super-Resolution (HP),"100%
",964
543637,iMac（27 英寸，2020 年）,Intel,Core ML,CPU,Image Super-Resolution (Q),"99%
",540
543637,iMac（27 英寸，2020 年）,Intel,Core ML,CPU,Text Classification (SP),"99%
",1432
543637,iMac（27 英寸，2020 年）,Intel,Core ML,CPU,Text Classification (HP),"99%
",1337
543637,iMac（27 英寸，2020 年）,Intel,Core ML,CPU,Text Classification (Q),"93%
",1331
543637,iMac（27 英寸，2020 年）,Intel,Core ML,CPU,Machine Translation (SP),"100%
",836
543637,iMac（27 英寸，2020 年）,Intel,Core ML,CPU,Machine Translation (HP),"100%
",779
543637,iMac（27 英寸，2020 年）,Intel,Core ML,CPU,Machine Translation (Q),"98%
",776
543639,Mac Pro（2019 年）,AMD/Other (Hackintosh),Core ML,GPU,Image Classification (SP),"100%
",6525
543639,Mac Pro（2019 年）,AMD/Other (Hackintosh),Core ML,GPU,Image Classification (HP),"100%
",6280
543639,Mac Pro（2019 年）,AMD/Other (Hackintosh),Core ML,GPU,Image Classification (Q),"96%
",236
543639,Mac Pro（2019 年）,AMD/Other (Hackintosh),Core ML,GPU,Image Segmentation (SP),"100%
",674
543639,Mac Pro（2019 年）,AMD/Other (Hackintosh),Core ML,GPU,Image Segmentation (HP),"100%
",675
543639,Mac Pro（2019 年）,AMD/Other (Hackintosh),Core ML,GPU,Image Segmentation (Q),"99%
",355
543639,Mac Pro（2019 年）,AMD/Other (Hackintosh),Core ML,GPU,Pose Estimation (SP),"100%
",95451
543639,Mac Pro（2019 年）,AMD/Other (Hackintosh),Core ML,GPU,Pose Estimation (HP),"100%
",82954
543639,Mac Pro（2019 年）,AMD/Other (Hackintosh),Core ML,GPU,Pose Estimation (Q),"96%
",3684
543639,Mac Pro（2019 年）,AMD/Other (Hackintosh),Core ML,GPU,Object Detection (SP),"100%
",6664
543639,Mac Pro（2019 年）,AMD/Other (Hackintosh),Core ML,GPU,Object Detection (HP),"100%
",6514
543639,Mac Pro（2019 年）,AMD/Other (Hackintosh),Core ML,GPU,Object Detection (Q),"92%
",120
543639,Mac Pro（2019 年）,AMD/Other (Hackintosh),Core ML,GPU,Face Detection (SP),"100%
",19944
543639,Mac Pro（2019 年）,AMD/Other (Hackintosh),Core ML,GPU,Face Detection (HP),"100%
",20621
543639,Mac Pro（2019 年）,AMD/Other (Hackintosh),Core ML,GPU,Face Detection (Q),"100%
",404
543639,Mac Pro（2019 年）,AMD/Other (Hackintosh),Core ML,GPU,Depth Estimation (SP),"100%
",34484
543639,Mac Pro（2019 年）,AMD/Other (Hackintosh),Core ML,GPU,Depth Estimation (HP),"99%
",35144
543639,Mac Pro（2019 年）,AMD/Other (Hackintosh),Core ML,GPU,Depth Estimation (Q),"85%
",32660
543639,Mac Pro（2019 年）,AMD/Other (Hackintosh),Core ML,GPU,Style Transfer (SP),"100%
",160471
543639,Mac Pro（2019 年）,AMD/Other (Hackintosh),Core ML,GPU,Style Transfer (HP),"100%
",152220
543639,Mac Pro（2019 年）,AMD/Other (Hackintosh),Core ML,GPU,Style Transfer (Q),"96%
",183604
543639,Mac Pro（2019 年）,AMD/Other (Hackintosh),Core ML,GPU,Image Super-Resolution (SP),"100%
",16687
543639,Mac Pro（2019 年）,AMD/Other (Hackintosh),Core ML,GPU,Image Super-Resolution (HP),"100%
",23533
543639,Mac Pro（2019 年）,AMD/Other (Hackintosh),Core ML,GPU,Image Super-Resolution (Q),"99%
",21505
543639,Mac Pro（2019 年）,AMD/Other (Hackintosh),Core ML,GPU,Text Classification (SP),"100%
",1171
543639,Mac Pro（2019 年）,AMD/Other (Hackintosh),Core ML,GPU,Text Classification (HP),"100%
",1010
543639,Mac Pro（2019 年）,AMD/Other (Hackintosh),Core ML,GPU,Text Classification (Q),"93%
",968
543639,Mac Pro（2019 年）,AMD/Other (Hackintosh),Core ML,GPU,Machine Translation (SP),"100%
",1824
543639,Mac Pro（2019 年）,AMD/Other (Hackintosh),Core ML,GPU,Machine Translation (HP),"100%
",1767
543639,Mac Pro（2019 年）,AMD/Other (Hackintosh),Core ML,GPU,Machine Translation (Q),"98%
",1753
543644,iMac（27 英寸，2020 年）,Intel,Core ML,GPU,Image Classification (SP),"100%
",2235
543644,iMac（27 英寸，2020 年）,Intel,Core ML,GPU,Image Classification (HP),"100%
",2287
543644,iMac（27 英寸，2020 年）,Intel,Core ML,GPU,Image Classification (Q),"96%
",181
543644,iMac（27 英寸，2020 年）,Intel,Core ML,GPU,Image Segmentation (SP),"100%
",550
543644,iMac（27 英寸，2020 年）,Intel,Core ML,GPU,Image Segmentation (HP),"100%
",557
543644,iMac（27 英寸，2020 年）,Intel,Core ML,GPU,Image Segmentation (Q),"99%
",288
543644,iMac（27 英寸，2020 年）,Intel,Core ML,GPU,Pose Estimation (SP),"100%
",14878
543644,iMac（27 英寸，2020 年）,Intel,Core ML,GPU,Pose Estimation (HP),"100%
",14979
543644,iMac（27 英寸，2020 年）,Intel,Core ML,GPU,Pose Estimation (Q),"96%
",2965
543644,iMac（27 英寸，2020 年）,Intel,Core ML,GPU,Object Detection (SP),"100%
",2147
543644,iMac（27 英寸，2020 年）,Intel,Core ML,GPU,Object Detection (HP),"100%
",1600
543644,iMac（27 英寸，2020 年）,Intel,Core ML,GPU,Object Detection (Q),"92%
",219
543644,iMac（27 英寸，2020 年）,Intel,Core ML,GPU,Face Detection (SP),"100%
",8234
543644,iMac（27 英寸，2020 年）,Intel,Core ML,GPU,Face Detection (HP),"100%
",8142
543644,iMac（27 英寸，2020 年）,Intel,Core ML,GPU,Face Detection (Q),"100%
",297
543644,iMac（27 英寸，2020 年）,Intel,Core ML,GPU,Depth Estimation (SP),"100%
",9512
543644,iMac（27 英寸，2020 年）,Intel,Core ML,GPU,Depth Estimation (HP),"99%
",7768
543644,iMac（27 英寸，2020 年）,Intel,Core ML,GPU,Depth Estimation (Q),"85%
",7216
543644,iMac（27 英寸，2020 年）,Intel,Core ML,GPU,Style Transfer (SP),"100%
",26700
543644,iMac（27 英寸，2020 年）,Intel,Core ML,GPU,Style Transfer (HP),"100%
",28237
543644,iMac（27 英寸，2020 年）,Intel,Core ML,GPU,Style Transfer (Q),"96%
",35289
543644,iMac（27 英寸，2020 年）,Intel,Core ML,GPU,Image Super-Resolution (SP),"100%
",5196
543644,iMac（27 英寸，2020 年）,Intel,Core ML,GPU,Image Super-Resolution (HP),"100%
",4244
543644,iMac（27 英寸，2020 年）,Intel,Core ML,GPU,Image Super-Resolution (Q),"99%
",4227
543644,iMac（27 英寸，2020 年）,Intel,Core ML,GPU,Text Classification (SP),"100%
",287
543644,iMac（27 英寸，2020 年）,Intel,Core ML,GPU,Text Classification (HP),"100%
",294
543644,iMac（27 英寸，2020 年）,Intel,Core ML,GPU,Text Classification (Q),"93%
",307
543644,iMac（27 英寸，2020 年）,Intel,Core ML,GPU,Machine Translation (SP),"100%
",335
543644,iMac（27 英寸，2020 年）,Intel,Core ML,GPU,Machine Translation (HP),"100%
",315
543644,iMac（27 英寸，2020 年）,Intel,Core ML,GPU,Machine Translation (Q),"98%
",313
543291,MacBook Air (Late 2020),Apple Silicon,Core ML,CPU,Image Classification (SP),"100%
",1311
543291,MacBook Air (Late 2020),Apple Silicon,Core ML,CPU,Image Classification (HP),"100%
",2212
543291,MacBook Air (Late 2020),Apple Silicon,Core ML,CPU,Image Classification (Q),"96%
",1578
543291,MacBook Air (Late 2020),Apple Silicon,Core ML,CPU,Image Segmentation (SP),"100%
",1303
543291,MacBook Air (Late 2020),Apple Silicon,Core ML,CPU,Image Segmentation (HP),"100%
",2121
543291,MacBook Air (Late 2020),Apple Silicon,Core ML,CPU,Image Segmentation (Q),"99%
",2540
543291,MacBook Air (Late 2020),Apple Silicon,Core ML,CPU,Pose Estimation (SP),"100%
",5883
543291,MacBook Air (Late 2020),Apple Silicon,Core ML,CPU,Pose Estimation (HP),"100%
",14110
543291,MacBook Air (Late 2020),Apple Silicon,Core ML,CPU,Pose Estimation (Q),"95%
",12096
543291,MacBook Air (Late 2020),Apple Silicon,Core ML,CPU,Object Detection (SP),"100%
",1385
543291,MacBook Air (Late 2020),Apple Silicon,Core ML,CPU,Object Detection (HP),"97%
",2431
543291,MacBook Air (Late 2020),Apple Silicon,Core ML,CPU,Object Detection (Q),"94%
",1790
543291,MacBook Air (Late 2020),Apple Silicon,Core ML,CPU,Face Detection (SP),"100%
",2988
543291,MacBook Air (Late 2020),Apple Silicon,Core ML,CPU,Face Detection (HP),"100%
",5463
543291,MacBook Air (Late 2020),Apple Silicon,Core ML,CPU,Face Detection (Q),"100%
",3170
543291,MacBook Air (Late 2020),Apple Silicon,Core ML,CPU,Depth Estimation (SP),"100%
",5434
543291,MacBook Air (Late 2020),Apple Silicon,Core ML,CPU,Depth Estimation (HP),"98%
",10404
543291,MacBook Air (Late 2020),Apple Silicon,Core ML,CPU,Depth Estimation (Q),"85%
",7373
543291,MacBook Air (Late 2020),Apple Silicon,Core ML,CPU,Style Transfer (SP),"100%
",16383
543291,MacBook Air (Late 2020),Apple Silicon,Core ML,CPU,Style Transfer (HP),"100%
",27070
543291,MacBook Air (Late 2020),Apple Silicon,Core ML,CPU,Style Transfer (Q),"96%
",22339
543291,MacBook Air (Late 2020),Apple Silicon,Core ML,CPU,Image Super-Resolution (SP),"100%
",3428
543291,MacBook Air (Late 2020),Apple Silicon,Core ML,CPU,Image Super-Resolution (HP),"100%
",4833
543291,MacBook Air (Late 2020),Apple Silicon,Core ML,CPU,Image Super-Resolution (Q),"99%
",3546
543291,MacBook Air (Late 2020),Apple Silicon,Core ML,CPU,Text Classification (SP),"99%
",4465
543291,MacBook Air (Late 2020),Apple Silicon,Core ML,CPU,Text Classification (HP),"100%
",7195
543291,MacBook Air (Late 2020),Apple Silicon,Core ML,CPU,Text Classification (Q),"92%
",7139
543291,MacBook Air (Late 2020),Apple Silicon,Core ML,CPU,Machine Translation (SP),"100%
",2489
543291,MacBook Air (Late 2020),Apple Silicon,Core ML,CPU,Machine Translation (HP),"98%
",4601
543291,MacBook Air (Late 2020),Apple Silicon,Core ML,CPU,Machine Translation (Q),"98%
",4674
543294,MacBook Air (Late 2020),Apple Silicon,Core ML,GPU,Image Classification (SP),"100%
",2104
543294,MacBook Air (Late 2020),Apple Silicon,Core ML,GPU,Image Classification (HP),"100%
",2546
543294,MacBook Air (Late 2020),Apple Silicon,Core ML,GPU,Image Classification (Q),"94%
",2501
543294,MacBook Air (Late 2020),Apple Silicon,Core ML,GPU,Image Segmentation (SP),"100%
",4051
543294,MacBook Air (Late 2020),Apple Silicon,Core ML,GPU,Image Segmentation (HP),"100%
",4264
543294,MacBook Air (Late 2020),Apple Silicon,Core ML,GPU,Image Segmentation (Q),"99%
",4098
543294,MacBook Air (Late 2020),Apple Silicon,Core ML,GPU,Pose Estimation (SP),"100%
",17231
543294,MacBook Air (Late 2020),Apple Silicon,Core ML,GPU,Pose Estimation (HP),"100%
",19333
543294,MacBook Air (Late 2020),Apple Silicon,Core ML,GPU,Pose Estimation (Q),"96%
",18765
543294,MacBook Air (Late 2020),Apple Silicon,Core ML,GPU,Object Detection (SP),"100%
",2691
543294,MacBook Air (Late 2020),Apple Silicon,Core ML,GPU,Object Detection (HP),"100%
",2723
543294,MacBook Air (Late 2020),Apple Silicon,Core ML,GPU,Object Detection (Q),"91%
",2563
543294,MacBook Air (Late 2020),Apple Silicon,Core ML,GPU,Face Detection (SP),"100%
",7168
543294,MacBook Air (Late 2020),Apple Silicon,Core ML,GPU,Face Detection (HP),"100%
",8927
543294,MacBook Air (Late 2020),Apple Silicon,Core ML,GPU,Face Detection (Q),"100%
",8162
543294,MacBook Air (Late 2020),Apple Silicon,Core ML,GPU,Depth Estimation (SP),"100%
",12317
543294,MacBook Air (Late 2020),Apple Silicon,Core ML,GPU,Depth Estimation (HP),"99%
",13950
543294,MacBook Air (Late 2020),Apple Silicon,Core ML,GPU,Depth Estimation (Q),"85%
",13226
543294,MacBook Air (Late 2020),Apple Silicon,Core ML,GPU,Style Transfer (SP),"100%
",29323
543294,MacBook Air (Late 2020),Apple Silicon,Core ML,GPU,Style Transfer (HP),"100%
",35466
543294,MacBook Air (Late 2020),Apple Silicon,Core ML,GPU,Style Transfer (Q),"96%
",34538
543294,MacBook Air (Late 2020),Apple Silicon,Core ML,GPU,Image Super-Resolution (SP),"100%
",6473
543294,MacBook Air (Late 2020),Apple Silicon,Core ML,GPU,Image Super-Resolution (HP),"100%
",7409
543294,MacBook Air (Late 2020),Apple Silicon,Core ML,GPU,Image Super-Resolution (Q),"99%
",6006
543294,MacBook Air (Late 2020),Apple Silicon,Core ML,GPU,Text Classification (SP),"99%
",4543
543294,MacBook Air (Late 2020),Apple Silicon,Core ML,GPU,Text Classification (HP),"100%
",7301
543294,MacBook Air (Late 2020),Apple Silicon,Core ML,GPU,Text Classification (Q),"92%
",7251
543294,MacBook Air (Late 2020),Apple Silicon,Core ML,GPU,Machine Translation (SP),"100%
",1343
543294,MacBook Air (Late 2020),Apple Silicon,Core ML,GPU,Machine Translation (HP),"100%
",1387
543294,MacBook Air (Late 2020),Apple Silicon,Core ML,GPU,Machine Translation (Q),"98%
",1208
543295,MacBook Air (Late 2020),Apple Silicon,Core ML,Neural Engine,Image Classification (SP),"100%
",1320
543295,MacBook Air (Late 2020),Apple Silicon,Core ML,Neural Engine,Image Classification (HP),"100%
",6420
543295,MacBook Air (Late 2020),Apple Silicon,Core ML,Neural Engine,Image Classification (Q),"97%
",6131
543295,MacBook Air (Late 2020),Apple Silicon,Core ML,Neural Engine,Image Segmentation (SP),"100%
",1300
543295,MacBook Air (Late 2020),Apple Silicon,Core ML,Neural Engine,Image Segmentation (HP),"100%
",9089
543295,MacBook Air (Late 2020),Apple Silicon,Core ML,Neural Engine,Image Segmentation (Q),"99%
",9330
543295,MacBook Air (Late 2020),Apple Silicon,Core ML,Neural Engine,Pose Estimation (SP),"100%
",5889
543295,MacBook Air (Late 2020),Apple Silicon,Core ML,Neural Engine,Pose Estimation (HP),"100%
",67826
543295,MacBook Air (Late 2020),Apple Silicon,Core ML,Neural Engine,Pose Estimation (Q),"95%
",65481
543295,MacBook Air (Late 2020),Apple Silicon,Core ML,Neural Engine,Object Detection (SP),"100%
",1386
543295,MacBook Air (Late 2020),Apple Silicon,Core ML,Neural Engine,Object Detection (HP),"99%
",7138
543295,MacBook Air (Late 2020),Apple Silicon,Core ML,Neural Engine,Object Detection (Q),"89%
",6633
543295,MacBook Air (Late 2020),Apple Silicon,Core ML,Neural Engine,Face Detection (SP),"100%
",2964
543295,MacBook Air (Late 2020),Apple Silicon,Core ML,Neural Engine,Face Detection (HP),"100%
",14087
543295,MacBook Air (Late 2020),Apple Silicon,Core ML,Neural Engine,Face Detection (Q),"100%
",13397
543295,MacBook Air (Late 2020),Apple Silicon,Core ML,Neural Engine,Depth Estimation (SP),"100%
",5448
543295,MacBook Air (Late 2020),Apple Silicon,Core ML,Neural Engine,Depth Estimation (HP),"99%
",46908
543295,MacBook Air (Late 2020),Apple Silicon,Core ML,Neural Engine,Depth Estimation (Q),"85%
",47520
543295,MacBook Air (Late 2020),Apple Silicon,Core ML,Neural Engine,Style Transfer (SP),"100%
",16260
543295,MacBook Air (Late 2020),Apple Silicon,Core ML,Neural Engine,Style Transfer (HP),"100%
",123584
543295,MacBook Air (Late 2020),Apple Silicon,Core ML,Neural Engine,Style Transfer (Q),"96%
",114857
543295,MacBook Air (Late 2020),Apple Silicon,Core ML,Neural Engine,Image Super-Resolution (SP),"100%
",3392
543295,MacBook Air (Late 2020),Apple Silicon,Core ML,Neural Engine,Image Super-Resolution (HP),"100%
",24568
543295,MacBook Air (Late 2020),Apple Silicon,Core ML,Neural Engine,Image Super-Resolution (Q),"99%
",24690
543295,MacBook Air (Late 2020),Apple Silicon,Core ML,Neural Engine,Text Classification (SP),"99%
",4516
543295,MacBook Air (Late 2020),Apple Silicon,Core ML,Neural Engine,Text Classification (HP),"100%
",7118
543295,MacBook Air (Late 2020),Apple Silicon,Core ML,Neural Engine,Text Classification (Q),"93%
",7269
543295,MacBook Air (Late 2020),Apple Silicon,Core ML,Neural Engine,Machine Translation (SP),"100%
",2501
543295,MacBook Air (Late 2020),Apple Silicon,Core ML,Neural Engine,Machine Translation (HP),"100%
",2759
543295,MacBook Air (Late 2020),Apple Silicon,Core ML,Neural Engine,Machine Translation (Q),"98%
",2813
543649,MacBook Pro (16-inch Late 2019),Intel,Core ML,CPU,Image Classification (SP),"100%
",429
543649,MacBook Pro (16-inch Late 2019),Intel,Core ML,CPU,Image Classification (HP),"100%
",310
543649,MacBook Pro (16-inch Late 2019),Intel,Core ML,CPU,Image Classification (Q),"96%
",132
543649,MacBook Pro (16-inch Late 2019),Intel,Core ML,CPU,Image Segmentation (SP),"100%
",466
543649,MacBook Pro (16-inch Late 2019),Intel,Core ML,CPU,Image Segmentation (HP),"100%
",368
543649,MacBook Pro (16-inch Late 2019),Intel,Core ML,CPU,Image Segmentation (Q),"99%
",242
543649,MacBook Pro (16-inch Late 2019),Intel,Core ML,CPU,Pose Estimation (SP),"100%
",2316
543649,MacBook Pro (16-inch Late 2019),Intel,Core ML,CPU,Pose Estimation (HP),"100%
",705
543649,MacBook Pro (16-inch Late 2019),Intel,Core ML,CPU,Pose Estimation (Q),"96%
",680
543649,MacBook Pro (16-inch Late 2019),Intel,Core ML,CPU,Object Detection (SP),"100%
",462
543649,MacBook Pro (16-inch Late 2019),Intel,Core ML,CPU,Object Detection (HP),"100%
",368
543649,MacBook Pro (16-inch Late 2019),Intel,Core ML,CPU,Object Detection (Q),"92%
",200
543649,MacBook Pro (16-inch Late 2019),Intel,Core ML,CPU,Face Detection (SP),"100%
",1014
543649,MacBook Pro (16-inch Late 2019),Intel,Core ML,CPU,Face Detection (HP),"100%
",844
543649,MacBook Pro (16-inch Late 2019),Intel,Core ML,CPU,Face Detection (Q),"100%
",312
543649,MacBook Pro (16-inch Late 2019),Intel,Core ML,CPU,Depth Estimation (SP),"100%
",1203
543649,MacBook Pro (16-inch Late 2019),Intel,Core ML,CPU,Depth Estimation (HP),"99%
",1141
543649,MacBook Pro (16-inch Late 2019),Intel,Core ML,CPU,Depth Estimation (Q),"85%
",622
543649,MacBook Pro (16-inch Late 2019),Intel,Core ML,CPU,Style Transfer (SP),"100%
",3319
543649,MacBook Pro (16-inch Late 2019),Intel,Core ML,CPU,Style Transfer (HP),"100%
",3089
543649,MacBook Pro (16-inch Late 2019),Intel,Core ML,CPU,Style Transfer (Q),"96%
",2093
543649,MacBook Pro (16-inch Late 2019),Intel,Core ML,CPU,Image Super-Resolution (SP),"100%
",1556
543649,MacBook Pro (16-inch Late 2019),Intel,Core ML,CPU,Image Super-Resolution (HP),"100%
",624
543649,MacBook Pro (16-inch Late 2019),Intel,Core ML,CPU,Image Super-Resolution (Q),"99%
",321
543649,MacBook Pro (16-inch Late 2019),Intel,Core ML,CPU,Text Classification (SP),"99%
",978
543649,MacBook Pro (16-inch Late 2019),Intel,Core ML,CPU,Text Classification (HP),"99%
",353
543649,MacBook Pro (16-inch Late 2019),Intel,Core ML,CPU,Text Classification (Q),"93%
",361
543649,MacBook Pro (16-inch Late 2019),Intel,Core ML,CPU,Machine Translation (SP),"100%
",613
543649,MacBook Pro (16-inch Late 2019),Intel,Core ML,CPU,Machine Translation (HP),"100%
",508
543649,MacBook Pro (16-inch Late 2019),Intel,Core ML,CPU,Machine Translation (Q),"98%
",508
543653,Mac Pro（2019 年）,Intel,Core ML,CPU,Image Classification (SP),"100%
",495
543653,Mac Pro（2019 年）,Intel,Core ML,CPU,Image Classification (HP),"100%
",345
543653,Mac Pro（2019 年）,Intel,Core ML,CPU,Image Classification (Q),"96%
",172
543653,Mac Pro（2019 年）,Intel,Core ML,CPU,Image Segmentation (SP),"100%
",714
543653,Mac Pro（2019 年）,Intel,Core ML,CPU,Image Segmentation (HP),"100%
",483
543653,Mac Pro（2019 年）,Intel,Core ML,CPU,Image Segmentation (Q),"99%
",285
543653,Mac Pro（2019 年）,Intel,Core ML,CPU,Pose Estimation (SP),"100%
",3970
543653,Mac Pro（2019 年）,Intel,Core ML,CPU,Pose Estimation (HP),"100%
",1829
543653,Mac Pro（2019 年）,Intel,Core ML,CPU,Pose Estimation (Q),"96%
",1389
543653,Mac Pro（2019 年）,Intel,Core ML,CPU,Object Detection (SP),"100%
",588
543653,Mac Pro（2019 年）,Intel,Core ML,CPU,Object Detection (HP),"100%
",429
543653,Mac Pro（2019 年）,Intel,Core ML,CPU,Object Detection (Q),"92%
",214
543653,Mac Pro（2019 年）,Intel,Core ML,CPU,Face Detection (SP),"100%
",1252
543653,Mac Pro（2019 年）,Intel,Core ML,CPU,Face Detection (HP),"100%
",881
543653,Mac Pro（2019 年）,Intel,Core ML,CPU,Face Detection (Q),"100%
",317
543653,Mac Pro（2019 年）,Intel,Core ML,CPU,Depth Estimation (SP),"100%
",1931
543653,Mac Pro（2019 年）,Intel,Core ML,CPU,Depth Estimation (HP),"99%
",1658
543653,Mac Pro（2019 年）,Intel,Core ML,CPU,Depth Estimation (Q),"85%
",820
543653,Mac Pro（2019 年）,Intel,Core ML,CPU,Style Transfer (SP),"100%
",6871
543653,Mac Pro（2019 年）,Intel,Core ML,CPU,Style Transfer (HP),"100%
",6225
543653,Mac Pro（2019 年）,Intel,Core ML,CPU,Style Transfer (Q),"96%
",3609
543653,Mac Pro（2019 年）,Intel,Core ML,CPU,Image Super-Resolution (SP),"100%
",1350
543653,Mac Pro（2019 年）,Intel,Core ML,CPU,Image Super-Resolution (HP),"100%
",937
543653,Mac Pro（2019 年）,Intel,Core ML,CPU,Image Super-Resolution (Q),"99%
",430
543653,Mac Pro（2019 年）,Intel,Core ML,CPU,Text Classification (SP),"99%
",1459
543653,Mac Pro（2019 年）,Intel,Core ML,CPU,Text Classification (HP),"100%
",553
543653,Mac Pro（2019 年）,Intel,Core ML,CPU,Text Classification (Q),"93%
",536
543653,Mac Pro（2019 年）,Intel,Core ML,CPU,Machine Translation (SP),"100%
",681
543653,Mac Pro（2019 年）,Intel,Core ML,CPU,Machine Translation (HP),"100%
",614
543653,Mac Pro（2019 年）,Intel,Core ML,CPU,Machine Translation (Q),"98%
",608
543302,MacBook Neo（A18 Pro，2026 年）,Apple Silicon,Core ML,Neural Engine,Image Classification (SP),"100%
",2122
543302,MacBook Neo（A18 Pro，2026 年）,Apple Silicon,Core ML,Neural Engine,Image Classification (HP),"100%
",13836
543302,MacBook Neo（A18 Pro，2026 年）,Apple Silicon,Core ML,Neural Engine,Image Classification (Q),"97%
",18569
543302,MacBook Neo（A18 Pro，2026 年）,Apple Silicon,Core ML,Neural Engine,Image Segmentation (SP),"100%
",2067
543302,MacBook Neo（A18 Pro，2026 年）,Apple Silicon,Core ML,Neural Engine,Image Segmentation (HP),"100%
",18209
543302,MacBook Neo（A18 Pro，2026 年）,Apple Silicon,Core ML,Neural Engine,Image Segmentation (Q),"99%
",24543
543302,MacBook Neo（A18 Pro，2026 年）,Apple Silicon,Core ML,Neural Engine,Pose Estimation (SP),"100%
",7675
543302,MacBook Neo（A18 Pro，2026 年）,Apple Silicon,Core ML,Neural Engine,Pose Estimation (HP),"100%
",145476
543302,MacBook Neo（A18 Pro，2026 年）,Apple Silicon,Core ML,Neural Engine,Pose Estimation (Q),"95%
",291714
543302,MacBook Neo（A18 Pro，2026 年）,Apple Silicon,Core ML,Neural Engine,Object Detection (SP),"100%
",2469
543302,MacBook Neo（A18 Pro，2026 年）,Apple Silicon,Core ML,Neural Engine,Object Detection (HP),"100%
",15372
543302,MacBook Neo（A18 Pro，2026 年）,Apple Silicon,Core ML,Neural Engine,Object Detection (Q),"89%
",21365
543302,MacBook Neo（A18 Pro，2026 年）,Apple Silicon,Core ML,Neural Engine,Face Detection (SP),"100%
",4393
543302,MacBook Neo（A18 Pro，2026 年）,Apple Silicon,Core ML,Neural Engine,Face Detection (HP),"100%
",42338
543302,MacBook Neo（A18 Pro，2026 年）,Apple Silicon,Core ML,Neural Engine,Face Detection (Q),"100%
",65617
543302,MacBook Neo（A18 Pro，2026 年）,Apple Silicon,Core ML,Neural Engine,Depth Estimation (SP),"100%
",7541
543302,MacBook Neo（A18 Pro，2026 年）,Apple Silicon,Core ML,Neural Engine,Depth Estimation (HP),"99%
",93488
543302,MacBook Neo（A18 Pro，2026 年）,Apple Silicon,Core ML,Neural Engine,Depth Estimation (Q),"85%
",153670
543302,MacBook Neo（A18 Pro，2026 年）,Apple Silicon,Core ML,Neural Engine,Style Transfer (SP),"100%
",20283
543302,MacBook Neo（A18 Pro，2026 年）,Apple Silicon,Core ML,Neural Engine,Style Transfer (HP),"100%
",246972
543302,MacBook Neo（A18 Pro，2026 年）,Apple Silicon,Core ML,Neural Engine,Style Transfer (Q),"96%
",292451
543302,MacBook Neo（A18 Pro，2026 年）,Apple Silicon,Core ML,Neural Engine,Image Super-Resolution (SP),"100%
",4820
543302,MacBook Neo（A18 Pro，2026 年）,Apple Silicon,Core ML,Neural Engine,Image Super-Resolution (HP),"100%
",51268
543302,MacBook Neo（A18 Pro，2026 年）,Apple Silicon,Core ML,Neural Engine,Image Super-Resolution (Q),"99%
",77347
543302,MacBook Neo（A18 Pro，2026 年）,Apple Silicon,Core ML,Neural Engine,Text Classification (SP),"100%
",7034
543302,MacBook Neo（A18 Pro，2026 年）,Apple Silicon,Core ML,Neural Engine,Text Classification (HP),"99%
",10999
543302,MacBook Neo（A18 Pro，2026 年）,Apple Silicon,Core ML,Neural Engine,Text Classification (Q),"92%
",11089
543302,MacBook Neo（A18 Pro，2026 年）,Apple Silicon,Core ML,Neural Engine,Machine Translation (SP),"100%
",4495
543302,MacBook Neo（A18 Pro，2026 年）,Apple Silicon,Core ML,Neural Engine,Machine Translation (HP),"100%
",9265
543302,MacBook Neo（A18 Pro，2026 年）,Apple Silicon,Core ML,Neural Engine,Machine Translation (Q),"98%
",10491
543304,MacBook Neo（A18 Pro，2026 年）,Apple Silicon,Core ML,Neural Engine,Image Classification (SP),"100%
",2136
543304,MacBook Neo（A18 Pro，2026 年）,Apple Silicon,Core ML,Neural Engine,Image Classification (HP),"100%
",13797
543304,MacBook Neo（A18 Pro，2026 年）,Apple Silicon,Core ML,Neural Engine,Image Classification (Q),"97%
",18358
543304,MacBook Neo（A18 Pro，2026 年）,Apple Silicon,Core ML,Neural Engine,Image Segmentation (SP),"100%
",2071
543304,MacBook Neo（A18 Pro，2026 年）,Apple Silicon,Core ML,Neural Engine,Image Segmentation (HP),"100%
",18245
543304,MacBook Neo（A18 Pro，2026 年）,Apple Silicon,Core ML,Neural Engine,Image Segmentation (Q),"99%
",24688
543304,MacBook Neo（A18 Pro，2026 年）,Apple Silicon,Core ML,Neural Engine,Pose Estimation (SP),"100%
",7949
543304,MacBook Neo（A18 Pro，2026 年）,Apple Silicon,Core ML,Neural Engine,Pose Estimation (HP),"100%
",151293
543304,MacBook Neo（A18 Pro，2026 年）,Apple Silicon,Core ML,Neural Engine,Pose Estimation (Q),"95%
",293317
543304,MacBook Neo（A18 Pro，2026 年）,Apple Silicon,Core ML,Neural Engine,Object Detection (SP),"100%
",2490
543304,MacBook Neo（A18 Pro，2026 年）,Apple Silicon,Core ML,Neural Engine,Object Detection (HP),"100%
",15365
543304,MacBook Neo（A18 Pro，2026 年）,Apple Silicon,Core ML,Neural Engine,Object Detection (Q),"89%
",21388
543304,MacBook Neo（A18 Pro，2026 年）,Apple Silicon,Core ML,Neural Engine,Face Detection (SP),"100%
",4428
543304,MacBook Neo（A18 Pro，2026 年）,Apple Silicon,Core ML,Neural Engine,Face Detection (HP),"100%
",42063
543304,MacBook Neo（A18 Pro，2026 年）,Apple Silicon,Core ML,Neural Engine,Face Detection (Q),"100%
",65772
543304,MacBook Neo（A18 Pro，2026 年）,Apple Silicon,Core ML,Neural Engine,Depth Estimation (SP),"100%
",7776
543304,MacBook Neo（A18 Pro，2026 年）,Apple Silicon,Core ML,Neural Engine,Depth Estimation (HP),"99%
",93659
543304,MacBook Neo（A18 Pro，2026 年）,Apple Silicon,Core ML,Neural Engine,Depth Estimation (Q),"85%
",152739
543304,MacBook Neo（A18 Pro，2026 年）,Apple Silicon,Core ML,Neural Engine,Style Transfer (SP),"100%
",20887
543304,MacBook Neo（A18 Pro，2026 年）,Apple Silicon,Core ML,Neural Engine,Style Transfer (HP),"100%
",247482
543304,MacBook Neo（A18 Pro，2026 年）,Apple Silicon,Core ML,Neural Engine,Style Transfer (Q),"96%
",292821
543304,MacBook Neo（A18 Pro，2026 年）,Apple Silicon,Core ML,Neural Engine,Image Super-Resolution (SP),"100%
",4930
543304,MacBook Neo（A18 Pro，2026 年）,Apple Silicon,Core ML,Neural Engine,Image Super-Resolution (HP),"100%
",50500
543304,MacBook Neo（A18 Pro，2026 年）,Apple Silicon,Core ML,Neural Engine,Image Super-Resolution (Q),"99%
",74712
543304,MacBook Neo（A18 Pro，2026 年）,Apple Silicon,Core ML,Neural Engine,Text Classification (SP),"100%
",7069
543304,MacBook Neo（A18 Pro，2026 年）,Apple Silicon,Core ML,Neural Engine,Text Classification (HP),"99%
",10947
543304,MacBook Neo（A18 Pro，2026 年）,Apple Silicon,Core ML,Neural Engine,Text Classification (Q),"92%
",10537
543304,MacBook Neo（A18 Pro，2026 年）,Apple Silicon,Core ML,Neural Engine,Machine Translation (SP),"100%
",4596
543304,MacBook Neo（A18 Pro，2026 年）,Apple Silicon,Core ML,Neural Engine,Machine Translation (HP),"100%
",9411
543304,MacBook Neo（A18 Pro，2026 年）,Apple Silicon,Core ML,Neural Engine,Machine Translation (Q),"98%
",10437
543305,MacBook Neo（A18 Pro，2026 年）,Apple Silicon,Core ML,Neural Engine,Image Classification (SP),"100%
",2174
543305,MacBook Neo（A18 Pro，2026 年）,Apple Silicon,Core ML,Neural Engine,Image Classification (HP),"100%
",14220
543305,MacBook Neo（A18 Pro，2026 年）,Apple Silicon,Core ML,Neural Engine,Image Classification (Q),"97%
",19099
543305,MacBook Neo（A18 Pro，2026 年）,Apple Silicon,Core ML,Neural Engine,Image Segmentation (SP),"100%
",2093
543305,MacBook Neo（A18 Pro，2026 年）,Apple Silicon,Core ML,Neural Engine,Image Segmentation (HP),"100%
",18196
543305,MacBook Neo（A18 Pro，2026 年）,Apple Silicon,Core ML,Neural Engine,Image Segmentation (Q),"99%
",24637
543305,MacBook Neo（A18 Pro，2026 年）,Apple Silicon,Core ML,Neural Engine,Pose Estimation (SP),"100%
",8084
543305,MacBook Neo（A18 Pro，2026 年）,Apple Silicon,Core ML,Neural Engine,Pose Estimation (HP),"100%
",149512
543305,MacBook Neo（A18 Pro，2026 年）,Apple Silicon,Core ML,Neural Engine,Pose Estimation (Q),"95%
",291897
543305,MacBook Neo（A18 Pro，2026 年）,Apple Silicon,Core ML,Neural Engine,Object Detection (SP),"100%
",2471
543305,MacBook Neo（A18 Pro，2026 年）,Apple Silicon,Core ML,Neural Engine,Object Detection (HP),"100%
",15999
543305,MacBook Neo（A18 Pro，2026 年）,Apple Silicon,Core ML,Neural Engine,Object Detection (Q),"89%
",21419
543305,MacBook Neo（A18 Pro，2026 年）,Apple Silicon,Core ML,Neural Engine,Face Detection (SP),"100%
",4407
543305,MacBook Neo（A18 Pro，2026 年）,Apple Silicon,Core ML,Neural Engine,Face Detection (HP),"100%
",42183
543305,MacBook Neo（A18 Pro，2026 年）,Apple Silicon,Core ML,Neural Engine,Face Detection (Q),"100%
",65792
543305,MacBook Neo（A18 Pro，2026 年）,Apple Silicon,Core ML,Neural Engine,Depth Estimation (SP),"100%
",7800
543305,MacBook Neo（A18 Pro，2026 年）,Apple Silicon,Core ML,Neural Engine,Depth Estimation (HP),"99%
",93682
543305,MacBook Neo（A18 Pro，2026 年）,Apple Silicon,Core ML,Neural Engine,Depth Estimation (Q),"85%
",152807
543305,MacBook Neo（A18 Pro，2026 年）,Apple Silicon,Core ML,Neural Engine,Style Transfer (SP),"100%
",21127
543305,MacBook Neo（A18 Pro，2026 年）,Apple Silicon,Core ML,Neural Engine,Style Transfer (HP),"100%
",247387
543305,MacBook Neo（A18 Pro，2026 年）,Apple Silicon,Core ML,Neural Engine,Style Transfer (Q),"96%
",291996
543305,MacBook Neo（A18 Pro，2026 年）,Apple Silicon,Core ML,Neural Engine,Image Super-Resolution (SP),"100%
",4944
543305,MacBook Neo（A18 Pro，2026 年）,Apple Silicon,Core ML,Neural Engine,Image Super-Resolution (HP),"100%
",50494
543305,MacBook Neo（A18 Pro，2026 年）,Apple Silicon,Core ML,Neural Engine,Image Super-Resolution (Q),"99%
",75122
543305,MacBook Neo（A18 Pro，2026 年）,Apple Silicon,Core ML,Neural Engine,Text Classification (SP),"100%
",7026
543305,MacBook Neo（A18 Pro，2026 年）,Apple Silicon,Core ML,Neural Engine,Text Classification (HP),"99%
",10897
543305,MacBook Neo（A18 Pro，2026 年）,Apple Silicon,Core ML,Neural Engine,Text Classification (Q),"92%
",10455
543305,MacBook Neo（A18 Pro，2026 年）,Apple Silicon,Core ML,Neural Engine,Machine Translation (SP),"100%
",4584
543305,MacBook Neo（A18 Pro，2026 年）,Apple Silicon,Core ML,Neural Engine,Machine Translation (HP),"100%
",9363
543305,MacBook Neo（A18 Pro，2026 年）,Apple Silicon,Core ML,Neural Engine,Machine Translation (Q),"98%
",10450
543655,Mac Pro（2019 年）,Intel,Core ML,GPU,Image Classification (SP),"100%
",2965
543655,Mac Pro（2019 年）,Intel,Core ML,GPU,Image Classification (HP),"100%
",3270
543655,Mac Pro（2019 年）,Intel,Core ML,GPU,Image Classification (Q),"96%
",120
543655,Mac Pro（2019 年）,Intel,Core ML,GPU,Image Segmentation (SP),"100%
",368
543655,Mac Pro（2019 年）,Intel,Core ML,GPU,Image Segmentation (HP),"100%
",367
543655,Mac Pro（2019 年）,Intel,Core ML,GPU,Image Segmentation (Q),"99%
",197
543655,Mac Pro（2019 年）,Intel,Core ML,GPU,Pose Estimation (SP),"100%
",49898
543655,Mac Pro（2019 年）,Intel,Core ML,GPU,Pose Estimation (HP),"100%
",43608
543655,Mac Pro（2019 年）,Intel,Core ML,GPU,Pose Estimation (Q),"96%
",2057
543655,Mac Pro（2019 年）,Intel,Core ML,GPU,Object Detection (SP),"100%
",3368
543655,Mac Pro（2019 年）,Intel,Core ML,GPU,Object Detection (HP),"100%
",3393
543655,Mac Pro（2019 年）,Intel,Core ML,GPU,Object Detection (Q),"92%
",128
543655,Mac Pro（2019 年）,Intel,Core ML,GPU,Face Detection (SP),"100%
",7699
543655,Mac Pro（2019 年）,Intel,Core ML,GPU,Face Detection (HP),"100%
",7642
543655,Mac Pro（2019 年）,Intel,Core ML,GPU,Face Detection (Q),"100%
",227
543655,Mac Pro（2019 年）,Intel,Core ML,GPU,Depth Estimation (SP),"100%
",16462
543655,Mac Pro（2019 年）,Intel,Core ML,GPU,Depth Estimation (HP),"99%
",17817
543655,Mac Pro（2019 年）,Intel,Core ML,GPU,Depth Estimation (Q),"85%
",16999
543655,Mac Pro（2019 年）,Intel,Core ML,GPU,Style Transfer (SP),"100%
",87657
543655,Mac Pro（2019 年）,Intel,Core ML,GPU,Style Transfer (HP),"100%
",84290
543655,Mac Pro（2019 年）,Intel,Core ML,GPU,Style Transfer (Q),"96%
",103193
543655,Mac Pro（2019 年）,Intel,Core ML,GPU,Image Super-Resolution (SP),"100%
",6592
543655,Mac Pro（2019 年）,Intel,Core ML,GPU,Image Super-Resolution (HP),"100%
",10469
543655,Mac Pro（2019 年）,Intel,Core ML,GPU,Image Super-Resolution (Q),"99%
",9381
543655,Mac Pro（2019 年）,Intel,Core ML,GPU,Text Classification (SP),"100%
",386
543655,Mac Pro（2019 年）,Intel,Core ML,GPU,Text Classification (HP),"100%
",339
543655,Mac Pro（2019 年）,Intel,Core ML,GPU,Text Classification (Q),"93%
",350
543655,Mac Pro（2019 年）,Intel,Core ML,GPU,Machine Translation (SP),"100%
",920
543655,Mac Pro（2019 年）,Intel,Core ML,GPU,Machine Translation (HP),"100%
",899
543655,Mac Pro（2019 年）,Intel,Core ML,GPU,Machine Translation (Q),"98%
",896
543306,MacBook Neo（A18 Pro，2026 年）,Apple Silicon,Core ML,Neural Engine,Image Classification (SP),"100%
",2132
543306,MacBook Neo（A18 Pro，2026 年）,Apple Silicon,Core ML,Neural Engine,Image Classification (HP),"100%
",14462
543306,MacBook Neo（A18 Pro，2026 年）,Apple Silicon,Core ML,Neural Engine,Image Classification (Q),"97%
",20706
543306,MacBook Neo（A18 Pro，2026 年）,Apple Silicon,Core ML,Neural Engine,Image Segmentation (SP),"100%
",1865
543306,MacBook Neo（A18 Pro，2026 年）,Apple Silicon,Core ML,Neural Engine,Image Segmentation (HP),"100%
",17757
543306,MacBook Neo（A18 Pro，2026 年）,Apple Silicon,Core ML,Neural Engine,Image Segmentation (Q),"99%
",24089
543306,MacBook Neo（A18 Pro，2026 年）,Apple Silicon,Core ML,Neural Engine,Pose Estimation (SP),"100%
",7221
543306,MacBook Neo（A18 Pro，2026 年）,Apple Silicon,Core ML,Neural Engine,Pose Estimation (HP),"100%
",139886
543306,MacBook Neo（A18 Pro，2026 年）,Apple Silicon,Core ML,Neural Engine,Pose Estimation (Q),"95%
",292084
543306,MacBook Neo（A18 Pro，2026 年）,Apple Silicon,Core ML,Neural Engine,Object Detection (SP),"100%
",2402
543306,MacBook Neo（A18 Pro，2026 年）,Apple Silicon,Core ML,Neural Engine,Object Detection (HP),"100%
",15611
543306,MacBook Neo（A18 Pro，2026 年）,Apple Silicon,Core ML,Neural Engine,Object Detection (Q),"89%
",21671
543306,MacBook Neo（A18 Pro，2026 年）,Apple Silicon,Core ML,Neural Engine,Face Detection (SP),"100%
",4003
543306,MacBook Neo（A18 Pro，2026 年）,Apple Silicon,Core ML,Neural Engine,Face Detection (HP),"100%
",42368
543306,MacBook Neo（A18 Pro，2026 年）,Apple Silicon,Core ML,Neural Engine,Face Detection (Q),"100%
",66287
543306,MacBook Neo（A18 Pro，2026 年）,Apple Silicon,Core ML,Neural Engine,Depth Estimation (SP),"100%
",7545
543306,MacBook Neo（A18 Pro，2026 年）,Apple Silicon,Core ML,Neural Engine,Depth Estimation (HP),"99%
",93603
543306,MacBook Neo（A18 Pro，2026 年）,Apple Silicon,Core ML,Neural Engine,Depth Estimation (Q),"85%
",152212
543306,MacBook Neo（A18 Pro，2026 年）,Apple Silicon,Core ML,Neural Engine,Style Transfer (SP),"100%
",20099
543306,MacBook Neo（A18 Pro，2026 年）,Apple Silicon,Core ML,Neural Engine,Style Transfer (HP),"100%
",245887
543306,MacBook Neo（A18 Pro，2026 年）,Apple Silicon,Core ML,Neural Engine,Style Transfer (Q),"96%
",291637
543306,MacBook Neo（A18 Pro，2026 年）,Apple Silicon,Core ML,Neural Engine,Image Super-Resolution (SP),"100%
",4716
543306,MacBook Neo（A18 Pro，2026 年）,Apple Silicon,Core ML,Neural Engine,Image Super-Resolution (HP),"100%
",50502
543306,MacBook Neo（A18 Pro，2026 年）,Apple Silicon,Core ML,Neural Engine,Image Super-Resolution (Q),"99%
",74684
543306,MacBook Neo（A18 Pro，2026 年）,Apple Silicon,Core ML,Neural Engine,Text Classification (SP),"100%
",7039
543306,MacBook Neo（A18 Pro，2026 年）,Apple Silicon,Core ML,Neural Engine,Text Classification (HP),"99%
",10908
543306,MacBook Neo（A18 Pro，2026 年）,Apple Silicon,Core ML,Neural Engine,Text Classification (Q),"92%
",10826
543306,MacBook Neo（A18 Pro，2026 年）,Apple Silicon,Core ML,Neural Engine,Machine Translation (SP),"100%
",4428
543306,MacBook Neo（A18 Pro，2026 年）,Apple Silicon,Core ML,Neural Engine,Machine Translation (HP),"100%
",9360
543306,MacBook Neo（A18 Pro，2026 年）,Apple Silicon,Core ML,Neural Engine,Machine Translation (Q),"98%
",10394
543307,MacBook Neo（A18 Pro，2026 年）,Apple Silicon,Core ML,Neural Engine,Image Classification (SP),"100%
",2131
543307,MacBook Neo（A18 Pro，2026 年）,Apple Silicon,Core ML,Neural Engine,Image Classification (HP),"100%
",14176
543307,MacBook Neo（A18 Pro，2026 年）,Apple Silicon,Core ML,Neural Engine,Image Classification (Q),"97%
",19191
543307,MacBook Neo（A18 Pro，2026 年）,Apple Silicon,Core ML,Neural Engine,Image Segmentation (SP),"100%
",2089
543307,MacBook Neo（A18 Pro，2026 年）,Apple Silicon,Core ML,Neural Engine,Image Segmentation (HP),"100%
",18134
543307,MacBook Neo（A18 Pro，2026 年）,Apple Silicon,Core ML,Neural Engine,Image Segmentation (Q),"99%
",24655
543307,MacBook Neo（A18 Pro，2026 年）,Apple Silicon,Core ML,Neural Engine,Pose Estimation (SP),"100%
",7256
543307,MacBook Neo（A18 Pro，2026 年）,Apple Silicon,Core ML,Neural Engine,Pose Estimation (HP),"100%
",140237
543307,MacBook Neo（A18 Pro，2026 年）,Apple Silicon,Core ML,Neural Engine,Pose Estimation (Q),"95%
",290913
543307,MacBook Neo（A18 Pro，2026 年）,Apple Silicon,Core ML,Neural Engine,Object Detection (SP),"100%
",2204
543307,MacBook Neo（A18 Pro，2026 年）,Apple Silicon,Core ML,Neural Engine,Object Detection (HP),"100%
",15656
543307,MacBook Neo（A18 Pro，2026 年）,Apple Silicon,Core ML,Neural Engine,Object Detection (Q),"89%
",21679
543307,MacBook Neo（A18 Pro，2026 年）,Apple Silicon,Core ML,Neural Engine,Face Detection (SP),"100%
",4179
543307,MacBook Neo（A18 Pro，2026 年）,Apple Silicon,Core ML,Neural Engine,Face Detection (HP),"100%
",42250
543307,MacBook Neo（A18 Pro，2026 年）,Apple Silicon,Core ML,Neural Engine,Face Detection (Q),"100%
",65455
543307,MacBook Neo（A18 Pro，2026 年）,Apple Silicon,Core ML,Neural Engine,Depth Estimation (SP),"100%
",7373
543307,MacBook Neo（A18 Pro，2026 年）,Apple Silicon,Core ML,Neural Engine,Depth Estimation (HP),"99%
",93000
543307,MacBook Neo（A18 Pro，2026 年）,Apple Silicon,Core ML,Neural Engine,Depth Estimation (Q),"85%
",163160
543307,MacBook Neo（A18 Pro，2026 年）,Apple Silicon,Core ML,Neural Engine,Style Transfer (SP),"100%
",18580
543307,MacBook Neo（A18 Pro，2026 年）,Apple Silicon,Core ML,Neural Engine,Style Transfer (HP),"100%
",246297
543307,MacBook Neo（A18 Pro，2026 年）,Apple Silicon,Core ML,Neural Engine,Style Transfer (Q),"96%
",294590
543307,MacBook Neo（A18 Pro，2026 年）,Apple Silicon,Core ML,Neural Engine,Image Super-Resolution (SP),"100%
",4349
543307,MacBook Neo（A18 Pro，2026 年）,Apple Silicon,Core ML,Neural Engine,Image Super-Resolution (HP),"100%
",51140
543307,MacBook Neo（A18 Pro，2026 年）,Apple Silicon,Core ML,Neural Engine,Image Super-Resolution (Q),"99%
",75947
543307,MacBook Neo（A18 Pro，2026 年）,Apple Silicon,Core ML,Neural Engine,Text Classification (SP),"100%
",7253
543307,MacBook Neo（A18 Pro，2026 年）,Apple Silicon,Core ML,Neural Engine,Text Classification (HP),"99%
",10928
543307,MacBook Neo（A18 Pro，2026 年）,Apple Silicon,Core ML,Neural Engine,Text Classification (Q),"92%
",10914
543307,MacBook Neo（A18 Pro，2026 年）,Apple Silicon,Core ML,Neural Engine,Machine Translation (SP),"100%
",4415
543307,MacBook Neo（A18 Pro，2026 年）,Apple Silicon,Core ML,Neural Engine,Machine Translation (HP),"100%
",9487
543307,MacBook Neo（A18 Pro，2026 年）,Apple Silicon,Core ML,Neural Engine,Machine Translation (Q),"98%
",10479
543309,MacBook Neo（A18 Pro，2026 年）,Apple Silicon,Core ML,Neural Engine,Image Classification (SP),"100%
",2148
543309,MacBook Neo（A18 Pro，2026 年）,Apple Silicon,Core ML,Neural Engine,Image Classification (HP),"100%
",13690
543309,MacBook Neo（A18 Pro，2026 年）,Apple Silicon,Core ML,Neural Engine,Image Classification (Q),"97%
",19088
543309,MacBook Neo（A18 Pro，2026 年）,Apple Silicon,Core ML,Neural Engine,Image Segmentation (SP),"100%
",2045
543309,MacBook Neo（A18 Pro，2026 年）,Apple Silicon,Core ML,Neural Engine,Image Segmentation (HP),"100%
",18146
543309,MacBook Neo（A18 Pro，2026 年）,Apple Silicon,Core ML,Neural Engine,Image Segmentation (Q),"99%
",24636
543309,MacBook Neo（A18 Pro，2026 年）,Apple Silicon,Core ML,Neural Engine,Pose Estimation (SP),"100%
",7388
543309,MacBook Neo（A18 Pro，2026 年）,Apple Silicon,Core ML,Neural Engine,Pose Estimation (HP),"100%
",146222
543309,MacBook Neo（A18 Pro，2026 年）,Apple Silicon,Core ML,Neural Engine,Pose Estimation (Q),"95%
",291607
543309,MacBook Neo（A18 Pro，2026 年）,Apple Silicon,Core ML,Neural Engine,Object Detection (SP),"100%
",2396
543309,MacBook Neo（A18 Pro，2026 年）,Apple Silicon,Core ML,Neural Engine,Object Detection (HP),"100%
",15396
543309,MacBook Neo（A18 Pro，2026 年）,Apple Silicon,Core ML,Neural Engine,Object Detection (Q),"89%
",21359
543309,MacBook Neo（A18 Pro，2026 年）,Apple Silicon,Core ML,Neural Engine,Face Detection (SP),"100%
",4297
543309,MacBook Neo（A18 Pro，2026 年）,Apple Silicon,Core ML,Neural Engine,Face Detection (HP),"100%
",42165
543309,MacBook Neo（A18 Pro，2026 年）,Apple Silicon,Core ML,Neural Engine,Face Detection (Q),"100%
",65703
543309,MacBook Neo（A18 Pro，2026 年）,Apple Silicon,Core ML,Neural Engine,Depth Estimation (SP),"100%
",7489
543309,MacBook Neo（A18 Pro，2026 年）,Apple Silicon,Core ML,Neural Engine,Depth Estimation (HP),"99%
",93731
543309,MacBook Neo（A18 Pro，2026 年）,Apple Silicon,Core ML,Neural Engine,Depth Estimation (Q),"85%
",155269
543309,MacBook Neo（A18 Pro，2026 年）,Apple Silicon,Core ML,Neural Engine,Style Transfer (SP),"100%
",19480
543309,MacBook Neo（A18 Pro，2026 年）,Apple Silicon,Core ML,Neural Engine,Style Transfer (HP),"100%
",245539
543309,MacBook Neo（A18 Pro，2026 年）,Apple Silicon,Core ML,Neural Engine,Style Transfer (Q),"96%
",291789
543309,MacBook Neo（A18 Pro，2026 年）,Apple Silicon,Core ML,Neural Engine,Image Super-Resolution (SP),"100%
",4637
543309,MacBook Neo（A18 Pro，2026 年）,Apple Silicon,Core ML,Neural Engine,Image Super-Resolution (HP),"100%
",50366
543309,MacBook Neo（A18 Pro，2026 年）,Apple Silicon,Core ML,Neural Engine,Image Super-Resolution (Q),"99%
",74168
543309,MacBook Neo（A18 Pro，2026 年）,Apple Silicon,Core ML,Neural Engine,Text Classification (SP),"100%
",7032
543309,MacBook Neo（A18 Pro，2026 年）,Apple Silicon,Core ML,Neural Engine,Text Classification (HP),"99%
",10513
543309,MacBook Neo（A18 Pro，2026 年）,Apple Silicon,Core ML,Neural Engine,Text Classification (Q),"92%
",10373
543309,MacBook Neo（A18 Pro，2026 年）,Apple Silicon,Core ML,Neural Engine,Machine Translation (SP),"100%
",4432
543309,MacBook Neo（A18 Pro，2026 年）,Apple Silicon,Core ML,Neural Engine,Machine Translation (HP),"100%
",9354
543309,MacBook Neo（A18 Pro，2026 年）,Apple Silicon,Core ML,Neural Engine,Machine Translation (Q),"98%
",10416
543310,MacBook Neo（A18 Pro，2026 年）,Apple Silicon,Core ML,Neural Engine,Image Classification (SP),"100%
",2161
543310,MacBook Neo（A18 Pro，2026 年）,Apple Silicon,Core ML,Neural Engine,Image Classification (HP),"100%
",13838
543310,MacBook Neo（A18 Pro，2026 年）,Apple Silicon,Core ML,Neural Engine,Image Classification (Q),"97%
",18444
543310,MacBook Neo（A18 Pro，2026 年）,Apple Silicon,Core ML,Neural Engine,Image Segmentation (SP),"100%
",2052
543310,MacBook Neo（A18 Pro，2026 年）,Apple Silicon,Core ML,Neural Engine,Image Segmentation (HP),"100%
",18155
543310,MacBook Neo（A18 Pro，2026 年）,Apple Silicon,Core ML,Neural Engine,Image Segmentation (Q),"99%
",24671
543310,MacBook Neo（A18 Pro，2026 年）,Apple Silicon,Core ML,Neural Engine,Pose Estimation (SP),"100%
",7463
543310,MacBook Neo（A18 Pro，2026 年）,Apple Silicon,Core ML,Neural Engine,Pose Estimation (HP),"100%
",147561
543310,MacBook Neo（A18 Pro，2026 年）,Apple Silicon,Core ML,Neural Engine,Pose Estimation (Q),"95%
",291066
543310,MacBook Neo（A18 Pro，2026 年）,Apple Silicon,Core ML,Neural Engine,Object Detection (SP),"100%
",2434
543310,MacBook Neo（A18 Pro，2026 年）,Apple Silicon,Core ML,Neural Engine,Object Detection (HP),"100%
",15437
543310,MacBook Neo（A18 Pro，2026 年）,Apple Silicon,Core ML,Neural Engine,Object Detection (Q),"89%
",21669
543310,MacBook Neo（A18 Pro，2026 年）,Apple Silicon,Core ML,Neural Engine,Face Detection (SP),"100%
",4299
543310,MacBook Neo（A18 Pro，2026 年）,Apple Silicon,Core ML,Neural Engine,Face Detection (HP),"100%
",42011
543310,MacBook Neo（A18 Pro，2026 年）,Apple Silicon,Core ML,Neural Engine,Face Detection (Q),"100%
",65833
543310,MacBook Neo（A18 Pro，2026 年）,Apple Silicon,Core ML,Neural Engine,Depth Estimation (SP),"100%
",7547
543310,MacBook Neo（A18 Pro，2026 年）,Apple Silicon,Core ML,Neural Engine,Depth Estimation (HP),"99%
",93385
543310,MacBook Neo（A18 Pro，2026 年）,Apple Silicon,Core ML,Neural Engine,Depth Estimation (Q),"85%
",150067
543310,MacBook Neo（A18 Pro，2026 年）,Apple Silicon,Core ML,Neural Engine,Style Transfer (SP),"100%
",19712
543310,MacBook Neo（A18 Pro，2026 年）,Apple Silicon,Core ML,Neural Engine,Style Transfer (HP),"100%
",246789
543310,MacBook Neo（A18 Pro，2026 年）,Apple Silicon,Core ML,Neural Engine,Style Transfer (Q),"96%
",292165
543310,MacBook Neo（A18 Pro，2026 年）,Apple Silicon,Core ML,Neural Engine,Image Super-Resolution (SP),"100%
",4651
543310,MacBook Neo（A18 Pro，2026 年）,Apple Silicon,Core ML,Neural Engine,Image Super-Resolution (HP),"100%
",50851
543310,MacBook Neo（A18 Pro，2026 年）,Apple Silicon,Core ML,Neural Engine,Image Super-Resolution (Q),"99%
",74802
543310,MacBook Neo（A18 Pro，2026 年）,Apple Silicon,Core ML,Neural Engine,Text Classification (SP),"100%
",6906
543310,MacBook Neo（A18 Pro，2026 年）,Apple Silicon,Core ML,Neural Engine,Text Classification (HP),"99%
",10631
543310,MacBook Neo（A18 Pro，2026 年）,Apple Silicon,Core ML,Neural Engine,Text Classification (Q),"92%
",10439
543310,MacBook Neo（A18 Pro，2026 年）,Apple Silicon,Core ML,Neural Engine,Machine Translation (SP),"100%
",4543
543310,MacBook Neo（A18 Pro，2026 年）,Apple Silicon,Core ML,Neural Engine,Machine Translation (HP),"100%
",9362
543310,MacBook Neo（A18 Pro，2026 年）,Apple Silicon,Core ML,Neural Engine,Machine Translation (Q),"98%
",10392
543311,MacBook Neo（A18 Pro，2026 年）,Apple Silicon,Core ML,Neural Engine,Image Classification (SP),"100%
",2112
543311,MacBook Neo（A18 Pro，2026 年）,Apple Silicon,Core ML,Neural Engine,Image Classification (HP),"100%
",14531
543311,MacBook Neo（A18 Pro，2026 年）,Apple Silicon,Core ML,Neural Engine,Image Classification (Q),"97%
",18551
543311,MacBook Neo（A18 Pro，2026 年）,Apple Silicon,Core ML,Neural Engine,Image Segmentation (SP),"100%
",2043
543311,MacBook Neo（A18 Pro，2026 年）,Apple Silicon,Core ML,Neural Engine,Image Segmentation (HP),"100%
",18313
543311,MacBook Neo（A18 Pro，2026 年）,Apple Silicon,Core ML,Neural Engine,Image Segmentation (Q),"99%
",24756
543311,MacBook Neo（A18 Pro，2026 年）,Apple Silicon,Core ML,Neural Engine,Pose Estimation (SP),"100%
",7325
543311,MacBook Neo（A18 Pro，2026 年）,Apple Silicon,Core ML,Neural Engine,Pose Estimation (HP),"100%
",145595
543311,MacBook Neo（A18 Pro，2026 年）,Apple Silicon,Core ML,Neural Engine,Pose Estimation (Q),"95%
",292164
543311,MacBook Neo（A18 Pro，2026 年）,Apple Silicon,Core ML,Neural Engine,Object Detection (SP),"100%
",2322
543311,MacBook Neo（A18 Pro，2026 年）,Apple Silicon,Core ML,Neural Engine,Object Detection (HP),"100%
",15490
543311,MacBook Neo（A18 Pro，2026 年）,Apple Silicon,Core ML,Neural Engine,Object Detection (Q),"89%
",21413
543311,MacBook Neo（A18 Pro，2026 年）,Apple Silicon,Core ML,Neural Engine,Face Detection (SP),"100%
",4215
543311,MacBook Neo（A18 Pro，2026 年）,Apple Silicon,Core ML,Neural Engine,Face Detection (HP),"100%
",42086
543311,MacBook Neo（A18 Pro，2026 年）,Apple Silicon,Core ML,Neural Engine,Face Detection (Q),"100%
",65135
543311,MacBook Neo（A18 Pro，2026 年）,Apple Silicon,Core ML,Neural Engine,Depth Estimation (SP),"100%
",7265
543311,MacBook Neo（A18 Pro，2026 年）,Apple Silicon,Core ML,Neural Engine,Depth Estimation (HP),"99%
",93221
543311,MacBook Neo（A18 Pro，2026 年）,Apple Silicon,Core ML,Neural Engine,Depth Estimation (Q),"85%
",160178
543311,MacBook Neo（A18 Pro，2026 年）,Apple Silicon,Core ML,Neural Engine,Style Transfer (SP),"100%
",18996
543311,MacBook Neo（A18 Pro，2026 年）,Apple Silicon,Core ML,Neural Engine,Style Transfer (HP),"100%
",246858
543311,MacBook Neo（A18 Pro，2026 年）,Apple Silicon,Core ML,Neural Engine,Style Transfer (Q),"96%
",293964
543311,MacBook Neo（A18 Pro，2026 年）,Apple Silicon,Core ML,Neural Engine,Image Super-Resolution (SP),"100%
",4517
543311,MacBook Neo（A18 Pro，2026 年）,Apple Silicon,Core ML,Neural Engine,Image Super-Resolution (HP),"100%
",51126
543311,MacBook Neo（A18 Pro，2026 年）,Apple Silicon,Core ML,Neural Engine,Image Super-Resolution (Q),"99%
",78194
543311,MacBook Neo（A18 Pro，2026 年）,Apple Silicon,Core ML,Neural Engine,Text Classification (SP),"100%
",6675
543311,MacBook Neo（A18 Pro，2026 年）,Apple Silicon,Core ML,Neural Engine,Text Classification (HP),"99%
",10577
543311,MacBook Neo（A18 Pro，2026 年）,Apple Silicon,Core ML,Neural Engine,Text Classification (Q),"92%
",10390
543311,MacBook Neo（A18 Pro，2026 年）,Apple Silicon,Core ML,Neural Engine,Machine Translation (SP),"100%
",4350
543311,MacBook Neo（A18 Pro，2026 年）,Apple Silicon,Core ML,Neural Engine,Machine Translation (HP),"100%
",9327
543311,MacBook Neo（A18 Pro，2026 年）,Apple Silicon,Core ML,Neural Engine,Machine Translation (Q),"98%
",10311
543313,MacBook Neo（A18 Pro，2026 年）,Apple Silicon,Core ML,Neural Engine,Image Classification (SP),"100%
",2098
543313,MacBook Neo（A18 Pro，2026 年）,Apple Silicon,Core ML,Neural Engine,Image Classification (HP),"100%
",14196
543313,MacBook Neo（A18 Pro，2026 年）,Apple Silicon,Core ML,Neural Engine,Image Classification (Q),"97%
",20187
543313,MacBook Neo（A18 Pro，2026 年）,Apple Silicon,Core ML,Neural Engine,Image Segmentation (SP),"100%
",1951
543313,MacBook Neo（A18 Pro，2026 年）,Apple Silicon,Core ML,Neural Engine,Image Segmentation (HP),"100%
",18156
543313,MacBook Neo（A18 Pro，2026 年）,Apple Silicon,Core ML,Neural Engine,Image Segmentation (Q),"99%
",24665
543313,MacBook Neo（A18 Pro，2026 年）,Apple Silicon,Core ML,Neural Engine,Pose Estimation (SP),"100%
",7246
543313,MacBook Neo（A18 Pro，2026 年）,Apple Silicon,Core ML,Neural Engine,Pose Estimation (HP),"100%
",144077
543313,MacBook Neo（A18 Pro，2026 年）,Apple Silicon,Core ML,Neural Engine,Pose Estimation (Q),"95%
",292856
543313,MacBook Neo（A18 Pro，2026 年）,Apple Silicon,Core ML,Neural Engine,Object Detection (SP),"100%
",2364
543313,MacBook Neo（A18 Pro，2026 年）,Apple Silicon,Core ML,Neural Engine,Object Detection (HP),"100%
",15426
543313,MacBook Neo（A18 Pro，2026 年）,Apple Silicon,Core ML,Neural Engine,Object Detection (Q),"89%
",21686
543313,MacBook Neo（A18 Pro，2026 年）,Apple Silicon,Core ML,Neural Engine,Face Detection (SP),"100%
",4158
543313,MacBook Neo（A18 Pro，2026 年）,Apple Silicon,Core ML,Neural Engine,Face Detection (HP),"100%
",42279
543313,MacBook Neo（A18 Pro，2026 年）,Apple Silicon,Core ML,Neural Engine,Face Detection (Q),"100%
",64479
543313,MacBook Neo（A18 Pro，2026 年）,Apple Silicon,Core ML,Neural Engine,Depth Estimation (SP),"100%
",7357
543313,MacBook Neo（A18 Pro，2026 年）,Apple Silicon,Core ML,Neural Engine,Depth Estimation (HP),"99%
",92307
543313,MacBook Neo（A18 Pro，2026 年）,Apple Silicon,Core ML,Neural Engine,Depth Estimation (Q),"85%
",156338
543313,MacBook Neo（A18 Pro，2026 年）,Apple Silicon,Core ML,Neural Engine,Style Transfer (SP),"100%
",18877
543313,MacBook Neo（A18 Pro，2026 年）,Apple Silicon,Core ML,Neural Engine,Style Transfer (HP),"100%
",244103
543313,MacBook Neo（A18 Pro，2026 年）,Apple Silicon,Core ML,Neural Engine,Style Transfer (Q),"96%
",293997
543313,MacBook Neo（A18 Pro，2026 年）,Apple Silicon,Core ML,Neural Engine,Image Super-Resolution (SP),"100%
",4536
543313,MacBook Neo（A18 Pro，2026 年）,Apple Silicon,Core ML,Neural Engine,Image Super-Resolution (HP),"100%
",50427
543313,MacBook Neo（A18 Pro，2026 年）,Apple Silicon,Core ML,Neural Engine,Image Super-Resolution (Q),"99%
",73995
543313,MacBook Neo（A18 Pro，2026 年）,Apple Silicon,Core ML,Neural Engine,Text Classification (SP),"100%
",6963
543313,MacBook Neo（A18 Pro，2026 年）,Apple Silicon,Core ML,Neural Engine,Text Classification (HP),"99%
",10428
543313,MacBook Neo（A18 Pro，2026 年）,Apple Silicon,Core ML,Neural Engine,Text Classification (Q),"92%
",10544
543313,MacBook Neo（A18 Pro，2026 年）,Apple Silicon,Core ML,Neural Engine,Machine Translation (SP),"100%
",4396
543313,MacBook Neo（A18 Pro，2026 年）,Apple Silicon,Core ML,Neural Engine,Machine Translation (HP),"100%
",9372
543313,MacBook Neo（A18 Pro，2026 年）,Apple Silicon,Core ML,Neural Engine,Machine Translation (Q),"98%
",10434
543314,MacBook Neo（A18 Pro，2026 年）,Apple Silicon,Core ML,Neural Engine,Image Classification (SP),"100%
",2127
543314,MacBook Neo（A18 Pro，2026 年）,Apple Silicon,Core ML,Neural Engine,Image Classification (HP),"100%
",13713
543314,MacBook Neo（A18 Pro，2026 年）,Apple Silicon,Core ML,Neural Engine,Image Classification (Q),"97%
",19667
543314,MacBook Neo（A18 Pro，2026 年）,Apple Silicon,Core ML,Neural Engine,Image Segmentation (SP),"100%
",2069
543314,MacBook Neo（A18 Pro，2026 年）,Apple Silicon,Core ML,Neural Engine,Image Segmentation (HP),"100%
",18133
543314,MacBook Neo（A18 Pro，2026 年）,Apple Silicon,Core ML,Neural Engine,Image Segmentation (Q),"99%
",24698
543314,MacBook Neo（A18 Pro，2026 年）,Apple Silicon,Core ML,Neural Engine,Pose Estimation (SP),"100%
",7388
543314,MacBook Neo（A18 Pro，2026 年）,Apple Silicon,Core ML,Neural Engine,Pose Estimation (HP),"100%
",145777
543314,MacBook Neo（A18 Pro，2026 年）,Apple Silicon,Core ML,Neural Engine,Pose Estimation (Q),"95%
",289724
543314,MacBook Neo（A18 Pro，2026 年）,Apple Silicon,Core ML,Neural Engine,Object Detection (SP),"100%
",2397
543314,MacBook Neo（A18 Pro，2026 年）,Apple Silicon,Core ML,Neural Engine,Object Detection (HP),"100%
",15387
543314,MacBook Neo（A18 Pro，2026 年）,Apple Silicon,Core ML,Neural Engine,Object Detection (Q),"89%
",21410
543314,MacBook Neo（A18 Pro，2026 年）,Apple Silicon,Core ML,Neural Engine,Face Detection (SP),"100%
",4281
543314,MacBook Neo（A18 Pro，2026 年）,Apple Silicon,Core ML,Neural Engine,Face Detection (HP),"100%
",42391
543314,MacBook Neo（A18 Pro，2026 年）,Apple Silicon,Core ML,Neural Engine,Face Detection (Q),"100%
",65273
543314,MacBook Neo（A18 Pro，2026 年）,Apple Silicon,Core ML,Neural Engine,Depth Estimation (SP),"100%
",7318
543314,MacBook Neo（A18 Pro，2026 年）,Apple Silicon,Core ML,Neural Engine,Depth Estimation (HP),"99%
",93394
543314,MacBook Neo（A18 Pro，2026 年）,Apple Silicon,Core ML,Neural Engine,Depth Estimation (Q),"85%
",151664
543314,MacBook Neo（A18 Pro，2026 年）,Apple Silicon,Core ML,Neural Engine,Style Transfer (SP),"100%
",19691
543314,MacBook Neo（A18 Pro，2026 年）,Apple Silicon,Core ML,Neural Engine,Style Transfer (HP),"100%
",246895
543314,MacBook Neo（A18 Pro，2026 年）,Apple Silicon,Core ML,Neural Engine,Style Transfer (Q),"96%
",293587
543314,MacBook Neo（A18 Pro，2026 年）,Apple Silicon,Core ML,Neural Engine,Image Super-Resolution (SP),"100%
",4691
543314,MacBook Neo（A18 Pro，2026 年）,Apple Silicon,Core ML,Neural Engine,Image Super-Resolution (HP),"100%
",50500
543314,MacBook Neo（A18 Pro，2026 年）,Apple Silicon,Core ML,Neural Engine,Image Super-Resolution (Q),"99%
",73857
543314,MacBook Neo（A18 Pro，2026 年）,Apple Silicon,Core ML,Neural Engine,Text Classification (SP),"100%
",6966
543314,MacBook Neo（A18 Pro，2026 年）,Apple Silicon,Core ML,Neural Engine,Text Classification (HP),"99%
",10593
543314,MacBook Neo（A18 Pro，2026 年）,Apple Silicon,Core ML,Neural Engine,Text Classification (Q),"92%
",10722
543314,MacBook Neo（A18 Pro，2026 年）,Apple Silicon,Core ML,Neural Engine,Machine Translation (SP),"100%
",4441
543314,MacBook Neo（A18 Pro，2026 年）,Apple Silicon,Core ML,Neural Engine,Machine Translation (HP),"100%
",9342
543314,MacBook Neo（A18 Pro，2026 年）,Apple Silicon,Core ML,Neural Engine,Machine Translation (Q),"98%
",10404
543664,Mac Pro（2019 年）,Intel,Core ML,CPU,Image Classification (SP),"100%
",318
543664,Mac Pro（2019 年）,Intel,Core ML,CPU,Image Classification (HP),"100%
",256
543664,Mac Pro（2019 年）,Intel,Core ML,CPU,Image Classification (Q),"96%
",140
543664,Mac Pro（2019 年）,Intel,Core ML,CPU,Image Segmentation (SP),"100%
",337
543664,Mac Pro（2019 年）,Intel,Core ML,CPU,Image Segmentation (HP),"100%
",286
543664,Mac Pro（2019 年）,Intel,Core ML,CPU,Image Segmentation (Q),"99%
",198
543664,Mac Pro（2019 年）,Intel,Core ML,CPU,Pose Estimation (SP),"100%
",2379
543664,Mac Pro（2019 年）,Intel,Core ML,CPU,Pose Estimation (HP),"100%
",491
543664,Mac Pro（2019 年）,Intel,Core ML,CPU,Pose Estimation (Q),"96%
",444
543664,Mac Pro（2019 年）,Intel,Core ML,CPU,Object Detection (SP),"100%
",323
543664,Mac Pro（2019 年）,Intel,Core ML,CPU,Object Detection (HP),"100%
",275
543664,Mac Pro（2019 年）,Intel,Core ML,CPU,Object Detection (Q),"92%
",161
543664,Mac Pro（2019 年）,Intel,Core ML,CPU,Face Detection (SP),"100%
",803
543664,Mac Pro（2019 年）,Intel,Core ML,CPU,Face Detection (HP),"100%
",616
543664,Mac Pro（2019 年）,Intel,Core ML,CPU,Face Detection (Q),"100%
",254
543664,Mac Pro（2019 年）,Intel,Core ML,CPU,Depth Estimation (SP),"100%
",1061
543664,Mac Pro（2019 年）,Intel,Core ML,CPU,Depth Estimation (HP),"99%
",769
543664,Mac Pro（2019 年）,Intel,Core ML,CPU,Depth Estimation (Q),"85%
",502
543664,Mac Pro（2019 年）,Intel,Core ML,CPU,Style Transfer (SP),"100%
",2880
543664,Mac Pro（2019 年）,Intel,Core ML,CPU,Style Transfer (HP),"100%
",1785
543664,Mac Pro（2019 年）,Intel,Core ML,CPU,Style Transfer (Q),"96%
",1447
543664,Mac Pro（2019 年）,Intel,Core ML,CPU,Image Super-Resolution (SP),"100%
",1250
543664,Mac Pro（2019 年）,Intel,Core ML,CPU,Image Super-Resolution (HP),"100%
",402
543664,Mac Pro（2019 年）,Intel,Core ML,CPU,Image Super-Resolution (Q),"99%
",262
543664,Mac Pro（2019 年）,Intel,Core ML,CPU,Text Classification (SP),"99%
",978
543664,Mac Pro（2019 年）,Intel,Core ML,CPU,Text Classification (HP),"99%
",958
543664,Mac Pro（2019 年）,Intel,Core ML,CPU,Text Classification (Q),"93%
",972
543664,Mac Pro（2019 年）,Intel,Core ML,CPU,Machine Translation (SP),"100%
",475
543664,Mac Pro（2019 年）,Intel,Core ML,CPU,Machine Translation (HP),"100%
",444
543664,Mac Pro（2019 年）,Intel,Core ML,CPU,Machine Translation (Q),"98%
",443
543665,iMac Pro（2017 年）,Intel,Core ML,CPU,Image Classification (SP),"100%
",706
543665,iMac Pro（2017 年）,Intel,Core ML,CPU,Image Classification (HP),"
",0
543665,iMac Pro（2017 年）,Intel,Core ML,CPU,Image Classification (Q),"
",0
543665,iMac Pro（2017 年）,Intel,Core ML,CPU,Image Segmentation (SP),"100%
",807
543665,iMac Pro（2017 年）,Intel,Core ML,CPU,Image Segmentation (HP),"
",0
543665,iMac Pro（2017 年）,Intel,Core ML,CPU,Image Segmentation (Q),"
",0
543665,iMac Pro（2017 年）,Intel,Core ML,CPU,Pose Estimation (SP),"100%
",4227
543665,iMac Pro（2017 年）,Intel,Core ML,CPU,Pose Estimation (HP),"100%
",1523
543665,iMac Pro（2017 年）,Intel,Core ML,CPU,Pose Estimation (Q),"96%
",1287
543665,iMac Pro（2017 年）,Intel,Core ML,CPU,Object Detection (SP),"100%
",755
543665,iMac Pro（2017 年）,Intel,Core ML,CPU,Object Detection (HP),"
",0
543665,iMac Pro（2017 年）,Intel,Core ML,CPU,Object Detection (Q),"
",0
543665,iMac Pro（2017 年）,Intel,Core ML,CPU,Face Detection (SP),"100%
",1502
543665,iMac Pro（2017 年）,Intel,Core ML,CPU,Face Detection (HP),"100%
",1127
543665,iMac Pro（2017 年）,Intel,Core ML,CPU,Face Detection (Q),"100%
",467
543665,iMac Pro（2017 年）,Intel,Core ML,CPU,Depth Estimation (SP),"100%
",2245
543665,iMac Pro（2017 年）,Intel,Core ML,CPU,Depth Estimation (HP),"99%
",1865
543665,iMac Pro（2017 年）,Intel,Core ML,CPU,Depth Estimation (Q),"85%
",1069
543665,iMac Pro（2017 年）,Intel,Core ML,CPU,Style Transfer (SP),"100%
",5606
543665,iMac Pro（2017 年）,Intel,Core ML,CPU,Style Transfer (HP),"100%
",4490
543665,iMac Pro（2017 年）,Intel,Core ML,CPU,Style Transfer (Q),"96%
",3416
543665,iMac Pro（2017 年）,Intel,Core ML,CPU,Image Super-Resolution (SP),"100%
",2413
543665,iMac Pro（2017 年）,Intel,Core ML,CPU,Image Super-Resolution (HP),"100%
",1005
543665,iMac Pro（2017 年）,Intel,Core ML,CPU,Image Super-Resolution (Q),"99%
",565
543665,iMac Pro（2017 年）,Intel,Core ML,CPU,Text Classification (SP),"100%
",597
543665,iMac Pro（2017 年）,Intel,Core ML,CPU,Text Classification (HP),"100%
",580
543665,iMac Pro（2017 年）,Intel,Core ML,CPU,Text Classification (Q),"93%
",574
543665,iMac Pro（2017 年）,Intel,Core ML,CPU,Machine Translation (SP),"100%
",498
543665,iMac Pro（2017 年）,Intel,Core ML,CPU,Machine Translation (HP),"100%
",887
543665,iMac Pro（2017 年）,Intel,Core ML,CPU,Machine Translation (Q),"98%
",889
543668,iMac Pro（2017 年）,Intel,Core ML,CPU,Image Classification (SP),"100%
",697
543668,iMac Pro（2017 年）,Intel,Core ML,CPU,Image Classification (HP),"
",0
543668,iMac Pro（2017 年）,Intel,Core ML,CPU,Image Classification (Q),"
",0
543668,iMac Pro（2017 年）,Intel,Core ML,CPU,Image Segmentation (SP),"100%
",800
543668,iMac Pro（2017 年）,Intel,Core ML,CPU,Image Segmentation (HP),"
",0
543668,iMac Pro（2017 年）,Intel,Core ML,CPU,Image Segmentation (Q),"
",0
543668,iMac Pro（2017 年）,Intel,Core ML,CPU,Pose Estimation (SP),"100%
",4088
543668,iMac Pro（2017 年）,Intel,Core ML,CPU,Pose Estimation (HP),"100%
",1522
543668,iMac Pro（2017 年）,Intel,Core ML,CPU,Pose Estimation (Q),"96%
",1315
543668,iMac Pro（2017 年）,Intel,Core ML,CPU,Object Detection (SP),"100%
",754
543668,iMac Pro（2017 年）,Intel,Core ML,CPU,Object Detection (HP),"
",0
543668,iMac Pro（2017 年）,Intel,Core ML,CPU,Object Detection (Q),"
",0
543668,iMac Pro（2017 年）,Intel,Core ML,CPU,Face Detection (SP),"100%
",1491
543668,iMac Pro（2017 年）,Intel,Core ML,CPU,Face Detection (HP),"100%
",1124
543668,iMac Pro（2017 年）,Intel,Core ML,CPU,Face Detection (Q),"100%
",464
543668,iMac Pro（2017 年）,Intel,Core ML,CPU,Depth Estimation (SP),"100%
",2180
543668,iMac Pro（2017 年）,Intel,Core ML,CPU,Depth Estimation (HP),"99%
",1850
543668,iMac Pro（2017 年）,Intel,Core ML,CPU,Depth Estimation (Q),"85%
",1073
543668,iMac Pro（2017 年）,Intel,Core ML,CPU,Style Transfer (SP),"100%
",5482
543668,iMac Pro（2017 年）,Intel,Core ML,CPU,Style Transfer (HP),"100%
",4603
543668,iMac Pro（2017 年）,Intel,Core ML,CPU,Style Transfer (Q),"96%
",3544
543668,iMac Pro（2017 年）,Intel,Core ML,CPU,Image Super-Resolution (SP),"100%
",2336
543668,iMac Pro（2017 年）,Intel,Core ML,CPU,Image Super-Resolution (HP),"100%
",1001
543668,iMac Pro（2017 年）,Intel,Core ML,CPU,Image Super-Resolution (Q),"99%
",564
543668,iMac Pro（2017 年）,Intel,Core ML,CPU,Text Classification (SP),"100%
",593
543668,iMac Pro（2017 年）,Intel,Core ML,CPU,Text Classification (HP),"100%
",578
543668,iMac Pro（2017 年）,Intel,Core ML,CPU,Text Classification (Q),"93%
",575
543668,iMac Pro（2017 年）,Intel,Core ML,CPU,Machine Translation (SP),"100%
",496
543668,iMac Pro（2017 年）,Intel,Core ML,CPU,Machine Translation (HP),"100%
",880
543668,iMac Pro（2017 年）,Intel,Core ML,CPU,Machine Translation (Q),"98%
",878
543340,MacBook Neo（A18 Pro，2026 年）,Apple Silicon,Core ML,Neural Engine,Image Classification (SP),"100%
",2110
543340,MacBook Neo（A18 Pro，2026 年）,Apple Silicon,Core ML,Neural Engine,Image Classification (HP),"100%
",13938
543340,MacBook Neo（A18 Pro，2026 年）,Apple Silicon,Core ML,Neural Engine,Image Classification (Q),"97%
",19892
543340,MacBook Neo（A18 Pro，2026 年）,Apple Silicon,Core ML,Neural Engine,Image Segmentation (SP),"100%
",2090
543340,MacBook Neo（A18 Pro，2026 年）,Apple Silicon,Core ML,Neural Engine,Image Segmentation (HP),"100%
",18252
543340,MacBook Neo（A18 Pro，2026 年）,Apple Silicon,Core ML,Neural Engine,Image Segmentation (Q),"99%
",24716
543340,MacBook Neo（A18 Pro，2026 年）,Apple Silicon,Core ML,Neural Engine,Pose Estimation (SP),"100%
",7087
543340,MacBook Neo（A18 Pro，2026 年）,Apple Silicon,Core ML,Neural Engine,Pose Estimation (HP),"100%
",150392
543340,MacBook Neo（A18 Pro，2026 年）,Apple Silicon,Core ML,Neural Engine,Pose Estimation (Q),"95%
",290854
543340,MacBook Neo（A18 Pro，2026 年）,Apple Silicon,Core ML,Neural Engine,Object Detection (SP),"100%
",2400
543340,MacBook Neo（A18 Pro，2026 年）,Apple Silicon,Core ML,Neural Engine,Object Detection (HP),"100%
",15581
543340,MacBook Neo（A18 Pro，2026 年）,Apple Silicon,Core ML,Neural Engine,Object Detection (Q),"89%
",21547
543340,MacBook Neo（A18 Pro，2026 年）,Apple Silicon,Core ML,Neural Engine,Face Detection (SP),"100%
",4230
543340,MacBook Neo（A18 Pro，2026 年）,Apple Silicon,Core ML,Neural Engine,Face Detection (HP),"100%
",41999
543340,MacBook Neo（A18 Pro，2026 年）,Apple Silicon,Core ML,Neural Engine,Face Detection (Q),"100%
",62319
543340,MacBook Neo（A18 Pro，2026 年）,Apple Silicon,Core ML,Neural Engine,Depth Estimation (SP),"100%
",7424
543340,MacBook Neo（A18 Pro，2026 年）,Apple Silicon,Core ML,Neural Engine,Depth Estimation (HP),"99%
",88892
543340,MacBook Neo（A18 Pro，2026 年）,Apple Silicon,Core ML,Neural Engine,Depth Estimation (Q),"85%
",161633
543340,MacBook Neo（A18 Pro，2026 年）,Apple Silicon,Core ML,Neural Engine,Style Transfer (SP),"100%
",19281
543340,MacBook Neo（A18 Pro，2026 年）,Apple Silicon,Core ML,Neural Engine,Style Transfer (HP),"100%
",241484
543340,MacBook Neo（A18 Pro，2026 年）,Apple Silicon,Core ML,Neural Engine,Style Transfer (Q),"96%
",287404
543340,MacBook Neo（A18 Pro，2026 年）,Apple Silicon,Core ML,Neural Engine,Image Super-Resolution (SP),"100%
",4428
543340,MacBook Neo（A18 Pro，2026 年）,Apple Silicon,Core ML,Neural Engine,Image Super-Resolution (HP),"100%
",48258
543340,MacBook Neo（A18 Pro，2026 年）,Apple Silicon,Core ML,Neural Engine,Image Super-Resolution (Q),"99%
",75194
543340,MacBook Neo（A18 Pro，2026 年）,Apple Silicon,Core ML,Neural Engine,Text Classification (SP),"99%
",7085
543340,MacBook Neo（A18 Pro，2026 年）,Apple Silicon,Core ML,Neural Engine,Text Classification (HP),"99%
",10810
543340,MacBook Neo（A18 Pro，2026 年）,Apple Silicon,Core ML,Neural Engine,Text Classification (Q),"92%
",10802
543340,MacBook Neo（A18 Pro，2026 年）,Apple Silicon,Core ML,Neural Engine,Machine Translation (SP),"100%
",4624
543340,MacBook Neo（A18 Pro，2026 年）,Apple Silicon,Core ML,Neural Engine,Machine Translation (HP),"100%
",9195
543340,MacBook Neo（A18 Pro，2026 年）,Apple Silicon,Core ML,Neural Engine,Machine Translation (Q),"98%
",10120
543684,Mac Pro（2019 年）,Intel,Core ML,GPU,Image Classification (SP),"100%
",4781
543684,Mac Pro（2019 年）,Intel,Core ML,GPU,Image Classification (HP),"100%
",4791
543684,Mac Pro（2019 年）,Intel,Core ML,GPU,Image Classification (Q),"96%
",159
543684,Mac Pro（2019 年）,Intel,Core ML,GPU,Image Segmentation (SP),"100%
",446
543684,Mac Pro（2019 年）,Intel,Core ML,GPU,Image Segmentation (HP),"100%
",444
543684,Mac Pro（2019 年）,Intel,Core ML,GPU,Image Segmentation (Q),"99%
",230
543684,Mac Pro（2019 年）,Intel,Core ML,GPU,Pose Estimation (SP),"100%
",37719
543684,Mac Pro（2019 年）,Intel,Core ML,GPU,Pose Estimation (HP),"100%
",35123
543684,Mac Pro（2019 年）,Intel,Core ML,GPU,Pose Estimation (Q),"96%
",2585
543684,Mac Pro（2019 年）,Intel,Core ML,GPU,Object Detection (SP),"100%
",4434
543684,Mac Pro（2019 年）,Intel,Core ML,GPU,Object Detection (HP),"100%
",4648
543684,Mac Pro（2019 年）,Intel,Core ML,GPU,Object Detection (Q),"92%
",170
543684,Mac Pro（2019 年）,Intel,Core ML,GPU,Face Detection (SP),"100%
",12331
543684,Mac Pro（2019 年）,Intel,Core ML,GPU,Face Detection (HP),"100%
",12184
543684,Mac Pro（2019 年）,Intel,Core ML,GPU,Face Detection (Q),"100%
",266
543684,Mac Pro（2019 年）,Intel,Core ML,GPU,Depth Estimation (SP),"100%
",24272
543684,Mac Pro（2019 年）,Intel,Core ML,GPU,Depth Estimation (HP),"99%
",23462
543684,Mac Pro（2019 年）,Intel,Core ML,GPU,Depth Estimation (Q),"85%
",21864
543684,Mac Pro（2019 年）,Intel,Core ML,GPU,Style Transfer (SP),"100%
",62240
543684,Mac Pro（2019 年）,Intel,Core ML,GPU,Style Transfer (HP),"100%
",61928
543684,Mac Pro（2019 年）,Intel,Core ML,GPU,Style Transfer (Q),"96%
",74279
543684,Mac Pro（2019 年）,Intel,Core ML,GPU,Image Super-Resolution (SP),"100%
",8923
543684,Mac Pro（2019 年）,Intel,Core ML,GPU,Image Super-Resolution (HP),"100%
",12836
543684,Mac Pro（2019 年）,Intel,Core ML,GPU,Image Super-Resolution (Q),"99%
",12385
543684,Mac Pro（2019 年）,Intel,Core ML,GPU,Text Classification (SP),"100%
",499
543684,Mac Pro（2019 年）,Intel,Core ML,GPU,Text Classification (HP),"100%
",505
543684,Mac Pro（2019 年）,Intel,Core ML,GPU,Text Classification (Q),"93%
",420
543684,Mac Pro（2019 年）,Intel,Core ML,GPU,Machine Translation (SP),"100%
",1075
543684,Mac Pro（2019 年）,Intel,Core ML,GPU,Machine Translation (HP),"100%
",1063
543684,Mac Pro（2019 年）,Intel,Core ML,GPU,Machine Translation (Q),"98%
",1060
543690,MacBook Air（15 英寸，M5，2026 年）,Apple Silicon,Core ML,Neural Engine,Image Classification (SP),"100%
",2232
543690,MacBook Air（15 英寸，M5，2026 年）,Apple Silicon,Core ML,Neural Engine,Image Classification (HP),"100%
",18335
543690,MacBook Air（15 英寸，M5，2026 年）,Apple Silicon,Core ML,Neural Engine,Image Classification (Q),"97%
",27339
543690,MacBook Air（15 英寸，M5，2026 年）,Apple Silicon,Core ML,Neural Engine,Image Segmentation (SP),"100%
",2200
543690,MacBook Air（15 英寸，M5，2026 年）,Apple Silicon,Core ML,Neural Engine,Image Segmentation (HP),"100%
",24103
543690,MacBook Air（15 英寸，M5，2026 年）,Apple Silicon,Core ML,Neural Engine,Image Segmentation (Q),"99%
",34774
543690,MacBook Air（15 英寸，M5，2026 年）,Apple Silicon,Core ML,Neural Engine,Pose Estimation (SP),"100%
",9731
543690,MacBook Air（15 英寸，M5，2026 年）,Apple Silicon,Core ML,Neural Engine,Pose Estimation (HP),"100%
",177658
543690,MacBook Air（15 英寸，M5，2026 年）,Apple Silicon,Core ML,Neural Engine,Pose Estimation (Q),"95%
",333416
543690,MacBook Air（15 英寸，M5，2026 年）,Apple Silicon,Core ML,Neural Engine,Object Detection (SP),"100%
",2725
543690,MacBook Air（15 英寸，M5，2026 年）,Apple Silicon,Core ML,Neural Engine,Object Detection (HP),"100%
",18968
543690,MacBook Air（15 英寸，M5，2026 年）,Apple Silicon,Core ML,Neural Engine,Object Detection (Q),"89%
",27426
543690,MacBook Air（15 英寸，M5，2026 年）,Apple Silicon,Core ML,Neural Engine,Face Detection (SP),"100%
",5083
543690,MacBook Air（15 英寸，M5，2026 年）,Apple Silicon,Core ML,Neural Engine,Face Detection (HP),"100%
",48510
543690,MacBook Air（15 英寸，M5，2026 年）,Apple Silicon,Core ML,Neural Engine,Face Detection (Q),"100%
",76886
543690,MacBook Air（15 英寸，M5，2026 年）,Apple Silicon,Core ML,Neural Engine,Depth Estimation (SP),"100%
",8779
543690,MacBook Air（15 英寸，M5，2026 年）,Apple Silicon,Core ML,Neural Engine,Depth Estimation (HP),"99%
",111032
543690,MacBook Air（15 英寸，M5，2026 年）,Apple Silicon,Core ML,Neural Engine,Depth Estimation (Q),"85%
",186314
543690,MacBook Air（15 英寸，M5，2026 年）,Apple Silicon,Core ML,Neural Engine,Style Transfer (SP),"100%
",25421
543690,MacBook Air（15 英寸，M5，2026 年）,Apple Silicon,Core ML,Neural Engine,Style Transfer (HP),"100%
",271699
543690,MacBook Air（15 英寸，M5，2026 年）,Apple Silicon,Core ML,Neural Engine,Style Transfer (Q),"96%
",338692
543690,MacBook Air（15 英寸，M5，2026 年）,Apple Silicon,Core ML,Neural Engine,Image Super-Resolution (SP),"100%
",5726
543690,MacBook Air（15 英寸，M5，2026 年）,Apple Silicon,Core ML,Neural Engine,Image Super-Resolution (HP),"100%
",63430
543690,MacBook Air（15 英寸，M5，2026 年）,Apple Silicon,Core ML,Neural Engine,Image Super-Resolution (Q),"99%
",100806
543690,MacBook Air（15 英寸，M5，2026 年）,Apple Silicon,Core ML,Neural Engine,Text Classification (SP),"99%
",5860
543690,MacBook Air（15 英寸，M5，2026 年）,Apple Silicon,Core ML,Neural Engine,Text Classification (HP),"100%
",6565
543690,MacBook Air（15 英寸，M5，2026 年）,Apple Silicon,Core ML,Neural Engine,Text Classification (Q),"93%
",6621
543690,MacBook Air（15 英寸，M5，2026 年）,Apple Silicon,Core ML,Neural Engine,Machine Translation (SP),"100%
",5059
543690,MacBook Air（15 英寸，M5，2026 年）,Apple Silicon,Core ML,Neural Engine,Machine Translation (HP),"100%
",17846
543690,MacBook Air（15 英寸，M5，2026 年）,Apple Silicon,Core ML,Neural Engine,Machine Translation (Q),"98%
",18742
543387,"MacBook Pro (14-inch, Nov 2023)",Apple Silicon,Core ML,CPU,Image Classification (SP),"100%
",1522
543387,"MacBook Pro (14-inch, Nov 2023)",Apple Silicon,Core ML,CPU,Image Classification (HP),"100%
",2811
543387,"MacBook Pro (14-inch, Nov 2023)",Apple Silicon,Core ML,CPU,Image Classification (Q),"96%
",1919
543387,"MacBook Pro (14-inch, Nov 2023)",Apple Silicon,Core ML,CPU,Image Segmentation (SP),"100%
",1845
543387,"MacBook Pro (14-inch, Nov 2023)",Apple Silicon,Core ML,CPU,Image Segmentation (HP),"100%
",2950
543387,"MacBook Pro (14-inch, Nov 2023)",Apple Silicon,Core ML,CPU,Image Segmentation (Q),"99%
",3230
543387,"MacBook Pro (14-inch, Nov 2023)",Apple Silicon,Core ML,CPU,Pose Estimation (SP),"100%
",7304
543387,"MacBook Pro (14-inch, Nov 2023)",Apple Silicon,Core ML,CPU,Pose Estimation (HP),"100%
",16528
543387,"MacBook Pro (14-inch, Nov 2023)",Apple Silicon,Core ML,CPU,Pose Estimation (Q),"95%
",14346
543387,"MacBook Pro (14-inch, Nov 2023)",Apple Silicon,Core ML,CPU,Object Detection (SP),"100%
",1726
543387,"MacBook Pro (14-inch, Nov 2023)",Apple Silicon,Core ML,CPU,Object Detection (HP),"97%
",3123
543387,"MacBook Pro (14-inch, Nov 2023)",Apple Silicon,Core ML,CPU,Object Detection (Q),"94%
",2181
543387,"MacBook Pro (14-inch, Nov 2023)",Apple Silicon,Core ML,CPU,Face Detection (SP),"100%
",3410
543387,"MacBook Pro (14-inch, Nov 2023)",Apple Silicon,Core ML,CPU,Face Detection (HP),"100%
",6890
543387,"MacBook Pro (14-inch, Nov 2023)",Apple Silicon,Core ML,CPU,Face Detection (Q),"100%
",3948
543387,"MacBook Pro (14-inch, Nov 2023)",Apple Silicon,Core ML,CPU,Depth Estimation (SP),"100%
",6501
543387,"MacBook Pro (14-inch, Nov 2023)",Apple Silicon,Core ML,CPU,Depth Estimation (HP),"98%
",12965
543387,"MacBook Pro (14-inch, Nov 2023)",Apple Silicon,Core ML,CPU,Depth Estimation (Q),"85%
",9063
543387,"MacBook Pro (14-inch, Nov 2023)",Apple Silicon,Core ML,CPU,Style Transfer (SP),"100%
",20339
543387,"MacBook Pro (14-inch, Nov 2023)",Apple Silicon,Core ML,CPU,Style Transfer (HP),"100%
",33463
543387,"MacBook Pro (14-inch, Nov 2023)",Apple Silicon,Core ML,CPU,Style Transfer (Q),"96%
",27743
543387,"MacBook Pro (14-inch, Nov 2023)",Apple Silicon,Core ML,CPU,Image Super-Resolution (SP),"100%
",4346
543387,"MacBook Pro (14-inch, Nov 2023)",Apple Silicon,Core ML,CPU,Image Super-Resolution (HP),"100%
",5663
543387,"MacBook Pro (14-inch, Nov 2023)",Apple Silicon,Core ML,CPU,Image Super-Resolution (Q),"99%
",4135
543387,"MacBook Pro (14-inch, Nov 2023)",Apple Silicon,Core ML,CPU,Text Classification (SP),"100%
",5076
543387,"MacBook Pro (14-inch, Nov 2023)",Apple Silicon,Core ML,CPU,Text Classification (HP),"99%
",7927
543387,"MacBook Pro (14-inch, Nov 2023)",Apple Silicon,Core ML,CPU,Text Classification (Q),"93%
",7880
543387,"MacBook Pro (14-inch, Nov 2023)",Apple Silicon,Core ML,CPU,Machine Translation (SP),"100%
",3200
543387,"MacBook Pro (14-inch, Nov 2023)",Apple Silicon,Core ML,CPU,Machine Translation (HP),"98%
",6971
543387,"MacBook Pro (14-inch, Nov 2023)",Apple Silicon,Core ML,CPU,Machine Translation (Q),"98%
",6967
543392,Mac mini (2024),Apple Silicon,Core ML,GPU,Image Classification (SP),"100%
",5028
543392,Mac mini (2024),Apple Silicon,Core ML,GPU,Image Classification (HP),"100%
",5310
543392,Mac mini (2024),Apple Silicon,Core ML,GPU,Image Classification (Q),"96%
",5157
543392,Mac mini (2024),Apple Silicon,Core ML,GPU,Image Segmentation (SP),"100%
",7635
543392,Mac mini (2024),Apple Silicon,Core ML,GPU,Image Segmentation (HP),"100%
",8521
543392,Mac mini (2024),Apple Silicon,Core ML,GPU,Image Segmentation (Q),"99%
",8150
543392,Mac mini (2024),Apple Silicon,Core ML,GPU,Pose Estimation (SP),"100%
",28926
543392,Mac mini (2024),Apple Silicon,Core ML,GPU,Pose Estimation (HP),"100%
",33079
543392,Mac mini (2024),Apple Silicon,Core ML,GPU,Pose Estimation (Q),"96%
",32204
543392,Mac mini (2024),Apple Silicon,Core ML,GPU,Object Detection (SP),"100%
",5025
543392,Mac mini (2024),Apple Silicon,Core ML,GPU,Object Detection (HP),"100%
",5542
543392,Mac mini (2024),Apple Silicon,Core ML,GPU,Object Detection (Q),"91%
",5422
543392,Mac mini (2024),Apple Silicon,Core ML,GPU,Face Detection (SP),"100%
",13441
543392,Mac mini (2024),Apple Silicon,Core ML,GPU,Face Detection (HP),"100%
",18381
543392,Mac mini (2024),Apple Silicon,Core ML,GPU,Face Detection (Q),"100%
",17112
543392,Mac mini (2024),Apple Silicon,Core ML,GPU,Depth Estimation (SP),"100%
",21147
543392,Mac mini (2024),Apple Silicon,Core ML,GPU,Depth Estimation (HP),"99%
",23774
543392,Mac mini (2024),Apple Silicon,Core ML,GPU,Depth Estimation (Q),"85%
",22255
543392,Mac mini (2024),Apple Silicon,Core ML,GPU,Style Transfer (SP),"100%
",61394
543392,Mac mini (2024),Apple Silicon,Core ML,GPU,Style Transfer (HP),"100%
",73082
543392,Mac mini (2024),Apple Silicon,Core ML,GPU,Style Transfer (Q),"96%
",70056
543392,Mac mini (2024),Apple Silicon,Core ML,GPU,Image Super-Resolution (SP),"100%
",11912
543392,Mac mini (2024),Apple Silicon,Core ML,GPU,Image Super-Resolution (HP),"100%
",12452
543392,Mac mini (2024),Apple Silicon,Core ML,GPU,Image Super-Resolution (Q),"99%
",10752
543392,Mac mini (2024),Apple Silicon,Core ML,GPU,Text Classification (SP),"100%
",6123
543392,Mac mini (2024),Apple Silicon,Core ML,GPU,Text Classification (HP),"100%
",10092
543392,Mac mini (2024),Apple Silicon,Core ML,GPU,Text Classification (Q),"92%
",10185
543392,Mac mini (2024),Apple Silicon,Core ML,GPU,Machine Translation (SP),"100%
",5625
543392,Mac mini (2024),Apple Silicon,Core ML,GPU,Machine Translation (HP),"100%
",6073
543392,Mac mini (2024),Apple Silicon,Core ML,GPU,Machine Translation (Q),"98%
",3198
543395,Mac mini (2024),Apple Silicon,Core ML,GPU,Image Classification (SP),"100%
",5000
543395,Mac mini (2024),Apple Silicon,Core ML,GPU,Image Classification (HP),"100%
",5249
543395,Mac mini (2024),Apple Silicon,Core ML,GPU,Image Classification (Q),"96%
",5022
543395,Mac mini (2024),Apple Silicon,Core ML,GPU,Image Segmentation (SP),"100%
",7648
543395,Mac mini (2024),Apple Silicon,Core ML,GPU,Image Segmentation (HP),"100%
",8486
543395,Mac mini (2024),Apple Silicon,Core ML,GPU,Image Segmentation (Q),"99%
",8115
543395,Mac mini (2024),Apple Silicon,Core ML,GPU,Pose Estimation (SP),"100%
",28895
543395,Mac mini (2024),Apple Silicon,Core ML,GPU,Pose Estimation (HP),"100%
",33199
543395,Mac mini (2024),Apple Silicon,Core ML,GPU,Pose Estimation (Q),"96%
",32148
543395,Mac mini (2024),Apple Silicon,Core ML,GPU,Object Detection (SP),"100%
",5019
543395,Mac mini (2024),Apple Silicon,Core ML,GPU,Object Detection (HP),"100%
",5586
543395,Mac mini (2024),Apple Silicon,Core ML,GPU,Object Detection (Q),"91%
",5412
543395,Mac mini (2024),Apple Silicon,Core ML,GPU,Face Detection (SP),"100%
",13377
543395,Mac mini (2024),Apple Silicon,Core ML,GPU,Face Detection (HP),"100%
",18410
543395,Mac mini (2024),Apple Silicon,Core ML,GPU,Face Detection (Q),"100%
",17182
543395,Mac mini (2024),Apple Silicon,Core ML,GPU,Depth Estimation (SP),"100%
",21023
543395,Mac mini (2024),Apple Silicon,Core ML,GPU,Depth Estimation (HP),"99%
",23677
543395,Mac mini (2024),Apple Silicon,Core ML,GPU,Depth Estimation (Q),"85%
",22311
543395,Mac mini (2024),Apple Silicon,Core ML,GPU,Style Transfer (SP),"100%
",59264
543395,Mac mini (2024),Apple Silicon,Core ML,GPU,Style Transfer (HP),"100%
",72990
543395,Mac mini (2024),Apple Silicon,Core ML,GPU,Style Transfer (Q),"96%
",69942
543395,Mac mini (2024),Apple Silicon,Core ML,GPU,Image Super-Resolution (SP),"100%
",11849
543395,Mac mini (2024),Apple Silicon,Core ML,GPU,Image Super-Resolution (HP),"100%
",12406
543395,Mac mini (2024),Apple Silicon,Core ML,GPU,Image Super-Resolution (Q),"99%
",10800
543395,Mac mini (2024),Apple Silicon,Core ML,GPU,Text Classification (SP),"100%
",6591
543395,Mac mini (2024),Apple Silicon,Core ML,GPU,Text Classification (HP),"100%
",10093
543395,Mac mini (2024),Apple Silicon,Core ML,GPU,Text Classification (Q),"92%
",10109
543395,Mac mini (2024),Apple Silicon,Core ML,GPU,Machine Translation (SP),"100%
",5584
543395,Mac mini (2024),Apple Silicon,Core ML,GPU,Machine Translation (HP),"100%
",6090
543395,Mac mini (2024),Apple Silicon,Core ML,GPU,Machine Translation (Q),"98%
",3239
543397,MacBook Pro (13-inch Mid 2020),Intel,Core ML,GPU,Image Classification (SP),"100%
",513
543397,MacBook Pro (13-inch Mid 2020),Intel,Core ML,GPU,Image Classification (HP),"100%
",548
543397,MacBook Pro (13-inch Mid 2020),Intel,Core ML,GPU,Image Classification (Q),"96%
",138
543397,MacBook Pro (13-inch Mid 2020),Intel,Core ML,GPU,Image Segmentation (SP),"100%
",305
543397,MacBook Pro (13-inch Mid 2020),Intel,Core ML,GPU,Image Segmentation (HP),"100%
",311
543397,MacBook Pro (13-inch Mid 2020),Intel,Core ML,GPU,Image Segmentation (Q),"99%
",173
543397,MacBook Pro (13-inch Mid 2020),Intel,Core ML,GPU,Pose Estimation (SP),"100%
",2654
543397,MacBook Pro (13-inch Mid 2020),Intel,Core ML,GPU,Pose Estimation (HP),"100%
",2651
543397,MacBook Pro (13-inch Mid 2020),Intel,Core ML,GPU,Pose Estimation (Q),"95%
",1088
543397,MacBook Pro (13-inch Mid 2020),Intel,Core ML,GPU,Object Detection (SP),"100%
",512
543397,MacBook Pro (13-inch Mid 2020),Intel,Core ML,GPU,Object Detection (HP),"100%
",496
543397,MacBook Pro (13-inch Mid 2020),Intel,Core ML,GPU,Object Detection (Q),"93%
",155
543397,MacBook Pro (13-inch Mid 2020),Intel,Core ML,GPU,Face Detection (SP),"100%
",1657
543397,MacBook Pro (13-inch Mid 2020),Intel,Core ML,GPU,Face Detection (HP),"100%
",1593
543397,MacBook Pro (13-inch Mid 2020),Intel,Core ML,GPU,Face Detection (Q),"100%
",239
543397,MacBook Pro (13-inch Mid 2020),Intel,Core ML,GPU,Depth Estimation (SP),"100%
",1707
543397,MacBook Pro (13-inch Mid 2020),Intel,Core ML,GPU,Depth Estimation (HP),"99%
",1578
543397,MacBook Pro (13-inch Mid 2020),Intel,Core ML,GPU,Depth Estimation (Q),"85%
",1532
543397,MacBook Pro (13-inch Mid 2020),Intel,Core ML,GPU,Style Transfer (SP),"100%
",3795
543397,MacBook Pro (13-inch Mid 2020),Intel,Core ML,GPU,Style Transfer (HP),"100%
",3720
543397,MacBook Pro (13-inch Mid 2020),Intel,Core ML,GPU,Style Transfer (Q),"96%
",3642
543397,MacBook Pro (13-inch Mid 2020),Intel,Core ML,GPU,Image Super-Resolution (SP),"100%
",845
543397,MacBook Pro (13-inch Mid 2020),Intel,Core ML,GPU,Image Super-Resolution (HP),"100%
",824
543397,MacBook Pro (13-inch Mid 2020),Intel,Core ML,GPU,Image Super-Resolution (Q),"99%
",762
543397,MacBook Pro (13-inch Mid 2020),Intel,Core ML,GPU,Text Classification (SP),"100%
",139
543397,MacBook Pro (13-inch Mid 2020),Intel,Core ML,GPU,Text Classification (HP),"100%
",149
543397,MacBook Pro (13-inch Mid 2020),Intel,Core ML,GPU,Text Classification (Q),"95%
",155
543397,MacBook Pro (13-inch Mid 2020),Intel,Core ML,GPU,Machine Translation (SP),"100%
",642
543397,MacBook Pro (13-inch Mid 2020),Intel,Core ML,GPU,Machine Translation (HP),"100%
",480
543397,MacBook Pro (13-inch Mid 2020),Intel,Core ML,GPU,Machine Translation (Q),"98%
",464
543410,Mac Studio (2025),Apple Silicon,Core ML,CPU,Image Classification (SP),"100%
",2199
543410,Mac Studio (2025),Apple Silicon,Core ML,CPU,Image Classification (HP),"100%
",3003
543410,Mac Studio (2025),Apple Silicon,Core ML,CPU,Image Classification (Q),"96%
",2205
543410,Mac Studio (2025),Apple Silicon,Core ML,CPU,Image Segmentation (SP),"100%
",2513
543410,Mac Studio (2025),Apple Silicon,Core ML,CPU,Image Segmentation (HP),"100%
",3650
543410,Mac Studio (2025),Apple Silicon,Core ML,CPU,Image Segmentation (Q),"99%
",3987
543410,Mac Studio (2025),Apple Silicon,Core ML,CPU,Pose Estimation (SP),"100%
",16317
543410,Mac Studio (2025),Apple Silicon,Core ML,CPU,Pose Estimation (HP),"100%
",34877
543410,Mac Studio (2025),Apple Silicon,Core ML,CPU,Pose Estimation (Q),"95%
",27118
543410,Mac Studio (2025),Apple Silicon,Core ML,CPU,Object Detection (SP),"100%
",2833
543410,Mac Studio (2025),Apple Silicon,Core ML,CPU,Object Detection (HP),"97%
",3975
543410,Mac Studio (2025),Apple Silicon,Core ML,CPU,Object Detection (Q),"94%
",2796
543410,Mac Studio (2025),Apple Silicon,Core ML,CPU,Face Detection (SP),"100%
",5632
543410,Mac Studio (2025),Apple Silicon,Core ML,CPU,Face Detection (HP),"100%
",8895
543410,Mac Studio (2025),Apple Silicon,Core ML,CPU,Face Detection (Q),"100%
",4916
543410,Mac Studio (2025),Apple Silicon,Core ML,CPU,Depth Estimation (SP),"100%
",9152
543410,Mac Studio (2025),Apple Silicon,Core ML,CPU,Depth Estimation (HP),"97%
",15638
543410,Mac Studio (2025),Apple Silicon,Core ML,CPU,Depth Estimation (Q),"86%
",9805
543410,Mac Studio (2025),Apple Silicon,Core ML,CPU,Style Transfer (SP),"100%
",30714
543410,Mac Studio (2025),Apple Silicon,Core ML,CPU,Style Transfer (HP),"100%
",59095
543410,Mac Studio (2025),Apple Silicon,Core ML,CPU,Style Transfer (Q),"96%
",44360
543410,Mac Studio (2025),Apple Silicon,Core ML,CPU,Image Super-Resolution (SP),"100%
",5585
543410,Mac Studio (2025),Apple Silicon,Core ML,CPU,Image Super-Resolution (HP),"100%
",9740
543410,Mac Studio (2025),Apple Silicon,Core ML,CPU,Image Super-Resolution (Q),"99%
",5405
543410,Mac Studio (2025),Apple Silicon,Core ML,CPU,Text Classification (SP),"99%
",6169
543410,Mac Studio (2025),Apple Silicon,Core ML,CPU,Text Classification (HP),"100%
",10020
543410,Mac Studio (2025),Apple Silicon,Core ML,CPU,Text Classification (Q),"93%
",9997
543410,Mac Studio (2025),Apple Silicon,Core ML,CPU,Machine Translation (SP),"100%
",6531
543410,Mac Studio (2025),Apple Silicon,Core ML,CPU,Machine Translation (HP),"98%
",9964
543410,Mac Studio (2025),Apple Silicon,Core ML,CPU,Machine Translation (Q),"98%
",9973
543415,MacBook Pro (15-inch Mid 2018),Intel,Core ML,CPU,Image Classification (SP),"100%
",406
543415,MacBook Pro (15-inch Mid 2018),Intel,Core ML,CPU,Image Classification (HP),"
",0
543415,MacBook Pro (15-inch Mid 2018),Intel,Core ML,CPU,Image Classification (Q),"
",0
543415,MacBook Pro (15-inch Mid 2018),Intel,Core ML,CPU,Image Segmentation (SP),"100%
",328
543415,MacBook Pro (15-inch Mid 2018),Intel,Core ML,CPU,Image Segmentation (HP),"
",0
543415,MacBook Pro (15-inch Mid 2018),Intel,Core ML,CPU,Image Segmentation (Q),"
",0
543415,MacBook Pro (15-inch Mid 2018),Intel,Core ML,CPU,Pose Estimation (SP),"100%
",2203
543415,MacBook Pro (15-inch Mid 2018),Intel,Core ML,CPU,Pose Estimation (HP),"100%
",667
543415,MacBook Pro (15-inch Mid 2018),Intel,Core ML,CPU,Pose Estimation (Q),"96%
",606
543415,MacBook Pro (15-inch Mid 2018),Intel,Core ML,CPU,Object Detection (SP),"100%
",412
543415,MacBook Pro (15-inch Mid 2018),Intel,Core ML,CPU,Object Detection (HP),"
",0
543415,MacBook Pro (15-inch Mid 2018),Intel,Core ML,CPU,Object Detection (Q),"
",0
543415,MacBook Pro (15-inch Mid 2018),Intel,Core ML,CPU,Face Detection (SP),"100%
",901
543415,MacBook Pro (15-inch Mid 2018),Intel,Core ML,CPU,Face Detection (HP),"100%
",708
543415,MacBook Pro (15-inch Mid 2018),Intel,Core ML,CPU,Face Detection (Q),"100%
",301
543415,MacBook Pro (15-inch Mid 2018),Intel,Core ML,CPU,Depth Estimation (SP),"100%
",1195
543415,MacBook Pro (15-inch Mid 2018),Intel,Core ML,CPU,Depth Estimation (HP),"99%
",978
543415,MacBook Pro (15-inch Mid 2018),Intel,Core ML,CPU,Depth Estimation (Q),"85%
",635
543415,MacBook Pro (15-inch Mid 2018),Intel,Core ML,CPU,Style Transfer (SP),"100%
",3122
543415,MacBook Pro (15-inch Mid 2018),Intel,Core ML,CPU,Style Transfer (HP),"100%
",2508
543415,MacBook Pro (15-inch Mid 2018),Intel,Core ML,CPU,Style Transfer (Q),"96%
",1988
543415,MacBook Pro (15-inch Mid 2018),Intel,Core ML,CPU,Image Super-Resolution (SP),"100%
",1282
543415,MacBook Pro (15-inch Mid 2018),Intel,Core ML,CPU,Image Super-Resolution (HP),"100%
",552
543415,MacBook Pro (15-inch Mid 2018),Intel,Core ML,CPU,Image Super-Resolution (Q),"99%
",354
543415,MacBook Pro (15-inch Mid 2018),Intel,Core ML,CPU,Text Classification (SP),"100%
",436
543415,MacBook Pro (15-inch Mid 2018),Intel,Core ML,CPU,Text Classification (HP),"100%
",436
543415,MacBook Pro (15-inch Mid 2018),Intel,Core ML,CPU,Text Classification (Q),"93%
",442
543415,MacBook Pro (15-inch Mid 2018),Intel,Core ML,CPU,Machine Translation (SP),"100%
",337
543415,MacBook Pro (15-inch Mid 2018),Intel,Core ML,CPU,Machine Translation (HP),"100%
",535
543415,MacBook Pro (15-inch Mid 2018),Intel,Core ML,CPU,Machine Translation (Q),"98%
",535
543423,Mac mini (2024),Apple Silicon,Core ML,CPU,Image Classification (SP),"100%
",1959
543423,Mac mini (2024),Apple Silicon,Core ML,CPU,Image Classification (HP),"100%
",3283
543423,Mac mini (2024),Apple Silicon,Core ML,CPU,Image Classification (Q),"96%
",2313
543423,Mac mini (2024),Apple Silicon,Core ML,CPU,Image Segmentation (SP),"100%
",1980
543423,Mac mini (2024),Apple Silicon,Core ML,CPU,Image Segmentation (HP),"100%
",2937
543423,Mac mini (2024),Apple Silicon,Core ML,CPU,Image Segmentation (Q),"99%
",3252
543423,Mac mini (2024),Apple Silicon,Core ML,CPU,Pose Estimation (SP),"100%
",8154
543423,Mac mini (2024),Apple Silicon,Core ML,CPU,Pose Estimation (HP),"100%
",18793
543423,Mac mini (2024),Apple Silicon,Core ML,CPU,Pose Estimation (Q),"95%
",16199
543423,Mac mini (2024),Apple Silicon,Core ML,CPU,Object Detection (SP),"100%
",2370
543423,Mac mini (2024),Apple Silicon,Core ML,CPU,Object Detection (HP),"97%
",3706
543423,Mac mini (2024),Apple Silicon,Core ML,CPU,Object Detection (Q),"94%
",2639
543423,Mac mini (2024),Apple Silicon,Core ML,CPU,Face Detection (SP),"100%
",4106
543423,Mac mini (2024),Apple Silicon,Core ML,CPU,Face Detection (HP),"100%
",7129
543423,Mac mini (2024),Apple Silicon,Core ML,CPU,Face Detection (Q),"100%
",4234
543423,Mac mini (2024),Apple Silicon,Core ML,CPU,Depth Estimation (SP),"100%
",7771
543423,Mac mini (2024),Apple Silicon,Core ML,CPU,Depth Estimation (HP),"97%
",13586
543423,Mac mini (2024),Apple Silicon,Core ML,CPU,Depth Estimation (Q),"86%
",9582
543423,Mac mini (2024),Apple Silicon,Core ML,CPU,Style Transfer (SP),"100%
",19476
543423,Mac mini (2024),Apple Silicon,Core ML,CPU,Style Transfer (HP),"100%
",38539
543423,Mac mini (2024),Apple Silicon,Core ML,CPU,Style Transfer (Q),"96%
",31608
543423,Mac mini (2024),Apple Silicon,Core ML,CPU,Image Super-Resolution (SP),"100%
",5090
543423,Mac mini (2024),Apple Silicon,Core ML,CPU,Image Super-Resolution (HP),"100%
",7051
543423,Mac mini (2024),Apple Silicon,Core ML,CPU,Image Super-Resolution (Q),"99%
",4794
543423,Mac mini (2024),Apple Silicon,Core ML,CPU,Text Classification (SP),"100%
",6614
543423,Mac mini (2024),Apple Silicon,Core ML,CPU,Text Classification (HP),"100%
",10213
543423,Mac mini (2024),Apple Silicon,Core ML,CPU,Text Classification (Q),"92%
",10102
543423,Mac mini (2024),Apple Silicon,Core ML,CPU,Machine Translation (SP),"100%
",4101
543423,Mac mini (2024),Apple Silicon,Core ML,CPU,Machine Translation (HP),"98%
",6924
543423,Mac mini (2024),Apple Silicon,Core ML,CPU,Machine Translation (Q),"98%
",6862
543424,Mac mini (2024),Apple Silicon,Core ML,GPU,Image Classification (SP),"100%
",5056
543424,Mac mini (2024),Apple Silicon,Core ML,GPU,Image Classification (HP),"100%
",5176
543424,Mac mini (2024),Apple Silicon,Core ML,GPU,Image Classification (Q),"96%
",4988
543424,Mac mini (2024),Apple Silicon,Core ML,GPU,Image Segmentation (SP),"100%
",7389
543424,Mac mini (2024),Apple Silicon,Core ML,GPU,Image Segmentation (HP),"100%
",8139
543424,Mac mini (2024),Apple Silicon,Core ML,GPU,Image Segmentation (Q),"99%
",7737
543424,Mac mini (2024),Apple Silicon,Core ML,GPU,Pose Estimation (SP),"100%
",28672
543424,Mac mini (2024),Apple Silicon,Core ML,GPU,Pose Estimation (HP),"100%
",32831
543424,Mac mini (2024),Apple Silicon,Core ML,GPU,Pose Estimation (Q),"96%
",31920
543424,Mac mini (2024),Apple Silicon,Core ML,GPU,Object Detection (SP),"100%
",4837
543424,Mac mini (2024),Apple Silicon,Core ML,GPU,Object Detection (HP),"100%
",5383
543424,Mac mini (2024),Apple Silicon,Core ML,GPU,Object Detection (Q),"91%
",5342
543424,Mac mini (2024),Apple Silicon,Core ML,GPU,Face Detection (SP),"100%
",12373
543424,Mac mini (2024),Apple Silicon,Core ML,GPU,Face Detection (HP),"100%
",17273
543424,Mac mini (2024),Apple Silicon,Core ML,GPU,Face Detection (Q),"100%
",16267
543424,Mac mini (2024),Apple Silicon,Core ML,GPU,Depth Estimation (SP),"100%
",20657
543424,Mac mini (2024),Apple Silicon,Core ML,GPU,Depth Estimation (HP),"99%
",23593
543424,Mac mini (2024),Apple Silicon,Core ML,GPU,Depth Estimation (Q),"85%
",22027
543424,Mac mini (2024),Apple Silicon,Core ML,GPU,Style Transfer (SP),"100%
",59836
543424,Mac mini (2024),Apple Silicon,Core ML,GPU,Style Transfer (HP),"100%
",72425
543424,Mac mini (2024),Apple Silicon,Core ML,GPU,Style Transfer (Q),"96%
",68997
543424,Mac mini (2024),Apple Silicon,Core ML,GPU,Image Super-Resolution (SP),"100%
",12340
543424,Mac mini (2024),Apple Silicon,Core ML,GPU,Image Super-Resolution (HP),"100%
",12586
543424,Mac mini (2024),Apple Silicon,Core ML,GPU,Image Super-Resolution (Q),"99%
",10791
543424,Mac mini (2024),Apple Silicon,Core ML,GPU,Text Classification (SP),"100%
",6561
543424,Mac mini (2024),Apple Silicon,Core ML,GPU,Text Classification (HP),"100%
",10340
543424,Mac mini (2024),Apple Silicon,Core ML,GPU,Text Classification (Q),"92%
",10215
543424,Mac mini (2024),Apple Silicon,Core ML,GPU,Machine Translation (SP),"100%
",5277
543424,Mac mini (2024),Apple Silicon,Core ML,GPU,Machine Translation (HP),"100%
",5931
543424,Mac mini (2024),Apple Silicon,Core ML,GPU,Machine Translation (Q),"98%
",3462
543425,Mac mini (2024),Apple Silicon,Core ML,Neural Engine,Image Classification (SP),"100%
",1986
543425,Mac mini (2024),Apple Silicon,Core ML,Neural Engine,Image Classification (HP),"100%
",17087
543425,Mac mini (2024),Apple Silicon,Core ML,Neural Engine,Image Classification (Q),"97%
",24770
543425,Mac mini (2024),Apple Silicon,Core ML,Neural Engine,Image Segmentation (SP),"100%
",1977
543425,Mac mini (2024),Apple Silicon,Core ML,Neural Engine,Image Segmentation (HP),"100%
",21963
543425,Mac mini (2024),Apple Silicon,Core ML,Neural Engine,Image Segmentation (Q),"99%
",29089
543425,Mac mini (2024),Apple Silicon,Core ML,Neural Engine,Pose Estimation (SP),"100%
",8263
543425,Mac mini (2024),Apple Silicon,Core ML,Neural Engine,Pose Estimation (HP),"100%
",112006
543425,Mac mini (2024),Apple Silicon,Core ML,Neural Engine,Pose Estimation (Q),"95%
",225164
543425,Mac mini (2024),Apple Silicon,Core ML,Neural Engine,Object Detection (SP),"100%
",2345
543425,Mac mini (2024),Apple Silicon,Core ML,Neural Engine,Object Detection (HP),"100%
",17116
543425,Mac mini (2024),Apple Silicon,Core ML,Neural Engine,Object Detection (Q),"89%
",25420
543425,Mac mini (2024),Apple Silicon,Core ML,Neural Engine,Face Detection (SP),"100%
",4213
543425,Mac mini (2024),Apple Silicon,Core ML,Neural Engine,Face Detection (HP),"100%
",44609
543425,Mac mini (2024),Apple Silicon,Core ML,Neural Engine,Face Detection (Q),"100%
",65074
543425,Mac mini (2024),Apple Silicon,Core ML,Neural Engine,Depth Estimation (SP),"100%
",7763
543425,Mac mini (2024),Apple Silicon,Core ML,Neural Engine,Depth Estimation (HP),"99%
",99199
543425,Mac mini (2024),Apple Silicon,Core ML,Neural Engine,Depth Estimation (Q),"85%
",158628
543425,Mac mini (2024),Apple Silicon,Core ML,Neural Engine,Style Transfer (SP),"100%
",20251
543425,Mac mini (2024),Apple Silicon,Core ML,Neural Engine,Style Transfer (HP),"100%
",231890
543425,Mac mini (2024),Apple Silicon,Core ML,Neural Engine,Style Transfer (Q),"96%
",286466
543425,Mac mini (2024),Apple Silicon,Core ML,Neural Engine,Image Super-Resolution (SP),"100%
",5078
543425,Mac mini (2024),Apple Silicon,Core ML,Neural Engine,Image Super-Resolution (HP),"100%
",50766
543425,Mac mini (2024),Apple Silicon,Core ML,Neural Engine,Image Super-Resolution (Q),"99%
",84673
543425,Mac mini (2024),Apple Silicon,Core ML,Neural Engine,Text Classification (SP),"99%
",6899
543425,Mac mini (2024),Apple Silicon,Core ML,Neural Engine,Text Classification (HP),"99%
",10229
543425,Mac mini (2024),Apple Silicon,Core ML,Neural Engine,Text Classification (Q),"93%
",10280
543425,Mac mini (2024),Apple Silicon,Core ML,Neural Engine,Machine Translation (SP),"100%
",4048
543425,Mac mini (2024),Apple Silicon,Core ML,Neural Engine,Machine Translation (HP),"100%
",14116
543425,Mac mini (2024),Apple Silicon,Core ML,Neural Engine,Machine Translation (Q),"98%
",16184
543717,iMac（27 英寸，2020 年）,Intel,Core ML,CPU,Image Classification (SP),"100%
",992
543717,iMac（27 英寸，2020 年）,Intel,Core ML,CPU,Image Classification (HP),"100%
",676
543717,iMac（27 英寸，2020 年）,Intel,Core ML,CPU,Image Classification (Q),"96%
",309
543717,iMac（27 英寸，2020 年）,Intel,Core ML,CPU,Image Segmentation (SP),"100%
",1269
543717,iMac（27 英寸，2020 年）,Intel,Core ML,CPU,Image Segmentation (HP),"100%
",795
543717,iMac（27 英寸，2020 年）,Intel,Core ML,CPU,Image Segmentation (Q),"99%
",466
543717,iMac（27 英寸，2020 年）,Intel,Core ML,CPU,Pose Estimation (SP),"100%
",5247
543717,iMac（27 英寸，2020 年）,Intel,Core ML,CPU,Pose Estimation (HP),"100%
",2061
543717,iMac（27 英寸，2020 年）,Intel,Core ML,CPU,Pose Estimation (Q),"96%
",1770
543717,iMac（27 英寸，2020 年）,Intel,Core ML,CPU,Object Detection (SP),"100%
",1020
543717,iMac（27 英寸，2020 年）,Intel,Core ML,CPU,Object Detection (HP),"100%
",761
543717,iMac（27 英寸，2020 年）,Intel,Core ML,CPU,Object Detection (Q),"92%
",365
543717,iMac（27 英寸，2020 年）,Intel,Core ML,CPU,Face Detection (SP),"100%
",1992
543717,iMac（27 英寸，2020 年）,Intel,Core ML,CPU,Face Detection (HP),"100%
",1502
543717,iMac（27 英寸，2020 年）,Intel,Core ML,CPU,Face Detection (Q),"100%
",515
543717,iMac（27 英寸，2020 年）,Intel,Core ML,CPU,Depth Estimation (SP),"100%
",2786
543717,iMac（27 英寸，2020 年）,Intel,Core ML,CPU,Depth Estimation (HP),"99%
",2591
543717,iMac（27 英寸，2020 年）,Intel,Core ML,CPU,Depth Estimation (Q),"85%
",1338
543717,iMac（27 英寸，2020 年）,Intel,Core ML,CPU,Style Transfer (SP),"100%
",6724
543717,iMac（27 英寸，2020 年）,Intel,Core ML,CPU,Style Transfer (HP),"100%
",6105
543717,iMac（27 英寸，2020 年）,Intel,Core ML,CPU,Style Transfer (Q),"96%
",4711
543717,iMac（27 英寸，2020 年）,Intel,Core ML,CPU,Image Super-Resolution (SP),"100%
",3289
543717,iMac（27 英寸，2020 年）,Intel,Core ML,CPU,Image Super-Resolution (HP),"100%
",1428
543717,iMac（27 英寸，2020 年）,Intel,Core ML,CPU,Image Super-Resolution (Q),"99%
",732
543717,iMac（27 英寸，2020 年）,Intel,Core ML,CPU,Text Classification (SP),"99%
",1711
543717,iMac（27 英寸，2020 年）,Intel,Core ML,CPU,Text Classification (HP),"99%
",864
543717,iMac（27 英寸，2020 年）,Intel,Core ML,CPU,Text Classification (Q),"93%
",815
543717,iMac（27 英寸，2020 年）,Intel,Core ML,CPU,Machine Translation (SP),"100%
",1111
543717,iMac（27 英寸，2020 年）,Intel,Core ML,CPU,Machine Translation (HP),"100%
",1031
543717,iMac（27 英寸，2020 年）,Intel,Core ML,CPU,Machine Translation (Q),"98%
",1032
543439,MacBook Pro（13 英寸，2020 年，两个雷雳 3 端口）,Intel,Core ML,CPU,Image Classification (SP),"100%
",314
543439,MacBook Pro（13 英寸，2020 年，两个雷雳 3 端口）,Intel,Core ML,CPU,Image Classification (HP),"100%
",254
543439,MacBook Pro（13 英寸，2020 年，两个雷雳 3 端口）,Intel,Core ML,CPU,Image Classification (Q),"96%
",139
543439,MacBook Pro（13 英寸，2020 年，两个雷雳 3 端口）,Intel,Core ML,CPU,Image Segmentation (SP),"100%
",306
543439,MacBook Pro（13 英寸，2020 年，两个雷雳 3 端口）,Intel,Core ML,CPU,Image Segmentation (HP),"100%
",259
543439,MacBook Pro（13 英寸，2020 年，两个雷雳 3 端口）,Intel,Core ML,CPU,Image Segmentation (Q),"99%
",187
543439,MacBook Pro（13 英寸，2020 年，两个雷雳 3 端口）,Intel,Core ML,CPU,Pose Estimation (SP),"100%
",1551
543439,MacBook Pro（13 英寸，2020 年，两个雷雳 3 端口）,Intel,Core ML,CPU,Pose Estimation (HP),"100%
",333
543439,MacBook Pro（13 英寸，2020 年，两个雷雳 3 端口）,Intel,Core ML,CPU,Pose Estimation (Q),"96%
",314
543439,MacBook Pro（13 英寸，2020 年，两个雷雳 3 端口）,Intel,Core ML,CPU,Object Detection (SP),"100%
",275
543439,MacBook Pro（13 英寸，2020 年，两个雷雳 3 端口）,Intel,Core ML,CPU,Object Detection (HP),"100%
",233
543439,MacBook Pro（13 英寸，2020 年，两个雷雳 3 端口）,Intel,Core ML,CPU,Object Detection (Q),"92%
",146
543439,MacBook Pro（13 英寸，2020 年，两个雷雳 3 端口）,Intel,Core ML,CPU,Face Detection (SP),"100%
",773
543439,MacBook Pro（13 英寸，2020 年，两个雷雳 3 端口）,Intel,Core ML,CPU,Face Detection (HP),"100%
",586
543439,MacBook Pro（13 英寸，2020 年，两个雷雳 3 端口）,Intel,Core ML,CPU,Face Detection (Q),"100%
",190
543439,MacBook Pro（13 英寸，2020 年，两个雷雳 3 端口）,Intel,Core ML,CPU,Depth Estimation (SP),"100%
",719
543439,MacBook Pro（13 英寸，2020 年，两个雷雳 3 端口）,Intel,Core ML,CPU,Depth Estimation (HP),"99%
",595
543439,MacBook Pro（13 英寸，2020 年，两个雷雳 3 端口）,Intel,Core ML,CPU,Depth Estimation (Q),"85%
",417
543439,MacBook Pro（13 英寸，2020 年，两个雷雳 3 端口）,Intel,Core ML,CPU,Style Transfer (SP),"100%
",1986
543439,MacBook Pro（13 英寸，2020 年，两个雷雳 3 端口）,Intel,Core ML,CPU,Style Transfer (HP),"100%
",1267
543439,MacBook Pro（13 英寸，2020 年，两个雷雳 3 端口）,Intel,Core ML,CPU,Style Transfer (Q),"96%
",1092
543439,MacBook Pro（13 英寸，2020 年，两个雷雳 3 端口）,Intel,Core ML,CPU,Image Super-Resolution (SP),"100%
",804
543439,MacBook Pro（13 英寸，2020 年，两个雷雳 3 端口）,Intel,Core ML,CPU,Image Super-Resolution (HP),"100%
",238
543439,MacBook Pro（13 英寸，2020 年，两个雷雳 3 端口）,Intel,Core ML,CPU,Image Super-Resolution (Q),"99%
",180
543439,MacBook Pro（13 英寸，2020 年，两个雷雳 3 端口）,Intel,Core ML,CPU,Text Classification (SP),"99%
",973
543439,MacBook Pro（13 英寸，2020 年，两个雷雳 3 端口）,Intel,Core ML,CPU,Text Classification (HP),"99%
",970
543439,MacBook Pro（13 英寸，2020 年，两个雷雳 3 端口）,Intel,Core ML,CPU,Text Classification (Q),"93%
",963
543439,MacBook Pro（13 英寸，2020 年，两个雷雳 3 端口）,Intel,Core ML,CPU,Machine Translation (SP),"100%
",386
543439,MacBook Pro（13 英寸，2020 年，两个雷雳 3 端口）,Intel,Core ML,CPU,Machine Translation (HP),"100%
",367
543439,MacBook Pro（13 英寸，2020 年，两个雷雳 3 端口）,Intel,Core ML,CPU,Machine Translation (Q),"98%
",368
543721,iMac Pro（2017 年）,Intel,Core ML,CPU,Image Classification (SP),"100%
",702
543721,iMac Pro（2017 年）,Intel,Core ML,CPU,Image Classification (HP),"100%
",482
543721,iMac Pro（2017 年）,Intel,Core ML,CPU,Image Classification (Q),"96%
",245
543721,iMac Pro（2017 年）,Intel,Core ML,CPU,Image Segmentation (SP),"100%
",769
543721,iMac Pro（2017 年）,Intel,Core ML,CPU,Image Segmentation (HP),"100%
",589
543721,iMac Pro（2017 年）,Intel,Core ML,CPU,Image Segmentation (Q),"99%
",378
543721,iMac Pro（2017 年）,Intel,Core ML,CPU,Pose Estimation (SP),"100%
",4090
543721,iMac Pro（2017 年）,Intel,Core ML,CPU,Pose Estimation (HP),"100%
",1578
543721,iMac Pro（2017 年）,Intel,Core ML,CPU,Pose Estimation (Q),"96%
",1350
543721,iMac Pro（2017 年）,Intel,Core ML,CPU,Object Detection (SP),"100%
",756
543721,iMac Pro（2017 年）,Intel,Core ML,CPU,Object Detection (HP),"100%
",578
543721,iMac Pro（2017 年）,Intel,Core ML,CPU,Object Detection (Q),"92%
",303
543721,iMac Pro（2017 年）,Intel,Core ML,CPU,Face Detection (SP),"100%
",1505
543721,iMac Pro（2017 年）,Intel,Core ML,CPU,Face Detection (HP),"100%
",1139
543721,iMac Pro（2017 年）,Intel,Core ML,CPU,Face Detection (Q),"100%
",460
543721,iMac Pro（2017 年）,Intel,Core ML,CPU,Depth Estimation (SP),"100%
",2225
543721,iMac Pro（2017 年）,Intel,Core ML,CPU,Depth Estimation (HP),"99%
",1878
543721,iMac Pro（2017 年）,Intel,Core ML,CPU,Depth Estimation (Q),"85%
",1062
543721,iMac Pro（2017 年）,Intel,Core ML,CPU,Style Transfer (SP),"100%
",5553
543721,iMac Pro（2017 年）,Intel,Core ML,CPU,Style Transfer (HP),"100%
",4570
543721,iMac Pro（2017 年）,Intel,Core ML,CPU,Style Transfer (Q),"96%
",3459
543721,iMac Pro（2017 年）,Intel,Core ML,CPU,Image Super-Resolution (SP),"100%
",2353
543721,iMac Pro（2017 年）,Intel,Core ML,CPU,Image Super-Resolution (HP),"100%
",1004
543721,iMac Pro（2017 年）,Intel,Core ML,CPU,Image Super-Resolution (Q),"99%
",558
543721,iMac Pro（2017 年）,Intel,Core ML,CPU,Text Classification (SP),"99%
",1521
543721,iMac Pro（2017 年）,Intel,Core ML,CPU,Text Classification (HP),"100%
",708
543721,iMac Pro（2017 年）,Intel,Core ML,CPU,Text Classification (Q),"93%
",673
543721,iMac Pro（2017 年）,Intel,Core ML,CPU,Machine Translation (SP),"100%
",972
543721,iMac Pro（2017 年）,Intel,Core ML,CPU,Machine Translation (HP),"100%
",895
543721,iMac Pro（2017 年）,Intel,Core ML,CPU,Machine Translation (Q),"98%
",896
543722,iMac（27 英寸，2020 年）,Intel,Core ML,GPU,Image Classification (SP),"100%
",6412
543722,iMac（27 英寸，2020 年）,Intel,Core ML,GPU,Image Classification (HP),"100%
",6216
543722,iMac（27 英寸，2020 年）,Intel,Core ML,GPU,Image Classification (Q),"96%
",217
543722,iMac（27 英寸，2020 年）,Intel,Core ML,GPU,Image Segmentation (SP),"100%
",604
543722,iMac（27 英寸，2020 年）,Intel,Core ML,GPU,Image Segmentation (HP),"100%
",597
543722,iMac（27 英寸，2020 年）,Intel,Core ML,GPU,Image Segmentation (Q),"99%
",287
543722,iMac（27 英寸，2020 年）,Intel,Core ML,GPU,Pose Estimation (SP),"100%
",86345
543722,iMac（27 英寸，2020 年）,Intel,Core ML,GPU,Pose Estimation (HP),"100%
",77584
543722,iMac（27 英寸，2020 年）,Intel,Core ML,GPU,Pose Estimation (Q),"96%
",3046
543722,iMac（27 英寸，2020 年）,Intel,Core ML,GPU,Object Detection (SP),"100%
",6529
543722,iMac（27 英寸，2020 年）,Intel,Core ML,GPU,Object Detection (HP),"100%
",6355
543722,iMac（27 英寸，2020 年）,Intel,Core ML,GPU,Object Detection (Q),"92%
",226
543722,iMac（27 英寸，2020 年）,Intel,Core ML,GPU,Face Detection (SP),"100%
",17749
543722,iMac（27 英寸，2020 年）,Intel,Core ML,GPU,Face Detection (HP),"100%
",19907
543722,iMac（27 英寸，2020 年）,Intel,Core ML,GPU,Face Detection (Q),"100%
",329
543722,iMac（27 英寸，2020 年）,Intel,Core ML,GPU,Depth Estimation (SP),"100%
",30477
543722,iMac（27 英寸，2020 年）,Intel,Core ML,GPU,Depth Estimation (HP),"99%
",27926
543722,iMac（27 英寸，2020 年）,Intel,Core ML,GPU,Depth Estimation (Q),"85%
",26030
543722,iMac（27 英寸，2020 年）,Intel,Core ML,GPU,Style Transfer (SP),"100%
",149635
543722,iMac（27 英寸，2020 年）,Intel,Core ML,GPU,Style Transfer (HP),"100%
",138266
543722,iMac（27 英寸，2020 年）,Intel,Core ML,GPU,Style Transfer (Q),"96%
",170428
543722,iMac（27 英寸，2020 年）,Intel,Core ML,GPU,Image Super-Resolution (SP),"100%
",14512
543722,iMac（27 英寸，2020 年）,Intel,Core ML,GPU,Image Super-Resolution (HP),"100%
",20595
543722,iMac（27 英寸，2020 年）,Intel,Core ML,GPU,Image Super-Resolution (Q),"99%
",19349
543722,iMac（27 英寸，2020 年）,Intel,Core ML,GPU,Text Classification (SP),"100%
",865
543722,iMac（27 英寸，2020 年）,Intel,Core ML,GPU,Text Classification (HP),"100%
",757
543722,iMac（27 英寸，2020 年）,Intel,Core ML,GPU,Text Classification (Q),"93%
",743
543722,iMac（27 英寸，2020 年）,Intel,Core ML,GPU,Machine Translation (SP),"100%
",1580
543722,iMac（27 英寸，2020 年）,Intel,Core ML,GPU,Machine Translation (HP),"100%
",1548
543722,iMac（27 英寸，2020 年）,Intel,Core ML,GPU,Machine Translation (Q),"98%
",1542
543724,iMac Pro（2017 年）,Intel,Core ML,GPU,Image Classification (SP),"100%
",4977
543724,iMac Pro（2017 年）,Intel,Core ML,GPU,Image Classification (HP),"100%
",5054
543724,iMac Pro（2017 年）,Intel,Core ML,GPU,Image Classification (Q),"96%
",178
543724,iMac Pro（2017 年）,Intel,Core ML,GPU,Image Segmentation (SP),"100%
",538
543724,iMac Pro（2017 年）,Intel,Core ML,GPU,Image Segmentation (HP),"100%
",532
543724,iMac Pro（2017 年）,Intel,Core ML,GPU,Image Segmentation (Q),"99%
",260
543724,iMac Pro（2017 年）,Intel,Core ML,GPU,Pose Estimation (SP),"100%
",37174
543724,iMac Pro（2017 年）,Intel,Core ML,GPU,Pose Estimation (HP),"100%
",34889
543724,iMac Pro（2017 年）,Intel,Core ML,GPU,Pose Estimation (Q),"96%
",2714
543724,iMac Pro（2017 年）,Intel,Core ML,GPU,Object Detection (SP),"100%
",4606
543724,iMac Pro（2017 年）,Intel,Core ML,GPU,Object Detection (HP),"100%
",4964
543724,iMac Pro（2017 年）,Intel,Core ML,GPU,Object Detection (Q),"92%
",211
543724,iMac Pro（2017 年）,Intel,Core ML,GPU,Face Detection (SP),"100%
",12539
543724,iMac Pro（2017 年）,Intel,Core ML,GPU,Face Detection (HP),"100%
",13885
543724,iMac Pro（2017 年）,Intel,Core ML,GPU,Face Detection (Q),"100%
",312
543724,iMac Pro（2017 年）,Intel,Core ML,GPU,Depth Estimation (SP),"100%
",23834
543724,iMac Pro（2017 年）,Intel,Core ML,GPU,Depth Estimation (HP),"99%
",23510
543724,iMac Pro（2017 年）,Intel,Core ML,GPU,Depth Estimation (Q),"85%
",22397
543724,iMac Pro（2017 年）,Intel,Core ML,GPU,Style Transfer (SP),"100%
",66406
543724,iMac Pro（2017 年）,Intel,Core ML,GPU,Style Transfer (HP),"100%
",64270
543724,iMac Pro（2017 年）,Intel,Core ML,GPU,Style Transfer (Q),"96%
",78930
543724,iMac Pro（2017 年）,Intel,Core ML,GPU,Image Super-Resolution (SP),"100%
",11558
543724,iMac Pro（2017 年）,Intel,Core ML,GPU,Image Super-Resolution (HP),"100%
",13797
543724,iMac Pro（2017 年）,Intel,Core ML,GPU,Image Super-Resolution (Q),"99%
",12735
543724,iMac Pro（2017 年）,Intel,Core ML,GPU,Text Classification (SP),"100%
",709
543724,iMac Pro（2017 年）,Intel,Core ML,GPU,Text Classification (HP),"100%
",663
543724,iMac Pro（2017 年）,Intel,Core ML,GPU,Text Classification (Q),"93%
",646
543724,iMac Pro（2017 年）,Intel,Core ML,GPU,Machine Translation (SP),"100%
",1398
543724,iMac Pro（2017 年）,Intel,Core ML,GPU,Machine Translation (HP),"100%
",1356
543724,iMac Pro（2017 年）,Intel,Core ML,GPU,Machine Translation (Q),"98%
",1344
543726,Mac Studio,Apple Silicon,Core ML,CPU,Image Classification (SP),"100%
",1270
543726,Mac Studio,Apple Silicon,Core ML,CPU,Image Classification (HP),"100%
",2012
543726,Mac Studio,Apple Silicon,Core ML,CPU,Image Classification (Q),"96%
",1435
543726,Mac Studio,Apple Silicon,Core ML,CPU,Image Segmentation (SP),"100%
",1525
543726,Mac Studio,Apple Silicon,Core ML,CPU,Image Segmentation (HP),"100%
",2291
543726,Mac Studio,Apple Silicon,Core ML,CPU,Image Segmentation (Q),"99%
",2535
543726,Mac Studio,Apple Silicon,Core ML,CPU,Pose Estimation (SP),"100%
",10062
543726,Mac Studio,Apple Silicon,Core ML,CPU,Pose Estimation (HP),"100%
",22615
543726,Mac Studio,Apple Silicon,Core ML,CPU,Pose Estimation (Q),"95%
",17469
543726,Mac Studio,Apple Silicon,Core ML,CPU,Object Detection (SP),"100%
",1400
543726,Mac Studio,Apple Silicon,Core ML,CPU,Object Detection (HP),"97%
",2185
543726,Mac Studio,Apple Silicon,Core ML,CPU,Object Detection (Q),"94%
",1620
543726,Mac Studio,Apple Silicon,Core ML,CPU,Face Detection (SP),"100%
",3176
543726,Mac Studio,Apple Silicon,Core ML,CPU,Face Detection (HP),"100%
",5238
543726,Mac Studio,Apple Silicon,Core ML,CPU,Face Detection (Q),"100%
",3040
543726,Mac Studio,Apple Silicon,Core ML,CPU,Depth Estimation (SP),"100%
",5337
543726,Mac Studio,Apple Silicon,Core ML,CPU,Depth Estimation (HP),"98%
",9781
543726,Mac Studio,Apple Silicon,Core ML,CPU,Depth Estimation (Q),"85%
",6921
543726,Mac Studio,Apple Silicon,Core ML,CPU,Style Transfer (SP),"100%
",21819
543726,Mac Studio,Apple Silicon,Core ML,CPU,Style Transfer (HP),"100%
",36081
543726,Mac Studio,Apple Silicon,Core ML,CPU,Style Transfer (Q),"96%
",28223
543726,Mac Studio,Apple Silicon,Core ML,CPU,Image Super-Resolution (SP),"100%
",3861
543726,Mac Studio,Apple Silicon,Core ML,CPU,Image Super-Resolution (HP),"100%
",5313
543726,Mac Studio,Apple Silicon,Core ML,CPU,Image Super-Resolution (Q),"99%
",3829
543726,Mac Studio,Apple Silicon,Core ML,CPU,Text Classification (SP),"100%
",4085
543726,Mac Studio,Apple Silicon,Core ML,CPU,Text Classification (HP),"99%
",6920
543726,Mac Studio,Apple Silicon,Core ML,CPU,Text Classification (Q),"93%
",6758
543726,Mac Studio,Apple Silicon,Core ML,CPU,Machine Translation (SP),"100%
",3107
543726,Mac Studio,Apple Silicon,Core ML,CPU,Machine Translation (HP),"98%
",4886
543726,Mac Studio,Apple Silicon,Core ML,CPU,Machine Translation (Q),"98%
",4972
543727,Mac Studio,Apple Silicon,Core ML,GPU,Image Classification (SP),"100%
",5038
543727,Mac Studio,Apple Silicon,Core ML,GPU,Image Classification (HP),"100%
",5034
543727,Mac Studio,Apple Silicon,Core ML,GPU,Image Classification (Q),"94%
",4712
543727,Mac Studio,Apple Silicon,Core ML,GPU,Image Segmentation (SP),"100%
",11751
543727,Mac Studio,Apple Silicon,Core ML,GPU,Image Segmentation (HP),"100%
",12138
543727,Mac Studio,Apple Silicon,Core ML,GPU,Image Segmentation (Q),"99%
",11610
543727,Mac Studio,Apple Silicon,Core ML,GPU,Pose Estimation (SP),"100%
",57587
543727,Mac Studio,Apple Silicon,Core ML,GPU,Pose Estimation (HP),"100%
",62797
543727,Mac Studio,Apple Silicon,Core ML,GPU,Pose Estimation (Q),"96%
",60368
543727,Mac Studio,Apple Silicon,Core ML,GPU,Object Detection (SP),"100%
",4955
543727,Mac Studio,Apple Silicon,Core ML,GPU,Object Detection (HP),"100%
",4812
543727,Mac Studio,Apple Silicon,Core ML,GPU,Object Detection (Q),"91%
",4432
543727,Mac Studio,Apple Silicon,Core ML,GPU,Face Detection (SP),"100%
",20137
543727,Mac Studio,Apple Silicon,Core ML,GPU,Face Detection (HP),"100%
",23566
543727,Mac Studio,Apple Silicon,Core ML,GPU,Face Detection (Q),"100%
",20827
543727,Mac Studio,Apple Silicon,Core ML,GPU,Depth Estimation (SP),"100%
",26879
543727,Mac Studio,Apple Silicon,Core ML,GPU,Depth Estimation (HP),"99%
",28730
543727,Mac Studio,Apple Silicon,Core ML,GPU,Depth Estimation (Q),"85%
",23401
543727,Mac Studio,Apple Silicon,Core ML,GPU,Style Transfer (SP),"100%
",94828
543727,Mac Studio,Apple Silicon,Core ML,GPU,Style Transfer (HP),"100%
",122865
543727,Mac Studio,Apple Silicon,Core ML,GPU,Style Transfer (Q),"96%
",119392
543727,Mac Studio,Apple Silicon,Core ML,GPU,Image Super-Resolution (SP),"100%
",16738
543727,Mac Studio,Apple Silicon,Core ML,GPU,Image Super-Resolution (HP),"100%
",17473
543727,Mac Studio,Apple Silicon,Core ML,GPU,Image Super-Resolution (Q),"99%
",15690
543727,Mac Studio,Apple Silicon,Core ML,GPU,Text Classification (SP),"99%
",4407
543727,Mac Studio,Apple Silicon,Core ML,GPU,Text Classification (HP),"99%
",6755
543727,Mac Studio,Apple Silicon,Core ML,GPU,Text Classification (Q),"92%
",6390
543727,Mac Studio,Apple Silicon,Core ML,GPU,Machine Translation (SP),"100%
",2490
543727,Mac Studio,Apple Silicon,Core ML,GPU,Machine Translation (HP),"100%
",2368
543727,Mac Studio,Apple Silicon,Core ML,GPU,Machine Translation (Q),"98%
",2231
543728,Mac Studio,Apple Silicon,Core ML,Neural Engine,Image Classification (SP),"100%
",1290
543728,Mac Studio,Apple Silicon,Core ML,Neural Engine,Image Classification (HP),"100%
",6554
543728,Mac Studio,Apple Silicon,Core ML,Neural Engine,Image Classification (Q),"97%
",6215
543728,Mac Studio,Apple Silicon,Core ML,Neural Engine,Image Segmentation (SP),"100%
",1541
543728,Mac Studio,Apple Silicon,Core ML,Neural Engine,Image Segmentation (HP),"100%
",9243
543728,Mac Studio,Apple Silicon,Core ML,Neural Engine,Image Segmentation (Q),"99%
",9899
543728,Mac Studio,Apple Silicon,Core ML,Neural Engine,Pose Estimation (SP),"100%
",10206
543728,Mac Studio,Apple Silicon,Core ML,Neural Engine,Pose Estimation (HP),"100%
",71198
543728,Mac Studio,Apple Silicon,Core ML,Neural Engine,Pose Estimation (Q),"95%
",67297
543728,Mac Studio,Apple Silicon,Core ML,Neural Engine,Object Detection (SP),"100%
",1418
543728,Mac Studio,Apple Silicon,Core ML,Neural Engine,Object Detection (HP),"99%
",7433
543728,Mac Studio,Apple Silicon,Core ML,Neural Engine,Object Detection (Q),"89%
",6999
543728,Mac Studio,Apple Silicon,Core ML,Neural Engine,Face Detection (SP),"100%
",3255
543728,Mac Studio,Apple Silicon,Core ML,Neural Engine,Face Detection (HP),"100%
",14381
543728,Mac Studio,Apple Silicon,Core ML,Neural Engine,Face Detection (Q),"100%
",13657
543728,Mac Studio,Apple Silicon,Core ML,Neural Engine,Depth Estimation (SP),"100%
",5598
543728,Mac Studio,Apple Silicon,Core ML,Neural Engine,Depth Estimation (HP),"99%
",50464
543728,Mac Studio,Apple Silicon,Core ML,Neural Engine,Depth Estimation (Q),"85%
",50953
543728,Mac Studio,Apple Silicon,Core ML,Neural Engine,Style Transfer (SP),"100%
",21992
543728,Mac Studio,Apple Silicon,Core ML,Neural Engine,Style Transfer (HP),"100%
",123674
543728,Mac Studio,Apple Silicon,Core ML,Neural Engine,Style Transfer (Q),"96%
",115788
543728,Mac Studio,Apple Silicon,Core ML,Neural Engine,Image Super-Resolution (SP),"100%
",4156
543728,Mac Studio,Apple Silicon,Core ML,Neural Engine,Image Super-Resolution (HP),"100%
",26476
543728,Mac Studio,Apple Silicon,Core ML,Neural Engine,Image Super-Resolution (Q),"99%
",27400
543728,Mac Studio,Apple Silicon,Core ML,Neural Engine,Text Classification (SP),"100%
",4343
543728,Mac Studio,Apple Silicon,Core ML,Neural Engine,Text Classification (HP),"100%
",6922
543728,Mac Studio,Apple Silicon,Core ML,Neural Engine,Text Classification (Q),"93%
",6818
543728,Mac Studio,Apple Silicon,Core ML,Neural Engine,Machine Translation (SP),"100%
",3089
543728,Mac Studio,Apple Silicon,Core ML,Neural Engine,Machine Translation (HP),"100%
",2674
543728,Mac Studio,Apple Silicon,Core ML,Neural Engine,Machine Translation (Q),"98%
",2756
543734,iMac Pro（2017 年）,Intel,Core ML,GPU,Image Classification (SP),"100%
",5101
543734,iMac Pro（2017 年）,Intel,Core ML,GPU,Image Classification (HP),"100%
",5050
543734,iMac Pro（2017 年）,Intel,Core ML,GPU,Image Classification (Q),"96%
",194
543734,iMac Pro（2017 年）,Intel,Core ML,GPU,Image Segmentation (SP),"100%
",561
543734,iMac Pro（2017 年）,Intel,Core ML,GPU,Image Segmentation (HP),"100%
",549
543734,iMac Pro（2017 年）,Intel,Core ML,GPU,Image Segmentation (Q),"99%
",272
543734,iMac Pro（2017 年）,Intel,Core ML,GPU,Pose Estimation (SP),"100%
",37533
543734,iMac Pro（2017 年）,Intel,Core ML,GPU,Pose Estimation (HP),"100%
",35066
543734,iMac Pro（2017 年）,Intel,Core ML,GPU,Pose Estimation (Q),"96%
",2852
543734,iMac Pro（2017 年）,Intel,Core ML,GPU,Object Detection (SP),"100%
",4593
543734,iMac Pro（2017 年）,Intel,Core ML,GPU,Object Detection (HP),"100%
",4967
543734,iMac Pro（2017 年）,Intel,Core ML,GPU,Object Detection (Q),"92%
",211
543734,iMac Pro（2017 年）,Intel,Core ML,GPU,Face Detection (SP),"100%
",13326
543734,iMac Pro（2017 年）,Intel,Core ML,GPU,Face Detection (HP),"100%
",13425
543734,iMac Pro（2017 年）,Intel,Core ML,GPU,Face Detection (Q),"100%
",328
543734,iMac Pro（2017 年）,Intel,Core ML,GPU,Depth Estimation (SP),"100%
",24415
543734,iMac Pro（2017 年）,Intel,Core ML,GPU,Depth Estimation (HP),"99%
",23659
543734,iMac Pro（2017 年）,Intel,Core ML,GPU,Depth Estimation (Q),"85%
",22038
543734,iMac Pro（2017 年）,Intel,Core ML,GPU,Style Transfer (SP),"100%
",66069
543734,iMac Pro（2017 年）,Intel,Core ML,GPU,Style Transfer (HP),"100%
",65257
543734,iMac Pro（2017 年）,Intel,Core ML,GPU,Style Transfer (Q),"96%
",79358
543734,iMac Pro（2017 年）,Intel,Core ML,GPU,Image Super-Resolution (SP),"100%
",12082
543734,iMac Pro（2017 年）,Intel,Core ML,GPU,Image Super-Resolution (HP),"100%
",13937
543734,iMac Pro（2017 年）,Intel,Core ML,GPU,Image Super-Resolution (Q),"99%
",13377
543734,iMac Pro（2017 年）,Intel,Core ML,GPU,Text Classification (SP),"100%
",743
543734,iMac Pro（2017 年）,Intel,Core ML,GPU,Text Classification (HP),"100%
",783
543734,iMac Pro（2017 年）,Intel,Core ML,GPU,Text Classification (Q),"93%
",663
543734,iMac Pro（2017 年）,Intel,Core ML,GPU,Machine Translation (SP),"100%
",1432
543734,iMac Pro（2017 年）,Intel,Core ML,GPU,Machine Translation (HP),"100%
",1396
543734,iMac Pro（2017 年）,Intel,Core ML,GPU,Machine Translation (Q),"98%
",1389
543745,Mac Pro（2019 年）,Intel,Core ML,GPU,Image Classification (SP),"94%
",3384
543745,Mac Pro（2019 年）,Intel,Core ML,GPU,Image Classification (HP),"94%
",3398
543745,Mac Pro（2019 年）,Intel,Core ML,GPU,Image Classification (Q),"96%
",166
543745,Mac Pro（2019 年）,Intel,Core ML,GPU,Image Segmentation (SP),"99%
",294
543745,Mac Pro（2019 年）,Intel,Core ML,GPU,Image Segmentation (HP),"99%
",292
543745,Mac Pro（2019 年）,Intel,Core ML,GPU,Image Segmentation (Q),"99%
",185
543745,Mac Pro（2019 年）,Intel,Core ML,GPU,Pose Estimation (SP),"100%
",32136
543745,Mac Pro（2019 年）,Intel,Core ML,GPU,Pose Estimation (HP),"100%
",32796
543745,Mac Pro（2019 年）,Intel,Core ML,GPU,Pose Estimation (Q),"96%
",1730
543745,Mac Pro（2019 年）,Intel,Core ML,GPU,Object Detection (SP),"91%
",3326
543745,Mac Pro（2019 年）,Intel,Core ML,GPU,Object Detection (HP),"91%
",3383
543745,Mac Pro（2019 年）,Intel,Core ML,GPU,Object Detection (Q),"92%
",140
543745,Mac Pro（2019 年）,Intel,Core ML,GPU,Face Detection (SP),"100%
",8771
543745,Mac Pro（2019 年）,Intel,Core ML,GPU,Face Detection (HP),"100%
",9045
543745,Mac Pro（2019 年）,Intel,Core ML,GPU,Face Detection (Q),"100%
",233
543745,Mac Pro（2019 年）,Intel,Core ML,GPU,Depth Estimation (SP),"94%
",19996
543745,Mac Pro（2019 年）,Intel,Core ML,GPU,Depth Estimation (HP),"94%
",20033
543745,Mac Pro（2019 年）,Intel,Core ML,GPU,Depth Estimation (Q),"85%
",18769
543745,Mac Pro（2019 年）,Intel,Core ML,GPU,Style Transfer (SP),"100%
",60885
543745,Mac Pro（2019 年）,Intel,Core ML,GPU,Style Transfer (HP),"100%
",59027
543745,Mac Pro（2019 年）,Intel,Core ML,GPU,Style Transfer (Q),"96%
",73915
543745,Mac Pro（2019 年）,Intel,Core ML,GPU,Image Super-Resolution (SP),"100%
",8141
543745,Mac Pro（2019 年）,Intel,Core ML,GPU,Image Super-Resolution (HP),"100%
",11671
543745,Mac Pro（2019 年）,Intel,Core ML,GPU,Image Super-Resolution (Q),"99%
",10324
543745,Mac Pro（2019 年）,Intel,Core ML,GPU,Text Classification (SP),"99%
",478
543745,Mac Pro（2019 年）,Intel,Core ML,GPU,Text Classification (HP),"99%
",254
543745,Mac Pro（2019 年）,Intel,Core ML,GPU,Text Classification (Q),"93%
",264
543745,Mac Pro（2019 年）,Intel,Core ML,GPU,Machine Translation (SP),"100%
",766
543745,Mac Pro（2019 年）,Intel,Core ML,GPU,Machine Translation (HP),"100%
",710
543745,Mac Pro（2019 年）,Intel,Core ML,GPU,Machine Translation (Q),"98%
",707
543753,Mac Pro（2019 年）,Intel,Core ML,CPU,Image Classification (SP),"100%
",582
543753,Mac Pro（2019 年）,Intel,Core ML,CPU,Image Classification (HP),"
",0
543753,Mac Pro（2019 年）,Intel,Core ML,CPU,Image Classification (Q),"
",0
543753,Mac Pro（2019 年）,Intel,Core ML,CPU,Image Segmentation (SP),"100%
",630
543753,Mac Pro（2019 年）,Intel,Core ML,CPU,Image Segmentation (HP),"
",0
543753,Mac Pro（2019 年）,Intel,Core ML,CPU,Image Segmentation (Q),"
",0
543753,Mac Pro（2019 年）,Intel,Core ML,CPU,Pose Estimation (SP),"100%
",3351
543753,Mac Pro（2019 年）,Intel,Core ML,CPU,Pose Estimation (HP),"100%
",1062
543753,Mac Pro（2019 年）,Intel,Core ML,CPU,Pose Estimation (Q),"96%
",936
543753,Mac Pro（2019 年）,Intel,Core ML,CPU,Object Detection (SP),"100%
",608
543753,Mac Pro（2019 年）,Intel,Core ML,CPU,Object Detection (HP),"
",0
543753,Mac Pro（2019 年）,Intel,Core ML,CPU,Object Detection (Q),"
",0
543753,Mac Pro（2019 年）,Intel,Core ML,CPU,Face Detection (SP),"100%
",1246
543753,Mac Pro（2019 年）,Intel,Core ML,CPU,Face Detection (HP),"100%
",1004
543753,Mac Pro（2019 年）,Intel,Core ML,CPU,Face Detection (Q),"100%
",398
543753,Mac Pro（2019 年）,Intel,Core ML,CPU,Depth Estimation (SP),"100%
",1762
543753,Mac Pro（2019 年）,Intel,Core ML,CPU,Depth Estimation (HP),"99%
",1508
543753,Mac Pro（2019 年）,Intel,Core ML,CPU,Depth Estimation (Q),"85%
",892
543753,Mac Pro（2019 年）,Intel,Core ML,CPU,Style Transfer (SP),"100%
",4602
543753,Mac Pro（2019 年）,Intel,Core ML,CPU,Style Transfer (HP),"100%
",4100
543753,Mac Pro（2019 年）,Intel,Core ML,CPU,Style Transfer (Q),"96%
",3061
543753,Mac Pro（2019 年）,Intel,Core ML,CPU,Image Super-Resolution (SP),"100%
",2097
543753,Mac Pro（2019 年）,Intel,Core ML,CPU,Image Super-Resolution (HP),"100%
",828
543753,Mac Pro（2019 年）,Intel,Core ML,CPU,Image Super-Resolution (Q),"99%
",483
543753,Mac Pro（2019 年）,Intel,Core ML,CPU,Text Classification (SP),"100%
",527
543753,Mac Pro（2019 年）,Intel,Core ML,CPU,Text Classification (HP),"100%
",526
543753,Mac Pro（2019 年）,Intel,Core ML,CPU,Text Classification (Q),"93%
",526
543753,Mac Pro（2019 年）,Intel,Core ML,CPU,Machine Translation (SP),"100%
",439
543753,Mac Pro（2019 年）,Intel,Core ML,CPU,Machine Translation (HP),"100%
",712
543753,Mac Pro（2019 年）,Intel,Core ML,CPU,Machine Translation (Q),"98%
",710
543493,iMac (21.5-inch Retina Early 2019),Intel,Core ML,CPU,Image Classification (SP),"100%
",467
543493,iMac (21.5-inch Retina Early 2019),Intel,Core ML,CPU,Image Classification (HP),"
",0
543493,iMac (21.5-inch Retina Early 2019),Intel,Core ML,CPU,Image Classification (Q),"
",0
543493,iMac (21.5-inch Retina Early 2019),Intel,Core ML,CPU,Image Segmentation (SP),"100%
",492
543493,iMac (21.5-inch Retina Early 2019),Intel,Core ML,CPU,Image Segmentation (HP),"
",0
543493,iMac (21.5-inch Retina Early 2019),Intel,Core ML,CPU,Image Segmentation (Q),"
",0
543493,iMac (21.5-inch Retina Early 2019),Intel,Core ML,CPU,Pose Estimation (SP),"100%
",2770
543493,iMac (21.5-inch Retina Early 2019),Intel,Core ML,CPU,Pose Estimation (HP),"100%
",866
543493,iMac (21.5-inch Retina Early 2019),Intel,Core ML,CPU,Pose Estimation (Q),"96%
",698
543493,iMac (21.5-inch Retina Early 2019),Intel,Core ML,CPU,Object Detection (SP),"100%
",492
543493,iMac (21.5-inch Retina Early 2019),Intel,Core ML,CPU,Object Detection (HP),"
",0
543493,iMac (21.5-inch Retina Early 2019),Intel,Core ML,CPU,Object Detection (Q),"
",0
543493,iMac (21.5-inch Retina Early 2019),Intel,Core ML,CPU,Face Detection (SP),"100%
",1029
543493,iMac (21.5-inch Retina Early 2019),Intel,Core ML,CPU,Face Detection (HP),"100%
",836
543493,iMac (21.5-inch Retina Early 2019),Intel,Core ML,CPU,Face Detection (Q),"100%
",350
543493,iMac (21.5-inch Retina Early 2019),Intel,Core ML,CPU,Depth Estimation (SP),"100%
",1386
543493,iMac (21.5-inch Retina Early 2019),Intel,Core ML,CPU,Depth Estimation (HP),"99%
",1174
543493,iMac (21.5-inch Retina Early 2019),Intel,Core ML,CPU,Depth Estimation (Q),"85%
",737
543493,iMac (21.5-inch Retina Early 2019),Intel,Core ML,CPU,Style Transfer (SP),"100%
",3893
543493,iMac (21.5-inch Retina Early 2019),Intel,Core ML,CPU,Style Transfer (HP),"100%
",3091
543493,iMac (21.5-inch Retina Early 2019),Intel,Core ML,CPU,Style Transfer (Q),"96%
",2436
543493,iMac (21.5-inch Retina Early 2019),Intel,Core ML,CPU,Image Super-Resolution (SP),"100%
",1514
543493,iMac (21.5-inch Retina Early 2019),Intel,Core ML,CPU,Image Super-Resolution (HP),"100%
",658
543493,iMac (21.5-inch Retina Early 2019),Intel,Core ML,CPU,Image Super-Resolution (Q),"99%
",406
543493,iMac (21.5-inch Retina Early 2019),Intel,Core ML,CPU,Text Classification (SP),"100%
",482
543493,iMac (21.5-inch Retina Early 2019),Intel,Core ML,CPU,Text Classification (HP),"100%
",481
543493,iMac (21.5-inch Retina Early 2019),Intel,Core ML,CPU,Text Classification (Q),"93%
",479
543493,iMac (21.5-inch Retina Early 2019),Intel,Core ML,CPU,Machine Translation (SP),"100%
",382
543493,iMac (21.5-inch Retina Early 2019),Intel,Core ML,CPU,Machine Translation (HP),"100%
",591
543493,iMac (21.5-inch Retina Early 2019),Intel,Core ML,CPU,Machine Translation (Q),"98%
",591
543512,"MacBook Pro (13-inch, 2022)",Apple Silicon,Core ML,CPU,Image Classification (SP),"100%
",775
543512,"MacBook Pro (13-inch, 2022)",Apple Silicon,Core ML,CPU,Image Classification (HP),"100%
",1503
543512,"MacBook Pro (13-inch, 2022)",Apple Silicon,Core ML,CPU,Image Classification (Q),"96%
",1038
543512,"MacBook Pro (13-inch, 2022)",Apple Silicon,Core ML,CPU,Image Segmentation (SP),"100%
",862
543512,"MacBook Pro (13-inch, 2022)",Apple Silicon,Core ML,CPU,Image Segmentation (HP),"100%
",1541
543512,"MacBook Pro (13-inch, 2022)",Apple Silicon,Core ML,CPU,Image Segmentation (Q),"99%
",1669
543512,"MacBook Pro (13-inch, 2022)",Apple Silicon,Core ML,CPU,Pose Estimation (SP),"100%
",3724
543512,"MacBook Pro (13-inch, 2022)",Apple Silicon,Core ML,CPU,Pose Estimation (HP),"100%
",9454
543512,"MacBook Pro (13-inch, 2022)",Apple Silicon,Core ML,CPU,Pose Estimation (Q),"95%
",8056
543512,"MacBook Pro (13-inch, 2022)",Apple Silicon,Core ML,CPU,Object Detection (SP),"100%
",915
543512,"MacBook Pro (13-inch, 2022)",Apple Silicon,Core ML,CPU,Object Detection (HP),"97%
",1751
543512,"MacBook Pro (13-inch, 2022)",Apple Silicon,Core ML,CPU,Object Detection (Q),"94%
",1245
543512,"MacBook Pro (13-inch, 2022)",Apple Silicon,Core ML,CPU,Face Detection (SP),"100%
",2111
543512,"MacBook Pro (13-inch, 2022)",Apple Silicon,Core ML,CPU,Face Detection (HP),"100%
",3762
543512,"MacBook Pro (13-inch, 2022)",Apple Silicon,Core ML,CPU,Face Detection (Q),"100%
",2118
543512,"MacBook Pro (13-inch, 2022)",Apple Silicon,Core ML,CPU,Depth Estimation (SP),"100%
",3453
543512,"MacBook Pro (13-inch, 2022)",Apple Silicon,Core ML,CPU,Depth Estimation (HP),"98%
",6887
543512,"MacBook Pro (13-inch, 2022)",Apple Silicon,Core ML,CPU,Depth Estimation (Q),"85%
",4813
543512,"MacBook Pro (13-inch, 2022)",Apple Silicon,Core ML,CPU,Style Transfer (SP),"100%
",11120
543512,"MacBook Pro (13-inch, 2022)",Apple Silicon,Core ML,CPU,Style Transfer (HP),"100%
",17435
543512,"MacBook Pro (13-inch, 2022)",Apple Silicon,Core ML,CPU,Style Transfer (Q),"96%
",14409
543512,"MacBook Pro (13-inch, 2022)",Apple Silicon,Core ML,CPU,Image Super-Resolution (SP),"100%
",2457
543512,"MacBook Pro (13-inch, 2022)",Apple Silicon,Core ML,CPU,Image Super-Resolution (HP),"100%
",3268
543512,"MacBook Pro (13-inch, 2022)",Apple Silicon,Core ML,CPU,Image Super-Resolution (Q),"99%
",2345
543512,"MacBook Pro (13-inch, 2022)",Apple Silicon,Core ML,CPU,Text Classification (SP),"100%
",1566
543512,"MacBook Pro (13-inch, 2022)",Apple Silicon,Core ML,CPU,Text Classification (HP),"99%
",2465
543512,"MacBook Pro (13-inch, 2022)",Apple Silicon,Core ML,CPU,Text Classification (Q),"93%
",2462
543512,"MacBook Pro (13-inch, 2022)",Apple Silicon,Core ML,CPU,Machine Translation (SP),"100%
",2302
543512,"MacBook Pro (13-inch, 2022)",Apple Silicon,Core ML,CPU,Machine Translation (HP),"98%
",4428
543512,"MacBook Pro (13-inch, 2022)",Apple Silicon,Core ML,CPU,Machine Translation (Q),"98%
",4409
543546,"MacBook Pro (13-inch, 2022)",Apple Silicon,Core ML,GPU,Image Classification (SP),"100%
",3123
543546,"MacBook Pro (13-inch, 2022)",Apple Silicon,Core ML,GPU,Image Classification (HP),"100%
",3449
543546,"MacBook Pro (13-inch, 2022)",Apple Silicon,Core ML,GPU,Image Classification (Q),"94%
",3355
543546,"MacBook Pro (13-inch, 2022)",Apple Silicon,Core ML,GPU,Image Segmentation (SP),"100%
",5662
543546,"MacBook Pro (13-inch, 2022)",Apple Silicon,Core ML,GPU,Image Segmentation (HP),"100%
",5911
543546,"MacBook Pro (13-inch, 2022)",Apple Silicon,Core ML,GPU,Image Segmentation (Q),"99%
",5562
543546,"MacBook Pro (13-inch, 2022)",Apple Silicon,Core ML,GPU,Pose Estimation (SP),"100%
",22846
543546,"MacBook Pro (13-inch, 2022)",Apple Silicon,Core ML,GPU,Pose Estimation (HP),"100%
",25938
543546,"MacBook Pro (13-inch, 2022)",Apple Silicon,Core ML,GPU,Pose Estimation (Q),"96%
",25836
543546,"MacBook Pro (13-inch, 2022)",Apple Silicon,Core ML,GPU,Object Detection (SP),"100%
",3251
543546,"MacBook Pro (13-inch, 2022)",Apple Silicon,Core ML,GPU,Object Detection (HP),"100%
",3551
543546,"MacBook Pro (13-inch, 2022)",Apple Silicon,Core ML,GPU,Object Detection (Q),"91%
",3464
543546,"MacBook Pro (13-inch, 2022)",Apple Silicon,Core ML,GPU,Face Detection (SP),"100%
",10385
543546,"MacBook Pro (13-inch, 2022)",Apple Silicon,Core ML,GPU,Face Detection (HP),"100%
",12139
543546,"MacBook Pro (13-inch, 2022)",Apple Silicon,Core ML,GPU,Face Detection (Q),"100%
",10965
543546,"MacBook Pro (13-inch, 2022)",Apple Silicon,Core ML,GPU,Depth Estimation (SP),"100%
",16573
543546,"MacBook Pro (13-inch, 2022)",Apple Silicon,Core ML,GPU,Depth Estimation (HP),"99%
",18065
543546,"MacBook Pro (13-inch, 2022)",Apple Silicon,Core ML,GPU,Depth Estimation (Q),"85%
",13690
543546,"MacBook Pro (13-inch, 2022)",Apple Silicon,Core ML,GPU,Style Transfer (SP),"100%
",40320
543546,"MacBook Pro (13-inch, 2022)",Apple Silicon,Core ML,GPU,Style Transfer (HP),"100%
",49511
543546,"MacBook Pro (13-inch, 2022)",Apple Silicon,Core ML,GPU,Style Transfer (Q),"96%
",47449
543546,"MacBook Pro (13-inch, 2022)",Apple Silicon,Core ML,GPU,Image Super-Resolution (SP),"100%
",9674
543546,"MacBook Pro (13-inch, 2022)",Apple Silicon,Core ML,GPU,Image Super-Resolution (HP),"100%
",10241
543546,"MacBook Pro (13-inch, 2022)",Apple Silicon,Core ML,GPU,Image Super-Resolution (Q),"99%
",8015
543546,"MacBook Pro (13-inch, 2022)",Apple Silicon,Core ML,GPU,Text Classification (SP),"100%
",1566
543546,"MacBook Pro (13-inch, 2022)",Apple Silicon,Core ML,GPU,Text Classification (HP),"99%
",2436
543546,"MacBook Pro (13-inch, 2022)",Apple Silicon,Core ML,GPU,Text Classification (Q),"93%
",2428
543546,"MacBook Pro (13-inch, 2022)",Apple Silicon,Core ML,GPU,Machine Translation (SP),"100%
",1843
543546,"MacBook Pro (13-inch, 2022)",Apple Silicon,Core ML,GPU,Machine Translation (HP),"100%
",2028
543546,"MacBook Pro (13-inch, 2022)",Apple Silicon,Core ML,GPU,Machine Translation (Q),"98%
",1531
543549,"MacBook Pro (14-inch, 2021)",Apple Silicon,Core ML,CPU,Image Classification (SP),"100%
",1317
543549,"MacBook Pro (14-inch, 2021)",Apple Silicon,Core ML,CPU,Image Classification (HP),"100%
",2055
543549,"MacBook Pro (14-inch, 2021)",Apple Silicon,Core ML,CPU,Image Classification (Q),"96%
",1498
543549,"MacBook Pro (14-inch, 2021)",Apple Silicon,Core ML,CPU,Image Segmentation (SP),"100%
",1495
543549,"MacBook Pro (14-inch, 2021)",Apple Silicon,Core ML,CPU,Image Segmentation (HP),"100%
",2204
543549,"MacBook Pro (14-inch, 2021)",Apple Silicon,Core ML,CPU,Image Segmentation (Q),"99%
",2566
543549,"MacBook Pro (14-inch, 2021)",Apple Silicon,Core ML,CPU,Pose Estimation (SP),"100%
",10451
543549,"MacBook Pro (14-inch, 2021)",Apple Silicon,Core ML,CPU,Pose Estimation (HP),"100%
",23265
543549,"MacBook Pro (14-inch, 2021)",Apple Silicon,Core ML,CPU,Pose Estimation (Q),"95%
",17696
543549,"MacBook Pro (14-inch, 2021)",Apple Silicon,Core ML,CPU,Object Detection (SP),"100%
",1501
543549,"MacBook Pro (14-inch, 2021)",Apple Silicon,Core ML,CPU,Object Detection (HP),"97%
",2352
543549,"MacBook Pro (14-inch, 2021)",Apple Silicon,Core ML,CPU,Object Detection (Q),"94%
",1723
543549,"MacBook Pro (14-inch, 2021)",Apple Silicon,Core ML,CPU,Face Detection (SP),"100%
",3290
543549,"MacBook Pro (14-inch, 2021)",Apple Silicon,Core ML,CPU,Face Detection (HP),"100%
",5481
543549,"MacBook Pro (14-inch, 2021)",Apple Silicon,Core ML,CPU,Face Detection (Q),"100%
",3178
543549,"MacBook Pro (14-inch, 2021)",Apple Silicon,Core ML,CPU,Depth Estimation (SP),"100%
",5653
543549,"MacBook Pro (14-inch, 2021)",Apple Silicon,Core ML,CPU,Depth Estimation (HP),"98%
",10565
543549,"MacBook Pro (14-inch, 2021)",Apple Silicon,Core ML,CPU,Depth Estimation (Q),"85%
",7317
543549,"MacBook Pro (14-inch, 2021)",Apple Silicon,Core ML,CPU,Style Transfer (SP),"100%
",21895
543549,"MacBook Pro (14-inch, 2021)",Apple Silicon,Core ML,CPU,Style Transfer (HP),"100%
",35917
543549,"MacBook Pro (14-inch, 2021)",Apple Silicon,Core ML,CPU,Style Transfer (Q),"96%
",28441
543549,"MacBook Pro (14-inch, 2021)",Apple Silicon,Core ML,CPU,Image Super-Resolution (SP),"100%
",4126
543549,"MacBook Pro (14-inch, 2021)",Apple Silicon,Core ML,CPU,Image Super-Resolution (HP),"100%
",5399
543549,"MacBook Pro (14-inch, 2021)",Apple Silicon,Core ML,CPU,Image Super-Resolution (Q),"99%
",3998
543549,"MacBook Pro (14-inch, 2021)",Apple Silicon,Core ML,CPU,Text Classification (SP),"99%
",4414
543549,"MacBook Pro (14-inch, 2021)",Apple Silicon,Core ML,CPU,Text Classification (HP),"100%
",7020
543549,"MacBook Pro (14-inch, 2021)",Apple Silicon,Core ML,CPU,Text Classification (Q),"93%
",6838
543549,"MacBook Pro (14-inch, 2021)",Apple Silicon,Core ML,CPU,Machine Translation (SP),"100%
",2976
543549,"MacBook Pro (14-inch, 2021)",Apple Silicon,Core ML,CPU,Machine Translation (HP),"98%
",5183
543549,"MacBook Pro (14-inch, 2021)",Apple Silicon,Core ML,CPU,Machine Translation (Q),"98%
",5129
543562,MacBook Pro (16-inch Late 2019),Intel,Core ML,GPU,Image Classification (SP),"100%
",2606
543562,MacBook Pro (16-inch Late 2019),Intel,Core ML,GPU,Image Classification (HP),"100%
",2742
543562,MacBook Pro (16-inch Late 2019),Intel,Core ML,GPU,Image Classification (Q),"96%
",103
543562,MacBook Pro (16-inch Late 2019),Intel,Core ML,GPU,Image Segmentation (SP),"100%
",356
543562,MacBook Pro (16-inch Late 2019),Intel,Core ML,GPU,Image Segmentation (HP),"100%
",381
543562,MacBook Pro (16-inch Late 2019),Intel,Core ML,GPU,Image Segmentation (Q),"99%
",170
543562,MacBook Pro (16-inch Late 2019),Intel,Core ML,GPU,Pose Estimation (SP),"100%
",19089
543562,MacBook Pro (16-inch Late 2019),Intel,Core ML,GPU,Pose Estimation (HP),"100%
",20066
543562,MacBook Pro (16-inch Late 2019),Intel,Core ML,GPU,Pose Estimation (Q),"96%
",2167
543562,MacBook Pro (16-inch Late 2019),Intel,Core ML,GPU,Object Detection (SP),"100%
",2544
543562,MacBook Pro (16-inch Late 2019),Intel,Core ML,GPU,Object Detection (HP),"100%
",2377
543562,MacBook Pro (16-inch Late 2019),Intel,Core ML,GPU,Object Detection (Q),"92%
",105
543562,MacBook Pro (16-inch Late 2019),Intel,Core ML,GPU,Face Detection (SP),"100%
",5662
543562,MacBook Pro (16-inch Late 2019),Intel,Core ML,GPU,Face Detection (HP),"100%
",7627
543562,MacBook Pro (16-inch Late 2019),Intel,Core ML,GPU,Face Detection (Q),"100%
",229
543562,MacBook Pro (16-inch Late 2019),Intel,Core ML,GPU,Depth Estimation (SP),"100%
",12323
543562,MacBook Pro (16-inch Late 2019),Intel,Core ML,GPU,Depth Estimation (HP),"99%
",12947
543562,MacBook Pro (16-inch Late 2019),Intel,Core ML,GPU,Depth Estimation (Q),"85%
",11728
543562,MacBook Pro (16-inch Late 2019),Intel,Core ML,GPU,Style Transfer (SP),"100%
",35896
543562,MacBook Pro (16-inch Late 2019),Intel,Core ML,GPU,Style Transfer (HP),"100%
",37725
543562,MacBook Pro (16-inch Late 2019),Intel,Core ML,GPU,Style Transfer (Q),"96%
",48540
543562,MacBook Pro (16-inch Late 2019),Intel,Core ML,GPU,Image Super-Resolution (SP),"100%
",3905
543562,MacBook Pro (16-inch Late 2019),Intel,Core ML,GPU,Image Super-Resolution (HP),"100%
",8252
543562,MacBook Pro (16-inch Late 2019),Intel,Core ML,GPU,Image Super-Resolution (Q),"99%
",7209
543562,MacBook Pro (16-inch Late 2019),Intel,Core ML,GPU,Text Classification (SP),"100%
",273
543562,MacBook Pro (16-inch Late 2019),Intel,Core ML,GPU,Text Classification (HP),"100%
",289
543562,MacBook Pro (16-inch Late 2019),Intel,Core ML,GPU,Text Classification (Q),"93%
",251
543562,MacBook Pro (16-inch Late 2019),Intel,Core ML,GPU,Machine Translation (SP),"100%
",613
543562,MacBook Pro (16-inch Late 2019),Intel,Core ML,GPU,Machine Translation (HP),"100%
",569
543562,MacBook Pro (16-inch Late 2019),Intel,Core ML,GPU,Machine Translation (Q),"98%
",564
543815,MacBook Pro（14 英寸，M5）,Apple Silicon,Core ML,Neural Engine,Image Classification (SP),"100%
",2292
543815,MacBook Pro（14 英寸，M5）,Apple Silicon,Core ML,Neural Engine,Image Classification (HP),"100%
",19147
543815,MacBook Pro（14 英寸，M5）,Apple Silicon,Core ML,Neural Engine,Image Classification (Q),"97%
",26721
543815,MacBook Pro（14 英寸，M5）,Apple Silicon,Core ML,Neural Engine,Image Segmentation (SP),"100%
",2576
543815,MacBook Pro（14 英寸，M5）,Apple Silicon,Core ML,Neural Engine,Image Segmentation (HP),"100%
",24415
543815,MacBook Pro（14 英寸，M5）,Apple Silicon,Core ML,Neural Engine,Image Segmentation (Q),"99%
",35014
543815,MacBook Pro（14 英寸，M5）,Apple Silicon,Core ML,Neural Engine,Pose Estimation (SP),"100%
",9737
543815,MacBook Pro（14 英寸，M5）,Apple Silicon,Core ML,Neural Engine,Pose Estimation (HP),"100%
",178924
543815,MacBook Pro（14 英寸，M5）,Apple Silicon,Core ML,Neural Engine,Pose Estimation (Q),"95%
",335250
543815,MacBook Pro（14 英寸，M5）,Apple Silicon,Core ML,Neural Engine,Object Detection (SP),"100%
",2728
543815,MacBook Pro（14 英寸，M5）,Apple Silicon,Core ML,Neural Engine,Object Detection (HP),"100%
",18791
543815,MacBook Pro（14 英寸，M5）,Apple Silicon,Core ML,Neural Engine,Object Detection (Q),"89%
",28600
543815,MacBook Pro（14 英寸，M5）,Apple Silicon,Core ML,Neural Engine,Face Detection (SP),"100%
",5118
543815,MacBook Pro（14 英寸，M5）,Apple Silicon,Core ML,Neural Engine,Face Detection (HP),"100%
",49372
543815,MacBook Pro（14 英寸，M5）,Apple Silicon,Core ML,Neural Engine,Face Detection (Q),"100%
",76324
543815,MacBook Pro（14 英寸，M5）,Apple Silicon,Core ML,Neural Engine,Depth Estimation (SP),"100%
",8816
543815,MacBook Pro（14 英寸，M5）,Apple Silicon,Core ML,Neural Engine,Depth Estimation (HP),"99%
",112376
543815,MacBook Pro（14 英寸，M5）,Apple Silicon,Core ML,Neural Engine,Depth Estimation (Q),"85%
",191994
543815,MacBook Pro（14 英寸，M5）,Apple Silicon,Core ML,Neural Engine,Style Transfer (SP),"100%
",25510
543815,MacBook Pro（14 英寸，M5）,Apple Silicon,Core ML,Neural Engine,Style Transfer (HP),"100%
",274861
543815,MacBook Pro（14 英寸，M5）,Apple Silicon,Core ML,Neural Engine,Style Transfer (Q),"96%
",345805
543815,MacBook Pro（14 英寸，M5）,Apple Silicon,Core ML,Neural Engine,Image Super-Resolution (SP),"100%
",5851
543815,MacBook Pro（14 英寸，M5）,Apple Silicon,Core ML,Neural Engine,Image Super-Resolution (HP),"100%
",67516
543815,MacBook Pro（14 英寸，M5）,Apple Silicon,Core ML,Neural Engine,Image Super-Resolution (Q),"99%
",108033
543815,MacBook Pro（14 英寸，M5）,Apple Silicon,Core ML,Neural Engine,Text Classification (SP),"99%
",6152
543815,MacBook Pro（14 英寸，M5）,Apple Silicon,Core ML,Neural Engine,Text Classification (HP),"100%
",7442
543815,MacBook Pro（14 英寸，M5）,Apple Silicon,Core ML,Neural Engine,Text Classification (Q),"93%
",7649
543815,MacBook Pro（14 英寸，M5）,Apple Silicon,Core ML,Neural Engine,Machine Translation (SP),"100%
",5065
543815,MacBook Pro（14 英寸，M5）,Apple Silicon,Core ML,Neural Engine,Machine Translation (HP),"100%
",18857
543815,MacBook Pro（14 英寸，M5）,Apple Silicon,Core ML,Neural Engine,Machine Translation (Q),"98%
",19567
543816,MacBook Pro（14 英寸，M5）,Apple Silicon,Core ML,GPU,Image Classification (SP),"100%
",6312
543816,MacBook Pro（14 英寸，M5）,Apple Silicon,Core ML,GPU,Image Classification (HP),"100%
",11114
543816,MacBook Pro（14 英寸，M5）,Apple Silicon,Core ML,GPU,Image Classification (Q),"99%
",11260
543816,MacBook Pro（14 英寸，M5）,Apple Silicon,Core ML,GPU,Image Segmentation (SP),"100%
",10224
543816,MacBook Pro（14 英寸，M5）,Apple Silicon,Core ML,GPU,Image Segmentation (HP),"100%
",17182
543816,MacBook Pro（14 英寸，M5）,Apple Silicon,Core ML,GPU,Image Segmentation (Q),"99%
",17069
543816,MacBook Pro（14 英寸，M5）,Apple Silicon,Core ML,GPU,Pose Estimation (SP),"100%
",39528
543816,MacBook Pro（14 英寸，M5）,Apple Silicon,Core ML,GPU,Pose Estimation (HP),"100%
",103235
543816,MacBook Pro（14 英寸，M5）,Apple Silicon,Core ML,GPU,Pose Estimation (Q),"95%
",130883
543816,MacBook Pro（14 英寸，M5）,Apple Silicon,Core ML,GPU,Object Detection (SP),"100%
",6488
543816,MacBook Pro（14 英寸，M5）,Apple Silicon,Core ML,GPU,Object Detection (HP),"100%
",11968
543816,MacBook Pro（14 英寸，M5）,Apple Silicon,Core ML,GPU,Object Detection (Q),"94%
",12052
543816,MacBook Pro（14 英寸，M5）,Apple Silicon,Core ML,GPU,Face Detection (SP),"100%
",19173
543816,MacBook Pro（14 英寸，M5）,Apple Silicon,Core ML,GPU,Face Detection (HP),"100%
",36870
543816,MacBook Pro（14 英寸，M5）,Apple Silicon,Core ML,GPU,Face Detection (Q),"100%
",34510
543816,MacBook Pro（14 英寸，M5）,Apple Silicon,Core ML,GPU,Depth Estimation (SP),"100%
",28616
543816,MacBook Pro（14 英寸，M5）,Apple Silicon,Core ML,GPU,Depth Estimation (HP),"99%
",56962
543816,MacBook Pro（14 英寸，M5）,Apple Silicon,Core ML,GPU,Depth Estimation (Q),"86%
",56991
543816,MacBook Pro（14 英寸，M5）,Apple Silicon,Core ML,GPU,Style Transfer (SP),"100%
",81880
543816,MacBook Pro（14 英寸，M5）,Apple Silicon,Core ML,GPU,Style Transfer (HP),"100%
",189687
543816,MacBook Pro（14 英寸，M5）,Apple Silicon,Core ML,GPU,Style Transfer (Q),"96%
",224966
543816,MacBook Pro（14 英寸，M5）,Apple Silicon,Core ML,GPU,Image Super-Resolution (SP),"100%
",16189
543816,MacBook Pro（14 英寸，M5）,Apple Silicon,Core ML,GPU,Image Super-Resolution (HP),"100%
",33779
543816,MacBook Pro（14 英寸，M5）,Apple Silicon,Core ML,GPU,Image Super-Resolution (Q),"99%
",31036
543816,MacBook Pro（14 英寸，M5）,Apple Silicon,Core ML,GPU,Text Classification (SP),"100%
",6267
543816,MacBook Pro（14 英寸，M5）,Apple Silicon,Core ML,GPU,Text Classification (HP),"99%
",10376
543816,MacBook Pro（14 英寸，M5）,Apple Silicon,Core ML,GPU,Text Classification (Q),"93%
",10390
543816,MacBook Pro（14 英寸，M5）,Apple Silicon,Core ML,GPU,Machine Translation (SP),"100%
",7021
543816,MacBook Pro（14 英寸，M5）,Apple Silicon,Core ML,GPU,Machine Translation (HP),"100%
",8480
543816,MacBook Pro（14 英寸，M5）,Apple Silicon,Core ML,GPU,Machine Translation (Q),"98%
",7683
544141,MacBook Pro（14 英寸，M5）,Apple Silicon,Core ML,CPU,Image Classification (SP),"100%
",2402
544141,MacBook Pro（14 英寸，M5）,Apple Silicon,Core ML,CPU,Image Classification (HP),"100%
",4567
544141,MacBook Pro（14 英寸，M5）,Apple Silicon,Core ML,CPU,Image Classification (Q),"94%
",2407
544141,MacBook Pro（14 英寸，M5）,Apple Silicon,Core ML,CPU,Image Segmentation (SP),"100%
",2625
544141,MacBook Pro（14 英寸，M5）,Apple Silicon,Core ML,CPU,Image Segmentation (HP),"100%
",3798
544141,MacBook Pro（14 英寸，M5）,Apple Silicon,Core ML,CPU,Image Segmentation (Q),"99%
",4080
544141,MacBook Pro（14 英寸，M5）,Apple Silicon,Core ML,CPU,Pose Estimation (SP),"100%
",11384
544141,MacBook Pro（14 英寸，M5）,Apple Silicon,Core ML,CPU,Pose Estimation (HP),"99%
",23887
544141,MacBook Pro（14 英寸，M5）,Apple Silicon,Core ML,CPU,Pose Estimation (Q),"97%
",19973
544141,MacBook Pro（14 英寸，M5）,Apple Silicon,Core ML,CPU,Object Detection (SP),"100%
",2795
544141,MacBook Pro（14 英寸，M5）,Apple Silicon,Core ML,CPU,Object Detection (HP),"98%
",4946
544141,MacBook Pro（14 英寸，M5）,Apple Silicon,Core ML,CPU,Object Detection (Q),"88%
",3139
544141,MacBook Pro（14 英寸，M5）,Apple Silicon,Core ML,CPU,Face Detection (SP),"100%
",5312
544141,MacBook Pro（14 英寸，M5）,Apple Silicon,Core ML,CPU,Face Detection (HP),"100%
",10272
544141,MacBook Pro（14 英寸，M5）,Apple Silicon,Core ML,CPU,Face Detection (Q),"100%
",5403
544141,MacBook Pro（14 英寸，M5）,Apple Silicon,Core ML,CPU,Depth Estimation (SP),"100%
",8671
544141,MacBook Pro（14 英寸，M5）,Apple Silicon,Core ML,CPU,Depth Estimation (HP),"98%
",15511
544141,MacBook Pro（14 英寸，M5）,Apple Silicon,Core ML,CPU,Depth Estimation (Q),"85%
",9882
544141,MacBook Pro（14 英寸，M5）,Apple Silicon,Core ML,CPU,Style Transfer (SP),"100%
",27507
544141,MacBook Pro（14 英寸，M5）,Apple Silicon,Core ML,CPU,Style Transfer (HP),"100%
",47319
544141,MacBook Pro（14 英寸，M5）,Apple Silicon,Core ML,CPU,Style Transfer (Q),"96%
",37634
544141,MacBook Pro（14 英寸，M5）,Apple Silicon,Core ML,CPU,Image Super-Resolution (SP),"100%
",6601
544141,MacBook Pro（14 英寸，M5）,Apple Silicon,Core ML,CPU,Image Super-Resolution (HP),"100%
",12495
544141,MacBook Pro（14 英寸，M5）,Apple Silicon,Core ML,CPU,Image Super-Resolution (Q),"99%
",6787
544141,MacBook Pro（14 英寸，M5）,Apple Silicon,Core ML,CPU,Text Classification (SP),"100%
",6193
544141,MacBook Pro（14 英寸，M5）,Apple Silicon,Core ML,CPU,Text Classification (HP),"99%
",9854
544141,MacBook Pro（14 英寸，M5）,Apple Silicon,Core ML,CPU,Text Classification (Q),"93%
",9819
544141,MacBook Pro（14 英寸，M5）,Apple Silicon,Core ML,CPU,Machine Translation (SP),"100%
",4881
544141,MacBook Pro（14 英寸，M5）,Apple Silicon,Core ML,CPU,Machine Translation (HP),"100%
",8562
544141,MacBook Pro（14 英寸，M5）,Apple Silicon,Core ML,CPU,Machine Translation (Q),"98%
",8535
544146,MacBook Pro（14 英寸，M5）,Apple Silicon,Core ML,GPU,Image Classification (SP),"100%
",6310
544146,MacBook Pro（14 英寸，M5）,Apple Silicon,Core ML,GPU,Image Classification (HP),"100%
",10351
544146,MacBook Pro（14 英寸，M5）,Apple Silicon,Core ML,GPU,Image Classification (Q),"99%
",9811
544146,MacBook Pro（14 英寸，M5）,Apple Silicon,Core ML,GPU,Image Segmentation (SP),"100%
",10407
544146,MacBook Pro（14 英寸，M5）,Apple Silicon,Core ML,GPU,Image Segmentation (HP),"100%
",18337
544146,MacBook Pro（14 英寸，M5）,Apple Silicon,Core ML,GPU,Image Segmentation (Q),"99%
",17392
544146,MacBook Pro（14 英寸，M5）,Apple Silicon,Core ML,GPU,Pose Estimation (SP),"100%
",38849
544146,MacBook Pro（14 英寸，M5）,Apple Silicon,Core ML,GPU,Pose Estimation (HP),"100%
",101180
544146,MacBook Pro（14 英寸，M5）,Apple Silicon,Core ML,GPU,Pose Estimation (Q),"96%
",144022
544146,MacBook Pro（14 英寸，M5）,Apple Silicon,Core ML,GPU,Object Detection (SP),"100%
",6757
544146,MacBook Pro（14 英寸，M5）,Apple Silicon,Core ML,GPU,Object Detection (HP),"100%
",12993
544146,MacBook Pro（14 英寸，M5）,Apple Silicon,Core ML,GPU,Object Detection (Q),"92%
",11688
544146,MacBook Pro（14 英寸，M5）,Apple Silicon,Core ML,GPU,Face Detection (SP),"100%
",19135
544146,MacBook Pro（14 英寸，M5）,Apple Silicon,Core ML,GPU,Face Detection (HP),"100%
",35329
544146,MacBook Pro（14 英寸，M5）,Apple Silicon,Core ML,GPU,Face Detection (Q),"100%
",33920
544146,MacBook Pro（14 英寸，M5）,Apple Silicon,Core ML,GPU,Depth Estimation (SP),"100%
",26495
544146,MacBook Pro（14 英寸，M5）,Apple Silicon,Core ML,GPU,Depth Estimation (HP),"99%
",46827
544146,MacBook Pro（14 英寸，M5）,Apple Silicon,Core ML,GPU,Depth Estimation (Q),"85%
",46673
544146,MacBook Pro（14 英寸，M5）,Apple Silicon,Core ML,GPU,Style Transfer (SP),"100%
",84513
544146,MacBook Pro（14 英寸，M5）,Apple Silicon,Core ML,GPU,Style Transfer (HP),"100%
",204484
544146,MacBook Pro（14 英寸，M5）,Apple Silicon,Core ML,GPU,Style Transfer (Q),"96%
",256344
544146,MacBook Pro（14 英寸，M5）,Apple Silicon,Core ML,GPU,Image Super-Resolution (SP),"100%
",16431
544146,MacBook Pro（14 英寸，M5）,Apple Silicon,Core ML,GPU,Image Super-Resolution (HP),"100%
",31760
544146,MacBook Pro（14 英寸，M5）,Apple Silicon,Core ML,GPU,Image Super-Resolution (Q),"99%
",23827
544146,MacBook Pro（14 英寸，M5）,Apple Silicon,Core ML,GPU,Text Classification (SP),"100%
",5960
544146,MacBook Pro（14 英寸，M5）,Apple Silicon,Core ML,GPU,Text Classification (HP),"99%
",9728
544146,MacBook Pro（14 英寸，M5）,Apple Silicon,Core ML,GPU,Text Classification (Q),"93%
",9941
544146,MacBook Pro（14 英寸，M5）,Apple Silicon,Core ML,GPU,Machine Translation (SP),"100%
",6708
544146,MacBook Pro（14 英寸，M5）,Apple Silicon,Core ML,GPU,Machine Translation (HP),"100%
",7534
544146,MacBook Pro（14 英寸，M5）,Apple Silicon,Core ML,GPU,Machine Translation (Q),"98%
",7061
543820,"MacBook Pro (14-inch, 2021)",Apple Silicon,Core ML,CPU,Image Classification (SP),"100%
",1341
543820,"MacBook Pro (14-inch, 2021)",Apple Silicon,Core ML,CPU,Image Classification (HP),"100%
",2072
543820,"MacBook Pro (14-inch, 2021)",Apple Silicon,Core ML,CPU,Image Classification (Q),"96%
",1522
543820,"MacBook Pro (14-inch, 2021)",Apple Silicon,Core ML,CPU,Image Segmentation (SP),"100%
",1550
543820,"MacBook Pro (14-inch, 2021)",Apple Silicon,Core ML,CPU,Image Segmentation (HP),"100%
",2300
543820,"MacBook Pro (14-inch, 2021)",Apple Silicon,Core ML,CPU,Image Segmentation (Q),"99%
",2615
543820,"MacBook Pro (14-inch, 2021)",Apple Silicon,Core ML,CPU,Pose Estimation (SP),"100%
",10287
543820,"MacBook Pro (14-inch, 2021)",Apple Silicon,Core ML,CPU,Pose Estimation (HP),"100%
",23146
543820,"MacBook Pro (14-inch, 2021)",Apple Silicon,Core ML,CPU,Pose Estimation (Q),"95%
",17715
543820,"MacBook Pro (14-inch, 2021)",Apple Silicon,Core ML,CPU,Object Detection (SP),"100%
",1504
543820,"MacBook Pro (14-inch, 2021)",Apple Silicon,Core ML,CPU,Object Detection (HP),"97%
",2328
543820,"MacBook Pro (14-inch, 2021)",Apple Silicon,Core ML,CPU,Object Detection (Q),"94%
",1729
543820,"MacBook Pro (14-inch, 2021)",Apple Silicon,Core ML,CPU,Face Detection (SP),"100%
",3363
543820,"MacBook Pro (14-inch, 2021)",Apple Silicon,Core ML,CPU,Face Detection (HP),"100%
",5505
543820,"MacBook Pro (14-inch, 2021)",Apple Silicon,Core ML,CPU,Face Detection (Q),"100%
",3200
543820,"MacBook Pro (14-inch, 2021)",Apple Silicon,Core ML,CPU,Depth Estimation (SP),"100%
",5662
543820,"MacBook Pro (14-inch, 2021)",Apple Silicon,Core ML,CPU,Depth Estimation (HP),"98%
",10573
543820,"MacBook Pro (14-inch, 2021)",Apple Silicon,Core ML,CPU,Depth Estimation (Q),"85%
",7331
543820,"MacBook Pro (14-inch, 2021)",Apple Silicon,Core ML,CPU,Style Transfer (SP),"100%
",21882
543820,"MacBook Pro (14-inch, 2021)",Apple Silicon,Core ML,CPU,Style Transfer (HP),"100%
",35843
543820,"MacBook Pro (14-inch, 2021)",Apple Silicon,Core ML,CPU,Style Transfer (Q),"96%
",28468
543820,"MacBook Pro (14-inch, 2021)",Apple Silicon,Core ML,CPU,Image Super-Resolution (SP),"100%
",4041
543820,"MacBook Pro (14-inch, 2021)",Apple Silicon,Core ML,CPU,Image Super-Resolution (HP),"100%
",5540
543820,"MacBook Pro (14-inch, 2021)",Apple Silicon,Core ML,CPU,Image Super-Resolution (Q),"99%
",3980
543820,"MacBook Pro (14-inch, 2021)",Apple Silicon,Core ML,CPU,Text Classification (SP),"99%
",4360
543820,"MacBook Pro (14-inch, 2021)",Apple Silicon,Core ML,CPU,Text Classification (HP),"99%
",6841
543820,"MacBook Pro (14-inch, 2021)",Apple Silicon,Core ML,CPU,Text Classification (Q),"93%
",6613
543820,"MacBook Pro (14-inch, 2021)",Apple Silicon,Core ML,CPU,Machine Translation (SP),"100%
",3090
543820,"MacBook Pro (14-inch, 2021)",Apple Silicon,Core ML,CPU,Machine Translation (HP),"98%
",5143
543820,"MacBook Pro (14-inch, 2021)",Apple Silicon,Core ML,CPU,Machine Translation (Q),"98%
",5088
544148,"MacBook Air (13-inch, 2025)",Apple Silicon,Core ML,CPU,Image Classification (SP),"100%
",1988
544148,"MacBook Air (13-inch, 2025)",Apple Silicon,Core ML,CPU,Image Classification (HP),"100%
",3197
544148,"MacBook Air (13-inch, 2025)",Apple Silicon,Core ML,CPU,Image Classification (Q),"96%
",2197
544148,"MacBook Air (13-inch, 2025)",Apple Silicon,Core ML,CPU,Image Segmentation (SP),"100%
",2167
544148,"MacBook Air (13-inch, 2025)",Apple Silicon,Core ML,CPU,Image Segmentation (HP),"100%
",3288
544148,"MacBook Air (13-inch, 2025)",Apple Silicon,Core ML,CPU,Image Segmentation (Q),"99%
",3423
544148,"MacBook Air (13-inch, 2025)",Apple Silicon,Core ML,CPU,Pose Estimation (SP),"100%
",9213
544148,"MacBook Air (13-inch, 2025)",Apple Silicon,Core ML,CPU,Pose Estimation (HP),"100%
",18097
544148,"MacBook Air (13-inch, 2025)",Apple Silicon,Core ML,CPU,Pose Estimation (Q),"95%
",15751
544148,"MacBook Air (13-inch, 2025)",Apple Silicon,Core ML,CPU,Object Detection (SP),"100%
",2354
544148,"MacBook Air (13-inch, 2025)",Apple Silicon,Core ML,CPU,Object Detection (HP),"97%
",3592
544148,"MacBook Air (13-inch, 2025)",Apple Silicon,Core ML,CPU,Object Detection (Q),"94%
",2556
544148,"MacBook Air (13-inch, 2025)",Apple Silicon,Core ML,CPU,Face Detection (SP),"100%
",4214
544148,"MacBook Air (13-inch, 2025)",Apple Silicon,Core ML,CPU,Face Detection (HP),"100%
",7144
544148,"MacBook Air (13-inch, 2025)",Apple Silicon,Core ML,CPU,Face Detection (Q),"100%
",4009
544148,"MacBook Air (13-inch, 2025)",Apple Silicon,Core ML,CPU,Depth Estimation (SP),"100%
",7708
544148,"MacBook Air (13-inch, 2025)",Apple Silicon,Core ML,CPU,Depth Estimation (HP),"97%
",13991
544148,"MacBook Air (13-inch, 2025)",Apple Silicon,Core ML,CPU,Depth Estimation (Q),"86%
",9649
544148,"MacBook Air (13-inch, 2025)",Apple Silicon,Core ML,CPU,Style Transfer (SP),"100%
",21540
544148,"MacBook Air (13-inch, 2025)",Apple Silicon,Core ML,CPU,Style Transfer (HP),"100%
",37442
544148,"MacBook Air (13-inch, 2025)",Apple Silicon,Core ML,CPU,Style Transfer (Q),"96%
",30884
544148,"MacBook Air (13-inch, 2025)",Apple Silicon,Core ML,CPU,Image Super-Resolution (SP),"100%
",5788
544148,"MacBook Air (13-inch, 2025)",Apple Silicon,Core ML,CPU,Image Super-Resolution (HP),"100%
",6703
544148,"MacBook Air (13-inch, 2025)",Apple Silicon,Core ML,CPU,Image Super-Resolution (Q),"99%
",4778
544148,"MacBook Air (13-inch, 2025)",Apple Silicon,Core ML,CPU,Text Classification (SP),"100%
",5733
544148,"MacBook Air (13-inch, 2025)",Apple Silicon,Core ML,CPU,Text Classification (HP),"99%
",9650
544148,"MacBook Air (13-inch, 2025)",Apple Silicon,Core ML,CPU,Text Classification (Q),"93%
",9830
544148,"MacBook Air (13-inch, 2025)",Apple Silicon,Core ML,CPU,Machine Translation (SP),"100%
",4173
544148,"MacBook Air (13-inch, 2025)",Apple Silicon,Core ML,CPU,Machine Translation (HP),"98%
",6919
544148,"MacBook Air (13-inch, 2025)",Apple Silicon,Core ML,CPU,Machine Translation (Q),"98%
",6924
544150,MacBook Pro（14 英寸，M5）,Apple Silicon,Core ML,Neural Engine,Image Classification (SP),"100%
",2352
544150,MacBook Pro（14 英寸，M5）,Apple Silicon,Core ML,Neural Engine,Image Classification (HP),"100%
",17897
544150,MacBook Pro（14 英寸，M5）,Apple Silicon,Core ML,Neural Engine,Image Classification (Q),"97%
",26801
544150,MacBook Pro（14 英寸，M5）,Apple Silicon,Core ML,Neural Engine,Image Segmentation (SP),"100%
",2496
544150,MacBook Pro（14 英寸，M5）,Apple Silicon,Core ML,Neural Engine,Image Segmentation (HP),"100%
",23704
544150,MacBook Pro（14 英寸，M5）,Apple Silicon,Core ML,Neural Engine,Image Segmentation (Q),"99%
",34221
544150,MacBook Pro（14 英寸，M5）,Apple Silicon,Core ML,Neural Engine,Pose Estimation (SP),"100%
",11089
544150,MacBook Pro（14 英寸，M5）,Apple Silicon,Core ML,Neural Engine,Pose Estimation (HP),"100%
",178227
544150,MacBook Pro（14 英寸，M5）,Apple Silicon,Core ML,Neural Engine,Pose Estimation (Q),"95%
",330703
544150,MacBook Pro（14 英寸，M5）,Apple Silicon,Core ML,Neural Engine,Object Detection (SP),"100%
",2784
544150,MacBook Pro（14 英寸，M5）,Apple Silicon,Core ML,Neural Engine,Object Detection (HP),"100%
",18796
544150,MacBook Pro（14 英寸，M5）,Apple Silicon,Core ML,Neural Engine,Object Detection (Q),"89%
",26257
544150,MacBook Pro（14 英寸，M5）,Apple Silicon,Core ML,Neural Engine,Face Detection (SP),"100%
",5247
544150,MacBook Pro（14 英寸，M5）,Apple Silicon,Core ML,Neural Engine,Face Detection (HP),"100%
",49275
544150,MacBook Pro（14 英寸，M5）,Apple Silicon,Core ML,Neural Engine,Face Detection (Q),"100%
",77004
544150,MacBook Pro（14 英寸，M5）,Apple Silicon,Core ML,Neural Engine,Depth Estimation (SP),"100%
",8684
544150,MacBook Pro（14 英寸，M5）,Apple Silicon,Core ML,Neural Engine,Depth Estimation (HP),"99%
",108181
544150,MacBook Pro（14 英寸，M5）,Apple Silicon,Core ML,Neural Engine,Depth Estimation (Q),"85%
",190825
544150,MacBook Pro（14 英寸，M5）,Apple Silicon,Core ML,Neural Engine,Style Transfer (SP),"100%
",27667
544150,MacBook Pro（14 英寸，M5）,Apple Silicon,Core ML,Neural Engine,Style Transfer (HP),"100%
",297237
544150,MacBook Pro（14 英寸，M5）,Apple Silicon,Core ML,Neural Engine,Style Transfer (Q),"96%
",383083
544150,MacBook Pro（14 英寸，M5）,Apple Silicon,Core ML,Neural Engine,Image Super-Resolution (SP),"100%
",6581
544150,MacBook Pro（14 英寸，M5）,Apple Silicon,Core ML,Neural Engine,Image Super-Resolution (HP),"100%
",58635
544150,MacBook Pro（14 英寸，M5）,Apple Silicon,Core ML,Neural Engine,Image Super-Resolution (Q),"99%
",96252
544150,MacBook Pro（14 英寸，M5）,Apple Silicon,Core ML,Neural Engine,Text Classification (SP),"100%
",6009
544150,MacBook Pro（14 英寸，M5）,Apple Silicon,Core ML,Neural Engine,Text Classification (HP),"100%
",5799
544150,MacBook Pro（14 英寸，M5）,Apple Silicon,Core ML,Neural Engine,Text Classification (Q),"93%
",5909
544150,MacBook Pro（14 英寸，M5）,Apple Silicon,Core ML,Neural Engine,Machine Translation (SP),"100%
",4879
544150,MacBook Pro（14 英寸，M5）,Apple Silicon,Core ML,Neural Engine,Machine Translation (HP),"100%
",16635
544150,MacBook Pro（14 英寸，M5）,Apple Silicon,Core ML,Neural Engine,Machine Translation (Q),"98%
",17508
544151,"MacBook Air (13-inch, 2025)",Apple Silicon,Core ML,GPU,Image Classification (SP),"100%
",4728
544151,"MacBook Air (13-inch, 2025)",Apple Silicon,Core ML,GPU,Image Classification (HP),"100%
",5064
544151,"MacBook Air (13-inch, 2025)",Apple Silicon,Core ML,GPU,Image Classification (Q),"96%
",4794
544151,"MacBook Air (13-inch, 2025)",Apple Silicon,Core ML,GPU,Image Segmentation (SP),"100%
",7406
544151,"MacBook Air (13-inch, 2025)",Apple Silicon,Core ML,GPU,Image Segmentation (HP),"100%
",8394
544151,"MacBook Air (13-inch, 2025)",Apple Silicon,Core ML,GPU,Image Segmentation (Q),"99%
",8016
544151,"MacBook Air (13-inch, 2025)",Apple Silicon,Core ML,GPU,Pose Estimation (SP),"100%
",26078
544151,"MacBook Air (13-inch, 2025)",Apple Silicon,Core ML,GPU,Pose Estimation (HP),"100%
",30216
544151,"MacBook Air (13-inch, 2025)",Apple Silicon,Core ML,GPU,Pose Estimation (Q),"96%
",29489
544151,"MacBook Air (13-inch, 2025)",Apple Silicon,Core ML,GPU,Object Detection (SP),"100%
",4767
544151,"MacBook Air (13-inch, 2025)",Apple Silicon,Core ML,GPU,Object Detection (HP),"100%
",5356
544151,"MacBook Air (13-inch, 2025)",Apple Silicon,Core ML,GPU,Object Detection (Q),"91%
",5133
544151,"MacBook Air (13-inch, 2025)",Apple Silicon,Core ML,GPU,Face Detection (SP),"100%
",12821
544151,"MacBook Air (13-inch, 2025)",Apple Silicon,Core ML,GPU,Face Detection (HP),"100%
",15335
544151,"MacBook Air (13-inch, 2025)",Apple Silicon,Core ML,GPU,Face Detection (Q),"100%
",16391
544151,"MacBook Air (13-inch, 2025)",Apple Silicon,Core ML,GPU,Depth Estimation (SP),"100%
",19861
544151,"MacBook Air (13-inch, 2025)",Apple Silicon,Core ML,GPU,Depth Estimation (HP),"99%
",22379
544151,"MacBook Air (13-inch, 2025)",Apple Silicon,Core ML,GPU,Depth Estimation (Q),"85%
",21383
544151,"MacBook Air (13-inch, 2025)",Apple Silicon,Core ML,GPU,Style Transfer (SP),"100%
",52864
544151,"MacBook Air (13-inch, 2025)",Apple Silicon,Core ML,GPU,Style Transfer (HP),"100%
",66672
544151,"MacBook Air (13-inch, 2025)",Apple Silicon,Core ML,GPU,Style Transfer (Q),"96%
",63607
544151,"MacBook Air (13-inch, 2025)",Apple Silicon,Core ML,GPU,Image Super-Resolution (SP),"100%
",11667
544151,"MacBook Air (13-inch, 2025)",Apple Silicon,Core ML,GPU,Image Super-Resolution (HP),"100%
",11988
544151,"MacBook Air (13-inch, 2025)",Apple Silicon,Core ML,GPU,Image Super-Resolution (Q),"99%
",10293
544151,"MacBook Air (13-inch, 2025)",Apple Silicon,Core ML,GPU,Text Classification (SP),"100%
",6323
544151,"MacBook Air (13-inch, 2025)",Apple Silicon,Core ML,GPU,Text Classification (HP),"99%
",9651
544151,"MacBook Air (13-inch, 2025)",Apple Silicon,Core ML,GPU,Text Classification (Q),"93%
",9508
544151,"MacBook Air (13-inch, 2025)",Apple Silicon,Core ML,GPU,Machine Translation (SP),"100%
",2930
544151,"MacBook Air (13-inch, 2025)",Apple Silicon,Core ML,GPU,Machine Translation (HP),"100%
",2514
544151,"MacBook Air (13-inch, 2025)",Apple Silicon,Core ML,GPU,Machine Translation (Q),"98%
",4240
544153,"MacBook Air (13-inch, 2025)",Apple Silicon,Core ML,Neural Engine,Image Classification (SP),"100%
",2082
544153,"MacBook Air (13-inch, 2025)",Apple Silicon,Core ML,Neural Engine,Image Classification (HP),"100%
",17276
544153,"MacBook Air (13-inch, 2025)",Apple Silicon,Core ML,Neural Engine,Image Classification (Q),"97%
",26807
544153,"MacBook Air (13-inch, 2025)",Apple Silicon,Core ML,Neural Engine,Image Segmentation (SP),"100%
",1939
544153,"MacBook Air (13-inch, 2025)",Apple Silicon,Core ML,Neural Engine,Image Segmentation (HP),"100%
",22045
544153,"MacBook Air (13-inch, 2025)",Apple Silicon,Core ML,Neural Engine,Image Segmentation (Q),"99%
",31696
544153,"MacBook Air (13-inch, 2025)",Apple Silicon,Core ML,Neural Engine,Pose Estimation (SP),"100%
",9381
544153,"MacBook Air (13-inch, 2025)",Apple Silicon,Core ML,Neural Engine,Pose Estimation (HP),"100%
",120096
544153,"MacBook Air (13-inch, 2025)",Apple Silicon,Core ML,Neural Engine,Pose Estimation (Q),"95%
",226611
544153,"MacBook Air (13-inch, 2025)",Apple Silicon,Core ML,Neural Engine,Object Detection (SP),"100%
",2354
544153,"MacBook Air (13-inch, 2025)",Apple Silicon,Core ML,Neural Engine,Object Detection (HP),"100%
",19047
544153,"MacBook Air (13-inch, 2025)",Apple Silicon,Core ML,Neural Engine,Object Detection (Q),"89%
",26923
544153,"MacBook Air (13-inch, 2025)",Apple Silicon,Core ML,Neural Engine,Face Detection (SP),"100%
",4226
544153,"MacBook Air (13-inch, 2025)",Apple Silicon,Core ML,Neural Engine,Face Detection (HP),"100%
",45989
544153,"MacBook Air (13-inch, 2025)",Apple Silicon,Core ML,Neural Engine,Face Detection (Q),"100%
",73396
544153,"MacBook Air (13-inch, 2025)",Apple Silicon,Core ML,Neural Engine,Depth Estimation (SP),"100%
",7766
544153,"MacBook Air (13-inch, 2025)",Apple Silicon,Core ML,Neural Engine,Depth Estimation (HP),"99%
",98529
544153,"MacBook Air (13-inch, 2025)",Apple Silicon,Core ML,Neural Engine,Depth Estimation (Q),"85%
",174833
544153,"MacBook Air (13-inch, 2025)",Apple Silicon,Core ML,Neural Engine,Style Transfer (SP),"100%
",21949
544153,"MacBook Air (13-inch, 2025)",Apple Silicon,Core ML,Neural Engine,Style Transfer (HP),"100%
",253492
544153,"MacBook Air (13-inch, 2025)",Apple Silicon,Core ML,Neural Engine,Style Transfer (Q),"96%
",319521
544153,"MacBook Air (13-inch, 2025)",Apple Silicon,Core ML,Neural Engine,Image Super-Resolution (SP),"100%
",5773
544153,"MacBook Air (13-inch, 2025)",Apple Silicon,Core ML,Neural Engine,Image Super-Resolution (HP),"100%
",51531
544153,"MacBook Air (13-inch, 2025)",Apple Silicon,Core ML,Neural Engine,Image Super-Resolution (Q),"99%
",85745
544153,"MacBook Air (13-inch, 2025)",Apple Silicon,Core ML,Neural Engine,Text Classification (SP),"100%
",6234
544153,"MacBook Air (13-inch, 2025)",Apple Silicon,Core ML,Neural Engine,Text Classification (HP),"99%
",9775
544153,"MacBook Air (13-inch, 2025)",Apple Silicon,Core ML,Neural Engine,Text Classification (Q),"93%
",9658
544153,"MacBook Air (13-inch, 2025)",Apple Silicon,Core ML,Neural Engine,Machine Translation (SP),"100%
",4080
544153,"MacBook Air (13-inch, 2025)",Apple Silicon,Core ML,Neural Engine,Machine Translation (HP),"100%
",13510
544153,"MacBook Air (13-inch, 2025)",Apple Silicon,Core ML,Neural Engine,Machine Translation (Q),"98%
",7060
543824,Mac Studio (2025),Apple Silicon,Core ML,GPU,Image Classification (SP),"100%
",9655
543824,Mac Studio (2025),Apple Silicon,Core ML,GPU,Image Classification (HP),"100%
",10489
543824,Mac Studio (2025),Apple Silicon,Core ML,GPU,Image Classification (Q),"96%
",8945
543824,Mac Studio (2025),Apple Silicon,Core ML,GPU,Image Segmentation (SP),"100%
",23506
543824,Mac Studio (2025),Apple Silicon,Core ML,GPU,Image Segmentation (HP),"100%
",24777
543824,Mac Studio (2025),Apple Silicon,Core ML,GPU,Image Segmentation (Q),"99%
",23613
543824,Mac Studio (2025),Apple Silicon,Core ML,GPU,Pose Estimation (SP),"100%
",100238
543824,Mac Studio (2025),Apple Silicon,Core ML,GPU,Pose Estimation (HP),"100%
",109895
543824,Mac Studio (2025),Apple Silicon,Core ML,GPU,Pose Estimation (Q),"96%
",105424
543824,Mac Studio (2025),Apple Silicon,Core ML,GPU,Object Detection (SP),"100%
",7703
543824,Mac Studio (2025),Apple Silicon,Core ML,GPU,Object Detection (HP),"100%
",9281
543824,Mac Studio (2025),Apple Silicon,Core ML,GPU,Object Detection (Q),"91%
",9457
543824,Mac Studio (2025),Apple Silicon,Core ML,GPU,Face Detection (SP),"100%
",41096
543824,Mac Studio (2025),Apple Silicon,Core ML,GPU,Face Detection (HP),"100%
",45230
543824,Mac Studio (2025),Apple Silicon,Core ML,GPU,Face Detection (Q),"100%
",40132
543824,Mac Studio (2025),Apple Silicon,Core ML,GPU,Depth Estimation (SP),"100%
",37892
543824,Mac Studio (2025),Apple Silicon,Core ML,GPU,Depth Estimation (HP),"99%
",41427
543824,Mac Studio (2025),Apple Silicon,Core ML,GPU,Depth Estimation (Q),"85%
",40155
543824,Mac Studio (2025),Apple Silicon,Core ML,GPU,Style Transfer (SP),"100%
",212069
543824,Mac Studio (2025),Apple Silicon,Core ML,GPU,Style Transfer (HP),"100%
",233155
543824,Mac Studio (2025),Apple Silicon,Core ML,GPU,Style Transfer (Q),"96%
",225555
543824,Mac Studio (2025),Apple Silicon,Core ML,GPU,Image Super-Resolution (SP),"100%
",27749
543824,Mac Studio (2025),Apple Silicon,Core ML,GPU,Image Super-Resolution (HP),"100%
",28067
543824,Mac Studio (2025),Apple Silicon,Core ML,GPU,Image Super-Resolution (Q),"99%
",21181
543824,Mac Studio (2025),Apple Silicon,Core ML,GPU,Text Classification (SP),"100%
",6108
543824,Mac Studio (2025),Apple Silicon,Core ML,GPU,Text Classification (HP),"99%
",9548
543824,Mac Studio (2025),Apple Silicon,Core ML,GPU,Text Classification (Q),"93%
",9235
543824,Mac Studio (2025),Apple Silicon,Core ML,GPU,Machine Translation (SP),"100%
",7253
543824,Mac Studio (2025),Apple Silicon,Core ML,GPU,Machine Translation (HP),"100%
",7463
543824,Mac Studio (2025),Apple Silicon,Core ML,GPU,Machine Translation (Q),"98%
",7039
543827,Mac Studio (2025),Apple Silicon,Core ML,Neural Engine,Image Classification (SP),"100%
",2259
543827,Mac Studio (2025),Apple Silicon,Core ML,Neural Engine,Image Classification (HP),"100%
",19426
543827,Mac Studio (2025),Apple Silicon,Core ML,Neural Engine,Image Classification (Q),"97%
",27393
543827,Mac Studio (2025),Apple Silicon,Core ML,Neural Engine,Image Segmentation (SP),"100%
",2495
543827,Mac Studio (2025),Apple Silicon,Core ML,Neural Engine,Image Segmentation (HP),"100%
",23114
543827,Mac Studio (2025),Apple Silicon,Core ML,Neural Engine,Image Segmentation (Q),"99%
",33323
543827,Mac Studio (2025),Apple Silicon,Core ML,Neural Engine,Pose Estimation (SP),"100%
",19122
543827,Mac Studio (2025),Apple Silicon,Core ML,Neural Engine,Pose Estimation (HP),"100%
",123346
543827,Mac Studio (2025),Apple Silicon,Core ML,Neural Engine,Pose Estimation (Q),"95%
",230194
543827,Mac Studio (2025),Apple Silicon,Core ML,Neural Engine,Object Detection (SP),"100%
",2917
543827,Mac Studio (2025),Apple Silicon,Core ML,Neural Engine,Object Detection (HP),"100%
",19982
543827,Mac Studio (2025),Apple Silicon,Core ML,Neural Engine,Object Detection (Q),"89%
",25313
543827,Mac Studio (2025),Apple Silicon,Core ML,Neural Engine,Face Detection (SP),"100%
",5900
543827,Mac Studio (2025),Apple Silicon,Core ML,Neural Engine,Face Detection (HP),"100%
",47267
543827,Mac Studio (2025),Apple Silicon,Core ML,Neural Engine,Face Detection (Q),"100%
",74675
543827,Mac Studio (2025),Apple Silicon,Core ML,Neural Engine,Depth Estimation (SP),"100%
",9202
543827,Mac Studio (2025),Apple Silicon,Core ML,Neural Engine,Depth Estimation (HP),"99%
",105695
543827,Mac Studio (2025),Apple Silicon,Core ML,Neural Engine,Depth Estimation (Q),"85%
",183498
543827,Mac Studio (2025),Apple Silicon,Core ML,Neural Engine,Style Transfer (SP),"100%
",31814
543827,Mac Studio (2025),Apple Silicon,Core ML,Neural Engine,Style Transfer (HP),"100%
",251033
543827,Mac Studio (2025),Apple Silicon,Core ML,Neural Engine,Style Transfer (Q),"96%
",321051
543827,Mac Studio (2025),Apple Silicon,Core ML,Neural Engine,Image Super-Resolution (SP),"100%
",7105
543827,Mac Studio (2025),Apple Silicon,Core ML,Neural Engine,Image Super-Resolution (HP),"100%
",48363
543827,Mac Studio (2025),Apple Silicon,Core ML,Neural Engine,Image Super-Resolution (Q),"99%
",83431
543827,Mac Studio (2025),Apple Silicon,Core ML,Neural Engine,Text Classification (SP),"100%
",6098
543827,Mac Studio (2025),Apple Silicon,Core ML,Neural Engine,Text Classification (HP),"99%
",9376
543827,Mac Studio (2025),Apple Silicon,Core ML,Neural Engine,Text Classification (Q),"93%
",9109
543827,Mac Studio (2025),Apple Silicon,Core ML,Neural Engine,Machine Translation (SP),"100%
",6536
543827,Mac Studio (2025),Apple Silicon,Core ML,Neural Engine,Machine Translation (HP),"100%
",17284
543827,Mac Studio (2025),Apple Silicon,Core ML,Neural Engine,Machine Translation (Q),"98%
",16295
544185,MacBook Pro（16 英寸，M5 Pro 或 M5 Max）,Apple Silicon,Core ML,CPU,Image Classification (SP),"100%
",2322
544185,MacBook Pro（16 英寸，M5 Pro 或 M5 Max）,Apple Silicon,Core ML,CPU,Image Classification (HP),"100%
",3684
544185,MacBook Pro（16 英寸，M5 Pro 或 M5 Max）,Apple Silicon,Core ML,CPU,Image Classification (Q),"94%
",2045
544185,MacBook Pro（16 英寸，M5 Pro 或 M5 Max）,Apple Silicon,Core ML,CPU,Image Segmentation (SP),"100%
",2425
544185,MacBook Pro（16 英寸，M5 Pro 或 M5 Max）,Apple Silicon,Core ML,CPU,Image Segmentation (HP),"100%
",3036
544185,MacBook Pro（16 英寸，M5 Pro 或 M5 Max）,Apple Silicon,Core ML,CPU,Image Segmentation (Q),"99%
",4068
544185,MacBook Pro（16 英寸，M5 Pro 或 M5 Max）,Apple Silicon,Core ML,CPU,Pose Estimation (SP),"100%
",9686
544185,MacBook Pro（16 英寸，M5 Pro 或 M5 Max）,Apple Silicon,Core ML,CPU,Pose Estimation (HP),"100%
",19376
544185,MacBook Pro（16 英寸，M5 Pro 或 M5 Max）,Apple Silicon,Core ML,CPU,Pose Estimation (Q),"96%
",16767
544185,MacBook Pro（16 英寸，M5 Pro 或 M5 Max）,Apple Silicon,Core ML,CPU,Object Detection (SP),"100%
",2874
544185,MacBook Pro（16 英寸，M5 Pro 或 M5 Max）,Apple Silicon,Core ML,CPU,Object Detection (HP),"98%
",4182
544185,MacBook Pro（16 英寸，M5 Pro 或 M5 Max）,Apple Silicon,Core ML,CPU,Object Detection (Q),"88%
",2877
544185,MacBook Pro（16 英寸，M5 Pro 或 M5 Max）,Apple Silicon,Core ML,CPU,Face Detection (SP),"100%
",5365
544185,MacBook Pro（16 英寸，M5 Pro 或 M5 Max）,Apple Silicon,Core ML,CPU,Face Detection (HP),"100%
",9778
544185,MacBook Pro（16 英寸，M5 Pro 或 M5 Max）,Apple Silicon,Core ML,CPU,Face Detection (Q),"100%
",5243
544185,MacBook Pro（16 英寸，M5 Pro 或 M5 Max）,Apple Silicon,Core ML,CPU,Depth Estimation (SP),"100%
",9131
544185,MacBook Pro（16 英寸，M5 Pro 或 M5 Max）,Apple Silicon,Core ML,CPU,Depth Estimation (HP),"98%
",11926
544185,MacBook Pro（16 英寸，M5 Pro 或 M5 Max）,Apple Silicon,Core ML,CPU,Depth Estimation (Q),"85%
",8214
544185,MacBook Pro（16 英寸，M5 Pro 或 M5 Max）,Apple Silicon,Core ML,CPU,Style Transfer (SP),"100%
",24904
544185,MacBook Pro（16 英寸，M5 Pro 或 M5 Max）,Apple Silicon,Core ML,CPU,Style Transfer (HP),"100%
",45778
544185,MacBook Pro（16 英寸，M5 Pro 或 M5 Max）,Apple Silicon,Core ML,CPU,Style Transfer (Q),"96%
",37073
544185,MacBook Pro（16 英寸，M5 Pro 或 M5 Max）,Apple Silicon,Core ML,CPU,Image Super-Resolution (SP),"100%
",5807
544185,MacBook Pro（16 英寸，M5 Pro 或 M5 Max）,Apple Silicon,Core ML,CPU,Image Super-Resolution (HP),"100%
",10545
544185,MacBook Pro（16 英寸，M5 Pro 或 M5 Max）,Apple Silicon,Core ML,CPU,Image Super-Resolution (Q),"99%
",6221
544185,MacBook Pro（16 英寸，M5 Pro 或 M5 Max）,Apple Silicon,Core ML,CPU,Text Classification (SP),"100%
",6039
544185,MacBook Pro（16 英寸，M5 Pro 或 M5 Max）,Apple Silicon,Core ML,CPU,Text Classification (HP),"99%
",9981
544185,MacBook Pro（16 英寸，M5 Pro 或 M5 Max）,Apple Silicon,Core ML,CPU,Text Classification (Q),"92%
",9921
544185,MacBook Pro（16 英寸，M5 Pro 或 M5 Max）,Apple Silicon,Core ML,CPU,Machine Translation (SP),"100%
",2733
544185,MacBook Pro（16 英寸，M5 Pro 或 M5 Max）,Apple Silicon,Core ML,CPU,Machine Translation (HP),"100%
",9531
544185,MacBook Pro（16 英寸，M5 Pro 或 M5 Max）,Apple Silicon,Core ML,CPU,Machine Translation (Q),"98%
",9509
544186,MacBook Pro（16 英寸，M5 Pro 或 M5 Max）,Apple Silicon,Core ML,Neural Engine,Image Classification (SP),"100%
",2312
544186,MacBook Pro（16 英寸，M5 Pro 或 M5 Max）,Apple Silicon,Core ML,Neural Engine,Image Classification (HP),"100%
",20922
544186,MacBook Pro（16 英寸，M5 Pro 或 M5 Max）,Apple Silicon,Core ML,Neural Engine,Image Classification (Q),"97%
",26833
544186,MacBook Pro（16 英寸，M5 Pro 或 M5 Max）,Apple Silicon,Core ML,Neural Engine,Image Segmentation (SP),"100%
",2426
544186,MacBook Pro（16 英寸，M5 Pro 或 M5 Max）,Apple Silicon,Core ML,Neural Engine,Image Segmentation (HP),"100%
",26083
544186,MacBook Pro（16 英寸，M5 Pro 或 M5 Max）,Apple Silicon,Core ML,Neural Engine,Image Segmentation (Q),"99%
",38770
544186,MacBook Pro（16 英寸，M5 Pro 或 M5 Max）,Apple Silicon,Core ML,Neural Engine,Pose Estimation (SP),"100%
",9277
544186,MacBook Pro（16 英寸，M5 Pro 或 M5 Max）,Apple Silicon,Core ML,Neural Engine,Pose Estimation (HP),"100%
",183328
544186,MacBook Pro（16 英寸，M5 Pro 或 M5 Max）,Apple Silicon,Core ML,Neural Engine,Pose Estimation (Q),"95%
",338180
544186,MacBook Pro（16 英寸，M5 Pro 或 M5 Max）,Apple Silicon,Core ML,Neural Engine,Object Detection (SP),"100%
",2861
544186,MacBook Pro（16 英寸，M5 Pro 或 M5 Max）,Apple Silicon,Core ML,Neural Engine,Object Detection (HP),"100%
",24139
544186,MacBook Pro（16 英寸，M5 Pro 或 M5 Max）,Apple Silicon,Core ML,Neural Engine,Object Detection (Q),"89%
",29763
544186,MacBook Pro（16 英寸，M5 Pro 或 M5 Max）,Apple Silicon,Core ML,Neural Engine,Face Detection (SP),"100%
",5575
544186,MacBook Pro（16 英寸，M5 Pro 或 M5 Max）,Apple Silicon,Core ML,Neural Engine,Face Detection (HP),"100%
",51295
544186,MacBook Pro（16 英寸，M5 Pro 或 M5 Max）,Apple Silicon,Core ML,Neural Engine,Face Detection (Q),"100%
",79910
544186,MacBook Pro（16 英寸，M5 Pro 或 M5 Max）,Apple Silicon,Core ML,Neural Engine,Depth Estimation (SP),"100%
",9108
544186,MacBook Pro（16 英寸，M5 Pro 或 M5 Max）,Apple Silicon,Core ML,Neural Engine,Depth Estimation (HP),"99%
",140699
544186,MacBook Pro（16 英寸，M5 Pro 或 M5 Max）,Apple Silicon,Core ML,Neural Engine,Depth Estimation (Q),"85%
",221054
544186,MacBook Pro（16 英寸，M5 Pro 或 M5 Max）,Apple Silicon,Core ML,Neural Engine,Style Transfer (SP),"100%
",24783
544186,MacBook Pro（16 英寸，M5 Pro 或 M5 Max）,Apple Silicon,Core ML,Neural Engine,Style Transfer (HP),"100%
",290088
544186,MacBook Pro（16 英寸，M5 Pro 或 M5 Max）,Apple Silicon,Core ML,Neural Engine,Style Transfer (Q),"96%
",365651
544186,MacBook Pro（16 英寸，M5 Pro 或 M5 Max）,Apple Silicon,Core ML,Neural Engine,Image Super-Resolution (SP),"100%
",5814
544186,MacBook Pro（16 英寸，M5 Pro 或 M5 Max）,Apple Silicon,Core ML,Neural Engine,Image Super-Resolution (HP),"100%
",66198
544186,MacBook Pro（16 英寸，M5 Pro 或 M5 Max）,Apple Silicon,Core ML,Neural Engine,Image Super-Resolution (Q),"99%
",101828
544186,MacBook Pro（16 英寸，M5 Pro 或 M5 Max）,Apple Silicon,Core ML,Neural Engine,Text Classification (SP),"99%
",5662
544186,MacBook Pro（16 英寸，M5 Pro 或 M5 Max）,Apple Silicon,Core ML,Neural Engine,Text Classification (HP),"100%
",9776
544186,MacBook Pro（16 英寸，M5 Pro 或 M5 Max）,Apple Silicon,Core ML,Neural Engine,Text Classification (Q),"93%
",9788
544186,MacBook Pro（16 英寸，M5 Pro 或 M5 Max）,Apple Silicon,Core ML,Neural Engine,Machine Translation (SP),"100%
",2721
544186,MacBook Pro（16 英寸，M5 Pro 或 M5 Max）,Apple Silicon,Core ML,Neural Engine,Machine Translation (HP),"100%
",19160
544186,MacBook Pro（16 英寸，M5 Pro 或 M5 Max）,Apple Silicon,Core ML,Neural Engine,Machine Translation (Q),"98%
",18928
544188,MacBook Pro（16 英寸，M5 Pro 或 M5 Max）,Apple Silicon,Core ML,GPU,Image Classification (SP),"100%
",8661
544188,MacBook Pro（16 英寸，M5 Pro 或 M5 Max）,Apple Silicon,Core ML,GPU,Image Classification (HP),"100%
",12477
544188,MacBook Pro（16 英寸，M5 Pro 或 M5 Max）,Apple Silicon,Core ML,GPU,Image Classification (Q),"99%
",11751
544188,MacBook Pro（16 英寸，M5 Pro 或 M5 Max）,Apple Silicon,Core ML,GPU,Image Segmentation (SP),"100%
",17931
544188,MacBook Pro（16 英寸，M5 Pro 或 M5 Max）,Apple Silicon,Core ML,GPU,Image Segmentation (HP),"100%
",28761
544188,MacBook Pro（16 英寸，M5 Pro 或 M5 Max）,Apple Silicon,Core ML,GPU,Image Segmentation (Q),"99%
",27475
544188,MacBook Pro（16 英寸，M5 Pro 或 M5 Max）,Apple Silicon,Core ML,GPU,Pose Estimation (SP),"100%
",71348
544188,MacBook Pro（16 英寸，M5 Pro 或 M5 Max）,Apple Silicon,Core ML,GPU,Pose Estimation (HP),"100%
",184721
544188,MacBook Pro（16 英寸，M5 Pro 或 M5 Max）,Apple Silicon,Core ML,GPU,Pose Estimation (Q),"95%
",212301
544188,MacBook Pro（16 英寸，M5 Pro 或 M5 Max）,Apple Silicon,Core ML,GPU,Object Detection (SP),"100%
",8064
544188,MacBook Pro（16 英寸，M5 Pro 或 M5 Max）,Apple Silicon,Core ML,GPU,Object Detection (HP),"100%
",13909
544188,MacBook Pro（16 英寸，M5 Pro 或 M5 Max）,Apple Silicon,Core ML,GPU,Object Detection (Q),"94%
",13778
544188,MacBook Pro（16 英寸，M5 Pro 或 M5 Max）,Apple Silicon,Core ML,GPU,Face Detection (SP),"100%
",32387
544188,MacBook Pro（16 英寸，M5 Pro 或 M5 Max）,Apple Silicon,Core ML,GPU,Face Detection (HP),"100%
",52387
544188,MacBook Pro（16 英寸，M5 Pro 或 M5 Max）,Apple Silicon,Core ML,GPU,Face Detection (Q),"100%
",50544
544188,MacBook Pro（16 英寸，M5 Pro 或 M5 Max）,Apple Silicon,Core ML,GPU,Depth Estimation (SP),"100%
",41461
544188,MacBook Pro（16 英寸，M5 Pro 或 M5 Max）,Apple Silicon,Core ML,GPU,Depth Estimation (HP),"99%
",74085
544188,MacBook Pro（16 英寸，M5 Pro 或 M5 Max）,Apple Silicon,Core ML,GPU,Depth Estimation (Q),"86%
",71915
544188,MacBook Pro（16 英寸，M5 Pro 或 M5 Max）,Apple Silicon,Core ML,GPU,Style Transfer (SP),"100%
",152509
544188,MacBook Pro（16 英寸，M5 Pro 或 M5 Max）,Apple Silicon,Core ML,GPU,Style Transfer (HP),"100%
",336919
544188,MacBook Pro（16 英寸，M5 Pro 或 M5 Max）,Apple Silicon,Core ML,GPU,Style Transfer (Q),"96%
",396789
544188,MacBook Pro（16 英寸，M5 Pro 或 M5 Max）,Apple Silicon,Core ML,GPU,Image Super-Resolution (SP),"100%
",26726
544188,MacBook Pro（16 英寸，M5 Pro 或 M5 Max）,Apple Silicon,Core ML,GPU,Image Super-Resolution (HP),"100%
",44627
544188,MacBook Pro（16 英寸，M5 Pro 或 M5 Max）,Apple Silicon,Core ML,GPU,Image Super-Resolution (Q),"99%
",35604
544188,MacBook Pro（16 英寸，M5 Pro 或 M5 Max）,Apple Silicon,Core ML,GPU,Text Classification (SP),"100%
",6108
544188,MacBook Pro（16 英寸，M5 Pro 或 M5 Max）,Apple Silicon,Core ML,GPU,Text Classification (HP),"99%
",10186
544188,MacBook Pro（16 英寸，M5 Pro 或 M5 Max）,Apple Silicon,Core ML,GPU,Text Classification (Q),"92%
",10058
544188,MacBook Pro（16 英寸，M5 Pro 或 M5 Max）,Apple Silicon,Core ML,GPU,Machine Translation (SP),"100%
",7655
544188,MacBook Pro（16 英寸，M5 Pro 或 M5 Max）,Apple Silicon,Core ML,GPU,Machine Translation (HP),"100%
",8842
544188,MacBook Pro（16 英寸，M5 Pro 或 M5 Max）,Apple Silicon,Core ML,GPU,Machine Translation (Q),"98%
",8583
544190,MacBook Pro（16 英寸，M5 Pro 或 M5 Max）,Apple Silicon,Core ML,Neural Engine,Image Classification (SP),"100%
",2333
544190,MacBook Pro（16 英寸，M5 Pro 或 M5 Max）,Apple Silicon,Core ML,Neural Engine,Image Classification (HP),"100%
",20865
544190,MacBook Pro（16 英寸，M5 Pro 或 M5 Max）,Apple Silicon,Core ML,Neural Engine,Image Classification (Q),"97%
",25955
544190,MacBook Pro（16 英寸，M5 Pro 或 M5 Max）,Apple Silicon,Core ML,Neural Engine,Image Segmentation (SP),"100%
",2448
544190,MacBook Pro（16 英寸，M5 Pro 或 M5 Max）,Apple Silicon,Core ML,Neural Engine,Image Segmentation (HP),"100%
",25773
544190,MacBook Pro（16 英寸，M5 Pro 或 M5 Max）,Apple Silicon,Core ML,Neural Engine,Image Segmentation (Q),"99%
",38143
544190,MacBook Pro（16 英寸，M5 Pro 或 M5 Max）,Apple Silicon,Core ML,Neural Engine,Pose Estimation (SP),"100%
",9617
544190,MacBook Pro（16 英寸，M5 Pro 或 M5 Max）,Apple Silicon,Core ML,Neural Engine,Pose Estimation (HP),"100%
",183081
544190,MacBook Pro（16 英寸，M5 Pro 或 M5 Max）,Apple Silicon,Core ML,Neural Engine,Pose Estimation (Q),"95%
",339198
544190,MacBook Pro（16 英寸，M5 Pro 或 M5 Max）,Apple Silicon,Core ML,Neural Engine,Object Detection (SP),"100%
",2896
544190,MacBook Pro（16 英寸，M5 Pro 或 M5 Max）,Apple Silicon,Core ML,Neural Engine,Object Detection (HP),"100%
",22693
544190,MacBook Pro（16 英寸，M5 Pro 或 M5 Max）,Apple Silicon,Core ML,Neural Engine,Object Detection (Q),"89%
",29281
544190,MacBook Pro（16 英寸，M5 Pro 或 M5 Max）,Apple Silicon,Core ML,Neural Engine,Face Detection (SP),"100%
",5578
544190,MacBook Pro（16 英寸，M5 Pro 或 M5 Max）,Apple Silicon,Core ML,Neural Engine,Face Detection (HP),"100%
",51427
544190,MacBook Pro（16 英寸，M5 Pro 或 M5 Max）,Apple Silicon,Core ML,Neural Engine,Face Detection (Q),"100%
",78582
544190,MacBook Pro（16 英寸，M5 Pro 或 M5 Max）,Apple Silicon,Core ML,Neural Engine,Depth Estimation (SP),"100%
",9158
544190,MacBook Pro（16 英寸，M5 Pro 或 M5 Max）,Apple Silicon,Core ML,Neural Engine,Depth Estimation (HP),"99%
",138955
544190,MacBook Pro（16 英寸，M5 Pro 或 M5 Max）,Apple Silicon,Core ML,Neural Engine,Depth Estimation (Q),"85%
",212253
544190,MacBook Pro（16 英寸，M5 Pro 或 M5 Max）,Apple Silicon,Core ML,Neural Engine,Style Transfer (SP),"100%
",24903
544190,MacBook Pro（16 英寸，M5 Pro 或 M5 Max）,Apple Silicon,Core ML,Neural Engine,Style Transfer (HP),"100%
",290438
544190,MacBook Pro（16 英寸，M5 Pro 或 M5 Max）,Apple Silicon,Core ML,Neural Engine,Style Transfer (Q),"96%
",366948
544190,MacBook Pro（16 英寸，M5 Pro 或 M5 Max）,Apple Silicon,Core ML,Neural Engine,Image Super-Resolution (SP),"100%
",5828
544190,MacBook Pro（16 英寸，M5 Pro 或 M5 Max）,Apple Silicon,Core ML,Neural Engine,Image Super-Resolution (HP),"100%
",67174
544190,MacBook Pro（16 英寸，M5 Pro 或 M5 Max）,Apple Silicon,Core ML,Neural Engine,Image Super-Resolution (Q),"99%
",101194
544190,MacBook Pro（16 英寸，M5 Pro 或 M5 Max）,Apple Silicon,Core ML,Neural Engine,Text Classification (SP),"99%
",6048
544190,MacBook Pro（16 英寸，M5 Pro 或 M5 Max）,Apple Silicon,Core ML,Neural Engine,Text Classification (HP),"100%
",9990
544190,MacBook Pro（16 英寸，M5 Pro 或 M5 Max）,Apple Silicon,Core ML,Neural Engine,Text Classification (Q),"93%
",9746
544190,MacBook Pro（16 英寸，M5 Pro 或 M5 Max）,Apple Silicon,Core ML,Neural Engine,Machine Translation (SP),"100%
",2753
544190,MacBook Pro（16 英寸，M5 Pro 或 M5 Max）,Apple Silicon,Core ML,Neural Engine,Machine Translation (HP),"100%
",18935
544190,MacBook Pro（16 英寸，M5 Pro 或 M5 Max）,Apple Silicon,Core ML,Neural Engine,Machine Translation (Q),"98%
",19217
543838,Mac mini (2024),Apple Silicon,Core ML,CPU,Image Classification (SP),"100%
",2039
543838,Mac mini (2024),Apple Silicon,Core ML,CPU,Image Classification (HP),"100%
",3329
543838,Mac mini (2024),Apple Silicon,Core ML,CPU,Image Classification (Q),"96%
",2345
543838,Mac mini (2024),Apple Silicon,Core ML,CPU,Image Segmentation (SP),"100%
",2143
543838,Mac mini (2024),Apple Silicon,Core ML,CPU,Image Segmentation (HP),"100%
",3183
543838,Mac mini (2024),Apple Silicon,Core ML,CPU,Image Segmentation (Q),"99%
",3469
543838,Mac mini (2024),Apple Silicon,Core ML,CPU,Pose Estimation (SP),"100%
",8645
543838,Mac mini (2024),Apple Silicon,Core ML,CPU,Pose Estimation (HP),"100%
",18954
543838,Mac mini (2024),Apple Silicon,Core ML,CPU,Pose Estimation (Q),"95%
",16411
543838,Mac mini (2024),Apple Silicon,Core ML,CPU,Object Detection (SP),"100%
",2488
543838,Mac mini (2024),Apple Silicon,Core ML,CPU,Object Detection (HP),"97%
",3778
543838,Mac mini (2024),Apple Silicon,Core ML,CPU,Object Detection (Q),"94%
",2706
543838,Mac mini (2024),Apple Silicon,Core ML,CPU,Face Detection (SP),"100%
",4437
543838,Mac mini (2024),Apple Silicon,Core ML,CPU,Face Detection (HP),"100%
",7693
543838,Mac mini (2024),Apple Silicon,Core ML,CPU,Face Detection (Q),"100%
",4468
543838,Mac mini (2024),Apple Silicon,Core ML,CPU,Depth Estimation (SP),"100%
",8066
543838,Mac mini (2024),Apple Silicon,Core ML,CPU,Depth Estimation (HP),"97%
",13906
543838,Mac mini (2024),Apple Silicon,Core ML,CPU,Depth Estimation (Q),"86%
",9842
543838,Mac mini (2024),Apple Silicon,Core ML,CPU,Style Transfer (SP),"100%
",22067
543838,Mac mini (2024),Apple Silicon,Core ML,CPU,Style Transfer (HP),"100%
",38928
543838,Mac mini (2024),Apple Silicon,Core ML,CPU,Style Transfer (Q),"96%
",31996
543838,Mac mini (2024),Apple Silicon,Core ML,CPU,Image Super-Resolution (SP),"100%
",5157
543838,Mac mini (2024),Apple Silicon,Core ML,CPU,Image Super-Resolution (HP),"100%
",7122
543838,Mac mini (2024),Apple Silicon,Core ML,CPU,Image Super-Resolution (Q),"99%
",4874
543838,Mac mini (2024),Apple Silicon,Core ML,CPU,Text Classification (SP),"99%
",6207
543838,Mac mini (2024),Apple Silicon,Core ML,CPU,Text Classification (HP),"99%
",10448
543838,Mac mini (2024),Apple Silicon,Core ML,CPU,Text Classification (Q),"93%
",10167
543838,Mac mini (2024),Apple Silicon,Core ML,CPU,Machine Translation (SP),"100%
",4357
543838,Mac mini (2024),Apple Silicon,Core ML,CPU,Machine Translation (HP),"98%
",7275
543838,Mac mini (2024),Apple Silicon,Core ML,CPU,Machine Translation (Q),"98%
",7392
543843,Mac mini (2024),Apple Silicon,Core ML,GPU,Image Classification (SP),"100%
",5173
543843,Mac mini (2024),Apple Silicon,Core ML,GPU,Image Classification (HP),"100%
",5399
543843,Mac mini (2024),Apple Silicon,Core ML,GPU,Image Classification (Q),"96%
",5146
543843,Mac mini (2024),Apple Silicon,Core ML,GPU,Image Segmentation (SP),"100%
",7587
543843,Mac mini (2024),Apple Silicon,Core ML,GPU,Image Segmentation (HP),"100%
",8175
543843,Mac mini (2024),Apple Silicon,Core ML,GPU,Image Segmentation (Q),"99%
",8165
543843,Mac mini (2024),Apple Silicon,Core ML,GPU,Pose Estimation (SP),"100%
",28952
543843,Mac mini (2024),Apple Silicon,Core ML,GPU,Pose Estimation (HP),"100%
",33376
543843,Mac mini (2024),Apple Silicon,Core ML,GPU,Pose Estimation (Q),"96%
",32363
543843,Mac mini (2024),Apple Silicon,Core ML,GPU,Object Detection (SP),"100%
",5020
543843,Mac mini (2024),Apple Silicon,Core ML,GPU,Object Detection (HP),"100%
",5564
543843,Mac mini (2024),Apple Silicon,Core ML,GPU,Object Detection (Q),"91%
",5447
543843,Mac mini (2024),Apple Silicon,Core ML,GPU,Face Detection (SP),"100%
",13029
543843,Mac mini (2024),Apple Silicon,Core ML,GPU,Face Detection (HP),"100%
",18366
543843,Mac mini (2024),Apple Silicon,Core ML,GPU,Face Detection (Q),"100%
",17031
543843,Mac mini (2024),Apple Silicon,Core ML,GPU,Depth Estimation (SP),"100%
",21340
543843,Mac mini (2024),Apple Silicon,Core ML,GPU,Depth Estimation (HP),"99%
",23692
543843,Mac mini (2024),Apple Silicon,Core ML,GPU,Depth Estimation (Q),"85%
",22520
543843,Mac mini (2024),Apple Silicon,Core ML,GPU,Style Transfer (SP),"100%
",59389
543843,Mac mini (2024),Apple Silicon,Core ML,GPU,Style Transfer (HP),"100%
",73891
543843,Mac mini (2024),Apple Silicon,Core ML,GPU,Style Transfer (Q),"96%
",70242
543843,Mac mini (2024),Apple Silicon,Core ML,GPU,Image Super-Resolution (SP),"100%
",12321
543843,Mac mini (2024),Apple Silicon,Core ML,GPU,Image Super-Resolution (HP),"100%
",12806
543843,Mac mini (2024),Apple Silicon,Core ML,GPU,Image Super-Resolution (Q),"99%
",11070
543843,Mac mini (2024),Apple Silicon,Core ML,GPU,Text Classification (SP),"100%
",6320
543843,Mac mini (2024),Apple Silicon,Core ML,GPU,Text Classification (HP),"100%
",10270
543843,Mac mini (2024),Apple Silicon,Core ML,GPU,Text Classification (Q),"93%
",10317
543843,Mac mini (2024),Apple Silicon,Core ML,GPU,Machine Translation (SP),"100%
",5581
543843,Mac mini (2024),Apple Silicon,Core ML,GPU,Machine Translation (HP),"100%
",6127
543843,Mac mini (2024),Apple Silicon,Core ML,GPU,Machine Translation (Q),"98%
",3289
543845,Mac mini (2024),Apple Silicon,Core ML,Neural Engine,Image Classification (SP),"100%
",2017
543845,Mac mini (2024),Apple Silicon,Core ML,Neural Engine,Image Classification (HP),"100%
",18825
543845,Mac mini (2024),Apple Silicon,Core ML,Neural Engine,Image Classification (Q),"97%
",28937
543845,Mac mini (2024),Apple Silicon,Core ML,Neural Engine,Image Segmentation (SP),"100%
",2092
543845,Mac mini (2024),Apple Silicon,Core ML,Neural Engine,Image Segmentation (HP),"100%
",21068
543845,Mac mini (2024),Apple Silicon,Core ML,Neural Engine,Image Segmentation (Q),"99%
",31754
543845,Mac mini (2024),Apple Silicon,Core ML,Neural Engine,Pose Estimation (SP),"100%
",8690
543845,Mac mini (2024),Apple Silicon,Core ML,Neural Engine,Pose Estimation (HP),"100%
",123168
543845,Mac mini (2024),Apple Silicon,Core ML,Neural Engine,Pose Estimation (Q),"95%
",232426
543845,Mac mini (2024),Apple Silicon,Core ML,Neural Engine,Object Detection (SP),"100%
",2477
543845,Mac mini (2024),Apple Silicon,Core ML,Neural Engine,Object Detection (HP),"100%
",18756
543845,Mac mini (2024),Apple Silicon,Core ML,Neural Engine,Object Detection (Q),"89%
",26858
543845,Mac mini (2024),Apple Silicon,Core ML,Neural Engine,Face Detection (SP),"100%
",4462
543845,Mac mini (2024),Apple Silicon,Core ML,Neural Engine,Face Detection (HP),"100%
",43673
543845,Mac mini (2024),Apple Silicon,Core ML,Neural Engine,Face Detection (Q),"100%
",68624
543845,Mac mini (2024),Apple Silicon,Core ML,Neural Engine,Depth Estimation (SP),"100%
",8071
543845,Mac mini (2024),Apple Silicon,Core ML,Neural Engine,Depth Estimation (HP),"99%
",101237
543845,Mac mini (2024),Apple Silicon,Core ML,Neural Engine,Depth Estimation (Q),"85%
",177543
543845,Mac mini (2024),Apple Silicon,Core ML,Neural Engine,Style Transfer (SP),"100%
",22127
543845,Mac mini (2024),Apple Silicon,Core ML,Neural Engine,Style Transfer (HP),"100%
",236319
543845,Mac mini (2024),Apple Silicon,Core ML,Neural Engine,Style Transfer (Q),"96%
",294947
543845,Mac mini (2024),Apple Silicon,Core ML,Neural Engine,Image Super-Resolution (SP),"100%
",5241
543845,Mac mini (2024),Apple Silicon,Core ML,Neural Engine,Image Super-Resolution (HP),"100%
",54066
543845,Mac mini (2024),Apple Silicon,Core ML,Neural Engine,Image Super-Resolution (Q),"99%
",88187
543845,Mac mini (2024),Apple Silicon,Core ML,Neural Engine,Text Classification (SP),"100%
",6298
543845,Mac mini (2024),Apple Silicon,Core ML,Neural Engine,Text Classification (HP),"100%
",10678
543845,Mac mini (2024),Apple Silicon,Core ML,Neural Engine,Text Classification (Q),"92%
",10192
543845,Mac mini (2024),Apple Silicon,Core ML,Neural Engine,Machine Translation (SP),"100%
",4371
543845,Mac mini (2024),Apple Silicon,Core ML,Neural Engine,Machine Translation (HP),"100%
",16452
543845,Mac mini (2024),Apple Silicon,Core ML,Neural Engine,Machine Translation (Q),"98%
",18929
544206,Mac Pro（2019 年）,Intel,Core ML,CPU,Image Classification (SP),"100%
",297
544206,Mac Pro（2019 年）,Intel,Core ML,CPU,Image Classification (HP),"100%
",197
544206,Mac Pro（2019 年）,Intel,Core ML,CPU,Image Classification (Q),"96%
",138
544206,Mac Pro（2019 年）,Intel,Core ML,CPU,Image Segmentation (SP),"100%
",276
544206,Mac Pro（2019 年）,Intel,Core ML,CPU,Image Segmentation (HP),"100%
",255
544206,Mac Pro（2019 年）,Intel,Core ML,CPU,Image Segmentation (Q),"99%
",191
544206,Mac Pro（2019 年）,Intel,Core ML,CPU,Pose Estimation (SP),"100%
",1868
544206,Mac Pro（2019 年）,Intel,Core ML,CPU,Pose Estimation (HP),"100%
",493
544206,Mac Pro（2019 年）,Intel,Core ML,CPU,Pose Estimation (Q),"96%
",451
544206,Mac Pro（2019 年）,Intel,Core ML,CPU,Object Detection (SP),"100%
",301
544206,Mac Pro（2019 年）,Intel,Core ML,CPU,Object Detection (HP),"100%
",256
544206,Mac Pro（2019 年）,Intel,Core ML,CPU,Object Detection (Q),"92%
",158
544206,Mac Pro（2019 年）,Intel,Core ML,CPU,Face Detection (SP),"100%
",653
544206,Mac Pro（2019 年）,Intel,Core ML,CPU,Face Detection (HP),"100%
",495
544206,Mac Pro（2019 年）,Intel,Core ML,CPU,Face Detection (Q),"100%
",239
544206,Mac Pro（2019 年）,Intel,Core ML,CPU,Depth Estimation (SP),"100%
",958
544206,Mac Pro（2019 年）,Intel,Core ML,CPU,Depth Estimation (HP),"99%
",737
544206,Mac Pro（2019 年）,Intel,Core ML,CPU,Depth Estimation (Q),"85%
",499
544206,Mac Pro（2019 年）,Intel,Core ML,CPU,Style Transfer (SP),"100%
",2661
544206,Mac Pro（2019 年）,Intel,Core ML,CPU,Style Transfer (HP),"100%
",1761
544206,Mac Pro（2019 年）,Intel,Core ML,CPU,Style Transfer (Q),"96%
",1450
544206,Mac Pro（2019 年）,Intel,Core ML,CPU,Image Super-Resolution (SP),"100%
",1003
544206,Mac Pro（2019 年）,Intel,Core ML,CPU,Image Super-Resolution (HP),"100%
",381
544206,Mac Pro（2019 年）,Intel,Core ML,CPU,Image Super-Resolution (Q),"99%
",257
544206,Mac Pro（2019 年）,Intel,Core ML,CPU,Text Classification (SP),"99%
",905
544206,Mac Pro（2019 年）,Intel,Core ML,CPU,Text Classification (HP),"99%
",861
544206,Mac Pro（2019 年）,Intel,Core ML,CPU,Text Classification (Q),"93%
",865
544206,Mac Pro（2019 年）,Intel,Core ML,CPU,Machine Translation (SP),"100%
",395
544206,Mac Pro（2019 年）,Intel,Core ML,CPU,Machine Translation (HP),"100%
",374
544206,Mac Pro（2019 年）,Intel,Core ML,CPU,Machine Translation (Q),"98%
",373
544210,Mac mini (2024),Apple Silicon,Core ML,Neural Engine,Image Classification (SP),"100%
",2250
544210,Mac mini (2024),Apple Silicon,Core ML,Neural Engine,Image Classification (HP),"100%
",18125
544210,Mac mini (2024),Apple Silicon,Core ML,Neural Engine,Image Classification (Q),"97%
",24782
544210,Mac mini (2024),Apple Silicon,Core ML,Neural Engine,Image Segmentation (SP),"100%
",2358
544210,Mac mini (2024),Apple Silicon,Core ML,Neural Engine,Image Segmentation (HP),"100%
",23066
544210,Mac mini (2024),Apple Silicon,Core ML,Neural Engine,Image Segmentation (Q),"99%
",33975
544210,Mac mini (2024),Apple Silicon,Core ML,Neural Engine,Pose Estimation (SP),"100%
",17641
544210,Mac mini (2024),Apple Silicon,Core ML,Neural Engine,Pose Estimation (HP),"100%
",123362
544210,Mac mini (2024),Apple Silicon,Core ML,Neural Engine,Pose Estimation (Q),"95%
",230220
544210,Mac mini (2024),Apple Silicon,Core ML,Neural Engine,Object Detection (SP),"100%
",2734
544210,Mac mini (2024),Apple Silicon,Core ML,Neural Engine,Object Detection (HP),"100%
",20193
544210,Mac mini (2024),Apple Silicon,Core ML,Neural Engine,Object Detection (Q),"89%
",24720
544210,Mac mini (2024),Apple Silicon,Core ML,Neural Engine,Face Detection (SP),"100%
",5385
544210,Mac mini (2024),Apple Silicon,Core ML,Neural Engine,Face Detection (HP),"100%
",47225
544210,Mac mini (2024),Apple Silicon,Core ML,Neural Engine,Face Detection (Q),"100%
",73412
544210,Mac mini (2024),Apple Silicon,Core ML,Neural Engine,Depth Estimation (SP),"100%
",8858
544210,Mac mini (2024),Apple Silicon,Core ML,Neural Engine,Depth Estimation (HP),"99%
",106885
544210,Mac mini (2024),Apple Silicon,Core ML,Neural Engine,Depth Estimation (Q),"85%
",185502
544210,Mac mini (2024),Apple Silicon,Core ML,Neural Engine,Style Transfer (SP),"100%
",30675
544210,Mac mini (2024),Apple Silicon,Core ML,Neural Engine,Style Transfer (HP),"100%
",259724
544210,Mac mini (2024),Apple Silicon,Core ML,Neural Engine,Style Transfer (Q),"96%
",327012
544210,Mac mini (2024),Apple Silicon,Core ML,Neural Engine,Image Super-Resolution (SP),"100%
",7104
544210,Mac mini (2024),Apple Silicon,Core ML,Neural Engine,Image Super-Resolution (HP),"100%
",48681
544210,Mac mini (2024),Apple Silicon,Core ML,Neural Engine,Image Super-Resolution (Q),"99%
",79692
544210,Mac mini (2024),Apple Silicon,Core ML,Neural Engine,Text Classification (SP),"100%
",6259
544210,Mac mini (2024),Apple Silicon,Core ML,Neural Engine,Text Classification (HP),"99%
",9425
544210,Mac mini (2024),Apple Silicon,Core ML,Neural Engine,Text Classification (Q),"93%
",9320
544210,Mac mini (2024),Apple Silicon,Core ML,Neural Engine,Machine Translation (SP),"100%
",5758
544210,Mac mini (2024),Apple Silicon,Core ML,Neural Engine,Machine Translation (HP),"100%
",17085
544210,Mac mini (2024),Apple Silicon,Core ML,Neural Engine,Machine Translation (Q),"98%
",17736
544212,Mac mini (2024),Apple Silicon,Core ML,GPU,Image Classification (SP),"100%
",7417
544212,Mac mini (2024),Apple Silicon,Core ML,GPU,Image Classification (HP),"100%
",7824
544212,Mac mini (2024),Apple Silicon,Core ML,GPU,Image Classification (Q),"96%
",7630
544212,Mac mini (2024),Apple Silicon,Core ML,GPU,Image Segmentation (SP),"100%
",14626
544212,Mac mini (2024),Apple Silicon,Core ML,GPU,Image Segmentation (HP),"100%
",15445
544212,Mac mini (2024),Apple Silicon,Core ML,GPU,Image Segmentation (Q),"99%
",14718
544212,Mac mini (2024),Apple Silicon,Core ML,GPU,Pose Estimation (SP),"100%
",53287
544212,Mac mini (2024),Apple Silicon,Core ML,GPU,Pose Estimation (HP),"100%
",59018
544212,Mac mini (2024),Apple Silicon,Core ML,GPU,Pose Estimation (Q),"96%
",57026
544212,Mac mini (2024),Apple Silicon,Core ML,GPU,Object Detection (SP),"100%
",6775
544212,Mac mini (2024),Apple Silicon,Core ML,GPU,Object Detection (HP),"100%
",7153
544212,Mac mini (2024),Apple Silicon,Core ML,GPU,Object Detection (Q),"91%
",6945
544212,Mac mini (2024),Apple Silicon,Core ML,GPU,Face Detection (SP),"100%
",27400
544212,Mac mini (2024),Apple Silicon,Core ML,GPU,Face Detection (HP),"100%
",32049
544212,Mac mini (2024),Apple Silicon,Core ML,GPU,Face Detection (Q),"100%
",28584
544212,Mac mini (2024),Apple Silicon,Core ML,GPU,Depth Estimation (SP),"100%
",32111
544212,Mac mini (2024),Apple Silicon,Core ML,GPU,Depth Estimation (HP),"99%
",34133
544212,Mac mini (2024),Apple Silicon,Core ML,GPU,Depth Estimation (Q),"85%
",31754
544212,Mac mini (2024),Apple Silicon,Core ML,GPU,Style Transfer (SP),"100%
",121698
544212,Mac mini (2024),Apple Silicon,Core ML,GPU,Style Transfer (HP),"100%
",135436
544212,Mac mini (2024),Apple Silicon,Core ML,GPU,Style Transfer (Q),"96%
",130063
544212,Mac mini (2024),Apple Silicon,Core ML,GPU,Image Super-Resolution (SP),"100%
",20968
544212,Mac mini (2024),Apple Silicon,Core ML,GPU,Image Super-Resolution (HP),"100%
",21903
544212,Mac mini (2024),Apple Silicon,Core ML,GPU,Image Super-Resolution (Q),"99%
",17927
544212,Mac mini (2024),Apple Silicon,Core ML,GPU,Text Classification (SP),"100%
",6845
544212,Mac mini (2024),Apple Silicon,Core ML,GPU,Text Classification (HP),"99%
",9993
544212,Mac mini (2024),Apple Silicon,Core ML,GPU,Text Classification (Q),"93%
",9965
544212,Mac mini (2024),Apple Silicon,Core ML,GPU,Machine Translation (SP),"100%
",2512
544212,Mac mini (2024),Apple Silicon,Core ML,GPU,Machine Translation (HP),"100%
",2601
544212,Mac mini (2024),Apple Silicon,Core ML,GPU,Machine Translation (Q),"98%
",2354
544215,MacBook Pro（16 英寸，M5 Pro 或 M5 Max）,Apple Silicon,Core ML,GPU,Image Classification (SP),"100%
",8979
544215,MacBook Pro（16 英寸，M5 Pro 或 M5 Max）,Apple Silicon,Core ML,GPU,Image Classification (HP),"100%
",12204
544215,MacBook Pro（16 英寸，M5 Pro 或 M5 Max）,Apple Silicon,Core ML,GPU,Image Classification (Q),"99%
",11289
544215,MacBook Pro（16 英寸，M5 Pro 或 M5 Max）,Apple Silicon,Core ML,GPU,Image Segmentation (SP),"100%
",18633
544215,MacBook Pro（16 英寸，M5 Pro 或 M5 Max）,Apple Silicon,Core ML,GPU,Image Segmentation (HP),"100%
",29850
544215,MacBook Pro（16 英寸，M5 Pro 或 M5 Max）,Apple Silicon,Core ML,GPU,Image Segmentation (Q),"99%
",28982
544215,MacBook Pro（16 英寸，M5 Pro 或 M5 Max）,Apple Silicon,Core ML,GPU,Pose Estimation (SP),"100%
",70157
544215,MacBook Pro（16 英寸，M5 Pro 或 M5 Max）,Apple Silicon,Core ML,GPU,Pose Estimation (HP),"100%
",185107
544215,MacBook Pro（16 英寸，M5 Pro 或 M5 Max）,Apple Silicon,Core ML,GPU,Pose Estimation (Q),"96%
",216616
544215,MacBook Pro（16 英寸，M5 Pro 或 M5 Max）,Apple Silicon,Core ML,GPU,Object Detection (SP),"100%
",9767
544215,MacBook Pro（16 英寸，M5 Pro 或 M5 Max）,Apple Silicon,Core ML,GPU,Object Detection (HP),"100%
",12245
544215,MacBook Pro（16 英寸，M5 Pro 或 M5 Max）,Apple Silicon,Core ML,GPU,Object Detection (Q),"92%
",12288
544215,MacBook Pro（16 英寸，M5 Pro 或 M5 Max）,Apple Silicon,Core ML,GPU,Face Detection (SP),"100%
",33164
544215,MacBook Pro（16 英寸，M5 Pro 或 M5 Max）,Apple Silicon,Core ML,GPU,Face Detection (HP),"100%
",52258
544215,MacBook Pro（16 英寸，M5 Pro 或 M5 Max）,Apple Silicon,Core ML,GPU,Face Detection (Q),"100%
",49051
544215,MacBook Pro（16 英寸，M5 Pro 或 M5 Max）,Apple Silicon,Core ML,GPU,Depth Estimation (SP),"100%
",39331
544215,MacBook Pro（16 英寸，M5 Pro 或 M5 Max）,Apple Silicon,Core ML,GPU,Depth Estimation (HP),"99%
",61432
544215,MacBook Pro（16 英寸，M5 Pro 或 M5 Max）,Apple Silicon,Core ML,GPU,Depth Estimation (Q),"85%
",60766
544215,MacBook Pro（16 英寸，M5 Pro 或 M5 Max）,Apple Silicon,Core ML,GPU,Style Transfer (SP),"100%
",155098
544215,MacBook Pro（16 英寸，M5 Pro 或 M5 Max）,Apple Silicon,Core ML,GPU,Style Transfer (HP),"100%
",365064
544215,MacBook Pro（16 英寸，M5 Pro 或 M5 Max）,Apple Silicon,Core ML,GPU,Style Transfer (Q),"96%
",429474
544215,MacBook Pro（16 英寸，M5 Pro 或 M5 Max）,Apple Silicon,Core ML,GPU,Image Super-Resolution (SP),"100%
",25576
544215,MacBook Pro（16 英寸，M5 Pro 或 M5 Max）,Apple Silicon,Core ML,GPU,Image Super-Resolution (HP),"100%
",42496
544215,MacBook Pro（16 英寸，M5 Pro 或 M5 Max）,Apple Silicon,Core ML,GPU,Image Super-Resolution (Q),"99%
",26020
544215,MacBook Pro（16 英寸，M5 Pro 或 M5 Max）,Apple Silicon,Core ML,GPU,Text Classification (SP),"100%
",6003
544215,MacBook Pro（16 英寸，M5 Pro 或 M5 Max）,Apple Silicon,Core ML,GPU,Text Classification (HP),"99%
",9522
544215,MacBook Pro（16 英寸，M5 Pro 或 M5 Max）,Apple Silicon,Core ML,GPU,Text Classification (Q),"93%
",9640
544215,MacBook Pro（16 英寸，M5 Pro 或 M5 Max）,Apple Silicon,Core ML,GPU,Machine Translation (SP),"100%
",6427
544215,MacBook Pro（16 英寸，M5 Pro 或 M5 Max）,Apple Silicon,Core ML,GPU,Machine Translation (HP),"100%
",9590
544215,MacBook Pro（16 英寸，M5 Pro 或 M5 Max）,Apple Silicon,Core ML,GPU,Machine Translation (Q),"98%
",9757
543863,MacBook Air（15 英寸，M5，2026 年）,Apple Silicon,Core ML,CPU,Image Classification (SP),"100%
",2262
543863,MacBook Air（15 英寸，M5，2026 年）,Apple Silicon,Core ML,CPU,Image Classification (HP),"100%
",3823
543863,MacBook Air（15 英寸，M5，2026 年）,Apple Silicon,Core ML,CPU,Image Classification (Q),"94%
",2140
543863,MacBook Air（15 英寸，M5，2026 年）,Apple Silicon,Core ML,CPU,Image Segmentation (SP),"100%
",2203
543863,MacBook Air（15 英寸，M5，2026 年）,Apple Silicon,Core ML,CPU,Image Segmentation (HP),"100%
",2810
543863,MacBook Air（15 英寸，M5，2026 年）,Apple Silicon,Core ML,CPU,Image Segmentation (Q),"99%
",3674
543863,MacBook Air（15 英寸，M5，2026 年）,Apple Silicon,Core ML,CPU,Pose Estimation (SP),"100%
",9949
543863,MacBook Air（15 英寸，M5，2026 年）,Apple Silicon,Core ML,CPU,Pose Estimation (HP),"100%
",19252
543863,MacBook Air（15 英寸，M5，2026 年）,Apple Silicon,Core ML,CPU,Pose Estimation (Q),"96%
",16590
543863,MacBook Air（15 英寸，M5，2026 年）,Apple Silicon,Core ML,CPU,Object Detection (SP),"100%
",2716
543863,MacBook Air（15 英寸，M5，2026 年）,Apple Silicon,Core ML,CPU,Object Detection (HP),"98%
",4001
543863,MacBook Air（15 英寸，M5，2026 年）,Apple Silicon,Core ML,CPU,Object Detection (Q),"88%
",2652
543863,MacBook Air（15 英寸，M5，2026 年）,Apple Silicon,Core ML,CPU,Face Detection (SP),"100%
",5135
543863,MacBook Air（15 英寸，M5，2026 年）,Apple Silicon,Core ML,CPU,Face Detection (HP),"100%
",9082
543863,MacBook Air（15 英寸，M5，2026 年）,Apple Silicon,Core ML,CPU,Face Detection (Q),"100%
",4945
543863,MacBook Air（15 英寸，M5，2026 年）,Apple Silicon,Core ML,CPU,Depth Estimation (SP),"100%
",8785
543863,MacBook Air（15 英寸，M5，2026 年）,Apple Silicon,Core ML,CPU,Depth Estimation (HP),"98%
",11410
543863,MacBook Air（15 英寸，M5，2026 年）,Apple Silicon,Core ML,CPU,Depth Estimation (Q),"85%
",7854
543863,MacBook Air（15 英寸，M5，2026 年）,Apple Silicon,Core ML,CPU,Style Transfer (SP),"100%
",25419
543863,MacBook Air（15 英寸，M5，2026 年）,Apple Silicon,Core ML,CPU,Style Transfer (HP),"100%
",46202
543863,MacBook Air（15 英寸，M5，2026 年）,Apple Silicon,Core ML,CPU,Style Transfer (Q),"96%
",36950
543863,MacBook Air（15 英寸，M5，2026 年）,Apple Silicon,Core ML,CPU,Image Super-Resolution (SP),"100%
",5807
543863,MacBook Air（15 英寸，M5，2026 年）,Apple Silicon,Core ML,CPU,Image Super-Resolution (HP),"100%
",10314
543863,MacBook Air（15 英寸，M5，2026 年）,Apple Silicon,Core ML,CPU,Image Super-Resolution (Q),"99%
",6332
543863,MacBook Air（15 英寸，M5，2026 年）,Apple Silicon,Core ML,CPU,Text Classification (SP),"100%
",5981
543863,MacBook Air（15 英寸，M5，2026 年）,Apple Silicon,Core ML,CPU,Text Classification (HP),"99%
",10365
543863,MacBook Air（15 英寸，M5，2026 年）,Apple Silicon,Core ML,CPU,Text Classification (Q),"92%
",9915
543863,MacBook Air（15 英寸，M5，2026 年）,Apple Silicon,Core ML,CPU,Machine Translation (SP),"100%
",5112
543863,MacBook Air（15 英寸，M5，2026 年）,Apple Silicon,Core ML,CPU,Machine Translation (HP),"100%
",8317
543863,MacBook Air（15 英寸，M5，2026 年）,Apple Silicon,Core ML,CPU,Machine Translation (Q),"98%
",8566
543864,MacBook Air（15 英寸，M5，2026 年）,Apple Silicon,Core ML,GPU,Image Classification (SP),"100%
",6128
543864,MacBook Air（15 英寸，M5，2026 年）,Apple Silicon,Core ML,GPU,Image Classification (HP),"100%
",10336
543864,MacBook Air（15 英寸，M5，2026 年）,Apple Silicon,Core ML,GPU,Image Classification (Q),"99%
",10585
543864,MacBook Air（15 英寸，M5，2026 年）,Apple Silicon,Core ML,GPU,Image Segmentation (SP),"100%
",9970
543864,MacBook Air（15 英寸，M5，2026 年）,Apple Silicon,Core ML,GPU,Image Segmentation (HP),"100%
",15502
543864,MacBook Air（15 英寸，M5，2026 年）,Apple Silicon,Core ML,GPU,Image Segmentation (Q),"99%
",16506
543864,MacBook Air（15 英寸，M5，2026 年）,Apple Silicon,Core ML,GPU,Pose Estimation (SP),"100%
",37622
543864,MacBook Air（15 英寸，M5，2026 年）,Apple Silicon,Core ML,GPU,Pose Estimation (HP),"100%
",90846
543864,MacBook Air（15 英寸，M5，2026 年）,Apple Silicon,Core ML,GPU,Pose Estimation (Q),"95%
",119070
543864,MacBook Air（15 英寸，M5，2026 年）,Apple Silicon,Core ML,GPU,Object Detection (SP),"100%
",6372
543864,MacBook Air（15 英寸，M5，2026 年）,Apple Silicon,Core ML,GPU,Object Detection (HP),"100%
",11214
543864,MacBook Air（15 英寸，M5，2026 年）,Apple Silicon,Core ML,GPU,Object Detection (Q),"94%
",11755
543864,MacBook Air（15 英寸，M5，2026 年）,Apple Silicon,Core ML,GPU,Face Detection (SP),"100%
",19118
543864,MacBook Air（15 英寸，M5，2026 年）,Apple Silicon,Core ML,GPU,Face Detection (HP),"100%
",35192
543864,MacBook Air（15 英寸，M5，2026 年）,Apple Silicon,Core ML,GPU,Face Detection (Q),"100%
",33902
543864,MacBook Air（15 英寸，M5，2026 年）,Apple Silicon,Core ML,GPU,Depth Estimation (SP),"100%
",27687
543864,MacBook Air（15 英寸，M5，2026 年）,Apple Silicon,Core ML,GPU,Depth Estimation (HP),"99%
",52765
543864,MacBook Air（15 英寸，M5，2026 年）,Apple Silicon,Core ML,GPU,Depth Estimation (Q),"86%
",56245
543864,MacBook Air（15 英寸，M5，2026 年）,Apple Silicon,Core ML,GPU,Style Transfer (SP),"100%
",78284
543864,MacBook Air（15 英寸，M5，2026 年）,Apple Silicon,Core ML,GPU,Style Transfer (HP),"100%
",164257
543864,MacBook Air（15 英寸，M5，2026 年）,Apple Silicon,Core ML,GPU,Style Transfer (Q),"96%
",208995
543864,MacBook Air（15 英寸，M5，2026 年）,Apple Silicon,Core ML,GPU,Image Super-Resolution (SP),"100%
",15450
543864,MacBook Air（15 英寸，M5，2026 年）,Apple Silicon,Core ML,GPU,Image Super-Resolution (HP),"100%
",30389
543864,MacBook Air（15 英寸，M5，2026 年）,Apple Silicon,Core ML,GPU,Image Super-Resolution (Q),"99%
",29402
543864,MacBook Air（15 英寸，M5，2026 年）,Apple Silicon,Core ML,GPU,Text Classification (SP),"100%
",5976
543864,MacBook Air（15 英寸，M5，2026 年）,Apple Silicon,Core ML,GPU,Text Classification (HP),"100%
",9759
543864,MacBook Air（15 英寸，M5，2026 年）,Apple Silicon,Core ML,GPU,Text Classification (Q),"93%
",9833
543864,MacBook Air（15 英寸，M5，2026 年）,Apple Silicon,Core ML,GPU,Machine Translation (SP),"100%
",6896
543864,MacBook Air（15 英寸，M5，2026 年）,Apple Silicon,Core ML,GPU,Machine Translation (HP),"100%
",8359
543864,MacBook Air（15 英寸，M5，2026 年）,Apple Silicon,Core ML,GPU,Machine Translation (Q),"98%
",7590
544230,MacBook Pro（14 英寸，M5 Pro 或 M5 Max）,Apple Silicon,Core ML,CPU,Image Classification (SP),"100%
",2315
544230,MacBook Pro（14 英寸，M5 Pro 或 M5 Max）,Apple Silicon,Core ML,CPU,Image Classification (HP),"100%
",3658
544230,MacBook Pro（14 英寸，M5 Pro 或 M5 Max）,Apple Silicon,Core ML,CPU,Image Classification (Q),"94%
",2285
544230,MacBook Pro（14 英寸，M5 Pro 或 M5 Max）,Apple Silicon,Core ML,CPU,Image Segmentation (SP),"100%
",2482
544230,MacBook Pro（14 英寸，M5 Pro 或 M5 Max）,Apple Silicon,Core ML,CPU,Image Segmentation (HP),"100%
",3040
544230,MacBook Pro（14 英寸，M5 Pro 或 M5 Max）,Apple Silicon,Core ML,CPU,Image Segmentation (Q),"99%
",4115
544230,MacBook Pro（14 英寸，M5 Pro 或 M5 Max）,Apple Silicon,Core ML,CPU,Pose Estimation (SP),"100%
",9740
544230,MacBook Pro（14 英寸，M5 Pro 或 M5 Max）,Apple Silicon,Core ML,CPU,Pose Estimation (HP),"100%
",19504
544230,MacBook Pro（14 英寸，M5 Pro 或 M5 Max）,Apple Silicon,Core ML,CPU,Pose Estimation (Q),"96%
",16846
544230,MacBook Pro（14 英寸，M5 Pro 或 M5 Max）,Apple Silicon,Core ML,CPU,Object Detection (SP),"100%
",2899
544230,MacBook Pro（14 英寸，M5 Pro 或 M5 Max）,Apple Silicon,Core ML,CPU,Object Detection (HP),"98%
",4243
544230,MacBook Pro（14 英寸，M5 Pro 或 M5 Max）,Apple Silicon,Core ML,CPU,Object Detection (Q),"88%
",2837
544230,MacBook Pro（14 英寸，M5 Pro 或 M5 Max）,Apple Silicon,Core ML,CPU,Face Detection (SP),"100%
",5609
544230,MacBook Pro（14 英寸，M5 Pro 或 M5 Max）,Apple Silicon,Core ML,CPU,Face Detection (HP),"100%
",10083
544230,MacBook Pro（14 英寸，M5 Pro 或 M5 Max）,Apple Silicon,Core ML,CPU,Face Detection (Q),"100%
",5259
544230,MacBook Pro（14 英寸，M5 Pro 或 M5 Max）,Apple Silicon,Core ML,CPU,Depth Estimation (SP),"100%
",9188
544230,MacBook Pro（14 英寸，M5 Pro 或 M5 Max）,Apple Silicon,Core ML,CPU,Depth Estimation (HP),"98%
",12088
544230,MacBook Pro（14 英寸，M5 Pro 或 M5 Max）,Apple Silicon,Core ML,CPU,Depth Estimation (Q),"85%
",8220
544230,MacBook Pro（14 英寸，M5 Pro 或 M5 Max）,Apple Silicon,Core ML,CPU,Style Transfer (SP),"100%
",25036
544230,MacBook Pro（14 英寸，M5 Pro 或 M5 Max）,Apple Silicon,Core ML,CPU,Style Transfer (HP),"100%
",46259
544230,MacBook Pro（14 英寸，M5 Pro 或 M5 Max）,Apple Silicon,Core ML,CPU,Style Transfer (Q),"96%
",37186
544230,MacBook Pro（14 英寸，M5 Pro 或 M5 Max）,Apple Silicon,Core ML,CPU,Image Super-Resolution (SP),"100%
",5812
544230,MacBook Pro（14 英寸，M5 Pro 或 M5 Max）,Apple Silicon,Core ML,CPU,Image Super-Resolution (HP),"100%
",10512
544230,MacBook Pro（14 英寸，M5 Pro 或 M5 Max）,Apple Silicon,Core ML,CPU,Image Super-Resolution (Q),"99%
",6264
544230,MacBook Pro（14 英寸，M5 Pro 或 M5 Max）,Apple Silicon,Core ML,CPU,Text Classification (SP),"99%
",6081
544230,MacBook Pro（14 英寸，M5 Pro 或 M5 Max）,Apple Silicon,Core ML,CPU,Text Classification (HP),"99%
",9801
544230,MacBook Pro（14 英寸，M5 Pro 或 M5 Max）,Apple Silicon,Core ML,CPU,Text Classification (Q),"93%
",10324
544230,MacBook Pro（14 英寸，M5 Pro 或 M5 Max）,Apple Silicon,Core ML,CPU,Machine Translation (SP),"100%
",2737
544230,MacBook Pro（14 英寸，M5 Pro 或 M5 Max）,Apple Silicon,Core ML,CPU,Machine Translation (HP),"100%
",9622
544230,MacBook Pro（14 英寸，M5 Pro 或 M5 Max）,Apple Silicon,Core ML,CPU,Machine Translation (Q),"98%
",9561
544235,MacBook Pro（14 英寸，M5 Pro 或 M5 Max）,Apple Silicon,Core ML,GPU,Image Classification (SP),"100%
",8436
544235,MacBook Pro（14 英寸，M5 Pro 或 M5 Max）,Apple Silicon,Core ML,GPU,Image Classification (HP),"100%
",12098
544235,MacBook Pro（14 英寸，M5 Pro 或 M5 Max）,Apple Silicon,Core ML,GPU,Image Classification (Q),"99%
",11862
544235,MacBook Pro（14 英寸，M5 Pro 或 M5 Max）,Apple Silicon,Core ML,GPU,Image Segmentation (SP),"100%
",17952
544235,MacBook Pro（14 英寸，M5 Pro 或 M5 Max）,Apple Silicon,Core ML,GPU,Image Segmentation (HP),"100%
",28814
544235,MacBook Pro（14 英寸，M5 Pro 或 M5 Max）,Apple Silicon,Core ML,GPU,Image Segmentation (Q),"99%
",27614
544235,MacBook Pro（14 英寸，M5 Pro 或 M5 Max）,Apple Silicon,Core ML,GPU,Pose Estimation (SP),"100%
",71535
544235,MacBook Pro（14 英寸，M5 Pro 或 M5 Max）,Apple Silicon,Core ML,GPU,Pose Estimation (HP),"100%
",186317
544235,MacBook Pro（14 英寸，M5 Pro 或 M5 Max）,Apple Silicon,Core ML,GPU,Pose Estimation (Q),"95%
",213726
544235,MacBook Pro（14 英寸，M5 Pro 或 M5 Max）,Apple Silicon,Core ML,GPU,Object Detection (SP),"100%
",8009
544235,MacBook Pro（14 英寸，M5 Pro 或 M5 Max）,Apple Silicon,Core ML,GPU,Object Detection (HP),"100%
",14236
544235,MacBook Pro（14 英寸，M5 Pro 或 M5 Max）,Apple Silicon,Core ML,GPU,Object Detection (Q),"94%
",14147
544235,MacBook Pro（14 英寸，M5 Pro 或 M5 Max）,Apple Silicon,Core ML,GPU,Face Detection (SP),"100%
",33459
544235,MacBook Pro（14 英寸，M5 Pro 或 M5 Max）,Apple Silicon,Core ML,GPU,Face Detection (HP),"100%
",55785
544235,MacBook Pro（14 英寸，M5 Pro 或 M5 Max）,Apple Silicon,Core ML,GPU,Face Detection (Q),"100%
",49819
544235,MacBook Pro（14 英寸，M5 Pro 或 M5 Max）,Apple Silicon,Core ML,GPU,Depth Estimation (SP),"100%
",41679
544235,MacBook Pro（14 英寸，M5 Pro 或 M5 Max）,Apple Silicon,Core ML,GPU,Depth Estimation (HP),"99%
",74242
544235,MacBook Pro（14 英寸，M5 Pro 或 M5 Max）,Apple Silicon,Core ML,GPU,Depth Estimation (Q),"86%
",70550
544235,MacBook Pro（14 英寸，M5 Pro 或 M5 Max）,Apple Silicon,Core ML,GPU,Style Transfer (SP),"100%
",152296
544235,MacBook Pro（14 英寸，M5 Pro 或 M5 Max）,Apple Silicon,Core ML,GPU,Style Transfer (HP),"100%
",333632
544235,MacBook Pro（14 英寸，M5 Pro 或 M5 Max）,Apple Silicon,Core ML,GPU,Style Transfer (Q),"96%
",395382
544235,MacBook Pro（14 英寸，M5 Pro 或 M5 Max）,Apple Silicon,Core ML,GPU,Image Super-Resolution (SP),"100%
",26466
544235,MacBook Pro（14 英寸，M5 Pro 或 M5 Max）,Apple Silicon,Core ML,GPU,Image Super-Resolution (HP),"100%
",44372
544235,MacBook Pro（14 英寸，M5 Pro 或 M5 Max）,Apple Silicon,Core ML,GPU,Image Super-Resolution (Q),"99%
",36861
544235,MacBook Pro（14 英寸，M5 Pro 或 M5 Max）,Apple Silicon,Core ML,GPU,Text Classification (SP),"100%
",5896
544235,MacBook Pro（14 英寸，M5 Pro 或 M5 Max）,Apple Silicon,Core ML,GPU,Text Classification (HP),"99%
",9649
544235,MacBook Pro（14 英寸，M5 Pro 或 M5 Max）,Apple Silicon,Core ML,GPU,Text Classification (Q),"93%
",9738
544235,MacBook Pro（14 英寸，M5 Pro 或 M5 Max）,Apple Silicon,Core ML,GPU,Machine Translation (SP),"100%
",7634
544235,MacBook Pro（14 英寸，M5 Pro 或 M5 Max）,Apple Silicon,Core ML,GPU,Machine Translation (HP),"100%
",8836
544235,MacBook Pro（14 英寸，M5 Pro 或 M5 Max）,Apple Silicon,Core ML,GPU,Machine Translation (Q),"98%
",8599
544237,MacBook Pro（14 英寸，M5 Pro 或 M5 Max）,Apple Silicon,Core ML,Neural Engine,Image Classification (SP),"100%
",2384
544237,MacBook Pro（14 英寸，M5 Pro 或 M5 Max）,Apple Silicon,Core ML,Neural Engine,Image Classification (HP),"100%
",19738
544237,MacBook Pro（14 英寸，M5 Pro 或 M5 Max）,Apple Silicon,Core ML,Neural Engine,Image Classification (Q),"97%
",25584
544237,MacBook Pro（14 英寸，M5 Pro 或 M5 Max）,Apple Silicon,Core ML,Neural Engine,Image Segmentation (SP),"100%
",2492
544237,MacBook Pro（14 英寸，M5 Pro 或 M5 Max）,Apple Silicon,Core ML,Neural Engine,Image Segmentation (HP),"100%
",25890
544237,MacBook Pro（14 英寸，M5 Pro 或 M5 Max）,Apple Silicon,Core ML,Neural Engine,Image Segmentation (Q),"99%
",37825
544237,MacBook Pro（14 英寸，M5 Pro 或 M5 Max）,Apple Silicon,Core ML,Neural Engine,Pose Estimation (SP),"100%
",9738
544237,MacBook Pro（14 英寸，M5 Pro 或 M5 Max）,Apple Silicon,Core ML,Neural Engine,Pose Estimation (HP),"100%
",182926
544237,MacBook Pro（14 英寸，M5 Pro 或 M5 Max）,Apple Silicon,Core ML,Neural Engine,Pose Estimation (Q),"95%
",337589
544237,MacBook Pro（14 英寸，M5 Pro 或 M5 Max）,Apple Silicon,Core ML,Neural Engine,Object Detection (SP),"100%
",2875
544237,MacBook Pro（14 英寸，M5 Pro 或 M5 Max）,Apple Silicon,Core ML,Neural Engine,Object Detection (HP),"100%
",23867
544237,MacBook Pro（14 英寸，M5 Pro 或 M5 Max）,Apple Silicon,Core ML,Neural Engine,Object Detection (Q),"89%
",29142
544237,MacBook Pro（14 英寸，M5 Pro 或 M5 Max）,Apple Silicon,Core ML,Neural Engine,Face Detection (SP),"100%
",5612
544237,MacBook Pro（14 英寸，M5 Pro 或 M5 Max）,Apple Silicon,Core ML,Neural Engine,Face Detection (HP),"100%
",50594
544237,MacBook Pro（14 英寸，M5 Pro 或 M5 Max）,Apple Silicon,Core ML,Neural Engine,Face Detection (Q),"100%
",78082
544237,MacBook Pro（14 英寸，M5 Pro 或 M5 Max）,Apple Silicon,Core ML,Neural Engine,Depth Estimation (SP),"100%
",9170
544237,MacBook Pro（14 英寸，M5 Pro 或 M5 Max）,Apple Silicon,Core ML,Neural Engine,Depth Estimation (HP),"99%
",139122
544237,MacBook Pro（14 英寸，M5 Pro 或 M5 Max）,Apple Silicon,Core ML,Neural Engine,Depth Estimation (Q),"85%
",221423
544237,MacBook Pro（14 英寸，M5 Pro 或 M5 Max）,Apple Silicon,Core ML,Neural Engine,Style Transfer (SP),"100%
",24592
544237,MacBook Pro（14 英寸，M5 Pro 或 M5 Max）,Apple Silicon,Core ML,Neural Engine,Style Transfer (HP),"100%
",289818
544237,MacBook Pro（14 英寸，M5 Pro 或 M5 Max）,Apple Silicon,Core ML,Neural Engine,Style Transfer (Q),"96%
",360628
544237,MacBook Pro（14 英寸，M5 Pro 或 M5 Max）,Apple Silicon,Core ML,Neural Engine,Image Super-Resolution (SP),"100%
",5838
544237,MacBook Pro（14 英寸，M5 Pro 或 M5 Max）,Apple Silicon,Core ML,Neural Engine,Image Super-Resolution (HP),"100%
",65935
544237,MacBook Pro（14 英寸，M5 Pro 或 M5 Max）,Apple Silicon,Core ML,Neural Engine,Image Super-Resolution (Q),"99%
",99253
544237,MacBook Pro（14 英寸，M5 Pro 或 M5 Max）,Apple Silicon,Core ML,Neural Engine,Text Classification (SP),"100%
",5971
544237,MacBook Pro（14 英寸，M5 Pro 或 M5 Max）,Apple Silicon,Core ML,Neural Engine,Text Classification (HP),"100%
",9624
544237,MacBook Pro（14 英寸，M5 Pro 或 M5 Max）,Apple Silicon,Core ML,Neural Engine,Text Classification (Q),"93%
",9256
544237,MacBook Pro（14 英寸，M5 Pro 或 M5 Max）,Apple Silicon,Core ML,Neural Engine,Machine Translation (SP),"100%
",2742
544237,MacBook Pro（14 英寸，M5 Pro 或 M5 Max）,Apple Silicon,Core ML,Neural Engine,Machine Translation (HP),"100%
",18704
544237,MacBook Pro（14 英寸，M5 Pro 或 M5 Max）,Apple Silicon,Core ML,Neural Engine,Machine Translation (Q),"98%
",18491
543883,MacBook Pro (16-inch Late 2019),Intel,Core ML,GPU,Image Classification (SP),"100%
",2983
543883,MacBook Pro (16-inch Late 2019),Intel,Core ML,GPU,Image Classification (HP),"100%
",2809
543883,MacBook Pro (16-inch Late 2019),Intel,Core ML,GPU,Image Classification (Q),"96%
",121
543883,MacBook Pro (16-inch Late 2019),Intel,Core ML,GPU,Image Segmentation (SP),"100%
",367
543883,MacBook Pro (16-inch Late 2019),Intel,Core ML,GPU,Image Segmentation (HP),"100%
",365
543883,MacBook Pro (16-inch Late 2019),Intel,Core ML,GPU,Image Segmentation (Q),"99%
",207
543883,MacBook Pro (16-inch Late 2019),Intel,Core ML,GPU,Pose Estimation (SP),"100%
",18751
543883,MacBook Pro (16-inch Late 2019),Intel,Core ML,GPU,Pose Estimation (HP),"100%
",19573
543883,MacBook Pro (16-inch Late 2019),Intel,Core ML,GPU,Pose Estimation (Q),"96%
",1992
543883,MacBook Pro (16-inch Late 2019),Intel,Core ML,GPU,Object Detection (SP),"100%
",2355
543883,MacBook Pro (16-inch Late 2019),Intel,Core ML,GPU,Object Detection (HP),"100%
",1780
543883,MacBook Pro (16-inch Late 2019),Intel,Core ML,GPU,Object Detection (Q),"92%
",135
543883,MacBook Pro (16-inch Late 2019),Intel,Core ML,GPU,Face Detection (SP),"100%
",5560
543883,MacBook Pro (16-inch Late 2019),Intel,Core ML,GPU,Face Detection (HP),"100%
",5072
543883,MacBook Pro (16-inch Late 2019),Intel,Core ML,GPU,Face Detection (Q),"100%
",225
543883,MacBook Pro (16-inch Late 2019),Intel,Core ML,GPU,Depth Estimation (SP),"100%
",11160
543883,MacBook Pro (16-inch Late 2019),Intel,Core ML,GPU,Depth Estimation (HP),"99%
",10878
543883,MacBook Pro (16-inch Late 2019),Intel,Core ML,GPU,Depth Estimation (Q),"85%
",10267
543883,MacBook Pro (16-inch Late 2019),Intel,Core ML,GPU,Style Transfer (SP),"100%
",34413
543883,MacBook Pro (16-inch Late 2019),Intel,Core ML,GPU,Style Transfer (HP),"100%
",36294
543883,MacBook Pro (16-inch Late 2019),Intel,Core ML,GPU,Style Transfer (Q),"96%
",46445
543883,MacBook Pro (16-inch Late 2019),Intel,Core ML,GPU,Image Super-Resolution (SP),"100%
",3799
543883,MacBook Pro (16-inch Late 2019),Intel,Core ML,GPU,Image Super-Resolution (HP),"100%
",8062
543883,MacBook Pro (16-inch Late 2019),Intel,Core ML,GPU,Image Super-Resolution (Q),"99%
",6768
543883,MacBook Pro (16-inch Late 2019),Intel,Core ML,GPU,Text Classification (SP),"100%
",183
543883,MacBook Pro (16-inch Late 2019),Intel,Core ML,GPU,Text Classification (HP),"100%
",192
543883,MacBook Pro (16-inch Late 2019),Intel,Core ML,GPU,Text Classification (Q),"93%
",189
543883,MacBook Pro (16-inch Late 2019),Intel,Core ML,GPU,Machine Translation (SP),"100%
",510
543883,MacBook Pro (16-inch Late 2019),Intel,Core ML,GPU,Machine Translation (HP),"100%
",390
543883,MacBook Pro (16-inch Late 2019),Intel,Core ML,GPU,Machine Translation (Q),"98%
",389
544254,"MacBook Pro (14-inch, Nov 2023)",Apple Silicon,Core ML,CPU,Image Classification (SP),"100%
",1601
544254,"MacBook Pro (14-inch, Nov 2023)",Apple Silicon,Core ML,CPU,Image Classification (HP),"100%
",2949
544254,"MacBook Pro (14-inch, Nov 2023)",Apple Silicon,Core ML,CPU,Image Classification (Q),"96%
",2058
544254,"MacBook Pro (14-inch, Nov 2023)",Apple Silicon,Core ML,CPU,Image Segmentation (SP),"100%
",1852
544254,"MacBook Pro (14-inch, Nov 2023)",Apple Silicon,Core ML,CPU,Image Segmentation (HP),"100%
",3074
544254,"MacBook Pro (14-inch, Nov 2023)",Apple Silicon,Core ML,CPU,Image Segmentation (Q),"99%
",3382
544254,"MacBook Pro (14-inch, Nov 2023)",Apple Silicon,Core ML,CPU,Pose Estimation (SP),"100%
",8292
544254,"MacBook Pro (14-inch, Nov 2023)",Apple Silicon,Core ML,CPU,Pose Estimation (HP),"100%
",17460
544254,"MacBook Pro (14-inch, Nov 2023)",Apple Silicon,Core ML,CPU,Pose Estimation (Q),"95%
",15172
544254,"MacBook Pro (14-inch, Nov 2023)",Apple Silicon,Core ML,CPU,Object Detection (SP),"100%
",1773
544254,"MacBook Pro (14-inch, Nov 2023)",Apple Silicon,Core ML,CPU,Object Detection (HP),"97%
",3244
544254,"MacBook Pro (14-inch, Nov 2023)",Apple Silicon,Core ML,CPU,Object Detection (Q),"94%
",2403
544254,"MacBook Pro (14-inch, Nov 2023)",Apple Silicon,Core ML,CPU,Face Detection (SP),"100%
",3816
544254,"MacBook Pro (14-inch, Nov 2023)",Apple Silicon,Core ML,CPU,Face Detection (HP),"100%
",7189
544254,"MacBook Pro (14-inch, Nov 2023)",Apple Silicon,Core ML,CPU,Face Detection (Q),"100%
",4225
544254,"MacBook Pro (14-inch, Nov 2023)",Apple Silicon,Core ML,CPU,Depth Estimation (SP),"100%
",7108
544254,"MacBook Pro (14-inch, Nov 2023)",Apple Silicon,Core ML,CPU,Depth Estimation (HP),"98%
",12921
544254,"MacBook Pro (14-inch, Nov 2023)",Apple Silicon,Core ML,CPU,Depth Estimation (Q),"85%
",9187
544254,"MacBook Pro (14-inch, Nov 2023)",Apple Silicon,Core ML,CPU,Style Transfer (SP),"100%
",21874
544254,"MacBook Pro (14-inch, Nov 2023)",Apple Silicon,Core ML,CPU,Style Transfer (HP),"100%
",34764
544254,"MacBook Pro (14-inch, Nov 2023)",Apple Silicon,Core ML,CPU,Style Transfer (Q),"96%
",28779
544254,"MacBook Pro (14-inch, Nov 2023)",Apple Silicon,Core ML,CPU,Image Super-Resolution (SP),"100%
",4904
544254,"MacBook Pro (14-inch, Nov 2023)",Apple Silicon,Core ML,CPU,Image Super-Resolution (HP),"100%
",5660
544254,"MacBook Pro (14-inch, Nov 2023)",Apple Silicon,Core ML,CPU,Image Super-Resolution (Q),"99%
",4360
544254,"MacBook Pro (14-inch, Nov 2023)",Apple Silicon,Core ML,CPU,Text Classification (SP),"99%
",5179
544254,"MacBook Pro (14-inch, Nov 2023)",Apple Silicon,Core ML,CPU,Text Classification (HP),"99%
",8818
544254,"MacBook Pro (14-inch, Nov 2023)",Apple Silicon,Core ML,CPU,Text Classification (Q),"93%
",8977
544254,"MacBook Pro (14-inch, Nov 2023)",Apple Silicon,Core ML,CPU,Machine Translation (SP),"100%
",3392
544254,"MacBook Pro (14-inch, Nov 2023)",Apple Silicon,Core ML,CPU,Machine Translation (HP),"98%
",7320
544254,"MacBook Pro (14-inch, Nov 2023)",Apple Silicon,Core ML,CPU,Machine Translation (Q),"98%
",7337
544257,"MacBook Pro (14-inch, Nov 2023)",Apple Silicon,Core ML,GPU,Image Classification (SP),"100%
",5869
544257,"MacBook Pro (14-inch, Nov 2023)",Apple Silicon,Core ML,GPU,Image Classification (HP),"100%
",6265
544257,"MacBook Pro (14-inch, Nov 2023)",Apple Silicon,Core ML,GPU,Image Classification (Q),"96%
",5918
544257,"MacBook Pro (14-inch, Nov 2023)",Apple Silicon,Core ML,GPU,Image Segmentation (SP),"100%
",9452
544257,"MacBook Pro (14-inch, Nov 2023)",Apple Silicon,Core ML,GPU,Image Segmentation (HP),"100%
",10068
544257,"MacBook Pro (14-inch, Nov 2023)",Apple Silicon,Core ML,GPU,Image Segmentation (Q),"99%
",9668
544257,"MacBook Pro (14-inch, Nov 2023)",Apple Silicon,Core ML,GPU,Pose Estimation (SP),"100%
",33677
544257,"MacBook Pro (14-inch, Nov 2023)",Apple Silicon,Core ML,GPU,Pose Estimation (HP),"100%
",37378
544257,"MacBook Pro (14-inch, Nov 2023)",Apple Silicon,Core ML,GPU,Pose Estimation (Q),"96%
",36439
544257,"MacBook Pro (14-inch, Nov 2023)",Apple Silicon,Core ML,GPU,Object Detection (SP),"100%
",5770
544257,"MacBook Pro (14-inch, Nov 2023)",Apple Silicon,Core ML,GPU,Object Detection (HP),"100%
",5964
544257,"MacBook Pro (14-inch, Nov 2023)",Apple Silicon,Core ML,GPU,Object Detection (Q),"91%
",5665
544257,"MacBook Pro (14-inch, Nov 2023)",Apple Silicon,Core ML,GPU,Face Detection (SP),"100%
",17592
544257,"MacBook Pro (14-inch, Nov 2023)",Apple Silicon,Core ML,GPU,Face Detection (HP),"100%
",21678
544257,"MacBook Pro (14-inch, Nov 2023)",Apple Silicon,Core ML,GPU,Face Detection (Q),"100%
",19882
544257,"MacBook Pro (14-inch, Nov 2023)",Apple Silicon,Core ML,GPU,Depth Estimation (SP),"100%
",23244
544257,"MacBook Pro (14-inch, Nov 2023)",Apple Silicon,Core ML,GPU,Depth Estimation (HP),"99%
",25692
544257,"MacBook Pro (14-inch, Nov 2023)",Apple Silicon,Core ML,GPU,Depth Estimation (Q),"85%
",23857
544257,"MacBook Pro (14-inch, Nov 2023)",Apple Silicon,Core ML,GPU,Style Transfer (SP),"100%
",77125
544257,"MacBook Pro (14-inch, Nov 2023)",Apple Silicon,Core ML,GPU,Style Transfer (HP),"100%
",87621
544257,"MacBook Pro (14-inch, Nov 2023)",Apple Silicon,Core ML,GPU,Style Transfer (Q),"96%
",85293
544257,"MacBook Pro (14-inch, Nov 2023)",Apple Silicon,Core ML,GPU,Image Super-Resolution (SP),"100%
",13592
544257,"MacBook Pro (14-inch, Nov 2023)",Apple Silicon,Core ML,GPU,Image Super-Resolution (HP),"100%
",15023
544257,"MacBook Pro (14-inch, Nov 2023)",Apple Silicon,Core ML,GPU,Image Super-Resolution (Q),"99%
",12782
544257,"MacBook Pro (14-inch, Nov 2023)",Apple Silicon,Core ML,GPU,Text Classification (SP),"99%
",5206
544257,"MacBook Pro (14-inch, Nov 2023)",Apple Silicon,Core ML,GPU,Text Classification (HP),"99%
",8537
544257,"MacBook Pro (14-inch, Nov 2023)",Apple Silicon,Core ML,GPU,Text Classification (Q),"93%
",8473
544257,"MacBook Pro (14-inch, Nov 2023)",Apple Silicon,Core ML,GPU,Machine Translation (SP),"100%
",6008
544257,"MacBook Pro (14-inch, Nov 2023)",Apple Silicon,Core ML,GPU,Machine Translation (HP),"100%
",6295
544257,"MacBook Pro (14-inch, Nov 2023)",Apple Silicon,Core ML,GPU,Machine Translation (Q),"98%
",5417
543888,"MacBook Air (13-inch, 2025)",Apple Silicon,Core ML,CPU,Image Classification (SP),"100%
",1566
543888,"MacBook Air (13-inch, 2025)",Apple Silicon,Core ML,CPU,Image Classification (HP),"100%
",1316
543888,"MacBook Air (13-inch, 2025)",Apple Silicon,Core ML,CPU,Image Classification (Q),"96%
",779
543888,"MacBook Air (13-inch, 2025)",Apple Silicon,Core ML,CPU,Image Segmentation (SP),"100%
",586
543888,"MacBook Air (13-inch, 2025)",Apple Silicon,Core ML,CPU,Image Segmentation (HP),"100%
",708
543888,"MacBook Air (13-inch, 2025)",Apple Silicon,Core ML,CPU,Image Segmentation (Q),"99%
",1358
543888,"MacBook Air (13-inch, 2025)",Apple Silicon,Core ML,CPU,Pose Estimation (SP),"100%
",5586
543888,"MacBook Air (13-inch, 2025)",Apple Silicon,Core ML,CPU,Pose Estimation (HP),"100%
",9010
543888,"MacBook Air (13-inch, 2025)",Apple Silicon,Core ML,CPU,Pose Estimation (Q),"95%
",6135
543888,"MacBook Air (13-inch, 2025)",Apple Silicon,Core ML,CPU,Object Detection (SP),"100%
",778
543888,"MacBook Air (13-inch, 2025)",Apple Silicon,Core ML,CPU,Object Detection (HP),"97%
",1190
543888,"MacBook Air (13-inch, 2025)",Apple Silicon,Core ML,CPU,Object Detection (Q),"94%
",867
543888,"MacBook Air (13-inch, 2025)",Apple Silicon,Core ML,CPU,Face Detection (SP),"100%
",2061
543888,"MacBook Air (13-inch, 2025)",Apple Silicon,Core ML,CPU,Face Detection (HP),"100%
",2471
543888,"MacBook Air (13-inch, 2025)",Apple Silicon,Core ML,CPU,Face Detection (Q),"100%
",1532
543888,"MacBook Air (13-inch, 2025)",Apple Silicon,Core ML,CPU,Depth Estimation (SP),"100%
",2892
543888,"MacBook Air (13-inch, 2025)",Apple Silicon,Core ML,CPU,Depth Estimation (HP),"97%
",5730
543888,"MacBook Air (13-inch, 2025)",Apple Silicon,Core ML,CPU,Depth Estimation (Q),"86%
",3989
543888,"MacBook Air (13-inch, 2025)",Apple Silicon,Core ML,CPU,Style Transfer (SP),"100%
",14678
543888,"MacBook Air (13-inch, 2025)",Apple Silicon,Core ML,CPU,Style Transfer (HP),"100%
",14527
543888,"MacBook Air (13-inch, 2025)",Apple Silicon,Core ML,CPU,Style Transfer (Q),"96%
",11831
543888,"MacBook Air (13-inch, 2025)",Apple Silicon,Core ML,CPU,Image Super-Resolution (SP),"100%
",2070
543888,"MacBook Air (13-inch, 2025)",Apple Silicon,Core ML,CPU,Image Super-Resolution (HP),"100%
",2587
543888,"MacBook Air (13-inch, 2025)",Apple Silicon,Core ML,CPU,Image Super-Resolution (Q),"99%
",1862
543888,"MacBook Air (13-inch, 2025)",Apple Silicon,Core ML,CPU,Text Classification (SP),"100%
",2665
543888,"MacBook Air (13-inch, 2025)",Apple Silicon,Core ML,CPU,Text Classification (HP),"99%
",3205
543888,"MacBook Air (13-inch, 2025)",Apple Silicon,Core ML,CPU,Text Classification (Q),"93%
",4049
543888,"MacBook Air (13-inch, 2025)",Apple Silicon,Core ML,CPU,Machine Translation (SP),"100%
",1985
543888,"MacBook Air (13-inch, 2025)",Apple Silicon,Core ML,CPU,Machine Translation (HP),"98%
",3217
543888,"MacBook Air (13-inch, 2025)",Apple Silicon,Core ML,CPU,Machine Translation (Q),"98%
",3169
543891,"MacBook Air (13-inch, 2025)",Apple Silicon,Core ML,Neural Engine,Image Classification (SP),"100%
",311
543891,"MacBook Air (13-inch, 2025)",Apple Silicon,Core ML,Neural Engine,Image Classification (HP),"100%
",8258
543891,"MacBook Air (13-inch, 2025)",Apple Silicon,Core ML,Neural Engine,Image Classification (Q),"97%
",12298
543891,"MacBook Air (13-inch, 2025)",Apple Silicon,Core ML,Neural Engine,Image Segmentation (SP),"100%
",362
543891,"MacBook Air (13-inch, 2025)",Apple Silicon,Core ML,Neural Engine,Image Segmentation (HP),"100%
",11233
543891,"MacBook Air (13-inch, 2025)",Apple Silicon,Core ML,Neural Engine,Image Segmentation (Q),"99%
",16055
543891,"MacBook Air (13-inch, 2025)",Apple Silicon,Core ML,Neural Engine,Pose Estimation (SP),"100%
",3373
543891,"MacBook Air (13-inch, 2025)",Apple Silicon,Core ML,Neural Engine,Pose Estimation (HP),"100%
",49081
543891,"MacBook Air (13-inch, 2025)",Apple Silicon,Core ML,Neural Engine,Pose Estimation (Q),"95%
",91911
543891,"MacBook Air (13-inch, 2025)",Apple Silicon,Core ML,Neural Engine,Object Detection (SP),"100%
",597
543891,"MacBook Air (13-inch, 2025)",Apple Silicon,Core ML,Neural Engine,Object Detection (HP),"100%
",9288
543891,"MacBook Air (13-inch, 2025)",Apple Silicon,Core ML,Neural Engine,Object Detection (Q),"89%
",11566
543891,"MacBook Air (13-inch, 2025)",Apple Silicon,Core ML,Neural Engine,Face Detection (SP),"100%
",1285
543891,"MacBook Air (13-inch, 2025)",Apple Silicon,Core ML,Neural Engine,Face Detection (HP),"100%
",22069
543891,"MacBook Air (13-inch, 2025)",Apple Silicon,Core ML,Neural Engine,Face Detection (Q),"100%
",36246
543891,"MacBook Air (13-inch, 2025)",Apple Silicon,Core ML,Neural Engine,Depth Estimation (SP),"100%
",2018
543891,"MacBook Air (13-inch, 2025)",Apple Silicon,Core ML,Neural Engine,Depth Estimation (HP),"99%
",48732
543891,"MacBook Air (13-inch, 2025)",Apple Silicon,Core ML,Neural Engine,Depth Estimation (Q),"85%
",81624
543891,"MacBook Air (13-inch, 2025)",Apple Silicon,Core ML,Neural Engine,Style Transfer (SP),"100%
",8082
543891,"MacBook Air (13-inch, 2025)",Apple Silicon,Core ML,Neural Engine,Style Transfer (HP),"100%
",181277
543891,"MacBook Air (13-inch, 2025)",Apple Silicon,Core ML,Neural Engine,Style Transfer (Q),"96%
",309791
543891,"MacBook Air (13-inch, 2025)",Apple Silicon,Core ML,Neural Engine,Image Super-Resolution (SP),"100%
",5530
543891,"MacBook Air (13-inch, 2025)",Apple Silicon,Core ML,Neural Engine,Image Super-Resolution (HP),"100%
",23632
543891,"MacBook Air (13-inch, 2025)",Apple Silicon,Core ML,Neural Engine,Image Super-Resolution (Q),"99%
",39524
543891,"MacBook Air (13-inch, 2025)",Apple Silicon,Core ML,Neural Engine,Text Classification (SP),"100%
",1451
543891,"MacBook Air (13-inch, 2025)",Apple Silicon,Core ML,Neural Engine,Text Classification (HP),"99%
",2666
543891,"MacBook Air (13-inch, 2025)",Apple Silicon,Core ML,Neural Engine,Text Classification (Q),"93%
",2454
543891,"MacBook Air (13-inch, 2025)",Apple Silicon,Core ML,Neural Engine,Machine Translation (SP),"100%
",1418
543891,"MacBook Air (13-inch, 2025)",Apple Silicon,Core ML,Neural Engine,Machine Translation (HP),"100%
",8372
543891,"MacBook Air (13-inch, 2025)",Apple Silicon,Core ML,Neural Engine,Machine Translation (Q),"98%
",8617
543896,MacBook Pro (16-inch Late 2019),Intel,Core ML,CPU,Image Classification (SP),"100%
",444
543896,MacBook Pro (16-inch Late 2019),Intel,Core ML,CPU,Image Classification (HP),"100%
",347
543896,MacBook Pro (16-inch Late 2019),Intel,Core ML,CPU,Image Classification (Q),"96%
",178
543896,MacBook Pro (16-inch Late 2019),Intel,Core ML,CPU,Image Segmentation (SP),"100%
",543
543896,MacBook Pro (16-inch Late 2019),Intel,Core ML,CPU,Image Segmentation (HP),"100%
",442
543896,MacBook Pro (16-inch Late 2019),Intel,Core ML,CPU,Image Segmentation (Q),"99%
",285
543896,MacBook Pro (16-inch Late 2019),Intel,Core ML,CPU,Pose Estimation (SP),"100%
",2704
543896,MacBook Pro (16-inch Late 2019),Intel,Core ML,CPU,Pose Estimation (HP),"100%
",876
543896,MacBook Pro (16-inch Late 2019),Intel,Core ML,CPU,Pose Estimation (Q),"96%
",746
543896,MacBook Pro (16-inch Late 2019),Intel,Core ML,CPU,Object Detection (SP),"100%
",477
543896,MacBook Pro (16-inch Late 2019),Intel,Core ML,CPU,Object Detection (HP),"100%
",383
543896,MacBook Pro (16-inch Late 2019),Intel,Core ML,CPU,Object Detection (Q),"92%
",210
543896,MacBook Pro (16-inch Late 2019),Intel,Core ML,CPU,Face Detection (SP),"100%
",1051
543896,MacBook Pro (16-inch Late 2019),Intel,Core ML,CPU,Face Detection (HP),"100%
",853
543896,MacBook Pro (16-inch Late 2019),Intel,Core ML,CPU,Face Detection (Q),"100%
",324
543896,MacBook Pro (16-inch Late 2019),Intel,Core ML,CPU,Depth Estimation (SP),"100%
",1407
543896,MacBook Pro (16-inch Late 2019),Intel,Core ML,CPU,Depth Estimation (HP),"99%
",1255
543896,MacBook Pro (16-inch Late 2019),Intel,Core ML,CPU,Depth Estimation (Q),"85%
",730
543896,MacBook Pro (16-inch Late 2019),Intel,Core ML,CPU,Style Transfer (SP),"100%
",3811
543896,MacBook Pro (16-inch Late 2019),Intel,Core ML,CPU,Style Transfer (HP),"100%
",3531
543896,MacBook Pro (16-inch Late 2019),Intel,Core ML,CPU,Style Transfer (Q),"96%
",2566
543896,MacBook Pro (16-inch Late 2019),Intel,Core ML,CPU,Image Super-Resolution (SP),"100%
",1637
543896,MacBook Pro (16-inch Late 2019),Intel,Core ML,CPU,Image Super-Resolution (HP),"100%
",684
543896,MacBook Pro (16-inch Late 2019),Intel,Core ML,CPU,Image Super-Resolution (Q),"99%
",386
543896,MacBook Pro (16-inch Late 2019),Intel,Core ML,CPU,Text Classification (SP),"99%
",1166
543896,MacBook Pro (16-inch Late 2019),Intel,Core ML,CPU,Text Classification (HP),"99%
",488
543896,MacBook Pro (16-inch Late 2019),Intel,Core ML,CPU,Text Classification (Q),"93%
",500
543896,MacBook Pro (16-inch Late 2019),Intel,Core ML,CPU,Machine Translation (SP),"100%
",618
543896,MacBook Pro (16-inch Late 2019),Intel,Core ML,CPU,Machine Translation (HP),"100%
",551
543896,MacBook Pro (16-inch Late 2019),Intel,Core ML,CPU,Machine Translation (Q),"98%
",549
543897,"MacBook Pro (14-inch, 2021)",Apple Silicon,Core ML,GPU,Image Classification (SP),"100%
",3712
543897,"MacBook Pro (14-inch, 2021)",Apple Silicon,Core ML,GPU,Image Classification (HP),"100%
",3769
543897,"MacBook Pro (14-inch, 2021)",Apple Silicon,Core ML,GPU,Image Classification (Q),"94%
",3598
543897,"MacBook Pro (14-inch, 2021)",Apple Silicon,Core ML,GPU,Image Segmentation (SP),"100%
",6784
543897,"MacBook Pro (14-inch, 2021)",Apple Silicon,Core ML,GPU,Image Segmentation (HP),"100%
",6798
543897,"MacBook Pro (14-inch, 2021)",Apple Silicon,Core ML,GPU,Image Segmentation (Q),"99%
",6491
543897,"MacBook Pro (14-inch, 2021)",Apple Silicon,Core ML,GPU,Pose Estimation (SP),"100%
",29802
543897,"MacBook Pro (14-inch, 2021)",Apple Silicon,Core ML,GPU,Pose Estimation (HP),"100%
",32404
543897,"MacBook Pro (14-inch, 2021)",Apple Silicon,Core ML,GPU,Pose Estimation (Q),"96%
",31222
543897,"MacBook Pro (14-inch, 2021)",Apple Silicon,Core ML,GPU,Object Detection (SP),"100%
",3697
543897,"MacBook Pro (14-inch, 2021)",Apple Silicon,Core ML,GPU,Object Detection (HP),"100%
",3921
543897,"MacBook Pro (14-inch, 2021)",Apple Silicon,Core ML,GPU,Object Detection (Q),"91%
",3654
543897,"MacBook Pro (14-inch, 2021)",Apple Silicon,Core ML,GPU,Face Detection (SP),"100%
",13606
543897,"MacBook Pro (14-inch, 2021)",Apple Silicon,Core ML,GPU,Face Detection (HP),"100%
",14019
543897,"MacBook Pro (14-inch, 2021)",Apple Silicon,Core ML,GPU,Face Detection (Q),"100%
",12821
543897,"MacBook Pro (14-inch, 2021)",Apple Silicon,Core ML,GPU,Depth Estimation (SP),"100%
",17352
543897,"MacBook Pro (14-inch, 2021)",Apple Silicon,Core ML,GPU,Depth Estimation (HP),"99%
",16550
543897,"MacBook Pro (14-inch, 2021)",Apple Silicon,Core ML,GPU,Depth Estimation (Q),"85%
",15600
543897,"MacBook Pro (14-inch, 2021)",Apple Silicon,Core ML,GPU,Style Transfer (SP),"100%
",50215
543897,"MacBook Pro (14-inch, 2021)",Apple Silicon,Core ML,GPU,Style Transfer (HP),"100%
",59673
543897,"MacBook Pro (14-inch, 2021)",Apple Silicon,Core ML,GPU,Style Transfer (Q),"96%
",58170
543897,"MacBook Pro (14-inch, 2021)",Apple Silicon,Core ML,GPU,Image Super-Resolution (SP),"100%
",9920
543897,"MacBook Pro (14-inch, 2021)",Apple Silicon,Core ML,GPU,Image Super-Resolution (HP),"100%
",10829
543897,"MacBook Pro (14-inch, 2021)",Apple Silicon,Core ML,GPU,Image Super-Resolution (Q),"99%
",9544
543897,"MacBook Pro (14-inch, 2021)",Apple Silicon,Core ML,GPU,Text Classification (SP),"100%
",4336
543897,"MacBook Pro (14-inch, 2021)",Apple Silicon,Core ML,GPU,Text Classification (HP),"100%
",7007
543897,"MacBook Pro (14-inch, 2021)",Apple Silicon,Core ML,GPU,Text Classification (Q),"92%
",6794
543897,"MacBook Pro (14-inch, 2021)",Apple Silicon,Core ML,GPU,Machine Translation (SP),"100%
",3078
543897,"MacBook Pro (14-inch, 2021)",Apple Silicon,Core ML,GPU,Machine Translation (HP),"100%
",3087
543897,"MacBook Pro (14-inch, 2021)",Apple Silicon,Core ML,GPU,Machine Translation (Q),"98%
",1895
543900,"MacBook Pro (14-inch, 2021)",Apple Silicon,Core ML,Neural Engine,Image Classification (SP),"100%
",1329
543900,"MacBook Pro (14-inch, 2021)",Apple Silicon,Core ML,Neural Engine,Image Classification (HP),"100%
",6542
543900,"MacBook Pro (14-inch, 2021)",Apple Silicon,Core ML,Neural Engine,Image Classification (Q),"97%
",6313
543900,"MacBook Pro (14-inch, 2021)",Apple Silicon,Core ML,Neural Engine,Image Segmentation (SP),"100%
",1476
543900,"MacBook Pro (14-inch, 2021)",Apple Silicon,Core ML,Neural Engine,Image Segmentation (HP),"100%
",9584
543900,"MacBook Pro (14-inch, 2021)",Apple Silicon,Core ML,Neural Engine,Image Segmentation (Q),"99%
",10448
543900,"MacBook Pro (14-inch, 2021)",Apple Silicon,Core ML,Neural Engine,Pose Estimation (SP),"100%
",10362
543900,"MacBook Pro (14-inch, 2021)",Apple Silicon,Core ML,Neural Engine,Pose Estimation (HP),"100%
",68909
543900,"MacBook Pro (14-inch, 2021)",Apple Silicon,Core ML,Neural Engine,Pose Estimation (Q),"95%
",64193
543900,"MacBook Pro (14-inch, 2021)",Apple Silicon,Core ML,Neural Engine,Object Detection (SP),"100%
",1463
543900,"MacBook Pro (14-inch, 2021)",Apple Silicon,Core ML,Neural Engine,Object Detection (HP),"99%
",7600
543900,"MacBook Pro (14-inch, 2021)",Apple Silicon,Core ML,Neural Engine,Object Detection (Q),"89%
",7223
543900,"MacBook Pro (14-inch, 2021)",Apple Silicon,Core ML,Neural Engine,Face Detection (SP),"100%
",3318
543900,"MacBook Pro (14-inch, 2021)",Apple Silicon,Core ML,Neural Engine,Face Detection (HP),"100%
",14136
543900,"MacBook Pro (14-inch, 2021)",Apple Silicon,Core ML,Neural Engine,Face Detection (Q),"100%
",13665
543900,"MacBook Pro (14-inch, 2021)",Apple Silicon,Core ML,Neural Engine,Depth Estimation (SP),"100%
",5699
543900,"MacBook Pro (14-inch, 2021)",Apple Silicon,Core ML,Neural Engine,Depth Estimation (HP),"99%
",49887
543900,"MacBook Pro (14-inch, 2021)",Apple Silicon,Core ML,Neural Engine,Depth Estimation (Q),"85%
",52381
543900,"MacBook Pro (14-inch, 2021)",Apple Silicon,Core ML,Neural Engine,Style Transfer (SP),"100%
",21973
543900,"MacBook Pro (14-inch, 2021)",Apple Silicon,Core ML,Neural Engine,Style Transfer (HP),"100%
",121749
543900,"MacBook Pro (14-inch, 2021)",Apple Silicon,Core ML,Neural Engine,Style Transfer (Q),"96%
",113972
543900,"MacBook Pro (14-inch, 2021)",Apple Silicon,Core ML,Neural Engine,Image Super-Resolution (SP),"100%
",4099
543900,"MacBook Pro (14-inch, 2021)",Apple Silicon,Core ML,Neural Engine,Image Super-Resolution (HP),"100%
",25875
543900,"MacBook Pro (14-inch, 2021)",Apple Silicon,Core ML,Neural Engine,Image Super-Resolution (Q),"99%
",26737
543900,"MacBook Pro (14-inch, 2021)",Apple Silicon,Core ML,Neural Engine,Text Classification (SP),"99%
",4297
543900,"MacBook Pro (14-inch, 2021)",Apple Silicon,Core ML,Neural Engine,Text Classification (HP),"99%
",6982
543900,"MacBook Pro (14-inch, 2021)",Apple Silicon,Core ML,Neural Engine,Text Classification (Q),"93%
",7006
543900,"MacBook Pro (14-inch, 2021)",Apple Silicon,Core ML,Neural Engine,Machine Translation (SP),"100%
",2994
543900,"MacBook Pro (14-inch, 2021)",Apple Silicon,Core ML,Neural Engine,Machine Translation (HP),"100%
",5593
543900,"MacBook Pro (14-inch, 2021)",Apple Silicon,Core ML,Neural Engine,Machine Translation (Q),"98%
",5878
543904,"MacBook Pro (14-inch, 2021)",Apple Silicon,Core ML,CPU,Image Classification (SP),"100%
",1331
543904,"MacBook Pro (14-inch, 2021)",Apple Silicon,Core ML,CPU,Image Classification (HP),"100%
",2086
543904,"MacBook Pro (14-inch, 2021)",Apple Silicon,Core ML,CPU,Image Classification (Q),"96%
",1514
543904,"MacBook Pro (14-inch, 2021)",Apple Silicon,Core ML,CPU,Image Segmentation (SP),"100%
",1559
543904,"MacBook Pro (14-inch, 2021)",Apple Silicon,Core ML,CPU,Image Segmentation (HP),"100%
",2265
543904,"MacBook Pro (14-inch, 2021)",Apple Silicon,Core ML,CPU,Image Segmentation (Q),"99%
",2599
543904,"MacBook Pro (14-inch, 2021)",Apple Silicon,Core ML,CPU,Pose Estimation (SP),"100%
",10325
543904,"MacBook Pro (14-inch, 2021)",Apple Silicon,Core ML,CPU,Pose Estimation (HP),"100%
",23099
543904,"MacBook Pro (14-inch, 2021)",Apple Silicon,Core ML,CPU,Pose Estimation (Q),"95%
",17757
543904,"MacBook Pro (14-inch, 2021)",Apple Silicon,Core ML,CPU,Object Detection (SP),"100%
",1499
543904,"MacBook Pro (14-inch, 2021)",Apple Silicon,Core ML,CPU,Object Detection (HP),"97%
",2346
543904,"MacBook Pro (14-inch, 2021)",Apple Silicon,Core ML,CPU,Object Detection (Q),"94%
",1731
543904,"MacBook Pro (14-inch, 2021)",Apple Silicon,Core ML,CPU,Face Detection (SP),"100%
",3299
543904,"MacBook Pro (14-inch, 2021)",Apple Silicon,Core ML,CPU,Face Detection (HP),"100%
",5478
543904,"MacBook Pro (14-inch, 2021)",Apple Silicon,Core ML,CPU,Face Detection (Q),"100%
",3181
543904,"MacBook Pro (14-inch, 2021)",Apple Silicon,Core ML,CPU,Depth Estimation (SP),"100%
",5679
543904,"MacBook Pro (14-inch, 2021)",Apple Silicon,Core ML,CPU,Depth Estimation (HP),"98%
",10572
543904,"MacBook Pro (14-inch, 2021)",Apple Silicon,Core ML,CPU,Depth Estimation (Q),"85%
",7352
543904,"MacBook Pro (14-inch, 2021)",Apple Silicon,Core ML,CPU,Style Transfer (SP),"100%
",22011
543904,"MacBook Pro (14-inch, 2021)",Apple Silicon,Core ML,CPU,Style Transfer (HP),"100%
",35865
543904,"MacBook Pro (14-inch, 2021)",Apple Silicon,Core ML,CPU,Style Transfer (Q),"96%
",28393
543904,"MacBook Pro (14-inch, 2021)",Apple Silicon,Core ML,CPU,Image Super-Resolution (SP),"100%
",4072
543904,"MacBook Pro (14-inch, 2021)",Apple Silicon,Core ML,CPU,Image Super-Resolution (HP),"100%
",5484
543904,"MacBook Pro (14-inch, 2021)",Apple Silicon,Core ML,CPU,Image Super-Resolution (Q),"99%
",3961
543904,"MacBook Pro (14-inch, 2021)",Apple Silicon,Core ML,CPU,Text Classification (SP),"99%
",4339
543904,"MacBook Pro (14-inch, 2021)",Apple Silicon,Core ML,CPU,Text Classification (HP),"100%
",6841
543904,"MacBook Pro (14-inch, 2021)",Apple Silicon,Core ML,CPU,Text Classification (Q),"93%
",6758
543904,"MacBook Pro (14-inch, 2021)",Apple Silicon,Core ML,CPU,Machine Translation (SP),"100%
",3006
543904,"MacBook Pro (14-inch, 2021)",Apple Silicon,Core ML,CPU,Machine Translation (HP),"98%
",5105
543904,"MacBook Pro (14-inch, 2021)",Apple Silicon,Core ML,CPU,Machine Translation (Q),"98%
",5157
543909,"MacBook Air (13-inch, 2025)",Apple Silicon,Core ML,GPU,Image Classification (SP),"100%
",4619
543909,"MacBook Air (13-inch, 2025)",Apple Silicon,Core ML,GPU,Image Classification (HP),"100%
",2807
543909,"MacBook Air (13-inch, 2025)",Apple Silicon,Core ML,GPU,Image Classification (Q),"96%
",2913
543909,"MacBook Air (13-inch, 2025)",Apple Silicon,Core ML,GPU,Image Segmentation (SP),"100%
",6638
543909,"MacBook Air (13-inch, 2025)",Apple Silicon,Core ML,GPU,Image Segmentation (HP),"100%
",6258
543909,"MacBook Air (13-inch, 2025)",Apple Silicon,Core ML,GPU,Image Segmentation (Q),"99%
",4097
543909,"MacBook Air (13-inch, 2025)",Apple Silicon,Core ML,GPU,Pose Estimation (SP),"100%
",12936
543909,"MacBook Air (13-inch, 2025)",Apple Silicon,Core ML,GPU,Pose Estimation (HP),"100%
",21731
543909,"MacBook Air (13-inch, 2025)",Apple Silicon,Core ML,GPU,Pose Estimation (Q),"96%
",26584
543909,"MacBook Air (13-inch, 2025)",Apple Silicon,Core ML,GPU,Object Detection (SP),"100%
",2130
543909,"MacBook Air (13-inch, 2025)",Apple Silicon,Core ML,GPU,Object Detection (HP),"100%
",5380
543909,"MacBook Air (13-inch, 2025)",Apple Silicon,Core ML,GPU,Object Detection (Q),"91%
",2406
543909,"MacBook Air (13-inch, 2025)",Apple Silicon,Core ML,GPU,Face Detection (SP),"100%
",7587
543909,"MacBook Air (13-inch, 2025)",Apple Silicon,Core ML,GPU,Face Detection (HP),"100%
",12056
543909,"MacBook Air (13-inch, 2025)",Apple Silicon,Core ML,GPU,Face Detection (Q),"100%
",12483
543909,"MacBook Air (13-inch, 2025)",Apple Silicon,Core ML,GPU,Depth Estimation (SP),"100%
",15569
543909,"MacBook Air (13-inch, 2025)",Apple Silicon,Core ML,GPU,Depth Estimation (HP),"99%
",17820
543909,"MacBook Air (13-inch, 2025)",Apple Silicon,Core ML,GPU,Depth Estimation (Q),"85%
",12604
543909,"MacBook Air (13-inch, 2025)",Apple Silicon,Core ML,GPU,Style Transfer (SP),"100%
",13695
543909,"MacBook Air (13-inch, 2025)",Apple Silicon,Core ML,GPU,Style Transfer (HP),"100%
",16687
543909,"MacBook Air (13-inch, 2025)",Apple Silicon,Core ML,GPU,Style Transfer (Q),"96%
",40691
543909,"MacBook Air (13-inch, 2025)",Apple Silicon,Core ML,GPU,Image Super-Resolution (SP),"100%
",9555
543909,"MacBook Air (13-inch, 2025)",Apple Silicon,Core ML,GPU,Image Super-Resolution (HP),"100%
",3877
543909,"MacBook Air (13-inch, 2025)",Apple Silicon,Core ML,GPU,Image Super-Resolution (Q),"99%
",4705
543909,"MacBook Air (13-inch, 2025)",Apple Silicon,Core ML,GPU,Text Classification (SP),"100%
",2711
543909,"MacBook Air (13-inch, 2025)",Apple Silicon,Core ML,GPU,Text Classification (HP),"99%
",4194
543909,"MacBook Air (13-inch, 2025)",Apple Silicon,Core ML,GPU,Text Classification (Q),"93%
",4152
543909,"MacBook Air (13-inch, 2025)",Apple Silicon,Core ML,GPU,Machine Translation (SP),"100%
",1453
543909,"MacBook Air (13-inch, 2025)",Apple Silicon,Core ML,GPU,Machine Translation (HP),"100%
",2287
543909,"MacBook Air (13-inch, 2025)",Apple Silicon,Core ML,GPU,Machine Translation (Q),"98%
",1944
544288,"MacBook Pro (14-inch, Nov 2023)",Apple Silicon,Core ML,CPU,Image Classification (SP),"100%
",1562
544288,"MacBook Pro (14-inch, Nov 2023)",Apple Silicon,Core ML,CPU,Image Classification (HP),"100%
",2937
544288,"MacBook Pro (14-inch, Nov 2023)",Apple Silicon,Core ML,CPU,Image Classification (Q),"96%
",2004
544288,"MacBook Pro (14-inch, Nov 2023)",Apple Silicon,Core ML,CPU,Image Segmentation (SP),"100%
",1865
544288,"MacBook Pro (14-inch, Nov 2023)",Apple Silicon,Core ML,CPU,Image Segmentation (HP),"100%
",3052
544288,"MacBook Pro (14-inch, Nov 2023)",Apple Silicon,Core ML,CPU,Image Segmentation (Q),"99%
",3317
544288,"MacBook Pro (14-inch, Nov 2023)",Apple Silicon,Core ML,CPU,Pose Estimation (SP),"100%
",8245
544288,"MacBook Pro (14-inch, Nov 2023)",Apple Silicon,Core ML,CPU,Pose Estimation (HP),"100%
",17324
544288,"MacBook Pro (14-inch, Nov 2023)",Apple Silicon,Core ML,CPU,Pose Estimation (Q),"95%
",14926
544288,"MacBook Pro (14-inch, Nov 2023)",Apple Silicon,Core ML,CPU,Object Detection (SP),"100%
",1736
544288,"MacBook Pro (14-inch, Nov 2023)",Apple Silicon,Core ML,CPU,Object Detection (HP),"97%
",3196
544288,"MacBook Pro (14-inch, Nov 2023)",Apple Silicon,Core ML,CPU,Object Detection (Q),"94%
",2319
544288,"MacBook Pro (14-inch, Nov 2023)",Apple Silicon,Core ML,CPU,Face Detection (SP),"100%
",3669
544288,"MacBook Pro (14-inch, Nov 2023)",Apple Silicon,Core ML,CPU,Face Detection (HP),"100%
",6880
544288,"MacBook Pro (14-inch, Nov 2023)",Apple Silicon,Core ML,CPU,Face Detection (Q),"100%
",4069
544288,"MacBook Pro (14-inch, Nov 2023)",Apple Silicon,Core ML,CPU,Depth Estimation (SP),"100%
",7012
544288,"MacBook Pro (14-inch, Nov 2023)",Apple Silicon,Core ML,CPU,Depth Estimation (HP),"98%
",12681
544288,"MacBook Pro (14-inch, Nov 2023)",Apple Silicon,Core ML,CPU,Depth Estimation (Q),"85%
",8941
544288,"MacBook Pro (14-inch, Nov 2023)",Apple Silicon,Core ML,CPU,Style Transfer (SP),"100%
",21534
544288,"MacBook Pro (14-inch, Nov 2023)",Apple Silicon,Core ML,CPU,Style Transfer (HP),"100%
",34352
544288,"MacBook Pro (14-inch, Nov 2023)",Apple Silicon,Core ML,CPU,Style Transfer (Q),"96%
",28439
544288,"MacBook Pro (14-inch, Nov 2023)",Apple Silicon,Core ML,CPU,Image Super-Resolution (SP),"100%
",4806
544288,"MacBook Pro (14-inch, Nov 2023)",Apple Silicon,Core ML,CPU,Image Super-Resolution (HP),"100%
",5843
544288,"MacBook Pro (14-inch, Nov 2023)",Apple Silicon,Core ML,CPU,Image Super-Resolution (Q),"99%
",4338
544288,"MacBook Pro (14-inch, Nov 2023)",Apple Silicon,Core ML,CPU,Text Classification (SP),"100%
",5492
544288,"MacBook Pro (14-inch, Nov 2023)",Apple Silicon,Core ML,CPU,Text Classification (HP),"100%
",8837
544288,"MacBook Pro (14-inch, Nov 2023)",Apple Silicon,Core ML,CPU,Text Classification (Q),"93%
",8418
544288,"MacBook Pro (14-inch, Nov 2023)",Apple Silicon,Core ML,CPU,Machine Translation (SP),"100%
",3316
544288,"MacBook Pro (14-inch, Nov 2023)",Apple Silicon,Core ML,CPU,Machine Translation (HP),"98%
",7114
544288,"MacBook Pro (14-inch, Nov 2023)",Apple Silicon,Core ML,CPU,Machine Translation (Q),"98%
",7114
543956,"MacBook Pro (14-inch, 2021)",Apple Silicon,Core ML,CPU,Image Classification (SP),"100%
",1294
543956,"MacBook Pro (14-inch, 2021)",Apple Silicon,Core ML,CPU,Image Classification (HP),"100%
",1903
543956,"MacBook Pro (14-inch, 2021)",Apple Silicon,Core ML,CPU,Image Classification (Q),"96%
",1408
543956,"MacBook Pro (14-inch, 2021)",Apple Silicon,Core ML,CPU,Image Segmentation (SP),"100%
",1468
543956,"MacBook Pro (14-inch, 2021)",Apple Silicon,Core ML,CPU,Image Segmentation (HP),"100%
",2220
543956,"MacBook Pro (14-inch, 2021)",Apple Silicon,Core ML,CPU,Image Segmentation (Q),"99%
",2580
543956,"MacBook Pro (14-inch, 2021)",Apple Silicon,Core ML,CPU,Pose Estimation (SP),"100%
",10206
543956,"MacBook Pro (14-inch, 2021)",Apple Silicon,Core ML,CPU,Pose Estimation (HP),"100%
",23044
543956,"MacBook Pro (14-inch, 2021)",Apple Silicon,Core ML,CPU,Pose Estimation (Q),"95%
",17871
543956,"MacBook Pro (14-inch, 2021)",Apple Silicon,Core ML,CPU,Object Detection (SP),"100%
",1463
543956,"MacBook Pro (14-inch, 2021)",Apple Silicon,Core ML,CPU,Object Detection (HP),"97%
",2183
543956,"MacBook Pro (14-inch, 2021)",Apple Silicon,Core ML,CPU,Object Detection (Q),"94%
",1635
543956,"MacBook Pro (14-inch, 2021)",Apple Silicon,Core ML,CPU,Face Detection (SP),"100%
",3063
543956,"MacBook Pro (14-inch, 2021)",Apple Silicon,Core ML,CPU,Face Detection (HP),"100%
",5456
543956,"MacBook Pro (14-inch, 2021)",Apple Silicon,Core ML,CPU,Face Detection (Q),"100%
",3118
543956,"MacBook Pro (14-inch, 2021)",Apple Silicon,Core ML,CPU,Depth Estimation (SP),"100%
",5476
543956,"MacBook Pro (14-inch, 2021)",Apple Silicon,Core ML,CPU,Depth Estimation (HP),"98%
",10249
543956,"MacBook Pro (14-inch, 2021)",Apple Silicon,Core ML,CPU,Depth Estimation (Q),"85%
",6931
543956,"MacBook Pro (14-inch, 2021)",Apple Silicon,Core ML,CPU,Style Transfer (SP),"100%
",21131
543956,"MacBook Pro (14-inch, 2021)",Apple Silicon,Core ML,CPU,Style Transfer (HP),"100%
",35561
543956,"MacBook Pro (14-inch, 2021)",Apple Silicon,Core ML,CPU,Style Transfer (Q),"96%
",28254
543956,"MacBook Pro (14-inch, 2021)",Apple Silicon,Core ML,CPU,Image Super-Resolution (SP),"100%
",4055
543956,"MacBook Pro (14-inch, 2021)",Apple Silicon,Core ML,CPU,Image Super-Resolution (HP),"100%
",5711
543956,"MacBook Pro (14-inch, 2021)",Apple Silicon,Core ML,CPU,Image Super-Resolution (Q),"99%
",3960
543956,"MacBook Pro (14-inch, 2021)",Apple Silicon,Core ML,CPU,Text Classification (SP),"99%
",4267
543956,"MacBook Pro (14-inch, 2021)",Apple Silicon,Core ML,CPU,Text Classification (HP),"100%
",7060
543956,"MacBook Pro (14-inch, 2021)",Apple Silicon,Core ML,CPU,Text Classification (Q),"93%
",6807
543956,"MacBook Pro (14-inch, 2021)",Apple Silicon,Core ML,CPU,Machine Translation (SP),"100%
",2921
543956,"MacBook Pro (14-inch, 2021)",Apple Silicon,Core ML,CPU,Machine Translation (HP),"98%
",5088
543956,"MacBook Pro (14-inch, 2021)",Apple Silicon,Core ML,CPU,Machine Translation (Q),"98%
",5110
543960,"MacBook Pro (14-inch, 2021)",Apple Silicon,Core ML,GPU,Image Classification (SP),"100%
",4137
543960,"MacBook Pro (14-inch, 2021)",Apple Silicon,Core ML,GPU,Image Classification (HP),"100%
",4335
543960,"MacBook Pro (14-inch, 2021)",Apple Silicon,Core ML,GPU,Image Classification (Q),"94%
",4124
543960,"MacBook Pro (14-inch, 2021)",Apple Silicon,Core ML,GPU,Image Segmentation (SP),"100%
",7374
543960,"MacBook Pro (14-inch, 2021)",Apple Silicon,Core ML,GPU,Image Segmentation (HP),"100%
",7552
543960,"MacBook Pro (14-inch, 2021)",Apple Silicon,Core ML,GPU,Image Segmentation (Q),"99%
",7166
543960,"MacBook Pro (14-inch, 2021)",Apple Silicon,Core ML,GPU,Pose Estimation (SP),"100%
",32913
543960,"MacBook Pro (14-inch, 2021)",Apple Silicon,Core ML,GPU,Pose Estimation (HP),"100%
",36103
543960,"MacBook Pro (14-inch, 2021)",Apple Silicon,Core ML,GPU,Pose Estimation (Q),"96%
",34955
543960,"MacBook Pro (14-inch, 2021)",Apple Silicon,Core ML,GPU,Object Detection (SP),"100%
",4125
543960,"MacBook Pro (14-inch, 2021)",Apple Silicon,Core ML,GPU,Object Detection (HP),"100%
",4193
543960,"MacBook Pro (14-inch, 2021)",Apple Silicon,Core ML,GPU,Object Detection (Q),"91%
",3980
543960,"MacBook Pro (14-inch, 2021)",Apple Silicon,Core ML,GPU,Face Detection (SP),"100%
",14540
543960,"MacBook Pro (14-inch, 2021)",Apple Silicon,Core ML,GPU,Face Detection (HP),"100%
",15607
543960,"MacBook Pro (14-inch, 2021)",Apple Silicon,Core ML,GPU,Face Detection (Q),"100%
",14116
543960,"MacBook Pro (14-inch, 2021)",Apple Silicon,Core ML,GPU,Depth Estimation (SP),"100%
",20460
543960,"MacBook Pro (14-inch, 2021)",Apple Silicon,Core ML,GPU,Depth Estimation (HP),"99%
",19363
543960,"MacBook Pro (14-inch, 2021)",Apple Silicon,Core ML,GPU,Depth Estimation (Q),"85%
",17764
543960,"MacBook Pro (14-inch, 2021)",Apple Silicon,Core ML,GPU,Style Transfer (SP),"100%
",54382
543960,"MacBook Pro (14-inch, 2021)",Apple Silicon,Core ML,GPU,Style Transfer (HP),"100%
",64719
543960,"MacBook Pro (14-inch, 2021)",Apple Silicon,Core ML,GPU,Style Transfer (Q),"96%
",63247
543960,"MacBook Pro (14-inch, 2021)",Apple Silicon,Core ML,GPU,Image Super-Resolution (SP),"100%
",10989
543960,"MacBook Pro (14-inch, 2021)",Apple Silicon,Core ML,GPU,Image Super-Resolution (HP),"100%
",11538
543960,"MacBook Pro (14-inch, 2021)",Apple Silicon,Core ML,GPU,Image Super-Resolution (Q),"99%
",10132
543960,"MacBook Pro (14-inch, 2021)",Apple Silicon,Core ML,GPU,Text Classification (SP),"100%
",4174
543960,"MacBook Pro (14-inch, 2021)",Apple Silicon,Core ML,GPU,Text Classification (HP),"100%
",6977
543960,"MacBook Pro (14-inch, 2021)",Apple Silicon,Core ML,GPU,Text Classification (Q),"92%
",6796
543960,"MacBook Pro (14-inch, 2021)",Apple Silicon,Core ML,GPU,Machine Translation (SP),"100%
",3324
543960,"MacBook Pro (14-inch, 2021)",Apple Silicon,Core ML,GPU,Machine Translation (HP),"100%
",3096
543960,"MacBook Pro (14-inch, 2021)",Apple Silicon,Core ML,GPU,Machine Translation (Q),"98%
",2584
543962,"MacBook Pro (14-inch, 2021)",Apple Silicon,Core ML,Neural Engine,Image Classification (SP),"100%
",1280
543962,"MacBook Pro (14-inch, 2021)",Apple Silicon,Core ML,Neural Engine,Image Classification (HP),"100%
",5825
543962,"MacBook Pro (14-inch, 2021)",Apple Silicon,Core ML,Neural Engine,Image Classification (Q),"97%
",5797
543962,"MacBook Pro (14-inch, 2021)",Apple Silicon,Core ML,Neural Engine,Image Segmentation (SP),"100%
",1446
543962,"MacBook Pro (14-inch, 2021)",Apple Silicon,Core ML,Neural Engine,Image Segmentation (HP),"100%
",9240
543962,"MacBook Pro (14-inch, 2021)",Apple Silicon,Core ML,Neural Engine,Image Segmentation (Q),"99%
",9963
543962,"MacBook Pro (14-inch, 2021)",Apple Silicon,Core ML,Neural Engine,Pose Estimation (SP),"100%
",10257
543962,"MacBook Pro (14-inch, 2021)",Apple Silicon,Core ML,Neural Engine,Pose Estimation (HP),"100%
",70611
543962,"MacBook Pro (14-inch, 2021)",Apple Silicon,Core ML,Neural Engine,Pose Estimation (Q),"95%
",66654
543962,"MacBook Pro (14-inch, 2021)",Apple Silicon,Core ML,Neural Engine,Object Detection (SP),"100%
",1504
543962,"MacBook Pro (14-inch, 2021)",Apple Silicon,Core ML,Neural Engine,Object Detection (HP),"99%
",7157
543962,"MacBook Pro (14-inch, 2021)",Apple Silicon,Core ML,Neural Engine,Object Detection (Q),"89%
",6738
543962,"MacBook Pro (14-inch, 2021)",Apple Silicon,Core ML,Neural Engine,Face Detection (SP),"100%
",3187
543962,"MacBook Pro (14-inch, 2021)",Apple Silicon,Core ML,Neural Engine,Face Detection (HP),"100%
",13723
543962,"MacBook Pro (14-inch, 2021)",Apple Silicon,Core ML,Neural Engine,Face Detection (Q),"100%
",13366
543962,"MacBook Pro (14-inch, 2021)",Apple Silicon,Core ML,Neural Engine,Depth Estimation (SP),"100%
",5664
543962,"MacBook Pro (14-inch, 2021)",Apple Silicon,Core ML,Neural Engine,Depth Estimation (HP),"99%
",48610
543962,"MacBook Pro (14-inch, 2021)",Apple Silicon,Core ML,Neural Engine,Depth Estimation (Q),"85%
",50761
543962,"MacBook Pro (14-inch, 2021)",Apple Silicon,Core ML,Neural Engine,Style Transfer (SP),"100%
",21502
543962,"MacBook Pro (14-inch, 2021)",Apple Silicon,Core ML,Neural Engine,Style Transfer (HP),"100%
",120935
543962,"MacBook Pro (14-inch, 2021)",Apple Silicon,Core ML,Neural Engine,Style Transfer (Q),"96%
",113388
543962,"MacBook Pro (14-inch, 2021)",Apple Silicon,Core ML,Neural Engine,Image Super-Resolution (SP),"100%
",3984
543962,"MacBook Pro (14-inch, 2021)",Apple Silicon,Core ML,Neural Engine,Image Super-Resolution (HP),"100%
",25714
543962,"MacBook Pro (14-inch, 2021)",Apple Silicon,Core ML,Neural Engine,Image Super-Resolution (Q),"99%
",26726
543962,"MacBook Pro (14-inch, 2021)",Apple Silicon,Core ML,Neural Engine,Text Classification (SP),"99%
",4182
543962,"MacBook Pro (14-inch, 2021)",Apple Silicon,Core ML,Neural Engine,Text Classification (HP),"99%
",7091
543962,"MacBook Pro (14-inch, 2021)",Apple Silicon,Core ML,Neural Engine,Text Classification (Q),"93%
",7327
543962,"MacBook Pro (14-inch, 2021)",Apple Silicon,Core ML,Neural Engine,Machine Translation (SP),"100%
",2934
543962,"MacBook Pro (14-inch, 2021)",Apple Silicon,Core ML,Neural Engine,Machine Translation (HP),"100%
",5380
543962,"MacBook Pro (14-inch, 2021)",Apple Silicon,Core ML,Neural Engine,Machine Translation (Q),"98%
",5821
543977,MacBook Air (Late 2020),Apple Silicon,Core ML,GPU,Image Classification (SP),"100%
",2377
543977,MacBook Air (Late 2020),Apple Silicon,Core ML,GPU,Image Classification (HP),"100%
",2390
543977,MacBook Air (Late 2020),Apple Silicon,Core ML,GPU,Image Classification (Q),"96%
",2443
543977,MacBook Air (Late 2020),Apple Silicon,Core ML,GPU,Image Segmentation (SP),"100%
",4026
543977,MacBook Air (Late 2020),Apple Silicon,Core ML,GPU,Image Segmentation (HP),"100%
",4298
543977,MacBook Air (Late 2020),Apple Silicon,Core ML,GPU,Image Segmentation (Q),"99%
",4118
543977,MacBook Air (Late 2020),Apple Silicon,Core ML,GPU,Pose Estimation (SP),"100%
",16848
543977,MacBook Air (Late 2020),Apple Silicon,Core ML,GPU,Pose Estimation (HP),"100%
",19116
543977,MacBook Air (Late 2020),Apple Silicon,Core ML,GPU,Pose Estimation (Q),"96%
",18558
543977,MacBook Air (Late 2020),Apple Silicon,Core ML,GPU,Object Detection (SP),"100%
",2671
543977,MacBook Air (Late 2020),Apple Silicon,Core ML,GPU,Object Detection (HP),"100%
",2703
543977,MacBook Air (Late 2020),Apple Silicon,Core ML,GPU,Object Detection (Q),"92%
",2549
543977,MacBook Air (Late 2020),Apple Silicon,Core ML,GPU,Face Detection (SP),"100%
",6714
543977,MacBook Air (Late 2020),Apple Silicon,Core ML,GPU,Face Detection (HP),"100%
",8391
543977,MacBook Air (Late 2020),Apple Silicon,Core ML,GPU,Face Detection (Q),"100%
",6709
543977,MacBook Air (Late 2020),Apple Silicon,Core ML,GPU,Depth Estimation (SP),"100%
",11938
543977,MacBook Air (Late 2020),Apple Silicon,Core ML,GPU,Depth Estimation (HP),"99%
",13785
543977,MacBook Air (Late 2020),Apple Silicon,Core ML,GPU,Depth Estimation (Q),"86%
",12348
543977,MacBook Air (Late 2020),Apple Silicon,Core ML,GPU,Style Transfer (SP),"100%
",29112
543977,MacBook Air (Late 2020),Apple Silicon,Core ML,GPU,Style Transfer (HP),"100%
",35020
543977,MacBook Air (Late 2020),Apple Silicon,Core ML,GPU,Style Transfer (Q),"96%
",34727
543977,MacBook Air (Late 2020),Apple Silicon,Core ML,GPU,Image Super-Resolution (SP),"100%
",6539
543977,MacBook Air (Late 2020),Apple Silicon,Core ML,GPU,Image Super-Resolution (HP),"100%
",7405
543977,MacBook Air (Late 2020),Apple Silicon,Core ML,GPU,Image Super-Resolution (Q),"99%
",6320
543977,MacBook Air (Late 2020),Apple Silicon,Core ML,GPU,Text Classification (SP),"100%
",2328
543977,MacBook Air (Late 2020),Apple Silicon,Core ML,GPU,Text Classification (HP),"100%
",4005
543977,MacBook Air (Late 2020),Apple Silicon,Core ML,GPU,Text Classification (Q),"93%
",4080
543977,MacBook Air (Late 2020),Apple Silicon,Core ML,GPU,Machine Translation (SP),"100%
",1052
543977,MacBook Air (Late 2020),Apple Silicon,Core ML,GPU,Machine Translation (HP),"100%
",965
543977,MacBook Air (Late 2020),Apple Silicon,Core ML,GPU,Machine Translation (Q),"98%
",969
543980,MacBook Air (Late 2020),Apple Silicon,Core ML,GPU,Image Classification (SP),"100%
",2224
543980,MacBook Air (Late 2020),Apple Silicon,Core ML,GPU,Image Classification (HP),"100%
",2107
543980,MacBook Air (Late 2020),Apple Silicon,Core ML,GPU,Image Classification (Q),"96%
",2280
543980,MacBook Air (Late 2020),Apple Silicon,Core ML,GPU,Image Segmentation (SP),"100%
",4047
543980,MacBook Air (Late 2020),Apple Silicon,Core ML,GPU,Image Segmentation (HP),"100%
",4310
543980,MacBook Air (Late 2020),Apple Silicon,Core ML,GPU,Image Segmentation (Q),"99%
",4128
543980,MacBook Air (Late 2020),Apple Silicon,Core ML,GPU,Pose Estimation (SP),"100%
",17015
543980,MacBook Air (Late 2020),Apple Silicon,Core ML,GPU,Pose Estimation (HP),"100%
",19190
543980,MacBook Air (Late 2020),Apple Silicon,Core ML,GPU,Pose Estimation (Q),"96%
",18461
543980,MacBook Air (Late 2020),Apple Silicon,Core ML,GPU,Object Detection (SP),"100%
",2582
543980,MacBook Air (Late 2020),Apple Silicon,Core ML,GPU,Object Detection (HP),"100%
",2656
543980,MacBook Air (Late 2020),Apple Silicon,Core ML,GPU,Object Detection (Q),"92%
",2395
543980,MacBook Air (Late 2020),Apple Silicon,Core ML,GPU,Face Detection (SP),"100%
",6633
543980,MacBook Air (Late 2020),Apple Silicon,Core ML,GPU,Face Detection (HP),"100%
",8316
543980,MacBook Air (Late 2020),Apple Silicon,Core ML,GPU,Face Detection (Q),"100%
",6951
543980,MacBook Air (Late 2020),Apple Silicon,Core ML,GPU,Depth Estimation (SP),"100%
",12010
543980,MacBook Air (Late 2020),Apple Silicon,Core ML,GPU,Depth Estimation (HP),"99%
",13702
543980,MacBook Air (Late 2020),Apple Silicon,Core ML,GPU,Depth Estimation (Q),"86%
",12211
543980,MacBook Air (Late 2020),Apple Silicon,Core ML,GPU,Style Transfer (SP),"100%
",29108
543980,MacBook Air (Late 2020),Apple Silicon,Core ML,GPU,Style Transfer (HP),"100%
",35309
543980,MacBook Air (Late 2020),Apple Silicon,Core ML,GPU,Style Transfer (Q),"96%
",34568
543980,MacBook Air (Late 2020),Apple Silicon,Core ML,GPU,Image Super-Resolution (SP),"100%
",6481
543980,MacBook Air (Late 2020),Apple Silicon,Core ML,GPU,Image Super-Resolution (HP),"100%
",7646
543980,MacBook Air (Late 2020),Apple Silicon,Core ML,GPU,Image Super-Resolution (Q),"99%
",6224
543980,MacBook Air (Late 2020),Apple Silicon,Core ML,GPU,Text Classification (SP),"100%
",2299
543980,MacBook Air (Late 2020),Apple Silicon,Core ML,GPU,Text Classification (HP),"100%
",3962
543980,MacBook Air (Late 2020),Apple Silicon,Core ML,GPU,Text Classification (Q),"93%
",3942
543980,MacBook Air (Late 2020),Apple Silicon,Core ML,GPU,Machine Translation (SP),"100%
",988
543980,MacBook Air (Late 2020),Apple Silicon,Core ML,GPU,Machine Translation (HP),"100%
",962
543980,MacBook Air (Late 2020),Apple Silicon,Core ML,GPU,Machine Translation (Q),"98%
",960
543982,MacBook Air (Late 2020),Apple Silicon,Core ML,Neural Engine,Image Classification (SP),"100%
",1415
543982,MacBook Air (Late 2020),Apple Silicon,Core ML,Neural Engine,Image Classification (HP),"100%
",6347
543982,MacBook Air (Late 2020),Apple Silicon,Core ML,Neural Engine,Image Classification (Q),"96%
",6005
543982,MacBook Air (Late 2020),Apple Silicon,Core ML,Neural Engine,Image Segmentation (SP),"100%
",1370
543982,MacBook Air (Late 2020),Apple Silicon,Core ML,Neural Engine,Image Segmentation (HP),"100%
",9677
543982,MacBook Air (Late 2020),Apple Silicon,Core ML,Neural Engine,Image Segmentation (Q),"99%
",10007
543982,MacBook Air (Late 2020),Apple Silicon,Core ML,Neural Engine,Pose Estimation (SP),"100%
",6477
543982,MacBook Air (Late 2020),Apple Silicon,Core ML,Neural Engine,Pose Estimation (HP),"100%
",69234
543982,MacBook Air (Late 2020),Apple Silicon,Core ML,Neural Engine,Pose Estimation (Q),"95%
",66443
543982,MacBook Air (Late 2020),Apple Silicon,Core ML,Neural Engine,Object Detection (SP),"100%
",1514
543982,MacBook Air (Late 2020),Apple Silicon,Core ML,Neural Engine,Object Detection (HP),"99%
",7361
543982,MacBook Air (Late 2020),Apple Silicon,Core ML,Neural Engine,Object Detection (Q),"91%
",6872
543982,MacBook Air (Late 2020),Apple Silicon,Core ML,Neural Engine,Face Detection (SP),"100%
",2951
543982,MacBook Air (Late 2020),Apple Silicon,Core ML,Neural Engine,Face Detection (HP),"100%
",16826
543982,MacBook Air (Late 2020),Apple Silicon,Core ML,Neural Engine,Face Detection (Q),"100%
",16154
543982,MacBook Air (Late 2020),Apple Silicon,Core ML,Neural Engine,Depth Estimation (SP),"100%
",5625
543982,MacBook Air (Late 2020),Apple Silicon,Core ML,Neural Engine,Depth Estimation (HP),"99%
",48737
543982,MacBook Air (Late 2020),Apple Silicon,Core ML,Neural Engine,Depth Estimation (Q),"85%
",49100
543982,MacBook Air (Late 2020),Apple Silicon,Core ML,Neural Engine,Style Transfer (SP),"100%
",16914
543982,MacBook Air (Late 2020),Apple Silicon,Core ML,Neural Engine,Style Transfer (HP),"100%
",122193
543982,MacBook Air (Late 2020),Apple Silicon,Core ML,Neural Engine,Style Transfer (Q),"96%
",119832
543982,MacBook Air (Late 2020),Apple Silicon,Core ML,Neural Engine,Image Super-Resolution (SP),"100%
",3673
543982,MacBook Air (Late 2020),Apple Silicon,Core ML,Neural Engine,Image Super-Resolution (HP),"100%
",23720
543982,MacBook Air (Late 2020),Apple Silicon,Core ML,Neural Engine,Image Super-Resolution (Q),"99%
",24251
543982,MacBook Air (Late 2020),Apple Silicon,Core ML,Neural Engine,Text Classification (SP),"100%
",2298
543982,MacBook Air (Late 2020),Apple Silicon,Core ML,Neural Engine,Text Classification (HP),"100%
",4035
543982,MacBook Air (Late 2020),Apple Silicon,Core ML,Neural Engine,Text Classification (Q),"93%
",4072
543982,MacBook Air (Late 2020),Apple Silicon,Core ML,Neural Engine,Machine Translation (SP),"100%
",2485
543982,MacBook Air (Late 2020),Apple Silicon,Core ML,Neural Engine,Machine Translation (HP),"100%
",3624
543982,MacBook Air (Late 2020),Apple Silicon,Core ML,Neural Engine,Machine Translation (Q),"98%
",3730
544333,MacBook Air（13 英寸，M5，2026 年）,Apple Silicon,Core ML,CPU,Image Classification (SP),"100%
",2280
544333,MacBook Air（13 英寸，M5，2026 年）,Apple Silicon,Core ML,CPU,Image Classification (HP),"100%
",3596
544333,MacBook Air（13 英寸，M5，2026 年）,Apple Silicon,Core ML,CPU,Image Classification (Q),"94%
",1955
544333,MacBook Air（13 英寸，M5，2026 年）,Apple Silicon,Core ML,CPU,Image Segmentation (SP),"100%
",2304
544333,MacBook Air（13 英寸，M5，2026 年）,Apple Silicon,Core ML,CPU,Image Segmentation (HP),"100%
",2814
544333,MacBook Air（13 英寸，M5，2026 年）,Apple Silicon,Core ML,CPU,Image Segmentation (Q),"99%
",3691
544333,MacBook Air（13 英寸，M5，2026 年）,Apple Silicon,Core ML,CPU,Pose Estimation (SP),"100%
",10009
544333,MacBook Air（13 英寸，M5，2026 年）,Apple Silicon,Core ML,CPU,Pose Estimation (HP),"100%
",19375
544333,MacBook Air（13 英寸，M5，2026 年）,Apple Silicon,Core ML,CPU,Pose Estimation (Q),"96%
",16697
544333,MacBook Air（13 英寸，M5，2026 年）,Apple Silicon,Core ML,CPU,Object Detection (SP),"100%
",2760
544333,MacBook Air（13 英寸，M5，2026 年）,Apple Silicon,Core ML,CPU,Object Detection (HP),"98%
",4138
544333,MacBook Air（13 英寸，M5，2026 年）,Apple Silicon,Core ML,CPU,Object Detection (Q),"88%
",2636
544333,MacBook Air（13 英寸，M5，2026 年）,Apple Silicon,Core ML,CPU,Face Detection (SP),"100%
",5130
544333,MacBook Air（13 英寸，M5，2026 年）,Apple Silicon,Core ML,CPU,Face Detection (HP),"100%
",9301
544333,MacBook Air（13 英寸，M5，2026 年）,Apple Silicon,Core ML,CPU,Face Detection (Q),"100%
",5011
544333,MacBook Air（13 英寸，M5，2026 年）,Apple Silicon,Core ML,CPU,Depth Estimation (SP),"100%
",8827
544333,MacBook Air（13 英寸，M5，2026 年）,Apple Silicon,Core ML,CPU,Depth Estimation (HP),"98%
",11591
544333,MacBook Air（13 英寸，M5，2026 年）,Apple Silicon,Core ML,CPU,Depth Estimation (Q),"85%
",7937
544333,MacBook Air（13 英寸，M5，2026 年）,Apple Silicon,Core ML,CPU,Style Transfer (SP),"100%
",25398
544333,MacBook Air（13 英寸，M5，2026 年）,Apple Silicon,Core ML,CPU,Style Transfer (HP),"100%
",46166
544333,MacBook Air（13 英寸，M5，2026 年）,Apple Silicon,Core ML,CPU,Style Transfer (Q),"96%
",36827
544333,MacBook Air（13 英寸，M5，2026 年）,Apple Silicon,Core ML,CPU,Image Super-Resolution (SP),"100%
",5821
544333,MacBook Air（13 英寸，M5，2026 年）,Apple Silicon,Core ML,CPU,Image Super-Resolution (HP),"100%
",10411
544333,MacBook Air（13 英寸，M5，2026 年）,Apple Silicon,Core ML,CPU,Image Super-Resolution (Q),"99%
",6505
544333,MacBook Air（13 英寸，M5，2026 年）,Apple Silicon,Core ML,CPU,Text Classification (SP),"99%
",6096
544333,MacBook Air（13 英寸，M5，2026 年）,Apple Silicon,Core ML,CPU,Text Classification (HP),"100%
",10085
544333,MacBook Air（13 英寸，M5，2026 年）,Apple Silicon,Core ML,CPU,Text Classification (Q),"93%
",9934
544333,MacBook Air（13 英寸，M5，2026 年）,Apple Silicon,Core ML,CPU,Machine Translation (SP),"100%
",5128
544333,MacBook Air（13 英寸，M5，2026 年）,Apple Silicon,Core ML,CPU,Machine Translation (HP),"100%
",8353
544333,MacBook Air（13 英寸，M5，2026 年）,Apple Silicon,Core ML,CPU,Machine Translation (Q),"98%
",8377
544334,MacBook Air（13 英寸，M3，2024 年）,Apple Silicon,Core ML,CPU,Image Classification (SP),"100%
",1568
544334,MacBook Air（13 英寸，M3，2024 年）,Apple Silicon,Core ML,CPU,Image Classification (HP),"100%
",3013
544334,MacBook Air（13 英寸，M3，2024 年）,Apple Silicon,Core ML,CPU,Image Classification (Q),"96%
",2086
544334,MacBook Air（13 英寸，M3，2024 年）,Apple Silicon,Core ML,CPU,Image Segmentation (SP),"100%
",1903
544334,MacBook Air（13 英寸，M3，2024 年）,Apple Silicon,Core ML,CPU,Image Segmentation (HP),"100%
",3068
544334,MacBook Air（13 英寸，M3，2024 年）,Apple Silicon,Core ML,CPU,Image Segmentation (Q),"99%
",3343
544334,MacBook Air（13 英寸，M3，2024 年）,Apple Silicon,Core ML,CPU,Pose Estimation (SP),"100%
",7541
544334,MacBook Air（13 英寸，M3，2024 年）,Apple Silicon,Core ML,CPU,Pose Estimation (HP),"100%
",17173
544334,MacBook Air（13 英寸，M3，2024 年）,Apple Silicon,Core ML,CPU,Pose Estimation (Q),"95%
",14825
544334,MacBook Air（13 英寸，M3，2024 年）,Apple Silicon,Core ML,CPU,Object Detection (SP),"100%
",1794
544334,MacBook Air（13 英寸，M3，2024 年）,Apple Silicon,Core ML,CPU,Object Detection (HP),"97%
",3296
544334,MacBook Air（13 英寸，M3，2024 年）,Apple Silicon,Core ML,CPU,Object Detection (Q),"94%
",2365
544334,MacBook Air（13 英寸，M3，2024 年）,Apple Silicon,Core ML,CPU,Face Detection (SP),"100%
",3486
544334,MacBook Air（13 英寸，M3，2024 年）,Apple Silicon,Core ML,CPU,Face Detection (HP),"100%
",7052
544334,MacBook Air（13 英寸，M3，2024 年）,Apple Silicon,Core ML,CPU,Face Detection (Q),"100%
",4069
544334,MacBook Air（13 英寸，M3，2024 年）,Apple Silicon,Core ML,CPU,Depth Estimation (SP),"100%
",6775
544334,MacBook Air（13 英寸，M3，2024 年）,Apple Silicon,Core ML,CPU,Depth Estimation (HP),"98%
",13359
544334,MacBook Air（13 英寸，M3，2024 年）,Apple Silicon,Core ML,CPU,Depth Estimation (Q),"85%
",9324
544334,MacBook Air（13 英寸，M3，2024 年）,Apple Silicon,Core ML,CPU,Style Transfer (SP),"100%
",21246
544334,MacBook Air（13 英寸，M3，2024 年）,Apple Silicon,Core ML,CPU,Style Transfer (HP),"100%
",34553
544334,MacBook Air（13 英寸，M3，2024 年）,Apple Silicon,Core ML,CPU,Style Transfer (Q),"96%
",28548
544334,MacBook Air（13 英寸，M3，2024 年）,Apple Silicon,Core ML,CPU,Image Super-Resolution (SP),"100%
",4498
544334,MacBook Air（13 英寸，M3，2024 年）,Apple Silicon,Core ML,CPU,Image Super-Resolution (HP),"100%
",5983
544334,MacBook Air（13 英寸，M3，2024 年）,Apple Silicon,Core ML,CPU,Image Super-Resolution (Q),"99%
",4356
544334,MacBook Air（13 英寸，M3，2024 年）,Apple Silicon,Core ML,CPU,Text Classification (SP),"100%
",5605
544334,MacBook Air（13 英寸，M3，2024 年）,Apple Silicon,Core ML,CPU,Text Classification (HP),"99%
",8873
544334,MacBook Air（13 英寸，M3，2024 年）,Apple Silicon,Core ML,CPU,Text Classification (Q),"93%
",8840
544334,MacBook Air（13 英寸，M3，2024 年）,Apple Silicon,Core ML,CPU,Machine Translation (SP),"100%
",3272
544334,MacBook Air（13 英寸，M3，2024 年）,Apple Silicon,Core ML,CPU,Machine Translation (HP),"98%
",6448
544334,MacBook Air（13 英寸，M3，2024 年）,Apple Silicon,Core ML,CPU,Machine Translation (Q),"98%
",6562
544342,MacBook Air（13 英寸，M5，2026 年）,Apple Silicon,Core ML,GPU,Image Classification (SP),"100%
",5578
544342,MacBook Air（13 英寸，M5，2026 年）,Apple Silicon,Core ML,GPU,Image Classification (HP),"100%
",10031
544342,MacBook Air（13 英寸，M5，2026 年）,Apple Silicon,Core ML,GPU,Image Classification (Q),"99%
",10313
544342,MacBook Air（13 英寸，M5，2026 年）,Apple Silicon,Core ML,GPU,Image Segmentation (SP),"100%
",8515
544342,MacBook Air（13 英寸，M5，2026 年）,Apple Silicon,Core ML,GPU,Image Segmentation (HP),"100%
",14090
544342,MacBook Air（13 英寸，M5，2026 年）,Apple Silicon,Core ML,GPU,Image Segmentation (Q),"99%
",13654
544342,MacBook Air（13 英寸，M5，2026 年）,Apple Silicon,Core ML,GPU,Pose Estimation (SP),"100%
",31496
544342,MacBook Air（13 英寸，M5，2026 年）,Apple Silicon,Core ML,GPU,Pose Estimation (HP),"100%
",86034
544342,MacBook Air（13 英寸，M5，2026 年）,Apple Silicon,Core ML,GPU,Pose Estimation (Q),"95%
",106023
544342,MacBook Air（13 英寸，M5，2026 年）,Apple Silicon,Core ML,GPU,Object Detection (SP),"100%
",5854
544342,MacBook Air（13 英寸，M5，2026 年）,Apple Silicon,Core ML,GPU,Object Detection (HP),"100%
",10345
544342,MacBook Air（13 英寸，M5，2026 年）,Apple Silicon,Core ML,GPU,Object Detection (Q),"94%
",10967
544342,MacBook Air（13 英寸，M5，2026 年）,Apple Silicon,Core ML,GPU,Face Detection (SP),"100%
",17818
544342,MacBook Air（13 英寸，M5，2026 年）,Apple Silicon,Core ML,GPU,Face Detection (HP),"100%
",33385
544342,MacBook Air（13 英寸，M5，2026 年）,Apple Silicon,Core ML,GPU,Face Detection (Q),"100%
",31217
544342,MacBook Air（13 英寸，M5，2026 年）,Apple Silicon,Core ML,GPU,Depth Estimation (SP),"100%
",25563
544342,MacBook Air（13 英寸，M5，2026 年）,Apple Silicon,Core ML,GPU,Depth Estimation (HP),"99%
",46853
544342,MacBook Air（13 英寸，M5，2026 年）,Apple Silicon,Core ML,GPU,Depth Estimation (Q),"86%
",48509
544342,MacBook Air（13 英寸，M5，2026 年）,Apple Silicon,Core ML,GPU,Style Transfer (SP),"100%
",67214
544342,MacBook Air（13 英寸，M5，2026 年）,Apple Silicon,Core ML,GPU,Style Transfer (HP),"100%
",151449
544342,MacBook Air（13 英寸，M5，2026 年）,Apple Silicon,Core ML,GPU,Style Transfer (Q),"96%
",183327
544342,MacBook Air（13 英寸，M5，2026 年）,Apple Silicon,Core ML,GPU,Image Super-Resolution (SP),"100%
",13728
544342,MacBook Air（13 英寸，M5，2026 年）,Apple Silicon,Core ML,GPU,Image Super-Resolution (HP),"100%
",27616
544342,MacBook Air（13 英寸，M5，2026 年）,Apple Silicon,Core ML,GPU,Image Super-Resolution (Q),"99%
",27348
544342,MacBook Air（13 英寸，M5，2026 年）,Apple Silicon,Core ML,GPU,Text Classification (SP),"99%
",5992
544342,MacBook Air（13 英寸，M5，2026 年）,Apple Silicon,Core ML,GPU,Text Classification (HP),"100%
",10083
544342,MacBook Air（13 英寸，M5，2026 年）,Apple Silicon,Core ML,GPU,Text Classification (Q),"92%
",9968
544342,MacBook Air（13 英寸，M5，2026 年）,Apple Silicon,Core ML,GPU,Machine Translation (SP),"100%
",6790
544342,MacBook Air（13 英寸，M5，2026 年）,Apple Silicon,Core ML,GPU,Machine Translation (HP),"100%
",8518
544342,MacBook Air（13 英寸，M5，2026 年）,Apple Silicon,Core ML,GPU,Machine Translation (Q),"98%
",7735
544340,MacBook Air（13 英寸，M3，2024 年）,Apple Silicon,Core ML,GPU,Image Classification (SP),"100%
",3964
544340,MacBook Air（13 英寸，M3，2024 年）,Apple Silicon,Core ML,GPU,Image Classification (HP),"100%
",4134
544340,MacBook Air（13 英寸，M3，2024 年）,Apple Silicon,Core ML,GPU,Image Classification (Q),"96%
",3984
544340,MacBook Air（13 英寸，M3，2024 年）,Apple Silicon,Core ML,GPU,Image Segmentation (SP),"100%
",5862
544340,MacBook Air（13 英寸，M3，2024 年）,Apple Silicon,Core ML,GPU,Image Segmentation (HP),"100%
",6203
544340,MacBook Air（13 英寸，M3，2024 年）,Apple Silicon,Core ML,GPU,Image Segmentation (Q),"99%
",5931
544340,MacBook Air（13 英寸，M3，2024 年）,Apple Silicon,Core ML,GPU,Pose Estimation (SP),"100%
",18987
544340,MacBook Air（13 英寸，M3，2024 年）,Apple Silicon,Core ML,GPU,Pose Estimation (HP),"100%
",21458
544340,MacBook Air（13 英寸，M3，2024 年）,Apple Silicon,Core ML,GPU,Pose Estimation (Q),"96%
",20976
544340,MacBook Air（13 英寸，M3，2024 年）,Apple Silicon,Core ML,GPU,Object Detection (SP),"100%
",4172
544340,MacBook Air（13 英寸，M3，2024 年）,Apple Silicon,Core ML,GPU,Object Detection (HP),"100%
",4398
544340,MacBook Air（13 英寸，M3，2024 年）,Apple Silicon,Core ML,GPU,Object Detection (Q),"91%
",4190
544340,MacBook Air（13 英寸，M3，2024 年）,Apple Silicon,Core ML,GPU,Face Detection (SP),"100%
",11662
544340,MacBook Air（13 英寸，M3，2024 年）,Apple Silicon,Core ML,GPU,Face Detection (HP),"100%
",14165
544340,MacBook Air（13 英寸，M3，2024 年）,Apple Silicon,Core ML,GPU,Face Detection (Q),"100%
",12945
544340,MacBook Air（13 英寸，M3，2024 年）,Apple Silicon,Core ML,GPU,Depth Estimation (SP),"100%
",16291
544340,MacBook Air（13 英寸，M3，2024 年）,Apple Silicon,Core ML,GPU,Depth Estimation (HP),"99%
",18022
544340,MacBook Air（13 英寸，M3，2024 年）,Apple Silicon,Core ML,GPU,Depth Estimation (Q),"85%
",17104
544340,MacBook Air（13 英寸，M3，2024 年）,Apple Silicon,Core ML,GPU,Style Transfer (SP),"100%
",43390
544340,MacBook Air（13 英寸，M3，2024 年）,Apple Silicon,Core ML,GPU,Style Transfer (HP),"100%
",49658
544340,MacBook Air（13 英寸，M3，2024 年）,Apple Silicon,Core ML,GPU,Style Transfer (Q),"96%
",47967
544340,MacBook Air（13 英寸，M3，2024 年）,Apple Silicon,Core ML,GPU,Image Super-Resolution (SP),"100%
",8597
544340,MacBook Air（13 英寸，M3，2024 年）,Apple Silicon,Core ML,GPU,Image Super-Resolution (HP),"100%
",9093
544340,MacBook Air（13 英寸，M3，2024 年）,Apple Silicon,Core ML,GPU,Image Super-Resolution (Q),"99%
",7860
544340,MacBook Air（13 英寸，M3，2024 年）,Apple Silicon,Core ML,GPU,Text Classification (SP),"100%
",5534
544340,MacBook Air（13 英寸，M3，2024 年）,Apple Silicon,Core ML,GPU,Text Classification (HP),"99%
",8842
544340,MacBook Air（13 英寸，M3，2024 年）,Apple Silicon,Core ML,GPU,Text Classification (Q),"93%
",8786
544340,MacBook Air（13 英寸，M3，2024 年）,Apple Silicon,Core ML,GPU,Machine Translation (SP),"100%
",1940
544340,MacBook Air（13 英寸，M3，2024 年）,Apple Silicon,Core ML,GPU,Machine Translation (HP),"100%
",2067
544340,MacBook Air（13 英寸，M3，2024 年）,Apple Silicon,Core ML,GPU,Machine Translation (Q),"98%
",1897
544346,MacBook Air（13 英寸，M5，2026 年）,Apple Silicon,Core ML,Neural Engine,Image Classification (SP),"100%
",2271
544346,MacBook Air（13 英寸，M5，2026 年）,Apple Silicon,Core ML,Neural Engine,Image Classification (HP),"100%
",18361
544346,MacBook Air（13 英寸，M5，2026 年）,Apple Silicon,Core ML,Neural Engine,Image Classification (Q),"97%
",24904
544346,MacBook Air（13 英寸，M5，2026 年）,Apple Silicon,Core ML,Neural Engine,Image Segmentation (SP),"100%
",2229
544346,MacBook Air（13 英寸，M5，2026 年）,Apple Silicon,Core ML,Neural Engine,Image Segmentation (HP),"100%
",24005
544346,MacBook Air（13 英寸，M5，2026 年）,Apple Silicon,Core ML,Neural Engine,Image Segmentation (Q),"99%
",34902
544346,MacBook Air（13 英寸，M5，2026 年）,Apple Silicon,Core ML,Neural Engine,Pose Estimation (SP),"100%
",9984
544346,MacBook Air（13 英寸，M5，2026 年）,Apple Silicon,Core ML,Neural Engine,Pose Estimation (HP),"100%
",176562
544346,MacBook Air（13 英寸，M5，2026 年）,Apple Silicon,Core ML,Neural Engine,Pose Estimation (Q),"95%
",332822
544346,MacBook Air（13 英寸，M5，2026 年）,Apple Silicon,Core ML,Neural Engine,Object Detection (SP),"100%
",2734
544346,MacBook Air（13 英寸，M5，2026 年）,Apple Silicon,Core ML,Neural Engine,Object Detection (HP),"100%
",18531
544346,MacBook Air（13 英寸，M5，2026 年）,Apple Silicon,Core ML,Neural Engine,Object Detection (Q),"89%
",27432
544346,MacBook Air（13 英寸，M5，2026 年）,Apple Silicon,Core ML,Neural Engine,Face Detection (SP),"100%
",5168
544346,MacBook Air（13 英寸，M5，2026 年）,Apple Silicon,Core ML,Neural Engine,Face Detection (HP),"100%
",48880
544346,MacBook Air（13 英寸，M5，2026 年）,Apple Silicon,Core ML,Neural Engine,Face Detection (Q),"100%
",74874
544346,MacBook Air（13 英寸，M5，2026 年）,Apple Silicon,Core ML,Neural Engine,Depth Estimation (SP),"100%
",8788
544346,MacBook Air（13 英寸，M5，2026 年）,Apple Silicon,Core ML,Neural Engine,Depth Estimation (HP),"99%
",110102
544346,MacBook Air（13 英寸，M5，2026 年）,Apple Silicon,Core ML,Neural Engine,Depth Estimation (Q),"85%
",179286
544346,MacBook Air（13 英寸，M5，2026 年）,Apple Silicon,Core ML,Neural Engine,Style Transfer (SP),"100%
",25392
544346,MacBook Air（13 英寸，M5，2026 年）,Apple Silicon,Core ML,Neural Engine,Style Transfer (HP),"100%
",272125
544346,MacBook Air（13 英寸，M5，2026 年）,Apple Silicon,Core ML,Neural Engine,Style Transfer (Q),"96%
",344680
544346,MacBook Air（13 英寸，M5，2026 年）,Apple Silicon,Core ML,Neural Engine,Image Super-Resolution (SP),"100%
",5833
544346,MacBook Air（13 英寸，M5，2026 年）,Apple Silicon,Core ML,Neural Engine,Image Super-Resolution (HP),"100%
",63350
544346,MacBook Air（13 英寸，M5，2026 年）,Apple Silicon,Core ML,Neural Engine,Image Super-Resolution (Q),"99%
",100908
544346,MacBook Air（13 英寸，M5，2026 年）,Apple Silicon,Core ML,Neural Engine,Text Classification (SP),"99%
",6019
544346,MacBook Air（13 英寸，M5，2026 年）,Apple Silicon,Core ML,Neural Engine,Text Classification (HP),"100%
",6426
544346,MacBook Air（13 英寸，M5，2026 年）,Apple Silicon,Core ML,Neural Engine,Text Classification (Q),"93%
",7454
544346,MacBook Air（13 英寸，M5，2026 年）,Apple Silicon,Core ML,Neural Engine,Machine Translation (SP),"100%
",5237
544346,MacBook Air（13 英寸，M5，2026 年）,Apple Silicon,Core ML,Neural Engine,Machine Translation (HP),"100%
",17902
544346,MacBook Air（13 英寸，M5，2026 年）,Apple Silicon,Core ML,Neural Engine,Machine Translation (Q),"98%
",19154
544349,MacBook Air（13 英寸，M3，2024 年）,Apple Silicon,Core ML,Neural Engine,Image Classification (SP),"100%
",1574
544349,MacBook Air（13 英寸，M3，2024 年）,Apple Silicon,Core ML,Neural Engine,Image Classification (HP),"100%
",15002
544349,MacBook Air（13 英寸，M3，2024 年）,Apple Silicon,Core ML,Neural Engine,Image Classification (Q),"97%
",19097
544349,MacBook Air（13 英寸，M3，2024 年）,Apple Silicon,Core ML,Neural Engine,Image Segmentation (SP),"100%
",1853
544349,MacBook Air（13 英寸，M3，2024 年）,Apple Silicon,Core ML,Neural Engine,Image Segmentation (HP),"100%
",21571
544349,MacBook Air（13 英寸，M3，2024 年）,Apple Silicon,Core ML,Neural Engine,Image Segmentation (Q),"99%
",27694
544349,MacBook Air（13 英寸，M3，2024 年）,Apple Silicon,Core ML,Neural Engine,Pose Estimation (SP),"100%
",7500
544349,MacBook Air（13 英寸，M3，2024 年）,Apple Silicon,Core ML,Neural Engine,Pose Estimation (HP),"100%
",121393
544349,MacBook Air（13 英寸，M3，2024 年）,Apple Silicon,Core ML,Neural Engine,Pose Estimation (Q),"95%
",119509
544349,MacBook Air（13 英寸，M3，2024 年）,Apple Silicon,Core ML,Neural Engine,Object Detection (SP),"100%
",1796
544349,MacBook Air（13 英寸，M3，2024 年）,Apple Silicon,Core ML,Neural Engine,Object Detection (HP),"100%
",17369
544349,MacBook Air（13 英寸，M3，2024 年）,Apple Silicon,Core ML,Neural Engine,Object Detection (Q),"89%
",19718
544349,MacBook Air（13 英寸，M3，2024 年）,Apple Silicon,Core ML,Neural Engine,Face Detection (SP),"100%
",3479
544349,MacBook Air（13 英寸，M3，2024 年）,Apple Silicon,Core ML,Neural Engine,Face Detection (HP),"100%
",40467
544349,MacBook Air（13 英寸，M3，2024 年）,Apple Silicon,Core ML,Neural Engine,Face Detection (Q),"100%
",55824
544349,MacBook Air（13 英寸，M3，2024 年）,Apple Silicon,Core ML,Neural Engine,Depth Estimation (SP),"100%
",6772
544349,MacBook Air（13 英寸，M3，2024 年）,Apple Silicon,Core ML,Neural Engine,Depth Estimation (HP),"99%
",94738
544349,MacBook Air（13 英寸，M3，2024 年）,Apple Silicon,Core ML,Neural Engine,Depth Estimation (Q),"85%
",123119
544349,MacBook Air（13 英寸，M3，2024 年）,Apple Silicon,Core ML,Neural Engine,Style Transfer (SP),"100%
",21299
544349,MacBook Air（13 英寸，M3，2024 年）,Apple Silicon,Core ML,Neural Engine,Style Transfer (HP),"100%
",243959
544349,MacBook Air（13 英寸，M3，2024 年）,Apple Silicon,Core ML,Neural Engine,Style Transfer (Q),"96%
",230351
544349,MacBook Air（13 英寸，M3，2024 年）,Apple Silicon,Core ML,Neural Engine,Image Super-Resolution (SP),"100%
",4518
544349,MacBook Air（13 英寸，M3，2024 年）,Apple Silicon,Core ML,Neural Engine,Image Super-Resolution (HP),"100%
",45391
544349,MacBook Air（13 英寸，M3，2024 年）,Apple Silicon,Core ML,Neural Engine,Image Super-Resolution (Q),"99%
",52705
544349,MacBook Air（13 英寸，M3，2024 年）,Apple Silicon,Core ML,Neural Engine,Text Classification (SP),"100%
",5608
544349,MacBook Air（13 英寸，M3，2024 年）,Apple Silicon,Core ML,Neural Engine,Text Classification (HP),"99%
",9175
544349,MacBook Air（13 英寸，M3，2024 年）,Apple Silicon,Core ML,Neural Engine,Text Classification (Q),"93%
",9135
544349,MacBook Air（13 英寸，M3，2024 年）,Apple Silicon,Core ML,Neural Engine,Machine Translation (SP),"100%
",3245
544349,MacBook Air（13 英寸，M3，2024 年）,Apple Silicon,Core ML,Neural Engine,Machine Translation (HP),"100%
",4312
544349,MacBook Air（13 英寸，M3，2024 年）,Apple Silicon,Core ML,Neural Engine,Machine Translation (Q),"98%
",4526
544366,Mac mini (2024),Apple Silicon,Core ML,GPU,Image Classification (SP),"100%
",6863
544366,Mac mini (2024),Apple Silicon,Core ML,GPU,Image Classification (HP),"100%
",7417
544366,Mac mini (2024),Apple Silicon,Core ML,GPU,Image Classification (Q),"96%
",6940
544366,Mac mini (2024),Apple Silicon,Core ML,GPU,Image Segmentation (SP),"100%
",12859
544366,Mac mini (2024),Apple Silicon,Core ML,GPU,Image Segmentation (HP),"100%
",13318
544366,Mac mini (2024),Apple Silicon,Core ML,GPU,Image Segmentation (Q),"99%
",12665
544366,Mac mini (2024),Apple Silicon,Core ML,GPU,Pose Estimation (SP),"100%
",43745
544366,Mac mini (2024),Apple Silicon,Core ML,GPU,Pose Estimation (HP),"100%
",49017
544366,Mac mini (2024),Apple Silicon,Core ML,GPU,Pose Estimation (Q),"96%
",47499
544366,Mac mini (2024),Apple Silicon,Core ML,GPU,Object Detection (SP),"100%
",6694
544366,Mac mini (2024),Apple Silicon,Core ML,GPU,Object Detection (HP),"100%
",6820
544366,Mac mini (2024),Apple Silicon,Core ML,GPU,Object Detection (Q),"91%
",6366
544366,Mac mini (2024),Apple Silicon,Core ML,GPU,Face Detection (SP),"100%
",25783
544366,Mac mini (2024),Apple Silicon,Core ML,GPU,Face Detection (HP),"100%
",29027
544366,Mac mini (2024),Apple Silicon,Core ML,GPU,Face Detection (Q),"100%
",25117
544366,Mac mini (2024),Apple Silicon,Core ML,GPU,Depth Estimation (SP),"100%
",29842
544366,Mac mini (2024),Apple Silicon,Core ML,GPU,Depth Estimation (HP),"99%
",31912
544366,Mac mini (2024),Apple Silicon,Core ML,GPU,Depth Estimation (Q),"85%
",30469
544366,Mac mini (2024),Apple Silicon,Core ML,GPU,Style Transfer (SP),"100%
",101377
544366,Mac mini (2024),Apple Silicon,Core ML,GPU,Style Transfer (HP),"100%
",113046
544366,Mac mini (2024),Apple Silicon,Core ML,GPU,Style Transfer (Q),"96%
",109624
544366,Mac mini (2024),Apple Silicon,Core ML,GPU,Image Super-Resolution (SP),"100%
",16996
544366,Mac mini (2024),Apple Silicon,Core ML,GPU,Image Super-Resolution (HP),"100%
",17906
544366,Mac mini (2024),Apple Silicon,Core ML,GPU,Image Super-Resolution (Q),"99%
",15262
544366,Mac mini (2024),Apple Silicon,Core ML,GPU,Text Classification (SP),"100%
",6141
544366,Mac mini (2024),Apple Silicon,Core ML,GPU,Text Classification (HP),"99%
",9169
544366,Mac mini (2024),Apple Silicon,Core ML,GPU,Text Classification (Q),"93%
",9215
544366,Mac mini (2024),Apple Silicon,Core ML,GPU,Machine Translation (SP),"100%
",5795
544366,Mac mini (2024),Apple Silicon,Core ML,GPU,Machine Translation (HP),"100%
",6182
544366,Mac mini (2024),Apple Silicon,Core ML,GPU,Machine Translation (Q),"98%
",3033
544034,"MacBook Pro (16-inch, 2023)",Apple Silicon,Core ML,CPU,Image Classification (SP),"100%
",1397
544034,"MacBook Pro (16-inch, 2023)",Apple Silicon,Core ML,CPU,Image Classification (HP),"100%
",2321
544034,"MacBook Pro (16-inch, 2023)",Apple Silicon,Core ML,CPU,Image Classification (Q),"96%
",1690
544034,"MacBook Pro (16-inch, 2023)",Apple Silicon,Core ML,CPU,Image Segmentation (SP),"100%
",1696
544034,"MacBook Pro (16-inch, 2023)",Apple Silicon,Core ML,CPU,Image Segmentation (HP),"100%
",2545
544034,"MacBook Pro (16-inch, 2023)",Apple Silicon,Core ML,CPU,Image Segmentation (Q),"99%
",2870
544034,"MacBook Pro (16-inch, 2023)",Apple Silicon,Core ML,CPU,Pose Estimation (SP),"100%
",11975
544034,"MacBook Pro (16-inch, 2023)",Apple Silicon,Core ML,CPU,Pose Estimation (HP),"100%
",26572
544034,"MacBook Pro (16-inch, 2023)",Apple Silicon,Core ML,CPU,Pose Estimation (Q),"95%
",20285
544034,"MacBook Pro (16-inch, 2023)",Apple Silicon,Core ML,CPU,Object Detection (SP),"100%
",1639
544034,"MacBook Pro (16-inch, 2023)",Apple Silicon,Core ML,CPU,Object Detection (HP),"97%
",2694
544034,"MacBook Pro (16-inch, 2023)",Apple Silicon,Core ML,CPU,Object Detection (Q),"94%
",1986
544034,"MacBook Pro (16-inch, 2023)",Apple Silicon,Core ML,CPU,Face Detection (SP),"100%
",3754
544034,"MacBook Pro (16-inch, 2023)",Apple Silicon,Core ML,CPU,Face Detection (HP),"100%
",6162
544034,"MacBook Pro (16-inch, 2023)",Apple Silicon,Core ML,CPU,Face Detection (Q),"100%
",3447
544034,"MacBook Pro (16-inch, 2023)",Apple Silicon,Core ML,CPU,Depth Estimation (SP),"100%
",6187
544034,"MacBook Pro (16-inch, 2023)",Apple Silicon,Core ML,CPU,Depth Estimation (HP),"98%
",11602
544034,"MacBook Pro (16-inch, 2023)",Apple Silicon,Core ML,CPU,Depth Estimation (Q),"85%
",8030
544034,"MacBook Pro (16-inch, 2023)",Apple Silicon,Core ML,CPU,Style Transfer (SP),"100%
",24629
544034,"MacBook Pro (16-inch, 2023)",Apple Silicon,Core ML,CPU,Style Transfer (HP),"100%
",40875
544034,"MacBook Pro (16-inch, 2023)",Apple Silicon,Core ML,CPU,Style Transfer (Q),"96%
",32267
544034,"MacBook Pro (16-inch, 2023)",Apple Silicon,Core ML,CPU,Image Super-Resolution (SP),"100%
",4828
544034,"MacBook Pro (16-inch, 2023)",Apple Silicon,Core ML,CPU,Image Super-Resolution (HP),"100%
",6330
544034,"MacBook Pro (16-inch, 2023)",Apple Silicon,Core ML,CPU,Image Super-Resolution (Q),"99%
",4537
544034,"MacBook Pro (16-inch, 2023)",Apple Silicon,Core ML,CPU,Text Classification (SP),"99%
",4389
544034,"MacBook Pro (16-inch, 2023)",Apple Silicon,Core ML,CPU,Text Classification (HP),"99%
",7009
544034,"MacBook Pro (16-inch, 2023)",Apple Silicon,Core ML,CPU,Text Classification (Q),"93%
",6720
544034,"MacBook Pro (16-inch, 2023)",Apple Silicon,Core ML,CPU,Machine Translation (SP),"100%
",4340
544034,"MacBook Pro (16-inch, 2023)",Apple Silicon,Core ML,CPU,Machine Translation (HP),"98%
",7788
544034,"MacBook Pro (16-inch, 2023)",Apple Silicon,Core ML,CPU,Machine Translation (Q),"98%
",7719
544037,"MacBook Pro (16-inch, 2023)",Apple Silicon,Core ML,GPU,Image Classification (SP),"100%
",6871
544037,"MacBook Pro (16-inch, 2023)",Apple Silicon,Core ML,GPU,Image Classification (HP),"100%
",6672
544037,"MacBook Pro (16-inch, 2023)",Apple Silicon,Core ML,GPU,Image Classification (Q),"94%
",6329
544037,"MacBook Pro (16-inch, 2023)",Apple Silicon,Core ML,GPU,Image Segmentation (SP),"100%
",15373
544037,"MacBook Pro (16-inch, 2023)",Apple Silicon,Core ML,GPU,Image Segmentation (HP),"100%
",15317
544037,"MacBook Pro (16-inch, 2023)",Apple Silicon,Core ML,GPU,Image Segmentation (Q),"99%
",14738
544037,"MacBook Pro (16-inch, 2023)",Apple Silicon,Core ML,GPU,Pose Estimation (SP),"100%
",82732
544037,"MacBook Pro (16-inch, 2023)",Apple Silicon,Core ML,GPU,Pose Estimation (HP),"100%
",89387
544037,"MacBook Pro (16-inch, 2023)",Apple Silicon,Core ML,GPU,Pose Estimation (Q),"96%
",86647
544037,"MacBook Pro (16-inch, 2023)",Apple Silicon,Core ML,GPU,Object Detection (SP),"100%
",6239
544037,"MacBook Pro (16-inch, 2023)",Apple Silicon,Core ML,GPU,Object Detection (HP),"100%
",6522
544037,"MacBook Pro (16-inch, 2023)",Apple Silicon,Core ML,GPU,Object Detection (Q),"91%
",6388
544037,"MacBook Pro (16-inch, 2023)",Apple Silicon,Core ML,GPU,Face Detection (SP),"100%
",29154
544037,"MacBook Pro (16-inch, 2023)",Apple Silicon,Core ML,GPU,Face Detection (HP),"100%
",29879
544037,"MacBook Pro (16-inch, 2023)",Apple Silicon,Core ML,GPU,Face Detection (Q),"100%
",27046
544037,"MacBook Pro (16-inch, 2023)",Apple Silicon,Core ML,GPU,Depth Estimation (SP),"100%
",33167
544037,"MacBook Pro (16-inch, 2023)",Apple Silicon,Core ML,GPU,Depth Estimation (HP),"99%
",34263
544037,"MacBook Pro (16-inch, 2023)",Apple Silicon,Core ML,GPU,Depth Estimation (Q),"85%
",31998
544037,"MacBook Pro (16-inch, 2023)",Apple Silicon,Core ML,GPU,Style Transfer (SP),"100%
",135968
544037,"MacBook Pro (16-inch, 2023)",Apple Silicon,Core ML,GPU,Style Transfer (HP),"100%
",154630
544037,"MacBook Pro (16-inch, 2023)",Apple Silicon,Core ML,GPU,Style Transfer (Q),"96%
",150180
544037,"MacBook Pro (16-inch, 2023)",Apple Silicon,Core ML,GPU,Image Super-Resolution (SP),"100%
",19875
544037,"MacBook Pro (16-inch, 2023)",Apple Silicon,Core ML,GPU,Image Super-Resolution (HP),"100%
",24013
544037,"MacBook Pro (16-inch, 2023)",Apple Silicon,Core ML,GPU,Image Super-Resolution (Q),"99%
",20504
544037,"MacBook Pro (16-inch, 2023)",Apple Silicon,Core ML,GPU,Text Classification (SP),"99%
",4403
544037,"MacBook Pro (16-inch, 2023)",Apple Silicon,Core ML,GPU,Text Classification (HP),"99%
",6913
544037,"MacBook Pro (16-inch, 2023)",Apple Silicon,Core ML,GPU,Text Classification (Q),"93%
",6819
544037,"MacBook Pro (16-inch, 2023)",Apple Silicon,Core ML,GPU,Machine Translation (SP),"100%
",5223
544037,"MacBook Pro (16-inch, 2023)",Apple Silicon,Core ML,GPU,Machine Translation (HP),"100%
",5271
544037,"MacBook Pro (16-inch, 2023)",Apple Silicon,Core ML,GPU,Machine Translation (Q),"98%
",4840
544039,"MacBook Pro (16-inch, 2023)",Apple Silicon,Core ML,Neural Engine,Image Classification (SP),"100%
",1400
544039,"MacBook Pro (16-inch, 2023)",Apple Silicon,Core ML,Neural Engine,Image Classification (HP),"100%
",14383
544039,"MacBook Pro (16-inch, 2023)",Apple Silicon,Core ML,Neural Engine,Image Classification (Q),"97%
",16946
544039,"MacBook Pro (16-inch, 2023)",Apple Silicon,Core ML,Neural Engine,Image Segmentation (SP),"100%
",1670
544039,"MacBook Pro (16-inch, 2023)",Apple Silicon,Core ML,Neural Engine,Image Segmentation (HP),"100%
",18519
544039,"MacBook Pro (16-inch, 2023)",Apple Silicon,Core ML,Neural Engine,Image Segmentation (Q),"99%
",16874
544039,"MacBook Pro (16-inch, 2023)",Apple Silicon,Core ML,Neural Engine,Pose Estimation (SP),"100%
",11918
544039,"MacBook Pro (16-inch, 2023)",Apple Silicon,Core ML,Neural Engine,Pose Estimation (HP),"100%
",101573
544039,"MacBook Pro (16-inch, 2023)",Apple Silicon,Core ML,Neural Engine,Pose Estimation (Q),"95%
",96549
544039,"MacBook Pro (16-inch, 2023)",Apple Silicon,Core ML,Neural Engine,Object Detection (SP),"100%
",1649
544039,"MacBook Pro (16-inch, 2023)",Apple Silicon,Core ML,Neural Engine,Object Detection (HP),"99%
",15647
544039,"MacBook Pro (16-inch, 2023)",Apple Silicon,Core ML,Neural Engine,Object Detection (Q),"89%
",17676
544039,"MacBook Pro (16-inch, 2023)",Apple Silicon,Core ML,Neural Engine,Face Detection (SP),"100%
",3758
544039,"MacBook Pro (16-inch, 2023)",Apple Silicon,Core ML,Neural Engine,Face Detection (HP),"100%
",28356
544039,"MacBook Pro (16-inch, 2023)",Apple Silicon,Core ML,Neural Engine,Face Detection (Q),"100%
",51273
544039,"MacBook Pro (16-inch, 2023)",Apple Silicon,Core ML,Neural Engine,Depth Estimation (SP),"100%
",6166
544039,"MacBook Pro (16-inch, 2023)",Apple Silicon,Core ML,Neural Engine,Depth Estimation (HP),"99%
",88508
544039,"MacBook Pro (16-inch, 2023)",Apple Silicon,Core ML,Neural Engine,Depth Estimation (Q),"85%
",112155
544039,"MacBook Pro (16-inch, 2023)",Apple Silicon,Core ML,Neural Engine,Style Transfer (SP),"100%
",24929
544039,"MacBook Pro (16-inch, 2023)",Apple Silicon,Core ML,Neural Engine,Style Transfer (HP),"100%
",204409
544039,"MacBook Pro (16-inch, 2023)",Apple Silicon,Core ML,Neural Engine,Style Transfer (Q),"96%
",173686
544039,"MacBook Pro (16-inch, 2023)",Apple Silicon,Core ML,Neural Engine,Image Super-Resolution (SP),"100%
",4868
544039,"MacBook Pro (16-inch, 2023)",Apple Silicon,Core ML,Neural Engine,Image Super-Resolution (HP),"100%
",44794
544039,"MacBook Pro (16-inch, 2023)",Apple Silicon,Core ML,Neural Engine,Image Super-Resolution (Q),"99%
",48643
544039,"MacBook Pro (16-inch, 2023)",Apple Silicon,Core ML,Neural Engine,Text Classification (SP),"100%
",4551
544039,"MacBook Pro (16-inch, 2023)",Apple Silicon,Core ML,Neural Engine,Text Classification (HP),"99%
",6679
544039,"MacBook Pro (16-inch, 2023)",Apple Silicon,Core ML,Neural Engine,Text Classification (Q),"93%
",6605
544039,"MacBook Pro (16-inch, 2023)",Apple Silicon,Core ML,Neural Engine,Machine Translation (SP),"100%
",4334
544039,"MacBook Pro (16-inch, 2023)",Apple Silicon,Core ML,Neural Engine,Machine Translation (HP),"100%
",4174
544039,"MacBook Pro (16-inch, 2023)",Apple Silicon,Core ML,Neural Engine,Machine Translation (Q),"98%
",4349
544051,MacBook Air（13 英寸，M5，2026 年）,Apple Silicon,Core ML,CPU,Image Classification (SP),"100%
",2277
544051,MacBook Air（13 英寸，M5，2026 年）,Apple Silicon,Core ML,CPU,Image Classification (HP),"100%
",3401
544051,MacBook Air（13 英寸，M5，2026 年）,Apple Silicon,Core ML,CPU,Image Classification (Q),"94%
",2258
544051,MacBook Air（13 英寸，M5，2026 年）,Apple Silicon,Core ML,CPU,Image Segmentation (SP),"100%
",2227
544051,MacBook Air（13 英寸，M5，2026 年）,Apple Silicon,Core ML,CPU,Image Segmentation (HP),"100%
",2866
544051,MacBook Air（13 英寸，M5，2026 年）,Apple Silicon,Core ML,CPU,Image Segmentation (Q),"99%
",3534
544051,MacBook Air（13 英寸，M5，2026 年）,Apple Silicon,Core ML,CPU,Pose Estimation (SP),"100%
",9744
544051,MacBook Air（13 英寸，M5，2026 年）,Apple Silicon,Core ML,CPU,Pose Estimation (HP),"100%
",19326
544051,MacBook Air（13 英寸，M5，2026 年）,Apple Silicon,Core ML,CPU,Pose Estimation (Q),"96%
",16618
544051,MacBook Air（13 英寸，M5，2026 年）,Apple Silicon,Core ML,CPU,Object Detection (SP),"100%
",2695
544051,MacBook Air（13 英寸，M5，2026 年）,Apple Silicon,Core ML,CPU,Object Detection (HP),"98%
",4099
544051,MacBook Air（13 英寸，M5，2026 年）,Apple Silicon,Core ML,CPU,Object Detection (Q),"88%
",2670
544051,MacBook Air（13 英寸，M5，2026 年）,Apple Silicon,Core ML,CPU,Face Detection (SP),"100%
",4994
544051,MacBook Air（13 英寸，M5，2026 年）,Apple Silicon,Core ML,CPU,Face Detection (HP),"100%
",9169
544051,MacBook Air（13 英寸，M5，2026 年）,Apple Silicon,Core ML,CPU,Face Detection (Q),"100%
",4973
544051,MacBook Air（13 英寸，M5，2026 年）,Apple Silicon,Core ML,CPU,Depth Estimation (SP),"100%
",8812
544051,MacBook Air（13 英寸，M5，2026 年）,Apple Silicon,Core ML,CPU,Depth Estimation (HP),"98%
",11369
544051,MacBook Air（13 英寸，M5，2026 年）,Apple Silicon,Core ML,CPU,Depth Estimation (Q),"85%
",7924
544051,MacBook Air（13 英寸，M5，2026 年）,Apple Silicon,Core ML,CPU,Style Transfer (SP),"100%
",25341
544051,MacBook Air（13 英寸，M5，2026 年）,Apple Silicon,Core ML,CPU,Style Transfer (HP),"100%
",46049
544051,MacBook Air（13 英寸，M5，2026 年）,Apple Silicon,Core ML,CPU,Style Transfer (Q),"96%
",36680
544051,MacBook Air（13 英寸，M5，2026 年）,Apple Silicon,Core ML,CPU,Image Super-Resolution (SP),"100%
",5797
544051,MacBook Air（13 英寸，M5，2026 年）,Apple Silicon,Core ML,CPU,Image Super-Resolution (HP),"100%
",10216
544051,MacBook Air（13 英寸，M5，2026 年）,Apple Silicon,Core ML,CPU,Image Super-Resolution (Q),"99%
",6240
544051,MacBook Air（13 英寸，M5，2026 年）,Apple Silicon,Core ML,CPU,Text Classification (SP),"99%
",5884
544051,MacBook Air（13 英寸，M5，2026 年）,Apple Silicon,Core ML,CPU,Text Classification (HP),"99%
",9858
544051,MacBook Air（13 英寸，M5，2026 年）,Apple Silicon,Core ML,CPU,Text Classification (Q),"93%
",9735
544051,MacBook Air（13 英寸，M5，2026 年）,Apple Silicon,Core ML,CPU,Machine Translation (SP),"100%
",5143
544051,MacBook Air（13 英寸，M5，2026 年）,Apple Silicon,Core ML,CPU,Machine Translation (HP),"100%
",8256
544051,MacBook Air（13 英寸，M5，2026 年）,Apple Silicon,Core ML,CPU,Machine Translation (Q),"98%
",8321
543784,MacBook Pro（14 英寸，M5 Pro 或 M5 Max）,Apple Silicon,Core ML,GPU,Image Classification (SP),"100%
",8789
543784,MacBook Pro（14 英寸，M5 Pro 或 M5 Max）,Apple Silicon,Core ML,GPU,Image Classification (HP),"100%
",12023
543784,MacBook Pro（14 英寸，M5 Pro 或 M5 Max）,Apple Silicon,Core ML,GPU,Image Classification (Q),"99%
",11158
543784,MacBook Pro（14 英寸，M5 Pro 或 M5 Max）,Apple Silicon,Core ML,GPU,Image Segmentation (SP),"100%
",18558
543784,MacBook Pro（14 英寸，M5 Pro 或 M5 Max）,Apple Silicon,Core ML,GPU,Image Segmentation (HP),"100%
",29691
543784,MacBook Pro（14 英寸，M5 Pro 或 M5 Max）,Apple Silicon,Core ML,GPU,Image Segmentation (Q),"99%
",28823
543784,MacBook Pro（14 英寸，M5 Pro 或 M5 Max）,Apple Silicon,Core ML,GPU,Pose Estimation (SP),"100%
",70126
543784,MacBook Pro（14 英寸，M5 Pro 或 M5 Max）,Apple Silicon,Core ML,GPU,Pose Estimation (HP),"100%
",184456
543784,MacBook Pro（14 英寸，M5 Pro 或 M5 Max）,Apple Silicon,Core ML,GPU,Pose Estimation (Q),"96%
",216099
543784,MacBook Pro（14 英寸，M5 Pro 或 M5 Max）,Apple Silicon,Core ML,GPU,Object Detection (SP),"100%
",9964
543784,MacBook Pro（14 英寸，M5 Pro 或 M5 Max）,Apple Silicon,Core ML,GPU,Object Detection (HP),"100%
",12484
543784,MacBook Pro（14 英寸，M5 Pro 或 M5 Max）,Apple Silicon,Core ML,GPU,Object Detection (Q),"92%
",12626
543784,MacBook Pro（14 英寸，M5 Pro 或 M5 Max）,Apple Silicon,Core ML,GPU,Face Detection (SP),"100%
",33328
543784,MacBook Pro（14 英寸，M5 Pro 或 M5 Max）,Apple Silicon,Core ML,GPU,Face Detection (HP),"100%
",52994
543784,MacBook Pro（14 英寸，M5 Pro 或 M5 Max）,Apple Silicon,Core ML,GPU,Face Detection (Q),"100%
",49698
543784,MacBook Pro（14 英寸，M5 Pro 或 M5 Max）,Apple Silicon,Core ML,GPU,Depth Estimation (SP),"100%
",39536
543784,MacBook Pro（14 英寸，M5 Pro 或 M5 Max）,Apple Silicon,Core ML,GPU,Depth Estimation (HP),"99%
",61511
543784,MacBook Pro（14 英寸，M5 Pro 或 M5 Max）,Apple Silicon,Core ML,GPU,Depth Estimation (Q),"85%
",59901
543784,MacBook Pro（14 英寸，M5 Pro 或 M5 Max）,Apple Silicon,Core ML,GPU,Style Transfer (SP),"100%
",154592
543784,MacBook Pro（14 英寸，M5 Pro 或 M5 Max）,Apple Silicon,Core ML,GPU,Style Transfer (HP),"100%
",364840
543784,MacBook Pro（14 英寸，M5 Pro 或 M5 Max）,Apple Silicon,Core ML,GPU,Style Transfer (Q),"96%
",435494
543784,MacBook Pro（14 英寸，M5 Pro 或 M5 Max）,Apple Silicon,Core ML,GPU,Image Super-Resolution (SP),"100%
",25706
543784,MacBook Pro（14 英寸，M5 Pro 或 M5 Max）,Apple Silicon,Core ML,GPU,Image Super-Resolution (HP),"100%
",42037
543784,MacBook Pro（14 英寸，M5 Pro 或 M5 Max）,Apple Silicon,Core ML,GPU,Image Super-Resolution (Q),"99%
",26499
543784,MacBook Pro（14 英寸，M5 Pro 或 M5 Max）,Apple Silicon,Core ML,GPU,Text Classification (SP),"100%
",5895
543784,MacBook Pro（14 英寸，M5 Pro 或 M5 Max）,Apple Silicon,Core ML,GPU,Text Classification (HP),"99%
",9841
543784,MacBook Pro（14 英寸，M5 Pro 或 M5 Max）,Apple Silicon,Core ML,GPU,Text Classification (Q),"93%
",9996
543784,MacBook Pro（14 英寸，M5 Pro 或 M5 Max）,Apple Silicon,Core ML,GPU,Machine Translation (SP),"100%
",6514
543784,MacBook Pro（14 英寸，M5 Pro 或 M5 Max）,Apple Silicon,Core ML,GPU,Machine Translation (HP),"100%
",9605
543784,MacBook Pro（14 英寸，M5 Pro 或 M5 Max）,Apple Silicon,Core ML,GPU,Machine Translation (Q),"98%
",9651
543786,MacBook Pro（14 英寸，M5 Pro 或 M5 Max）,Apple Silicon,Core ML,Neural Engine,Image Classification (SP),"100%
",2446
543786,MacBook Pro（14 英寸，M5 Pro 或 M5 Max）,Apple Silicon,Core ML,Neural Engine,Image Classification (HP),"100%
",19516
543786,MacBook Pro（14 英寸，M5 Pro 或 M5 Max）,Apple Silicon,Core ML,Neural Engine,Image Classification (Q),"97%
",25956
543786,MacBook Pro（14 英寸，M5 Pro 或 M5 Max）,Apple Silicon,Core ML,Neural Engine,Image Segmentation (SP),"100%
",2523
543786,MacBook Pro（14 英寸，M5 Pro 或 M5 Max）,Apple Silicon,Core ML,Neural Engine,Image Segmentation (HP),"100%
",25878
543786,MacBook Pro（14 英寸，M5 Pro 或 M5 Max）,Apple Silicon,Core ML,Neural Engine,Image Segmentation (Q),"99%
",37980
543786,MacBook Pro（14 英寸，M5 Pro 或 M5 Max）,Apple Silicon,Core ML,Neural Engine,Pose Estimation (SP),"100%
",10787
543786,MacBook Pro（14 英寸，M5 Pro 或 M5 Max）,Apple Silicon,Core ML,Neural Engine,Pose Estimation (HP),"100%
",183704
543786,MacBook Pro（14 英寸，M5 Pro 或 M5 Max）,Apple Silicon,Core ML,Neural Engine,Pose Estimation (Q),"95%
",337605
543786,MacBook Pro（14 英寸，M5 Pro 或 M5 Max）,Apple Silicon,Core ML,Neural Engine,Object Detection (SP),"100%
",2908
543786,MacBook Pro（14 英寸，M5 Pro 或 M5 Max）,Apple Silicon,Core ML,Neural Engine,Object Detection (HP),"100%
",23013
543786,MacBook Pro（14 英寸，M5 Pro 或 M5 Max）,Apple Silicon,Core ML,Neural Engine,Object Detection (Q),"89%
",27962
543786,MacBook Pro（14 英寸，M5 Pro 或 M5 Max）,Apple Silicon,Core ML,Neural Engine,Face Detection (SP),"100%
",5775
543786,MacBook Pro（14 英寸，M5 Pro 或 M5 Max）,Apple Silicon,Core ML,Neural Engine,Face Detection (HP),"100%
",52535
543786,MacBook Pro（14 英寸，M5 Pro 或 M5 Max）,Apple Silicon,Core ML,Neural Engine,Face Detection (Q),"100%
",83546
543786,MacBook Pro（14 英寸，M5 Pro 或 M5 Max）,Apple Silicon,Core ML,Neural Engine,Depth Estimation (SP),"100%
",9046
543786,MacBook Pro（14 英寸，M5 Pro 或 M5 Max）,Apple Silicon,Core ML,Neural Engine,Depth Estimation (HP),"99%
",136539
543786,MacBook Pro（14 英寸，M5 Pro 或 M5 Max）,Apple Silicon,Core ML,Neural Engine,Depth Estimation (Q),"85%
",220819
543786,MacBook Pro（14 英寸，M5 Pro 或 M5 Max）,Apple Silicon,Core ML,Neural Engine,Style Transfer (SP),"100%
",27116
543786,MacBook Pro（14 英寸，M5 Pro 或 M5 Max）,Apple Silicon,Core ML,Neural Engine,Style Transfer (HP),"100%
",315025
543786,MacBook Pro（14 英寸，M5 Pro 或 M5 Max）,Apple Silicon,Core ML,Neural Engine,Style Transfer (Q),"96%
",406498
543786,MacBook Pro（14 英寸，M5 Pro 或 M5 Max）,Apple Silicon,Core ML,Neural Engine,Image Super-Resolution (SP),"100%
",6633
543786,MacBook Pro（14 英寸，M5 Pro 或 M5 Max）,Apple Silicon,Core ML,Neural Engine,Image Super-Resolution (HP),"100%
",62420
543786,MacBook Pro（14 英寸，M5 Pro 或 M5 Max）,Apple Silicon,Core ML,Neural Engine,Image Super-Resolution (Q),"99%
",96172
543786,MacBook Pro（14 英寸，M5 Pro 或 M5 Max）,Apple Silicon,Core ML,Neural Engine,Text Classification (SP),"100%
",6165
543786,MacBook Pro（14 英寸，M5 Pro 或 M5 Max）,Apple Silicon,Core ML,Neural Engine,Text Classification (HP),"99%
",10020
543786,MacBook Pro（14 英寸，M5 Pro 或 M5 Max）,Apple Silicon,Core ML,Neural Engine,Text Classification (Q),"93%
",9049
543786,MacBook Pro（14 英寸，M5 Pro 或 M5 Max）,Apple Silicon,Core ML,Neural Engine,Machine Translation (SP),"100%
",6414
543786,MacBook Pro（14 英寸，M5 Pro 或 M5 Max）,Apple Silicon,Core ML,Neural Engine,Machine Translation (HP),"100%
",18750
543786,MacBook Pro（14 英寸，M5 Pro 或 M5 Max）,Apple Silicon,Core ML,Neural Engine,Machine Translation (Q),"98%
",18616
544419,MacBook Pro（14 英寸，M5 Pro 或 M5 Max）,Apple Silicon,Core ML,Neural Engine,Image Classification (SP),"100%
",2301
544419,MacBook Pro（14 英寸，M5 Pro 或 M5 Max）,Apple Silicon,Core ML,Neural Engine,Image Classification (HP),"100%
",21630
544419,MacBook Pro（14 英寸，M5 Pro 或 M5 Max）,Apple Silicon,Core ML,Neural Engine,Image Classification (Q),"97%
",28440
544419,MacBook Pro（14 英寸，M5 Pro 或 M5 Max）,Apple Silicon,Core ML,Neural Engine,Image Segmentation (SP),"100%
",2586
544419,MacBook Pro（14 英寸，M5 Pro 或 M5 Max）,Apple Silicon,Core ML,Neural Engine,Image Segmentation (HP),"100%
",26914
544419,MacBook Pro（14 英寸，M5 Pro 或 M5 Max）,Apple Silicon,Core ML,Neural Engine,Image Segmentation (Q),"99%
",39535
544419,MacBook Pro（14 英寸，M5 Pro 或 M5 Max）,Apple Silicon,Core ML,Neural Engine,Pose Estimation (SP),"100%
",9214
544419,MacBook Pro（14 英寸，M5 Pro 或 M5 Max）,Apple Silicon,Core ML,Neural Engine,Pose Estimation (HP),"100%
",183648
544419,MacBook Pro（14 英寸，M5 Pro 或 M5 Max）,Apple Silicon,Core ML,Neural Engine,Pose Estimation (Q),"95%
",342161
544419,MacBook Pro（14 英寸，M5 Pro 或 M5 Max）,Apple Silicon,Core ML,Neural Engine,Object Detection (SP),"100%
",2815
544419,MacBook Pro（14 英寸，M5 Pro 或 M5 Max）,Apple Silicon,Core ML,Neural Engine,Object Detection (HP),"100%
",25135
544419,MacBook Pro（14 英寸，M5 Pro 或 M5 Max）,Apple Silicon,Core ML,Neural Engine,Object Detection (Q),"89%
",30688
544419,MacBook Pro（14 英寸，M5 Pro 或 M5 Max）,Apple Silicon,Core ML,Neural Engine,Face Detection (SP),"100%
",5468
544419,MacBook Pro（14 英寸，M5 Pro 或 M5 Max）,Apple Silicon,Core ML,Neural Engine,Face Detection (HP),"100%
",52290
544419,MacBook Pro（14 英寸，M5 Pro 或 M5 Max）,Apple Silicon,Core ML,Neural Engine,Face Detection (Q),"100%
",81195
544419,MacBook Pro（14 英寸，M5 Pro 或 M5 Max）,Apple Silicon,Core ML,Neural Engine,Depth Estimation (SP),"100%
",9098
544419,MacBook Pro（14 英寸，M5 Pro 或 M5 Max）,Apple Silicon,Core ML,Neural Engine,Depth Estimation (HP),"99%
",142025
544419,MacBook Pro（14 英寸，M5 Pro 或 M5 Max）,Apple Silicon,Core ML,Neural Engine,Depth Estimation (Q),"85%
",233650
544419,MacBook Pro（14 英寸，M5 Pro 或 M5 Max）,Apple Silicon,Core ML,Neural Engine,Style Transfer (SP),"100%
",24842
544419,MacBook Pro（14 英寸，M5 Pro 或 M5 Max）,Apple Silicon,Core ML,Neural Engine,Style Transfer (HP),"100%
",290997
544419,MacBook Pro（14 英寸，M5 Pro 或 M5 Max）,Apple Silicon,Core ML,Neural Engine,Style Transfer (Q),"96%
",372135
544419,MacBook Pro（14 英寸，M5 Pro 或 M5 Max）,Apple Silicon,Core ML,Neural Engine,Image Super-Resolution (SP),"100%
",5848
544419,MacBook Pro（14 英寸，M5 Pro 或 M5 Max）,Apple Silicon,Core ML,Neural Engine,Image Super-Resolution (HP),"100%
",68193
544419,MacBook Pro（14 英寸，M5 Pro 或 M5 Max）,Apple Silicon,Core ML,Neural Engine,Image Super-Resolution (Q),"99%
",108249
544419,MacBook Pro（14 英寸，M5 Pro 或 M5 Max）,Apple Silicon,Core ML,Neural Engine,Text Classification (SP),"99%
",5633
544419,MacBook Pro（14 英寸，M5 Pro 或 M5 Max）,Apple Silicon,Core ML,Neural Engine,Text Classification (HP),"99%
",9958
544419,MacBook Pro（14 英寸，M5 Pro 或 M5 Max）,Apple Silicon,Core ML,Neural Engine,Text Classification (Q),"93%
",9941
544419,MacBook Pro（14 英寸，M5 Pro 或 M5 Max）,Apple Silicon,Core ML,Neural Engine,Machine Translation (SP),"100%
",2736
544419,MacBook Pro（14 英寸，M5 Pro 或 M5 Max）,Apple Silicon,Core ML,Neural Engine,Machine Translation (HP),"100%
",19713
544419,MacBook Pro（14 英寸，M5 Pro 或 M5 Max）,Apple Silicon,Core ML,Neural Engine,Machine Translation (Q),"98%
",19693
544424,MacBook Pro（14 英寸，M5 Pro 或 M5 Max）,Apple Silicon,Core ML,GPU,Image Classification (SP),"100%
",8210
544424,MacBook Pro（14 英寸，M5 Pro 或 M5 Max）,Apple Silicon,Core ML,GPU,Image Classification (HP),"100%
",12358
544424,MacBook Pro（14 英寸，M5 Pro 或 M5 Max）,Apple Silicon,Core ML,GPU,Image Classification (Q),"99%
",11478
544424,MacBook Pro（14 英寸，M5 Pro 或 M5 Max）,Apple Silicon,Core ML,GPU,Image Segmentation (SP),"100%
",15436
544424,MacBook Pro（14 英寸，M5 Pro 或 M5 Max）,Apple Silicon,Core ML,GPU,Image Segmentation (HP),"100%
",25268
544424,MacBook Pro（14 英寸，M5 Pro 或 M5 Max）,Apple Silicon,Core ML,GPU,Image Segmentation (Q),"99%
",24330
544424,MacBook Pro（14 英寸，M5 Pro 或 M5 Max）,Apple Silicon,Core ML,GPU,Pose Estimation (SP),"100%
",60153
544424,MacBook Pro（14 英寸，M5 Pro 或 M5 Max）,Apple Silicon,Core ML,GPU,Pose Estimation (HP),"100%
",155654
544424,MacBook Pro（14 英寸，M5 Pro 或 M5 Max）,Apple Silicon,Core ML,GPU,Pose Estimation (Q),"95%
",191471
544424,MacBook Pro（14 英寸，M5 Pro 或 M5 Max）,Apple Silicon,Core ML,GPU,Object Detection (SP),"100%
",7742
544424,MacBook Pro（14 英寸，M5 Pro 或 M5 Max）,Apple Silicon,Core ML,GPU,Object Detection (HP),"100%
",13875
544424,MacBook Pro（14 英寸，M5 Pro 或 M5 Max）,Apple Silicon,Core ML,GPU,Object Detection (Q),"94%
",13025
544424,MacBook Pro（14 英寸，M5 Pro 或 M5 Max）,Apple Silicon,Core ML,GPU,Face Detection (SP),"100%
",30269
544424,MacBook Pro（14 英寸，M5 Pro 或 M5 Max）,Apple Silicon,Core ML,GPU,Face Detection (HP),"100%
",52109
544424,MacBook Pro（14 英寸，M5 Pro 或 M5 Max）,Apple Silicon,Core ML,GPU,Face Detection (Q),"100%
",46492
544424,MacBook Pro（14 英寸，M5 Pro 或 M5 Max）,Apple Silicon,Core ML,GPU,Depth Estimation (SP),"100%
",39233
544424,MacBook Pro（14 英寸，M5 Pro 或 M5 Max）,Apple Silicon,Core ML,GPU,Depth Estimation (HP),"99%
",70203
544424,MacBook Pro（14 英寸，M5 Pro 或 M5 Max）,Apple Silicon,Core ML,GPU,Depth Estimation (Q),"86%
",64199
544424,MacBook Pro（14 英寸，M5 Pro 或 M5 Max）,Apple Silicon,Core ML,GPU,Style Transfer (SP),"100%
",128103
544424,MacBook Pro（14 英寸，M5 Pro 或 M5 Max）,Apple Silicon,Core ML,GPU,Style Transfer (HP),"100%
",279406
544424,MacBook Pro（14 英寸，M5 Pro 或 M5 Max）,Apple Silicon,Core ML,GPU,Style Transfer (Q),"96%
",327895
544424,MacBook Pro（14 英寸，M5 Pro 或 M5 Max）,Apple Silicon,Core ML,GPU,Image Super-Resolution (SP),"100%
",21972
544424,MacBook Pro（14 英寸，M5 Pro 或 M5 Max）,Apple Silicon,Core ML,GPU,Image Super-Resolution (HP),"100%
",41550
544424,MacBook Pro（14 英寸，M5 Pro 或 M5 Max）,Apple Silicon,Core ML,GPU,Image Super-Resolution (Q),"99%
",33121
544424,MacBook Pro（14 英寸，M5 Pro 或 M5 Max）,Apple Silicon,Core ML,GPU,Text Classification (SP),"100%
",5697
544424,MacBook Pro（14 英寸，M5 Pro 或 M5 Max）,Apple Silicon,Core ML,GPU,Text Classification (HP),"99%
",9862
544424,MacBook Pro（14 英寸，M5 Pro 或 M5 Max）,Apple Silicon,Core ML,GPU,Text Classification (Q),"93%
",10025
544424,MacBook Pro（14 英寸，M5 Pro 或 M5 Max）,Apple Silicon,Core ML,GPU,Machine Translation (SP),"100%
",7533
544424,MacBook Pro（14 英寸，M5 Pro 或 M5 Max）,Apple Silicon,Core ML,GPU,Machine Translation (HP),"100%
",8708
544424,MacBook Pro（14 英寸，M5 Pro 或 M5 Max）,Apple Silicon,Core ML,GPU,Machine Translation (Q),"98%
",8386
544426,MacBook Pro（14 英寸，M5 Pro 或 M5 Max）,Apple Silicon,Core ML,CPU,Image Classification (SP),"100%
",2338
544426,MacBook Pro（14 英寸，M5 Pro 或 M5 Max）,Apple Silicon,Core ML,CPU,Image Classification (HP),"100%
",3462
544426,MacBook Pro（14 英寸，M5 Pro 或 M5 Max）,Apple Silicon,Core ML,CPU,Image Classification (Q),"94%
",2101
544426,MacBook Pro（14 英寸，M5 Pro 或 M5 Max）,Apple Silicon,Core ML,CPU,Image Segmentation (SP),"100%
",2650
544426,MacBook Pro（14 英寸，M5 Pro 或 M5 Max）,Apple Silicon,Core ML,CPU,Image Segmentation (HP),"100%
",3147
544426,MacBook Pro（14 英寸，M5 Pro 或 M5 Max）,Apple Silicon,Core ML,CPU,Image Segmentation (Q),"99%
",4097
544426,MacBook Pro（14 英寸，M5 Pro 或 M5 Max）,Apple Silicon,Core ML,CPU,Pose Estimation (SP),"100%
",9726
544426,MacBook Pro（14 英寸，M5 Pro 或 M5 Max）,Apple Silicon,Core ML,CPU,Pose Estimation (HP),"100%
",19301
544426,MacBook Pro（14 英寸，M5 Pro 或 M5 Max）,Apple Silicon,Core ML,CPU,Pose Estimation (Q),"96%
",16775
544426,MacBook Pro（14 英寸，M5 Pro 或 M5 Max）,Apple Silicon,Core ML,CPU,Object Detection (SP),"100%
",2828
544426,MacBook Pro（14 英寸，M5 Pro 或 M5 Max）,Apple Silicon,Core ML,CPU,Object Detection (HP),"98%
",4185
544426,MacBook Pro（14 英寸，M5 Pro 或 M5 Max）,Apple Silicon,Core ML,CPU,Object Detection (Q),"88%
",2869
544426,MacBook Pro（14 英寸，M5 Pro 或 M5 Max）,Apple Silicon,Core ML,CPU,Face Detection (SP),"100%
",5393
544426,MacBook Pro（14 英寸，M5 Pro 或 M5 Max）,Apple Silicon,Core ML,CPU,Face Detection (HP),"100%
",9675
544426,MacBook Pro（14 英寸，M5 Pro 或 M5 Max）,Apple Silicon,Core ML,CPU,Face Detection (Q),"100%
",5224
544426,MacBook Pro（14 英寸，M5 Pro 或 M5 Max）,Apple Silicon,Core ML,CPU,Depth Estimation (SP),"100%
",9058
544426,MacBook Pro（14 英寸，M5 Pro 或 M5 Max）,Apple Silicon,Core ML,CPU,Depth Estimation (HP),"98%
",11616
544426,MacBook Pro（14 英寸，M5 Pro 或 M5 Max）,Apple Silicon,Core ML,CPU,Depth Estimation (Q),"85%
",8243
544426,MacBook Pro（14 英寸，M5 Pro 或 M5 Max）,Apple Silicon,Core ML,CPU,Style Transfer (SP),"100%
",24455
544426,MacBook Pro（14 英寸，M5 Pro 或 M5 Max）,Apple Silicon,Core ML,CPU,Style Transfer (HP),"100%
",46063
544426,MacBook Pro（14 英寸，M5 Pro 或 M5 Max）,Apple Silicon,Core ML,CPU,Style Transfer (Q),"96%
",36935
544426,MacBook Pro（14 英寸，M5 Pro 或 M5 Max）,Apple Silicon,Core ML,CPU,Image Super-Resolution (SP),"100%
",5843
544426,MacBook Pro（14 英寸，M5 Pro 或 M5 Max）,Apple Silicon,Core ML,CPU,Image Super-Resolution (HP),"100%
",10704
544426,MacBook Pro（14 英寸，M5 Pro 或 M5 Max）,Apple Silicon,Core ML,CPU,Image Super-Resolution (Q),"99%
",6291
544426,MacBook Pro（14 英寸，M5 Pro 或 M5 Max）,Apple Silicon,Core ML,CPU,Text Classification (SP),"99%
",5955
544426,MacBook Pro（14 英寸，M5 Pro 或 M5 Max）,Apple Silicon,Core ML,CPU,Text Classification (HP),"99%
",10012
544426,MacBook Pro（14 英寸，M5 Pro 或 M5 Max）,Apple Silicon,Core ML,CPU,Text Classification (Q),"93%
",9804
544426,MacBook Pro（14 英寸，M5 Pro 或 M5 Max）,Apple Silicon,Core ML,CPU,Machine Translation (SP),"100%
",2733
544426,MacBook Pro（14 英寸，M5 Pro 或 M5 Max）,Apple Silicon,Core ML,CPU,Machine Translation (HP),"100%
",9612
544426,MacBook Pro（14 英寸，M5 Pro 或 M5 Max）,Apple Silicon,Core ML,CPU,Machine Translation (Q),"98%
",9506
544731,MacBook Pro (16-inch Late 2019),Intel,Core ML,CPU,Image Classification (SP),"100%
",397
544731,MacBook Pro (16-inch Late 2019),Intel,Core ML,CPU,Image Classification (HP),"100%
",298
544731,MacBook Pro (16-inch Late 2019),Intel,Core ML,CPU,Image Classification (Q),"96%
",170
544731,MacBook Pro (16-inch Late 2019),Intel,Core ML,CPU,Image Segmentation (SP),"100%
",355
544731,MacBook Pro (16-inch Late 2019),Intel,Core ML,CPU,Image Segmentation (HP),"100%
",274
544731,MacBook Pro (16-inch Late 2019),Intel,Core ML,CPU,Image Segmentation (Q),"99%
",240
544731,MacBook Pro (16-inch Late 2019),Intel,Core ML,CPU,Pose Estimation (SP),"100%
",2673
544731,MacBook Pro (16-inch Late 2019),Intel,Core ML,CPU,Pose Estimation (HP),"100%
",1838
544731,MacBook Pro (16-inch Late 2019),Intel,Core ML,CPU,Pose Estimation (Q),"96%
",1469
544731,MacBook Pro (16-inch Late 2019),Intel,Core ML,CPU,Object Detection (SP),"100%
",403
544731,MacBook Pro (16-inch Late 2019),Intel,Core ML,CPU,Object Detection (HP),"100%
",331
544731,MacBook Pro (16-inch Late 2019),Intel,Core ML,CPU,Object Detection (Q),"92%
",200
544731,MacBook Pro (16-inch Late 2019),Intel,Core ML,CPU,Face Detection (SP),"100%
",779
544731,MacBook Pro (16-inch Late 2019),Intel,Core ML,CPU,Face Detection (HP),"100%
",668
544731,MacBook Pro (16-inch Late 2019),Intel,Core ML,CPU,Face Detection (Q),"100%
",306
544731,MacBook Pro (16-inch Late 2019),Intel,Core ML,CPU,Depth Estimation (SP),"100%
",1281
544731,MacBook Pro (16-inch Late 2019),Intel,Core ML,CPU,Depth Estimation (HP),"99%
",1044
544731,MacBook Pro (16-inch Late 2019),Intel,Core ML,CPU,Depth Estimation (Q),"86%
",688
544731,MacBook Pro (16-inch Late 2019),Intel,Core ML,CPU,Style Transfer (SP),"100%
",4132
544731,MacBook Pro (16-inch Late 2019),Intel,Core ML,CPU,Style Transfer (HP),"100%
",3759
544731,MacBook Pro (16-inch Late 2019),Intel,Core ML,CPU,Style Transfer (Q),"96%
",2743
544731,MacBook Pro (16-inch Late 2019),Intel,Core ML,CPU,Image Super-Resolution (SP),"100%
",1489
544731,MacBook Pro (16-inch Late 2019),Intel,Core ML,CPU,Image Super-Resolution (HP),"100%
",1245
544731,MacBook Pro (16-inch Late 2019),Intel,Core ML,CPU,Image Super-Resolution (Q),"99%
",530
544731,MacBook Pro (16-inch Late 2019),Intel,Core ML,CPU,Text Classification (SP),"100%
",470
544731,MacBook Pro (16-inch Late 2019),Intel,Core ML,CPU,Text Classification (HP),"100%
",439
544731,MacBook Pro (16-inch Late 2019),Intel,Core ML,CPU,Text Classification (Q),"93%
",458
544731,MacBook Pro (16-inch Late 2019),Intel,Core ML,CPU,Machine Translation (SP),"100%
",336
544731,MacBook Pro (16-inch Late 2019),Intel,Core ML,CPU,Machine Translation (HP),"100%
",543
544731,MacBook Pro (16-inch Late 2019),Intel,Core ML,CPU,Machine Translation (Q),"98%
",540
544737,MacBook Pro (16-inch Late 2019),Intel,Core ML,GPU,Image Classification (SP),"100%
",2455
544737,MacBook Pro (16-inch Late 2019),Intel,Core ML,GPU,Image Classification (HP),"100%
",2478
544737,MacBook Pro (16-inch Late 2019),Intel,Core ML,GPU,Image Classification (Q),"96%
",138
544737,MacBook Pro (16-inch Late 2019),Intel,Core ML,GPU,Image Segmentation (SP),"100%
",317
544737,MacBook Pro (16-inch Late 2019),Intel,Core ML,GPU,Image Segmentation (HP),"100%
",320
544737,MacBook Pro (16-inch Late 2019),Intel,Core ML,GPU,Image Segmentation (Q),"99%
",189
544737,MacBook Pro (16-inch Late 2019),Intel,Core ML,GPU,Pose Estimation (SP),"100%
",14939
544737,MacBook Pro (16-inch Late 2019),Intel,Core ML,GPU,Pose Estimation (HP),"100%
",14417
544737,MacBook Pro (16-inch Late 2019),Intel,Core ML,GPU,Pose Estimation (Q),"96%
",1872
544737,MacBook Pro (16-inch Late 2019),Intel,Core ML,GPU,Object Detection (SP),"100%
",2305
544737,MacBook Pro (16-inch Late 2019),Intel,Core ML,GPU,Object Detection (HP),"100%
",2264
544737,MacBook Pro (16-inch Late 2019),Intel,Core ML,GPU,Object Detection (Q),"92%
",149
544737,MacBook Pro (16-inch Late 2019),Intel,Core ML,GPU,Face Detection (SP),"100%
",8445
544737,MacBook Pro (16-inch Late 2019),Intel,Core ML,GPU,Face Detection (HP),"100%
",8411
544737,MacBook Pro (16-inch Late 2019),Intel,Core ML,GPU,Face Detection (Q),"100%
",203
544737,MacBook Pro (16-inch Late 2019),Intel,Core ML,GPU,Depth Estimation (SP),"100%
",10165
544737,MacBook Pro (16-inch Late 2019),Intel,Core ML,GPU,Depth Estimation (HP),"99%
",9756
544737,MacBook Pro (16-inch Late 2019),Intel,Core ML,GPU,Depth Estimation (Q),"1%
",0
544737,MacBook Pro (16-inch Late 2019),Intel,Core ML,GPU,Style Transfer (SP),"100%
",28686
544737,MacBook Pro (16-inch Late 2019),Intel,Core ML,GPU,Style Transfer (HP),"100%
",28416
544737,MacBook Pro (16-inch Late 2019),Intel,Core ML,GPU,Style Transfer (Q),"96%
",36743
544737,MacBook Pro (16-inch Late 2019),Intel,Core ML,GPU,Image Super-Resolution (SP),"100%
",3740
544737,MacBook Pro (16-inch Late 2019),Intel,Core ML,GPU,Image Super-Resolution (HP),"100%
",5207
544737,MacBook Pro (16-inch Late 2019),Intel,Core ML,GPU,Image Super-Resolution (Q),"99%
",5809
544737,MacBook Pro (16-inch Late 2019),Intel,Core ML,GPU,Text Classification (SP),"100%
",337
544737,MacBook Pro (16-inch Late 2019),Intel,Core ML,GPU,Text Classification (HP),"100%
",375
544737,MacBook Pro (16-inch Late 2019),Intel,Core ML,GPU,Text Classification (Q),"93%
",486
544737,MacBook Pro (16-inch Late 2019),Intel,Core ML,GPU,Machine Translation (SP),"100%
",457
544737,MacBook Pro (16-inch Late 2019),Intel,Core ML,GPU,Machine Translation (HP),"100%
",389
544737,MacBook Pro (16-inch Late 2019),Intel,Core ML,GPU,Machine Translation (Q),"98%
",390
544745,"MacBook Air (13-inch, 2025)",Apple Silicon,Core ML,CPU,Image Classification (SP),"100%
",1980
544745,"MacBook Air (13-inch, 2025)",Apple Silicon,Core ML,CPU,Image Classification (HP),"100%
",3374
544745,"MacBook Air (13-inch, 2025)",Apple Silicon,Core ML,CPU,Image Classification (Q),"96%
",2285
544745,"MacBook Air (13-inch, 2025)",Apple Silicon,Core ML,CPU,Image Segmentation (SP),"100%
",2069
544745,"MacBook Air (13-inch, 2025)",Apple Silicon,Core ML,CPU,Image Segmentation (HP),"100%
",3138
544745,"MacBook Air (13-inch, 2025)",Apple Silicon,Core ML,CPU,Image Segmentation (Q),"99%
",3452
544745,"MacBook Air (13-inch, 2025)",Apple Silicon,Core ML,CPU,Pose Estimation (SP),"100%
",7561
544745,"MacBook Air (13-inch, 2025)",Apple Silicon,Core ML,CPU,Pose Estimation (HP),"100%
",17609
544745,"MacBook Air (13-inch, 2025)",Apple Silicon,Core ML,CPU,Pose Estimation (Q),"95%
",15314
544745,"MacBook Air (13-inch, 2025)",Apple Silicon,Core ML,CPU,Object Detection (SP),"100%
",2384
544745,"MacBook Air (13-inch, 2025)",Apple Silicon,Core ML,CPU,Object Detection (HP),"97%
",3735
544745,"MacBook Air (13-inch, 2025)",Apple Silicon,Core ML,CPU,Object Detection (Q),"94%
",2648
544745,"MacBook Air (13-inch, 2025)",Apple Silicon,Core ML,CPU,Face Detection (SP),"100%
",4257
544745,"MacBook Air (13-inch, 2025)",Apple Silicon,Core ML,CPU,Face Detection (HP),"100%
",7080
544745,"MacBook Air (13-inch, 2025)",Apple Silicon,Core ML,CPU,Face Detection (Q),"100%
",4211
544745,"MacBook Air (13-inch, 2025)",Apple Silicon,Core ML,CPU,Depth Estimation (SP),"100%
",7949
544745,"MacBook Air (13-inch, 2025)",Apple Silicon,Core ML,CPU,Depth Estimation (HP),"97%
",13848
544745,"MacBook Air (13-inch, 2025)",Apple Silicon,Core ML,CPU,Depth Estimation (Q),"86%
",9687
544745,"MacBook Air (13-inch, 2025)",Apple Silicon,Core ML,CPU,Style Transfer (SP),"100%
",19281
544745,"MacBook Air (13-inch, 2025)",Apple Silicon,Core ML,CPU,Style Transfer (HP),"100%
",35947
544745,"MacBook Air (13-inch, 2025)",Apple Silicon,Core ML,CPU,Style Transfer (Q),"96%
",30624
544745,"MacBook Air (13-inch, 2025)",Apple Silicon,Core ML,CPU,Image Super-Resolution (SP),"100%
",4525
544745,"MacBook Air (13-inch, 2025)",Apple Silicon,Core ML,CPU,Image Super-Resolution (HP),"100%
",7147
544745,"MacBook Air (13-inch, 2025)",Apple Silicon,Core ML,CPU,Image Super-Resolution (Q),"99%
",4967
544745,"MacBook Air (13-inch, 2025)",Apple Silicon,Core ML,CPU,Text Classification (SP),"100%
",6567
544745,"MacBook Air (13-inch, 2025)",Apple Silicon,Core ML,CPU,Text Classification (HP),"100%
",10046
544745,"MacBook Air (13-inch, 2025)",Apple Silicon,Core ML,CPU,Text Classification (Q),"93%
",9986
544745,"MacBook Air (13-inch, 2025)",Apple Silicon,Core ML,CPU,Machine Translation (SP),"100%
",4320
544745,"MacBook Air (13-inch, 2025)",Apple Silicon,Core ML,CPU,Machine Translation (HP),"98%
",6953
544745,"MacBook Air (13-inch, 2025)",Apple Silicon,Core ML,CPU,Machine Translation (Q),"98%
",6984
544752,"MacBook Air (13-inch, 2025)",Apple Silicon,Core ML,Neural Engine,Image Classification (SP),"100%
",1825
544752,"MacBook Air (13-inch, 2025)",Apple Silicon,Core ML,Neural Engine,Image Classification (HP),"100%
",18652
544752,"MacBook Air (13-inch, 2025)",Apple Silicon,Core ML,Neural Engine,Image Classification (Q),"97%
",28307
544752,"MacBook Air (13-inch, 2025)",Apple Silicon,Core ML,Neural Engine,Image Segmentation (SP),"100%
",1999
544752,"MacBook Air (13-inch, 2025)",Apple Silicon,Core ML,Neural Engine,Image Segmentation (HP),"100%
",20347
544752,"MacBook Air (13-inch, 2025)",Apple Silicon,Core ML,Neural Engine,Image Segmentation (Q),"99%
",32407
544752,"MacBook Air (13-inch, 2025)",Apple Silicon,Core ML,Neural Engine,Pose Estimation (SP),"100%
",7269
544752,"MacBook Air (13-inch, 2025)",Apple Silicon,Core ML,Neural Engine,Pose Estimation (HP),"100%
",84842
544752,"MacBook Air (13-inch, 2025)",Apple Silicon,Core ML,Neural Engine,Pose Estimation (Q),"95%
",176799
544752,"MacBook Air (13-inch, 2025)",Apple Silicon,Core ML,Neural Engine,Object Detection (SP),"100%
",2080
544752,"MacBook Air (13-inch, 2025)",Apple Silicon,Core ML,Neural Engine,Object Detection (HP),"100%
",17286
544752,"MacBook Air (13-inch, 2025)",Apple Silicon,Core ML,Neural Engine,Object Detection (Q),"89%
",23180
544752,"MacBook Air (13-inch, 2025)",Apple Silicon,Core ML,Neural Engine,Face Detection (SP),"100%
",3373
544752,"MacBook Air (13-inch, 2025)",Apple Silicon,Core ML,Neural Engine,Face Detection (HP),"100%
",37090
544752,"MacBook Air (13-inch, 2025)",Apple Silicon,Core ML,Neural Engine,Face Detection (Q),"100%
",53364
544752,"MacBook Air (13-inch, 2025)",Apple Silicon,Core ML,Neural Engine,Depth Estimation (SP),"100%
",5590
544752,"MacBook Air (13-inch, 2025)",Apple Silicon,Core ML,Neural Engine,Depth Estimation (HP),"99%
",82818
544752,"MacBook Air (13-inch, 2025)",Apple Silicon,Core ML,Neural Engine,Depth Estimation (Q),"85%
",142181
544752,"MacBook Air (13-inch, 2025)",Apple Silicon,Core ML,Neural Engine,Style Transfer (SP),"100%
",13248
544752,"MacBook Air (13-inch, 2025)",Apple Silicon,Core ML,Neural Engine,Style Transfer (HP),"100%
",198515
544752,"MacBook Air (13-inch, 2025)",Apple Silicon,Core ML,Neural Engine,Style Transfer (Q),"96%
",248299
544752,"MacBook Air (13-inch, 2025)",Apple Silicon,Core ML,Neural Engine,Image Super-Resolution (SP),"100%
",3828
544752,"MacBook Air (13-inch, 2025)",Apple Silicon,Core ML,Neural Engine,Image Super-Resolution (HP),"100%
",42363
544752,"MacBook Air (13-inch, 2025)",Apple Silicon,Core ML,Neural Engine,Image Super-Resolution (Q),"99%
",77449
544752,"MacBook Air (13-inch, 2025)",Apple Silicon,Core ML,Neural Engine,Text Classification (SP),"99%
",5241
544752,"MacBook Air (13-inch, 2025)",Apple Silicon,Core ML,Neural Engine,Text Classification (HP),"100%
",7995
544752,"MacBook Air (13-inch, 2025)",Apple Silicon,Core ML,Neural Engine,Text Classification (Q),"93%
",8007
544752,"MacBook Air (13-inch, 2025)",Apple Silicon,Core ML,Neural Engine,Machine Translation (SP),"100%
",2008
544752,"MacBook Air (13-inch, 2025)",Apple Silicon,Core ML,Neural Engine,Machine Translation (HP),"100%
",7579
544752,"MacBook Air (13-inch, 2025)",Apple Silicon,Core ML,Neural Engine,Machine Translation (Q),"98%
",13688
544764,"MacBook Pro (14-inch, 2024)",Apple Silicon,Core ML,CPU,Image Classification (SP),"100%
",2153
544764,"MacBook Pro (14-inch, 2024)",Apple Silicon,Core ML,CPU,Image Classification (HP),"100%
",2999
544764,"MacBook Pro (14-inch, 2024)",Apple Silicon,Core ML,CPU,Image Classification (Q),"96%
",2160
544764,"MacBook Pro (14-inch, 2024)",Apple Silicon,Core ML,CPU,Image Segmentation (SP),"100%
",2458
544764,"MacBook Pro (14-inch, 2024)",Apple Silicon,Core ML,CPU,Image Segmentation (HP),"100%
",3652
544764,"MacBook Pro (14-inch, 2024)",Apple Silicon,Core ML,CPU,Image Segmentation (Q),"99%
",3930
544764,"MacBook Pro (14-inch, 2024)",Apple Silicon,Core ML,CPU,Pose Estimation (SP),"100%
",15727
544764,"MacBook Pro (14-inch, 2024)",Apple Silicon,Core ML,CPU,Pose Estimation (HP),"100%
",34092
544764,"MacBook Pro (14-inch, 2024)",Apple Silicon,Core ML,CPU,Pose Estimation (Q),"95%
",26627
544764,"MacBook Pro (14-inch, 2024)",Apple Silicon,Core ML,CPU,Object Detection (SP),"100%
",2719
544764,"MacBook Pro (14-inch, 2024)",Apple Silicon,Core ML,CPU,Object Detection (HP),"97%
",3890
544764,"MacBook Pro (14-inch, 2024)",Apple Silicon,Core ML,CPU,Object Detection (Q),"94%
",2762
544764,"MacBook Pro (14-inch, 2024)",Apple Silicon,Core ML,CPU,Face Detection (SP),"100%
",5404
544764,"MacBook Pro (14-inch, 2024)",Apple Silicon,Core ML,CPU,Face Detection (HP),"100%
",8683
544764,"MacBook Pro (14-inch, 2024)",Apple Silicon,Core ML,CPU,Face Detection (Q),"100%
",4845
544764,"MacBook Pro (14-inch, 2024)",Apple Silicon,Core ML,CPU,Depth Estimation (SP),"100%
",8997
544764,"MacBook Pro (14-inch, 2024)",Apple Silicon,Core ML,CPU,Depth Estimation (HP),"97%
",15312
544764,"MacBook Pro (14-inch, 2024)",Apple Silicon,Core ML,CPU,Depth Estimation (Q),"86%
",9667
544764,"MacBook Pro (14-inch, 2024)",Apple Silicon,Core ML,CPU,Style Transfer (SP),"100%
",29754
544764,"MacBook Pro (14-inch, 2024)",Apple Silicon,Core ML,CPU,Style Transfer (HP),"100%
",56833
544764,"MacBook Pro (14-inch, 2024)",Apple Silicon,Core ML,CPU,Style Transfer (Q),"96%
",43770
544764,"MacBook Pro (14-inch, 2024)",Apple Silicon,Core ML,CPU,Image Super-Resolution (SP),"100%
",5453
544764,"MacBook Pro (14-inch, 2024)",Apple Silicon,Core ML,CPU,Image Super-Resolution (HP),"100%
",9542
544764,"MacBook Pro (14-inch, 2024)",Apple Silicon,Core ML,CPU,Image Super-Resolution (Q),"99%
",5857
544764,"MacBook Pro (14-inch, 2024)",Apple Silicon,Core ML,CPU,Text Classification (SP),"100%
",6055
544764,"MacBook Pro (14-inch, 2024)",Apple Silicon,Core ML,CPU,Text Classification (HP),"99%
",9749
544764,"MacBook Pro (14-inch, 2024)",Apple Silicon,Core ML,CPU,Text Classification (Q),"92%
",9411
544764,"MacBook Pro (14-inch, 2024)",Apple Silicon,Core ML,CPU,Machine Translation (SP),"100%
",5962
544764,"MacBook Pro (14-inch, 2024)",Apple Silicon,Core ML,CPU,Machine Translation (HP),"98%
",9562
544764,"MacBook Pro (14-inch, 2024)",Apple Silicon,Core ML,CPU,Machine Translation (Q),"98%
",9534
544542,MacBook Neo（A18 Pro，2026 年）,Apple Silicon,Core ML,GPU,Image Classification (SP),"100%
",3311
544542,MacBook Neo（A18 Pro，2026 年）,Apple Silicon,Core ML,GPU,Image Classification (HP),"100%
",3550
544542,MacBook Neo（A18 Pro，2026 年）,Apple Silicon,Core ML,GPU,Image Classification (Q),"96%
",3404
544542,MacBook Neo（A18 Pro，2026 年）,Apple Silicon,Core ML,GPU,Image Segmentation (SP),"100%
",4218
544542,MacBook Neo（A18 Pro，2026 年）,Apple Silicon,Core ML,GPU,Image Segmentation (HP),"100%
",4580
544542,MacBook Neo（A18 Pro，2026 年）,Apple Silicon,Core ML,GPU,Image Segmentation (Q),"99%
",4293
544542,MacBook Neo（A18 Pro，2026 年）,Apple Silicon,Core ML,GPU,Pose Estimation (SP),"100%
",14246
544542,MacBook Neo（A18 Pro，2026 年）,Apple Silicon,Core ML,GPU,Pose Estimation (HP),"100%
",16260
544542,MacBook Neo（A18 Pro，2026 年）,Apple Silicon,Core ML,GPU,Pose Estimation (Q),"96%
",15839
544542,MacBook Neo（A18 Pro，2026 年）,Apple Silicon,Core ML,GPU,Object Detection (SP),"100%
",3231
544542,MacBook Neo（A18 Pro，2026 年）,Apple Silicon,Core ML,GPU,Object Detection (HP),"100%
",3745
544542,MacBook Neo（A18 Pro，2026 年）,Apple Silicon,Core ML,GPU,Object Detection (Q),"91%
",3295
544542,MacBook Neo（A18 Pro，2026 年）,Apple Silicon,Core ML,GPU,Face Detection (SP),"100%
",8358
544542,MacBook Neo（A18 Pro，2026 年）,Apple Silicon,Core ML,GPU,Face Detection (HP),"100%
",10700
544542,MacBook Neo（A18 Pro，2026 年）,Apple Silicon,Core ML,GPU,Face Detection (Q),"100%
",7569
544542,MacBook Neo（A18 Pro，2026 年）,Apple Silicon,Core ML,GPU,Depth Estimation (SP),"100%
",12261
544542,MacBook Neo（A18 Pro，2026 年）,Apple Silicon,Core ML,GPU,Depth Estimation (HP),"99%
",13925
544542,MacBook Neo（A18 Pro，2026 年）,Apple Silicon,Core ML,GPU,Depth Estimation (Q),"85%
",13303
544542,MacBook Neo（A18 Pro，2026 年）,Apple Silicon,Core ML,GPU,Style Transfer (SP),"100%
",30849
544542,MacBook Neo（A18 Pro，2026 年）,Apple Silicon,Core ML,GPU,Style Transfer (HP),"100%
",35898
544542,MacBook Neo（A18 Pro，2026 年）,Apple Silicon,Core ML,GPU,Style Transfer (Q),"96%
",35485
544542,MacBook Neo（A18 Pro，2026 年）,Apple Silicon,Core ML,GPU,Image Super-Resolution (SP),"100%
",7268
544542,MacBook Neo（A18 Pro，2026 年）,Apple Silicon,Core ML,GPU,Image Super-Resolution (HP),"100%
",7509
544542,MacBook Neo（A18 Pro，2026 年）,Apple Silicon,Core ML,GPU,Image Super-Resolution (Q),"99%
",6800
544542,MacBook Neo（A18 Pro，2026 年）,Apple Silicon,Core ML,GPU,Text Classification (SP),"99%
",6848
544542,MacBook Neo（A18 Pro，2026 年）,Apple Silicon,Core ML,GPU,Text Classification (HP),"99%
",12144
544542,MacBook Neo（A18 Pro，2026 年）,Apple Silicon,Core ML,GPU,Text Classification (Q),"92%
",10594
544542,MacBook Neo（A18 Pro，2026 年）,Apple Silicon,Core ML,GPU,Machine Translation (SP),"100%
",4725
544542,MacBook Neo（A18 Pro，2026 年）,Apple Silicon,Core ML,GPU,Machine Translation (HP),"100%
",5636
544542,MacBook Neo（A18 Pro，2026 年）,Apple Silicon,Core ML,GPU,Machine Translation (Q),"98%
",4801
544544,"MacBook Air (13-inch, 2025)",Apple Silicon,Core ML,GPU,Image Classification (SP),"100%
",4480
544544,"MacBook Air (13-inch, 2025)",Apple Silicon,Core ML,GPU,Image Classification (HP),"100%
",4577
544544,"MacBook Air (13-inch, 2025)",Apple Silicon,Core ML,GPU,Image Classification (Q),"96%
",4403
544544,"MacBook Air (13-inch, 2025)",Apple Silicon,Core ML,GPU,Image Segmentation (SP),"100%
",6323
544544,"MacBook Air (13-inch, 2025)",Apple Silicon,Core ML,GPU,Image Segmentation (HP),"100%
",6716
544544,"MacBook Air (13-inch, 2025)",Apple Silicon,Core ML,GPU,Image Segmentation (Q),"99%
",6472
544544,"MacBook Air (13-inch, 2025)",Apple Silicon,Core ML,GPU,Pose Estimation (SP),"100%
",22019
544544,"MacBook Air (13-inch, 2025)",Apple Silicon,Core ML,GPU,Pose Estimation (HP),"100%
",25112
544544,"MacBook Air (13-inch, 2025)",Apple Silicon,Core ML,GPU,Pose Estimation (Q),"96%
",24477
544544,"MacBook Air (13-inch, 2025)",Apple Silicon,Core ML,GPU,Object Detection (SP),"100%
",4474
544544,"MacBook Air (13-inch, 2025)",Apple Silicon,Core ML,GPU,Object Detection (HP),"100%
",4810
544544,"MacBook Air (13-inch, 2025)",Apple Silicon,Core ML,GPU,Object Detection (Q),"91%
",4654
544544,"MacBook Air (13-inch, 2025)",Apple Silicon,Core ML,GPU,Face Detection (SP),"100%
",12202
544544,"MacBook Air (13-inch, 2025)",Apple Silicon,Core ML,GPU,Face Detection (HP),"100%
",15253
544544,"MacBook Air (13-inch, 2025)",Apple Silicon,Core ML,GPU,Face Detection (Q),"100%
",14225
544544,"MacBook Air (13-inch, 2025)",Apple Silicon,Core ML,GPU,Depth Estimation (SP),"100%
",18393
544544,"MacBook Air (13-inch, 2025)",Apple Silicon,Core ML,GPU,Depth Estimation (HP),"99%
",20276
544544,"MacBook Air (13-inch, 2025)",Apple Silicon,Core ML,GPU,Depth Estimation (Q),"85%
",19030
544544,"MacBook Air (13-inch, 2025)",Apple Silicon,Core ML,GPU,Style Transfer (SP),"100%
",49375
544544,"MacBook Air (13-inch, 2025)",Apple Silicon,Core ML,GPU,Style Transfer (HP),"100%
",56654
544544,"MacBook Air (13-inch, 2025)",Apple Silicon,Core ML,GPU,Style Transfer (Q),"96%
",54573
544544,"MacBook Air (13-inch, 2025)",Apple Silicon,Core ML,GPU,Image Super-Resolution (SP),"100%
",9453
544544,"MacBook Air (13-inch, 2025)",Apple Silicon,Core ML,GPU,Image Super-Resolution (HP),"100%
",10031
544544,"MacBook Air (13-inch, 2025)",Apple Silicon,Core ML,GPU,Image Super-Resolution (Q),"99%
",8794
544544,"MacBook Air (13-inch, 2025)",Apple Silicon,Core ML,GPU,Text Classification (SP),"99%
",6273
544544,"MacBook Air (13-inch, 2025)",Apple Silicon,Core ML,GPU,Text Classification (HP),"99%
",10123
544544,"MacBook Air (13-inch, 2025)",Apple Silicon,Core ML,GPU,Text Classification (Q),"93%
",10154
544544,"MacBook Air (13-inch, 2025)",Apple Silicon,Core ML,GPU,Machine Translation (SP),"100%
",5191
544544,"MacBook Air (13-inch, 2025)",Apple Silicon,Core ML,GPU,Machine Translation (HP),"100%
",5733
544544,"MacBook Air (13-inch, 2025)",Apple Silicon,Core ML,GPU,Machine Translation (Q),"98%
",1648
544545,"MacBook Air (13-inch, 2025)",Apple Silicon,Core ML,Neural Engine,Image Classification (SP),"100%
",2095
544545,"MacBook Air (13-inch, 2025)",Apple Silicon,Core ML,Neural Engine,Image Classification (HP),"100%
",17099
544545,"MacBook Air (13-inch, 2025)",Apple Silicon,Core ML,Neural Engine,Image Classification (Q),"97%
",25040
544545,"MacBook Air (13-inch, 2025)",Apple Silicon,Core ML,Neural Engine,Image Segmentation (SP),"100%
",2148
544545,"MacBook Air (13-inch, 2025)",Apple Silicon,Core ML,Neural Engine,Image Segmentation (HP),"100%
",22275
544545,"MacBook Air (13-inch, 2025)",Apple Silicon,Core ML,Neural Engine,Image Segmentation (Q),"99%
",31475
544545,"MacBook Air (13-inch, 2025)",Apple Silicon,Core ML,Neural Engine,Pose Estimation (SP),"100%
",8467
544545,"MacBook Air (13-inch, 2025)",Apple Silicon,Core ML,Neural Engine,Pose Estimation (HP),"100%
",123360
544545,"MacBook Air (13-inch, 2025)",Apple Silicon,Core ML,Neural Engine,Pose Estimation (Q),"95%
",232896
544545,"MacBook Air (13-inch, 2025)",Apple Silicon,Core ML,Neural Engine,Object Detection (SP),"100%
",2445
544545,"MacBook Air (13-inch, 2025)",Apple Silicon,Core ML,Neural Engine,Object Detection (HP),"100%
",19187
544545,"MacBook Air (13-inch, 2025)",Apple Silicon,Core ML,Neural Engine,Object Detection (Q),"89%
",27604
544545,"MacBook Air (13-inch, 2025)",Apple Silicon,Core ML,Neural Engine,Face Detection (SP),"100%
",4319
544545,"MacBook Air (13-inch, 2025)",Apple Silicon,Core ML,Neural Engine,Face Detection (HP),"100%
",42542
544545,"MacBook Air (13-inch, 2025)",Apple Silicon,Core ML,Neural Engine,Face Detection (Q),"100%
",67676
544545,"MacBook Air (13-inch, 2025)",Apple Silicon,Core ML,Neural Engine,Depth Estimation (SP),"100%
",8100
544545,"MacBook Air (13-inch, 2025)",Apple Silicon,Core ML,Neural Engine,Depth Estimation (HP),"99%
",101106
544545,"MacBook Air (13-inch, 2025)",Apple Silicon,Core ML,Neural Engine,Depth Estimation (Q),"85%
",175548
544545,"MacBook Air (13-inch, 2025)",Apple Silicon,Core ML,Neural Engine,Style Transfer (SP),"100%
",21889
544545,"MacBook Air (13-inch, 2025)",Apple Silicon,Core ML,Neural Engine,Style Transfer (HP),"100%
",236924
544545,"MacBook Air (13-inch, 2025)",Apple Silicon,Core ML,Neural Engine,Style Transfer (Q),"96%
",294437
544545,"MacBook Air (13-inch, 2025)",Apple Silicon,Core ML,Neural Engine,Image Super-Resolution (SP),"100%
",5279
544545,"MacBook Air (13-inch, 2025)",Apple Silicon,Core ML,Neural Engine,Image Super-Resolution (HP),"100%
",53929
544545,"MacBook Air (13-inch, 2025)",Apple Silicon,Core ML,Neural Engine,Image Super-Resolution (Q),"99%
",88066
544545,"MacBook Air (13-inch, 2025)",Apple Silicon,Core ML,Neural Engine,Text Classification (SP),"100%
",6437
544545,"MacBook Air (13-inch, 2025)",Apple Silicon,Core ML,Neural Engine,Text Classification (HP),"99%
",10384
544545,"MacBook Air (13-inch, 2025)",Apple Silicon,Core ML,Neural Engine,Text Classification (Q),"93%
",10236
544545,"MacBook Air (13-inch, 2025)",Apple Silicon,Core ML,Neural Engine,Machine Translation (SP),"100%
",4399
544545,"MacBook Air (13-inch, 2025)",Apple Silicon,Core ML,Neural Engine,Machine Translation (HP),"100%
",16444
544545,"MacBook Air (13-inch, 2025)",Apple Silicon,Core ML,Neural Engine,Machine Translation (Q),"98%
",18587
544547,"MacBook Air (13-inch, 2025)",Apple Silicon,Core ML,CPU,Image Classification (SP),"100%
",2074
544547,"MacBook Air (13-inch, 2025)",Apple Silicon,Core ML,CPU,Image Classification (HP),"100%
",3392
544547,"MacBook Air (13-inch, 2025)",Apple Silicon,Core ML,CPU,Image Classification (Q),"96%
",2358
544547,"MacBook Air (13-inch, 2025)",Apple Silicon,Core ML,CPU,Image Segmentation (SP),"100%
",2188
544547,"MacBook Air (13-inch, 2025)",Apple Silicon,Core ML,CPU,Image Segmentation (HP),"100%
",3198
544547,"MacBook Air (13-inch, 2025)",Apple Silicon,Core ML,CPU,Image Segmentation (Q),"99%
",3530
544547,"MacBook Air (13-inch, 2025)",Apple Silicon,Core ML,CPU,Pose Estimation (SP),"100%
",8893
544547,"MacBook Air (13-inch, 2025)",Apple Silicon,Core ML,CPU,Pose Estimation (HP),"100%
",19464
544547,"MacBook Air (13-inch, 2025)",Apple Silicon,Core ML,CPU,Pose Estimation (Q),"95%
",16664
544547,"MacBook Air (13-inch, 2025)",Apple Silicon,Core ML,CPU,Object Detection (SP),"100%
",2476
544547,"MacBook Air (13-inch, 2025)",Apple Silicon,Core ML,CPU,Object Detection (HP),"97%
",3862
544547,"MacBook Air (13-inch, 2025)",Apple Silicon,Core ML,CPU,Object Detection (Q),"94%
",2776
544547,"MacBook Air (13-inch, 2025)",Apple Silicon,Core ML,CPU,Face Detection (SP),"100%
",4501
544547,"MacBook Air (13-inch, 2025)",Apple Silicon,Core ML,CPU,Face Detection (HP),"100%
",7849
544547,"MacBook Air (13-inch, 2025)",Apple Silicon,Core ML,CPU,Face Detection (Q),"100%
",4507
544547,"MacBook Air (13-inch, 2025)",Apple Silicon,Core ML,CPU,Depth Estimation (SP),"100%
",8178
544547,"MacBook Air (13-inch, 2025)",Apple Silicon,Core ML,CPU,Depth Estimation (HP),"97%
",14102
544547,"MacBook Air (13-inch, 2025)",Apple Silicon,Core ML,CPU,Depth Estimation (Q),"86%
",9967
544547,"MacBook Air (13-inch, 2025)",Apple Silicon,Core ML,CPU,Style Transfer (SP),"100%
",22813
544547,"MacBook Air (13-inch, 2025)",Apple Silicon,Core ML,CPU,Style Transfer (HP),"100%
",39451
544547,"MacBook Air (13-inch, 2025)",Apple Silicon,Core ML,CPU,Style Transfer (Q),"96%
",32306
544547,"MacBook Air (13-inch, 2025)",Apple Silicon,Core ML,CPU,Image Super-Resolution (SP),"100%
",5293
544547,"MacBook Air (13-inch, 2025)",Apple Silicon,Core ML,CPU,Image Super-Resolution (HP),"100%
",7163
544547,"MacBook Air (13-inch, 2025)",Apple Silicon,Core ML,CPU,Image Super-Resolution (Q),"99%
",4944
544547,"MacBook Air (13-inch, 2025)",Apple Silicon,Core ML,CPU,Text Classification (SP),"99%
",6353
544547,"MacBook Air (13-inch, 2025)",Apple Silicon,Core ML,CPU,Text Classification (HP),"99%
",10530
544547,"MacBook Air (13-inch, 2025)",Apple Silicon,Core ML,CPU,Text Classification (Q),"92%
",10177
544547,"MacBook Air (13-inch, 2025)",Apple Silicon,Core ML,CPU,Machine Translation (SP),"100%
",4484
544547,"MacBook Air (13-inch, 2025)",Apple Silicon,Core ML,CPU,Machine Translation (HP),"98%
",7689
544547,"MacBook Air (13-inch, 2025)",Apple Silicon,Core ML,CPU,Machine Translation (Q),"98%
",7696
544552,MacBook Air（13 英寸，M3，2024 年）,Apple Silicon,Core ML,CPU,Image Classification (SP),"100%
",1406
544552,MacBook Air（13 英寸，M3，2024 年）,Apple Silicon,Core ML,CPU,Image Classification (HP),"100%
",2802
544552,MacBook Air（13 英寸，M3，2024 年）,Apple Silicon,Core ML,CPU,Image Classification (Q),"96%
",1852
544552,MacBook Air（13 英寸，M3，2024 年）,Apple Silicon,Core ML,CPU,Image Segmentation (SP),"100%
",1348
544552,MacBook Air（13 英寸，M3，2024 年）,Apple Silicon,Core ML,CPU,Image Segmentation (HP),"100%
",2475
544552,MacBook Air（13 英寸，M3，2024 年）,Apple Silicon,Core ML,CPU,Image Segmentation (Q),"99%
",2841
544552,MacBook Air（13 英寸，M3，2024 年）,Apple Silicon,Core ML,CPU,Pose Estimation (SP),"100%
",6973
544552,MacBook Air（13 英寸，M3，2024 年）,Apple Silicon,Core ML,CPU,Pose Estimation (HP),"100%
",14806
544552,MacBook Air（13 英寸，M3，2024 年）,Apple Silicon,Core ML,CPU,Pose Estimation (Q),"95%
",13039
544552,MacBook Air（13 英寸，M3，2024 年）,Apple Silicon,Core ML,CPU,Object Detection (SP),"100%
",1490
544552,MacBook Air（13 英寸，M3，2024 年）,Apple Silicon,Core ML,CPU,Object Detection (HP),"97%
",3160
544552,MacBook Air（13 英寸，M3，2024 年）,Apple Silicon,Core ML,CPU,Object Detection (Q),"94%
",2306
544552,MacBook Air（13 英寸，M3，2024 年）,Apple Silicon,Core ML,CPU,Face Detection (SP),"100%
",3306
544552,MacBook Air（13 英寸，M3，2024 年）,Apple Silicon,Core ML,CPU,Face Detection (HP),"100%
",6424
544552,MacBook Air（13 英寸，M3，2024 年）,Apple Silicon,Core ML,CPU,Face Detection (Q),"100%
",3851
544552,MacBook Air（13 英寸，M3，2024 年）,Apple Silicon,Core ML,CPU,Depth Estimation (SP),"100%
",6608
544552,MacBook Air（13 英寸，M3，2024 年）,Apple Silicon,Core ML,CPU,Depth Estimation (HP),"98%
",12611
544552,MacBook Air（13 英寸，M3，2024 年）,Apple Silicon,Core ML,CPU,Depth Estimation (Q),"85%
",8926
544552,MacBook Air（13 英寸，M3，2024 年）,Apple Silicon,Core ML,CPU,Style Transfer (SP),"100%
",21217
544552,MacBook Air（13 英寸，M3，2024 年）,Apple Silicon,Core ML,CPU,Style Transfer (HP),"100%
",34540
544552,MacBook Air（13 英寸，M3，2024 年）,Apple Silicon,Core ML,CPU,Style Transfer (Q),"96%
",28508
544552,MacBook Air（13 英寸，M3，2024 年）,Apple Silicon,Core ML,CPU,Image Super-Resolution (SP),"100%
",4694
544552,MacBook Air（13 英寸，M3，2024 年）,Apple Silicon,Core ML,CPU,Image Super-Resolution (HP),"100%
",6159
544552,MacBook Air（13 英寸，M3，2024 年）,Apple Silicon,Core ML,CPU,Image Super-Resolution (Q),"99%
",4463
544552,MacBook Air（13 英寸，M3，2024 年）,Apple Silicon,Core ML,CPU,Text Classification (SP),"99%
",5688
544552,MacBook Air（13 英寸，M3，2024 年）,Apple Silicon,Core ML,CPU,Text Classification (HP),"100%
",9485
544552,MacBook Air（13 英寸，M3，2024 年）,Apple Silicon,Core ML,CPU,Text Classification (Q),"92%
",9437
544552,MacBook Air（13 英寸，M3，2024 年）,Apple Silicon,Core ML,CPU,Machine Translation (SP),"100%
",3156
544552,MacBook Air（13 英寸，M3，2024 年）,Apple Silicon,Core ML,CPU,Machine Translation (HP),"98%
",5330
544552,MacBook Air（13 英寸，M3，2024 年）,Apple Silicon,Core ML,CPU,Machine Translation (Q),"98%
",5837
544817,"MacBook Pro (16-inch, 2023)",Apple Silicon,Core ML,CPU,Image Classification (SP),"100%
",1373
544817,"MacBook Pro (16-inch, 2023)",Apple Silicon,Core ML,CPU,Image Classification (HP),"100%
",2310
544817,"MacBook Pro (16-inch, 2023)",Apple Silicon,Core ML,CPU,Image Classification (Q),"96%
",1690
544817,"MacBook Pro (16-inch, 2023)",Apple Silicon,Core ML,CPU,Image Segmentation (SP),"100%
",1741
544817,"MacBook Pro (16-inch, 2023)",Apple Silicon,Core ML,CPU,Image Segmentation (HP),"100%
",2643
544817,"MacBook Pro (16-inch, 2023)",Apple Silicon,Core ML,CPU,Image Segmentation (Q),"99%
",2868
544817,"MacBook Pro (16-inch, 2023)",Apple Silicon,Core ML,CPU,Pose Estimation (SP),"100%
",10503
544817,"MacBook Pro (16-inch, 2023)",Apple Silicon,Core ML,CPU,Pose Estimation (HP),"100%
",25209
544817,"MacBook Pro (16-inch, 2023)",Apple Silicon,Core ML,CPU,Pose Estimation (Q),"95%
",19409
544817,"MacBook Pro (16-inch, 2023)",Apple Silicon,Core ML,CPU,Object Detection (SP),"100%
",1624
544817,"MacBook Pro (16-inch, 2023)",Apple Silicon,Core ML,CPU,Object Detection (HP),"97%
",2781
544817,"MacBook Pro (16-inch, 2023)",Apple Silicon,Core ML,CPU,Object Detection (Q),"94%
",2020
544817,"MacBook Pro (16-inch, 2023)",Apple Silicon,Core ML,CPU,Face Detection (SP),"100%
",3621
544817,"MacBook Pro (16-inch, 2023)",Apple Silicon,Core ML,CPU,Face Detection (HP),"100%
",6315
544817,"MacBook Pro (16-inch, 2023)",Apple Silicon,Core ML,CPU,Face Detection (Q),"100%
",3476
544817,"MacBook Pro (16-inch, 2023)",Apple Silicon,Core ML,CPU,Depth Estimation (SP),"100%
",5881
544817,"MacBook Pro (16-inch, 2023)",Apple Silicon,Core ML,CPU,Depth Estimation (HP),"98%
",12071
544817,"MacBook Pro (16-inch, 2023)",Apple Silicon,Core ML,CPU,Depth Estimation (Q),"85%
",8199
544817,"MacBook Pro (16-inch, 2023)",Apple Silicon,Core ML,CPU,Style Transfer (SP),"100%
",24296
544817,"MacBook Pro (16-inch, 2023)",Apple Silicon,Core ML,CPU,Style Transfer (HP),"100%
",42025
544817,"MacBook Pro (16-inch, 2023)",Apple Silicon,Core ML,CPU,Style Transfer (Q),"96%
",32498
544817,"MacBook Pro (16-inch, 2023)",Apple Silicon,Core ML,CPU,Image Super-Resolution (SP),"100%
",4605
544817,"MacBook Pro (16-inch, 2023)",Apple Silicon,Core ML,CPU,Image Super-Resolution (HP),"100%
",6836
544817,"MacBook Pro (16-inch, 2023)",Apple Silicon,Core ML,CPU,Image Super-Resolution (Q),"99%
",4424
544817,"MacBook Pro (16-inch, 2023)",Apple Silicon,Core ML,CPU,Text Classification (SP),"100%
",4500
544817,"MacBook Pro (16-inch, 2023)",Apple Silicon,Core ML,CPU,Text Classification (HP),"99%
",6876
544817,"MacBook Pro (16-inch, 2023)",Apple Silicon,Core ML,CPU,Text Classification (Q),"93%
",6857
544817,"MacBook Pro (16-inch, 2023)",Apple Silicon,Core ML,CPU,Machine Translation (SP),"100%
",4416
544817,"MacBook Pro (16-inch, 2023)",Apple Silicon,Core ML,CPU,Machine Translation (HP),"98%
",7258
544817,"MacBook Pro (16-inch, 2023)",Apple Silicon,Core ML,CPU,Machine Translation (Q),"98%
",7313
544587,"iMac (24-inch, 2024)",Apple Silicon,Core ML,Neural Engine,Image Classification (SP),"100%
",2043
544587,"iMac (24-inch, 2024)",Apple Silicon,Core ML,Neural Engine,Image Classification (HP),"100%
",18348
544587,"iMac (24-inch, 2024)",Apple Silicon,Core ML,Neural Engine,Image Classification (Q),"97%
",26301
544587,"iMac (24-inch, 2024)",Apple Silicon,Core ML,Neural Engine,Image Segmentation (SP),"100%
",2130
544587,"iMac (24-inch, 2024)",Apple Silicon,Core ML,Neural Engine,Image Segmentation (HP),"100%
",21665
544587,"iMac (24-inch, 2024)",Apple Silicon,Core ML,Neural Engine,Image Segmentation (Q),"99%
",31275
544587,"iMac (24-inch, 2024)",Apple Silicon,Core ML,Neural Engine,Pose Estimation (SP),"100%
",8794
544587,"iMac (24-inch, 2024)",Apple Silicon,Core ML,Neural Engine,Pose Estimation (HP),"100%
",123253
544587,"iMac (24-inch, 2024)",Apple Silicon,Core ML,Neural Engine,Pose Estimation (Q),"95%
",231462
544587,"iMac (24-inch, 2024)",Apple Silicon,Core ML,Neural Engine,Object Detection (SP),"100%
",2451
544587,"iMac (24-inch, 2024)",Apple Silicon,Core ML,Neural Engine,Object Detection (HP),"100%
",18261
544587,"iMac (24-inch, 2024)",Apple Silicon,Core ML,Neural Engine,Object Detection (Q),"89%
",26721
544587,"iMac (24-inch, 2024)",Apple Silicon,Core ML,Neural Engine,Face Detection (SP),"100%
",4424
544587,"iMac (24-inch, 2024)",Apple Silicon,Core ML,Neural Engine,Face Detection (HP),"100%
",43098
544587,"iMac (24-inch, 2024)",Apple Silicon,Core ML,Neural Engine,Face Detection (Q),"100%
",67795
544587,"iMac (24-inch, 2024)",Apple Silicon,Core ML,Neural Engine,Depth Estimation (SP),"100%
",7892
544587,"iMac (24-inch, 2024)",Apple Silicon,Core ML,Neural Engine,Depth Estimation (HP),"99%
",100581
544587,"iMac (24-inch, 2024)",Apple Silicon,Core ML,Neural Engine,Depth Estimation (Q),"85%
",175118
544587,"iMac (24-inch, 2024)",Apple Silicon,Core ML,Neural Engine,Style Transfer (SP),"100%
",22508
544587,"iMac (24-inch, 2024)",Apple Silicon,Core ML,Neural Engine,Style Transfer (HP),"100%
",233669
544587,"iMac (24-inch, 2024)",Apple Silicon,Core ML,Neural Engine,Style Transfer (Q),"96%
",292463
544587,"iMac (24-inch, 2024)",Apple Silicon,Core ML,Neural Engine,Image Super-Resolution (SP),"100%
",5245
544587,"iMac (24-inch, 2024)",Apple Silicon,Core ML,Neural Engine,Image Super-Resolution (HP),"100%
",52794
544587,"iMac (24-inch, 2024)",Apple Silicon,Core ML,Neural Engine,Image Super-Resolution (Q),"99%
",89350
544587,"iMac (24-inch, 2024)",Apple Silicon,Core ML,Neural Engine,Text Classification (SP),"100%
",6555
544587,"iMac (24-inch, 2024)",Apple Silicon,Core ML,Neural Engine,Text Classification (HP),"99%
",10246
544587,"iMac (24-inch, 2024)",Apple Silicon,Core ML,Neural Engine,Text Classification (Q),"92%
",10060
544587,"iMac (24-inch, 2024)",Apple Silicon,Core ML,Neural Engine,Machine Translation (SP),"100%
",4346
544587,"iMac (24-inch, 2024)",Apple Silicon,Core ML,Neural Engine,Machine Translation (HP),"100%
",16478
544587,"iMac (24-inch, 2024)",Apple Silicon,Core ML,Neural Engine,Machine Translation (Q),"98%
",18375
544819,"MacBook Pro (16-inch, 2023)",Apple Silicon,Core ML,GPU,Image Classification (SP),"100%
",6740
544819,"MacBook Pro (16-inch, 2023)",Apple Silicon,Core ML,GPU,Image Classification (HP),"100%
",6828
544819,"MacBook Pro (16-inch, 2023)",Apple Silicon,Core ML,GPU,Image Classification (Q),"94%
",6417
544819,"MacBook Pro (16-inch, 2023)",Apple Silicon,Core ML,GPU,Image Segmentation (SP),"100%
",16945
544819,"MacBook Pro (16-inch, 2023)",Apple Silicon,Core ML,GPU,Image Segmentation (HP),"100%
",16583
544819,"MacBook Pro (16-inch, 2023)",Apple Silicon,Core ML,GPU,Image Segmentation (Q),"99%
",15671
544819,"MacBook Pro (16-inch, 2023)",Apple Silicon,Core ML,GPU,Pose Estimation (SP),"100%
",84243
544819,"MacBook Pro (16-inch, 2023)",Apple Silicon,Core ML,GPU,Pose Estimation (HP),"100%
",90534
544819,"MacBook Pro (16-inch, 2023)",Apple Silicon,Core ML,GPU,Pose Estimation (Q),"96%
",86097
544819,"MacBook Pro (16-inch, 2023)",Apple Silicon,Core ML,GPU,Object Detection (SP),"100%
",6072
544819,"MacBook Pro (16-inch, 2023)",Apple Silicon,Core ML,GPU,Object Detection (HP),"100%
",6910
544819,"MacBook Pro (16-inch, 2023)",Apple Silicon,Core ML,GPU,Object Detection (Q),"91%
",6477
544819,"MacBook Pro (16-inch, 2023)",Apple Silicon,Core ML,GPU,Face Detection (SP),"100%
",29962
544819,"MacBook Pro (16-inch, 2023)",Apple Silicon,Core ML,GPU,Face Detection (HP),"100%
",31696
544819,"MacBook Pro (16-inch, 2023)",Apple Silicon,Core ML,GPU,Face Detection (Q),"100%
",27944
544819,"MacBook Pro (16-inch, 2023)",Apple Silicon,Core ML,GPU,Depth Estimation (SP),"100%
",30628
544819,"MacBook Pro (16-inch, 2023)",Apple Silicon,Core ML,GPU,Depth Estimation (HP),"99%
",32518
544819,"MacBook Pro (16-inch, 2023)",Apple Silicon,Core ML,GPU,Depth Estimation (Q),"85%
",30295
544819,"MacBook Pro (16-inch, 2023)",Apple Silicon,Core ML,GPU,Style Transfer (SP),"100%
",135649
544819,"MacBook Pro (16-inch, 2023)",Apple Silicon,Core ML,GPU,Style Transfer (HP),"100%
",155455
544819,"MacBook Pro (16-inch, 2023)",Apple Silicon,Core ML,GPU,Style Transfer (Q),"96%
",149431
544819,"MacBook Pro (16-inch, 2023)",Apple Silicon,Core ML,GPU,Image Super-Resolution (SP),"100%
",20352
544819,"MacBook Pro (16-inch, 2023)",Apple Silicon,Core ML,GPU,Image Super-Resolution (HP),"100%
",22517
544819,"MacBook Pro (16-inch, 2023)",Apple Silicon,Core ML,GPU,Image Super-Resolution (Q),"99%
",17725
544819,"MacBook Pro (16-inch, 2023)",Apple Silicon,Core ML,GPU,Text Classification (SP),"100%
",4470
544819,"MacBook Pro (16-inch, 2023)",Apple Silicon,Core ML,GPU,Text Classification (HP),"99%
",6906
544819,"MacBook Pro (16-inch, 2023)",Apple Silicon,Core ML,GPU,Text Classification (Q),"93%
",6878
544819,"MacBook Pro (16-inch, 2023)",Apple Silicon,Core ML,GPU,Machine Translation (SP),"100%
",4991
544819,"MacBook Pro (16-inch, 2023)",Apple Silicon,Core ML,GPU,Machine Translation (HP),"100%
",5088
544819,"MacBook Pro (16-inch, 2023)",Apple Silicon,Core ML,GPU,Machine Translation (Q),"98%
",4814
544588,"iMac (24-inch, 2024)",Apple Silicon,Core ML,CPU,Image Classification (SP),"100%
",2084
544588,"iMac (24-inch, 2024)",Apple Silicon,Core ML,CPU,Image Classification (HP),"100%
",3361
544588,"iMac (24-inch, 2024)",Apple Silicon,Core ML,CPU,Image Classification (Q),"96%
",2324
544588,"iMac (24-inch, 2024)",Apple Silicon,Core ML,CPU,Image Segmentation (SP),"100%
",2140
544588,"iMac (24-inch, 2024)",Apple Silicon,Core ML,CPU,Image Segmentation (HP),"100%
",3235
544588,"iMac (24-inch, 2024)",Apple Silicon,Core ML,CPU,Image Segmentation (Q),"99%
",3510
544588,"iMac (24-inch, 2024)",Apple Silicon,Core ML,CPU,Pose Estimation (SP),"100%
",8799
544588,"iMac (24-inch, 2024)",Apple Silicon,Core ML,CPU,Pose Estimation (HP),"100%
",19366
544588,"iMac (24-inch, 2024)",Apple Silicon,Core ML,CPU,Pose Estimation (Q),"95%
",16505
544588,"iMac (24-inch, 2024)",Apple Silicon,Core ML,CPU,Object Detection (SP),"100%
",2450
544588,"iMac (24-inch, 2024)",Apple Silicon,Core ML,CPU,Object Detection (HP),"97%
",3799
544588,"iMac (24-inch, 2024)",Apple Silicon,Core ML,CPU,Object Detection (Q),"94%
",2688
544588,"iMac (24-inch, 2024)",Apple Silicon,Core ML,CPU,Face Detection (SP),"100%
",4335
544588,"iMac (24-inch, 2024)",Apple Silicon,Core ML,CPU,Face Detection (HP),"100%
",7570
544588,"iMac (24-inch, 2024)",Apple Silicon,Core ML,CPU,Face Detection (Q),"100%
",4379
544588,"iMac (24-inch, 2024)",Apple Silicon,Core ML,CPU,Depth Estimation (SP),"100%
",8134
544588,"iMac (24-inch, 2024)",Apple Silicon,Core ML,CPU,Depth Estimation (HP),"97%
",13915
544588,"iMac (24-inch, 2024)",Apple Silicon,Core ML,CPU,Depth Estimation (Q),"86%
",9766
544588,"iMac (24-inch, 2024)",Apple Silicon,Core ML,CPU,Style Transfer (SP),"100%
",22377
544588,"iMac (24-inch, 2024)",Apple Silicon,Core ML,CPU,Style Transfer (HP),"100%
",38903
544588,"iMac (24-inch, 2024)",Apple Silicon,Core ML,CPU,Style Transfer (Q),"96%
",32053
544588,"iMac (24-inch, 2024)",Apple Silicon,Core ML,CPU,Image Super-Resolution (SP),"100%
",5236
544588,"iMac (24-inch, 2024)",Apple Silicon,Core ML,CPU,Image Super-Resolution (HP),"100%
",7159
544588,"iMac (24-inch, 2024)",Apple Silicon,Core ML,CPU,Image Super-Resolution (Q),"99%
",5010
544588,"iMac (24-inch, 2024)",Apple Silicon,Core ML,CPU,Text Classification (SP),"100%
",6571
544588,"iMac (24-inch, 2024)",Apple Silicon,Core ML,CPU,Text Classification (HP),"100%
",10411
544588,"iMac (24-inch, 2024)",Apple Silicon,Core ML,CPU,Text Classification (Q),"93%
",10093
544588,"iMac (24-inch, 2024)",Apple Silicon,Core ML,CPU,Machine Translation (SP),"100%
",4450
544588,"iMac (24-inch, 2024)",Apple Silicon,Core ML,CPU,Machine Translation (HP),"98%
",7364
544588,"iMac (24-inch, 2024)",Apple Silicon,Core ML,CPU,Machine Translation (Q),"98%
",7081
544590,"MacBook Pro (14-inch, 2024)",Apple Silicon,Core ML,GPU,Image Classification (SP),"100%
",10138
544590,"MacBook Pro (14-inch, 2024)",Apple Silicon,Core ML,GPU,Image Classification (HP),"100%
",10340
544590,"MacBook Pro (14-inch, 2024)",Apple Silicon,Core ML,GPU,Image Classification (Q),"96%
",9997
544590,"MacBook Pro (14-inch, 2024)",Apple Silicon,Core ML,GPU,Image Segmentation (SP),"100%
",23556
544590,"MacBook Pro (14-inch, 2024)",Apple Silicon,Core ML,GPU,Image Segmentation (HP),"100%
",24558
544590,"MacBook Pro (14-inch, 2024)",Apple Silicon,Core ML,GPU,Image Segmentation (Q),"99%
",23533
544590,"MacBook Pro (14-inch, 2024)",Apple Silicon,Core ML,GPU,Pose Estimation (SP),"100%
",103301
544590,"MacBook Pro (14-inch, 2024)",Apple Silicon,Core ML,GPU,Pose Estimation (HP),"100%
",112626
544590,"MacBook Pro (14-inch, 2024)",Apple Silicon,Core ML,GPU,Pose Estimation (Q),"96%
",106748
544590,"MacBook Pro (14-inch, 2024)",Apple Silicon,Core ML,GPU,Object Detection (SP),"100%
",8944
544590,"MacBook Pro (14-inch, 2024)",Apple Silicon,Core ML,GPU,Object Detection (HP),"100%
",9957
544590,"MacBook Pro (14-inch, 2024)",Apple Silicon,Core ML,GPU,Object Detection (Q),"91%
",9550
544590,"MacBook Pro (14-inch, 2024)",Apple Silicon,Core ML,GPU,Face Detection (SP),"100%
",41344
544590,"MacBook Pro (14-inch, 2024)",Apple Silicon,Core ML,GPU,Face Detection (HP),"100%
",45374
544590,"MacBook Pro (14-inch, 2024)",Apple Silicon,Core ML,GPU,Face Detection (Q),"100%
",41292
544590,"MacBook Pro (14-inch, 2024)",Apple Silicon,Core ML,GPU,Depth Estimation (SP),"100%
",44771
544590,"MacBook Pro (14-inch, 2024)",Apple Silicon,Core ML,GPU,Depth Estimation (HP),"99%
",47128
544590,"MacBook Pro (14-inch, 2024)",Apple Silicon,Core ML,GPU,Depth Estimation (Q),"85%
",44328
544590,"MacBook Pro (14-inch, 2024)",Apple Silicon,Core ML,GPU,Style Transfer (SP),"100%
",222014
544590,"MacBook Pro (14-inch, 2024)",Apple Silicon,Core ML,GPU,Style Transfer (HP),"100%
",239338
544590,"MacBook Pro (14-inch, 2024)",Apple Silicon,Core ML,GPU,Style Transfer (Q),"96%
",232064
544590,"MacBook Pro (14-inch, 2024)",Apple Silicon,Core ML,GPU,Image Super-Resolution (SP),"100%
",30462
544590,"MacBook Pro (14-inch, 2024)",Apple Silicon,Core ML,GPU,Image Super-Resolution (HP),"100%
",31011
544590,"MacBook Pro (14-inch, 2024)",Apple Silicon,Core ML,GPU,Image Super-Resolution (Q),"99%
",26562
544590,"MacBook Pro (14-inch, 2024)",Apple Silicon,Core ML,GPU,Text Classification (SP),"99%
",6274
544590,"MacBook Pro (14-inch, 2024)",Apple Silicon,Core ML,GPU,Text Classification (HP),"99%
",9684
544590,"MacBook Pro (14-inch, 2024)",Apple Silicon,Core ML,GPU,Text Classification (Q),"93%
",9767
544590,"MacBook Pro (14-inch, 2024)",Apple Silicon,Core ML,GPU,Machine Translation (SP),"100%
",7398
544590,"MacBook Pro (14-inch, 2024)",Apple Silicon,Core ML,GPU,Machine Translation (HP),"100%
",7971
544590,"MacBook Pro (14-inch, 2024)",Apple Silicon,Core ML,GPU,Machine Translation (Q),"98%
",7125
544589,"iMac (24-inch, 2024)",Apple Silicon,Core ML,GPU,Image Classification (SP),"100%
",4358
544589,"iMac (24-inch, 2024)",Apple Silicon,Core ML,GPU,Image Classification (HP),"100%
",4618
544589,"iMac (24-inch, 2024)",Apple Silicon,Core ML,GPU,Image Classification (Q),"96%
",4347
544589,"iMac (24-inch, 2024)",Apple Silicon,Core ML,GPU,Image Segmentation (SP),"100%
",6268
544589,"iMac (24-inch, 2024)",Apple Silicon,Core ML,GPU,Image Segmentation (HP),"100%
",6699
544589,"iMac (24-inch, 2024)",Apple Silicon,Core ML,GPU,Image Segmentation (Q),"99%
",6431
544589,"iMac (24-inch, 2024)",Apple Silicon,Core ML,GPU,Pose Estimation (SP),"100%
",21998
544589,"iMac (24-inch, 2024)",Apple Silicon,Core ML,GPU,Pose Estimation (HP),"100%
",25063
544589,"iMac (24-inch, 2024)",Apple Silicon,Core ML,GPU,Pose Estimation (Q),"96%
",24480
544589,"iMac (24-inch, 2024)",Apple Silicon,Core ML,GPU,Object Detection (SP),"100%
",4485
544589,"iMac (24-inch, 2024)",Apple Silicon,Core ML,GPU,Object Detection (HP),"100%
",4825
544589,"iMac (24-inch, 2024)",Apple Silicon,Core ML,GPU,Object Detection (Q),"91%
",4656
544589,"iMac (24-inch, 2024)",Apple Silicon,Core ML,GPU,Face Detection (SP),"100%
",12361
544589,"iMac (24-inch, 2024)",Apple Silicon,Core ML,GPU,Face Detection (HP),"100%
",15310
544589,"iMac (24-inch, 2024)",Apple Silicon,Core ML,GPU,Face Detection (Q),"100%
",14077
544589,"iMac (24-inch, 2024)",Apple Silicon,Core ML,GPU,Depth Estimation (SP),"100%
",18625
544589,"iMac (24-inch, 2024)",Apple Silicon,Core ML,GPU,Depth Estimation (HP),"99%
",20259
544589,"iMac (24-inch, 2024)",Apple Silicon,Core ML,GPU,Depth Estimation (Q),"85%
",19157
544589,"iMac (24-inch, 2024)",Apple Silicon,Core ML,GPU,Style Transfer (SP),"100%
",48885
544589,"iMac (24-inch, 2024)",Apple Silicon,Core ML,GPU,Style Transfer (HP),"100%
",56604
544589,"iMac (24-inch, 2024)",Apple Silicon,Core ML,GPU,Style Transfer (Q),"96%
",54679
544589,"iMac (24-inch, 2024)",Apple Silicon,Core ML,GPU,Image Super-Resolution (SP),"100%
",10041
544589,"iMac (24-inch, 2024)",Apple Silicon,Core ML,GPU,Image Super-Resolution (HP),"100%
",10065
544589,"iMac (24-inch, 2024)",Apple Silicon,Core ML,GPU,Image Super-Resolution (Q),"99%
",8819
544589,"iMac (24-inch, 2024)",Apple Silicon,Core ML,GPU,Text Classification (SP),"99%
",6544
544589,"iMac (24-inch, 2024)",Apple Silicon,Core ML,GPU,Text Classification (HP),"99%
",10077
544589,"iMac (24-inch, 2024)",Apple Silicon,Core ML,GPU,Text Classification (Q),"93%
",10142
544589,"iMac (24-inch, 2024)",Apple Silicon,Core ML,GPU,Machine Translation (SP),"100%
",5175
544589,"iMac (24-inch, 2024)",Apple Silicon,Core ML,GPU,Machine Translation (HP),"100%
",5685
544589,"iMac (24-inch, 2024)",Apple Silicon,Core ML,GPU,Machine Translation (Q),"98%
",1614
544592,"MacBook Pro (14-inch, 2024)",Apple Silicon,Core ML,CPU,Image Classification (SP),"100%
",1971
544592,"MacBook Pro (14-inch, 2024)",Apple Silicon,Core ML,CPU,Image Classification (HP),"100%
",2761
544592,"MacBook Pro (14-inch, 2024)",Apple Silicon,Core ML,CPU,Image Classification (Q),"96%
",1891
544592,"MacBook Pro (14-inch, 2024)",Apple Silicon,Core ML,CPU,Image Segmentation (SP),"100%
",2167
544592,"MacBook Pro (14-inch, 2024)",Apple Silicon,Core ML,CPU,Image Segmentation (HP),"100%
",3072
544592,"MacBook Pro (14-inch, 2024)",Apple Silicon,Core ML,CPU,Image Segmentation (Q),"99%
",3484
544592,"MacBook Pro (14-inch, 2024)",Apple Silicon,Core ML,CPU,Pose Estimation (SP),"100%
",13925
544592,"MacBook Pro (14-inch, 2024)",Apple Silicon,Core ML,CPU,Pose Estimation (HP),"100%
",31693
544592,"MacBook Pro (14-inch, 2024)",Apple Silicon,Core ML,CPU,Pose Estimation (Q),"95%
",23942
544592,"MacBook Pro (14-inch, 2024)",Apple Silicon,Core ML,CPU,Object Detection (SP),"100%
",2368
544592,"MacBook Pro (14-inch, 2024)",Apple Silicon,Core ML,CPU,Object Detection (HP),"97%
",3516
544592,"MacBook Pro (14-inch, 2024)",Apple Silicon,Core ML,CPU,Object Detection (Q),"94%
",2431
544592,"MacBook Pro (14-inch, 2024)",Apple Silicon,Core ML,CPU,Face Detection (SP),"100%
",4452
544592,"MacBook Pro (14-inch, 2024)",Apple Silicon,Core ML,CPU,Face Detection (HP),"100%
",7577
544592,"MacBook Pro (14-inch, 2024)",Apple Silicon,Core ML,CPU,Face Detection (Q),"100%
",4116
544592,"MacBook Pro (14-inch, 2024)",Apple Silicon,Core ML,CPU,Depth Estimation (SP),"100%
",8294
544592,"MacBook Pro (14-inch, 2024)",Apple Silicon,Core ML,CPU,Depth Estimation (HP),"97%
",13735
544592,"MacBook Pro (14-inch, 2024)",Apple Silicon,Core ML,CPU,Depth Estimation (Q),"86%
",8358
544592,"MacBook Pro (14-inch, 2024)",Apple Silicon,Core ML,CPU,Style Transfer (SP),"100%
",27375
544592,"MacBook Pro (14-inch, 2024)",Apple Silicon,Core ML,CPU,Style Transfer (HP),"100%
",52091
544592,"MacBook Pro (14-inch, 2024)",Apple Silicon,Core ML,CPU,Style Transfer (Q),"96%
",38129
544592,"MacBook Pro (14-inch, 2024)",Apple Silicon,Core ML,CPU,Image Super-Resolution (SP),"100%
",5741
544592,"MacBook Pro (14-inch, 2024)",Apple Silicon,Core ML,CPU,Image Super-Resolution (HP),"100%
",9748
544592,"MacBook Pro (14-inch, 2024)",Apple Silicon,Core ML,CPU,Image Super-Resolution (Q),"99%
",5450
544592,"MacBook Pro (14-inch, 2024)",Apple Silicon,Core ML,CPU,Text Classification (SP),"99%
",6281
544592,"MacBook Pro (14-inch, 2024)",Apple Silicon,Core ML,CPU,Text Classification (HP),"99%
",10024
544592,"MacBook Pro (14-inch, 2024)",Apple Silicon,Core ML,CPU,Text Classification (Q),"93%
",9748
544592,"MacBook Pro (14-inch, 2024)",Apple Silicon,Core ML,CPU,Machine Translation (SP),"100%
",5779
544592,"MacBook Pro (14-inch, 2024)",Apple Silicon,Core ML,CPU,Machine Translation (HP),"98%
",9364
544592,"MacBook Pro (14-inch, 2024)",Apple Silicon,Core ML,CPU,Machine Translation (Q),"98%
",9656
544595,"MacBook Pro (14-inch, 2024)",Apple Silicon,Core ML,Neural Engine,Image Classification (SP),"100%
",2175
544595,"MacBook Pro (14-inch, 2024)",Apple Silicon,Core ML,Neural Engine,Image Classification (HP),"100%
",20662
544595,"MacBook Pro (14-inch, 2024)",Apple Silicon,Core ML,Neural Engine,Image Classification (Q),"97%
",27146
544595,"MacBook Pro (14-inch, 2024)",Apple Silicon,Core ML,Neural Engine,Image Segmentation (SP),"100%
",2442
544595,"MacBook Pro (14-inch, 2024)",Apple Silicon,Core ML,Neural Engine,Image Segmentation (HP),"100%
",24105
544595,"MacBook Pro (14-inch, 2024)",Apple Silicon,Core ML,Neural Engine,Image Segmentation (Q),"99%
",35203
544595,"MacBook Pro (14-inch, 2024)",Apple Silicon,Core ML,Neural Engine,Pose Estimation (SP),"100%
",16183
544595,"MacBook Pro (14-inch, 2024)",Apple Silicon,Core ML,Neural Engine,Pose Estimation (HP),"100%
",124077
544595,"MacBook Pro (14-inch, 2024)",Apple Silicon,Core ML,Neural Engine,Pose Estimation (Q),"95%
",235204
544595,"MacBook Pro (14-inch, 2024)",Apple Silicon,Core ML,Neural Engine,Object Detection (SP),"100%
",2662
544595,"MacBook Pro (14-inch, 2024)",Apple Silicon,Core ML,Neural Engine,Object Detection (HP),"100%
",22123
544595,"MacBook Pro (14-inch, 2024)",Apple Silicon,Core ML,Neural Engine,Object Detection (Q),"89%
",27508
544595,"MacBook Pro (14-inch, 2024)",Apple Silicon,Core ML,Neural Engine,Face Detection (SP),"100%
",5226
544595,"MacBook Pro (14-inch, 2024)",Apple Silicon,Core ML,Neural Engine,Face Detection (HP),"100%
",47161
544595,"MacBook Pro (14-inch, 2024)",Apple Silicon,Core ML,Neural Engine,Face Detection (Q),"100%
",74377
544595,"MacBook Pro (14-inch, 2024)",Apple Silicon,Core ML,Neural Engine,Depth Estimation (SP),"100%
",8987
544595,"MacBook Pro (14-inch, 2024)",Apple Silicon,Core ML,Neural Engine,Depth Estimation (HP),"99%
",115051
544595,"MacBook Pro (14-inch, 2024)",Apple Silicon,Core ML,Neural Engine,Depth Estimation (Q),"85%
",191658
544595,"MacBook Pro (14-inch, 2024)",Apple Silicon,Core ML,Neural Engine,Style Transfer (SP),"100%
",29979
544595,"MacBook Pro (14-inch, 2024)",Apple Silicon,Core ML,Neural Engine,Style Transfer (HP),"100%
",236182
544595,"MacBook Pro (14-inch, 2024)",Apple Silicon,Core ML,Neural Engine,Style Transfer (Q),"96%
",296769
544595,"MacBook Pro (14-inch, 2024)",Apple Silicon,Core ML,Neural Engine,Image Super-Resolution (SP),"100%
",5681
544595,"MacBook Pro (14-inch, 2024)",Apple Silicon,Core ML,Neural Engine,Image Super-Resolution (HP),"100%
",52362
544595,"MacBook Pro (14-inch, 2024)",Apple Silicon,Core ML,Neural Engine,Image Super-Resolution (Q),"99%
",89621
544595,"MacBook Pro (14-inch, 2024)",Apple Silicon,Core ML,Neural Engine,Text Classification (SP),"100%
",6153
544595,"MacBook Pro (14-inch, 2024)",Apple Silicon,Core ML,Neural Engine,Text Classification (HP),"100%
",9894
544595,"MacBook Pro (14-inch, 2024)",Apple Silicon,Core ML,Neural Engine,Text Classification (Q),"93%
",9789
544595,"MacBook Pro (14-inch, 2024)",Apple Silicon,Core ML,Neural Engine,Machine Translation (SP),"100%
",5776
544595,"MacBook Pro (14-inch, 2024)",Apple Silicon,Core ML,Neural Engine,Machine Translation (HP),"100%
",18982
544595,"MacBook Pro (14-inch, 2024)",Apple Silicon,Core ML,Neural Engine,Machine Translation (Q),"98%
",19125
544825,"MacBook Pro (14-inch, Nov 2023)",Apple Silicon,Core ML,CPU,Image Classification (SP),"100%
",1188
544825,"MacBook Pro (14-inch, Nov 2023)",Apple Silicon,Core ML,CPU,Image Classification (HP),"100%
",2089
544825,"MacBook Pro (14-inch, Nov 2023)",Apple Silicon,Core ML,CPU,Image Classification (Q),"96%
",1431
544825,"MacBook Pro (14-inch, Nov 2023)",Apple Silicon,Core ML,CPU,Image Segmentation (SP),"100%
",1330
544825,"MacBook Pro (14-inch, Nov 2023)",Apple Silicon,Core ML,CPU,Image Segmentation (HP),"100%
",2095
544825,"MacBook Pro (14-inch, Nov 2023)",Apple Silicon,Core ML,CPU,Image Segmentation (Q),"99%
",2351
544825,"MacBook Pro (14-inch, Nov 2023)",Apple Silicon,Core ML,CPU,Pose Estimation (SP),"100%
",6098
544825,"MacBook Pro (14-inch, Nov 2023)",Apple Silicon,Core ML,CPU,Pose Estimation (HP),"100%
",12737
544825,"MacBook Pro (14-inch, Nov 2023)",Apple Silicon,Core ML,CPU,Pose Estimation (Q),"95%
",10910
544825,"MacBook Pro (14-inch, Nov 2023)",Apple Silicon,Core ML,CPU,Object Detection (SP),"100%
",1304
544825,"MacBook Pro (14-inch, Nov 2023)",Apple Silicon,Core ML,CPU,Object Detection (HP),"97%
",2367
544825,"MacBook Pro (14-inch, Nov 2023)",Apple Silicon,Core ML,CPU,Object Detection (Q),"94%
",1692
544825,"MacBook Pro (14-inch, Nov 2023)",Apple Silicon,Core ML,CPU,Face Detection (SP),"100%
",2219
544825,"MacBook Pro (14-inch, Nov 2023)",Apple Silicon,Core ML,CPU,Face Detection (HP),"100%
",4917
544825,"MacBook Pro (14-inch, Nov 2023)",Apple Silicon,Core ML,CPU,Face Detection (Q),"100%
",2861
544825,"MacBook Pro (14-inch, Nov 2023)",Apple Silicon,Core ML,CPU,Depth Estimation (SP),"100%
",5226
544825,"MacBook Pro (14-inch, Nov 2023)",Apple Silicon,Core ML,CPU,Depth Estimation (HP),"98%
",9452
544825,"MacBook Pro (14-inch, Nov 2023)",Apple Silicon,Core ML,CPU,Depth Estimation (Q),"85%
",6596
544825,"MacBook Pro (14-inch, Nov 2023)",Apple Silicon,Core ML,CPU,Style Transfer (SP),"100%
",15793
544825,"MacBook Pro (14-inch, Nov 2023)",Apple Silicon,Core ML,CPU,Style Transfer (HP),"100%
",24927
544825,"MacBook Pro (14-inch, Nov 2023)",Apple Silicon,Core ML,CPU,Style Transfer (Q),"96%
",20520
544825,"MacBook Pro (14-inch, Nov 2023)",Apple Silicon,Core ML,CPU,Image Super-Resolution (SP),"100%
",3618
544825,"MacBook Pro (14-inch, Nov 2023)",Apple Silicon,Core ML,CPU,Image Super-Resolution (HP),"100%
",4239
544825,"MacBook Pro (14-inch, Nov 2023)",Apple Silicon,Core ML,CPU,Image Super-Resolution (Q),"99%
",3202
544825,"MacBook Pro (14-inch, Nov 2023)",Apple Silicon,Core ML,CPU,Text Classification (SP),"99%
",4082
544825,"MacBook Pro (14-inch, Nov 2023)",Apple Silicon,Core ML,CPU,Text Classification (HP),"99%
",6681
544825,"MacBook Pro (14-inch, Nov 2023)",Apple Silicon,Core ML,CPU,Text Classification (Q),"92%
",6620
544825,"MacBook Pro (14-inch, Nov 2023)",Apple Silicon,Core ML,CPU,Machine Translation (SP),"100%
",1690
544825,"MacBook Pro (14-inch, Nov 2023)",Apple Silicon,Core ML,CPU,Machine Translation (HP),"98%
",5349
544825,"MacBook Pro (14-inch, Nov 2023)",Apple Silicon,Core ML,CPU,Machine Translation (Q),"98%
",5352
544828,"MacBook Pro (14-inch, Nov 2023)",Apple Silicon,Core ML,GPU,Image Classification (SP),"100%
",5617
544828,"MacBook Pro (14-inch, Nov 2023)",Apple Silicon,Core ML,GPU,Image Classification (HP),"100%
",5858
544828,"MacBook Pro (14-inch, Nov 2023)",Apple Silicon,Core ML,GPU,Image Classification (Q),"96%
",5639
544828,"MacBook Pro (14-inch, Nov 2023)",Apple Silicon,Core ML,GPU,Image Segmentation (SP),"100%
",8638
544828,"MacBook Pro (14-inch, Nov 2023)",Apple Silicon,Core ML,GPU,Image Segmentation (HP),"100%
",9770
544828,"MacBook Pro (14-inch, Nov 2023)",Apple Silicon,Core ML,GPU,Image Segmentation (Q),"99%
",9463
544828,"MacBook Pro (14-inch, Nov 2023)",Apple Silicon,Core ML,GPU,Pose Estimation (SP),"100%
",33652
544828,"MacBook Pro (14-inch, Nov 2023)",Apple Silicon,Core ML,GPU,Pose Estimation (HP),"100%
",37572
544828,"MacBook Pro (14-inch, Nov 2023)",Apple Silicon,Core ML,GPU,Pose Estimation (Q),"96%
",36272
544828,"MacBook Pro (14-inch, Nov 2023)",Apple Silicon,Core ML,GPU,Object Detection (SP),"100%
",5434
544828,"MacBook Pro (14-inch, Nov 2023)",Apple Silicon,Core ML,GPU,Object Detection (HP),"100%
",5749
544828,"MacBook Pro (14-inch, Nov 2023)",Apple Silicon,Core ML,GPU,Object Detection (Q),"91%
",5526
544828,"MacBook Pro (14-inch, Nov 2023)",Apple Silicon,Core ML,GPU,Face Detection (SP),"100%
",16064
544828,"MacBook Pro (14-inch, Nov 2023)",Apple Silicon,Core ML,GPU,Face Detection (HP),"100%
",20912
544828,"MacBook Pro (14-inch, Nov 2023)",Apple Silicon,Core ML,GPU,Face Detection (Q),"100%
",19812
544828,"MacBook Pro (14-inch, Nov 2023)",Apple Silicon,Core ML,GPU,Depth Estimation (SP),"100%
",22503
544828,"MacBook Pro (14-inch, Nov 2023)",Apple Silicon,Core ML,GPU,Depth Estimation (HP),"99%
",25034
544828,"MacBook Pro (14-inch, Nov 2023)",Apple Silicon,Core ML,GPU,Depth Estimation (Q),"85%
",23402
544828,"MacBook Pro (14-inch, Nov 2023)",Apple Silicon,Core ML,GPU,Style Transfer (SP),"100%
",76447
544828,"MacBook Pro (14-inch, Nov 2023)",Apple Silicon,Core ML,GPU,Style Transfer (HP),"100%
",86821
544828,"MacBook Pro (14-inch, Nov 2023)",Apple Silicon,Core ML,GPU,Style Transfer (Q),"96%
",83711
544828,"MacBook Pro (14-inch, Nov 2023)",Apple Silicon,Core ML,GPU,Image Super-Resolution (SP),"100%
",13066
544828,"MacBook Pro (14-inch, Nov 2023)",Apple Silicon,Core ML,GPU,Image Super-Resolution (HP),"100%
",14699
544828,"MacBook Pro (14-inch, Nov 2023)",Apple Silicon,Core ML,GPU,Image Super-Resolution (Q),"99%
",12237
544828,"MacBook Pro (14-inch, Nov 2023)",Apple Silicon,Core ML,GPU,Text Classification (SP),"99%
",4037
544828,"MacBook Pro (14-inch, Nov 2023)",Apple Silicon,Core ML,GPU,Text Classification (HP),"100%
",6671
544828,"MacBook Pro (14-inch, Nov 2023)",Apple Silicon,Core ML,GPU,Text Classification (Q),"93%
",6505
544828,"MacBook Pro (14-inch, Nov 2023)",Apple Silicon,Core ML,GPU,Machine Translation (SP),"100%
",2817
544828,"MacBook Pro (14-inch, Nov 2023)",Apple Silicon,Core ML,GPU,Machine Translation (HP),"100%
",3405
544828,"MacBook Pro (14-inch, Nov 2023)",Apple Silicon,Core ML,GPU,Machine Translation (Q),"98%
",1925
544829,"MacBook Pro (14-inch, Nov 2023)",Apple Silicon,Core ML,Neural Engine,Image Classification (SP),"100%
",1186
544829,"MacBook Pro (14-inch, Nov 2023)",Apple Silicon,Core ML,Neural Engine,Image Classification (HP),"100%
",13337
544829,"MacBook Pro (14-inch, Nov 2023)",Apple Silicon,Core ML,Neural Engine,Image Classification (Q),"97%
",15728
544829,"MacBook Pro (14-inch, Nov 2023)",Apple Silicon,Core ML,Neural Engine,Image Segmentation (SP),"100%
",1333
544829,"MacBook Pro (14-inch, Nov 2023)",Apple Silicon,Core ML,Neural Engine,Image Segmentation (HP),"100%
",17616
544829,"MacBook Pro (14-inch, Nov 2023)",Apple Silicon,Core ML,Neural Engine,Image Segmentation (Q),"99%
",22619
544829,"MacBook Pro (14-inch, Nov 2023)",Apple Silicon,Core ML,Neural Engine,Pose Estimation (SP),"100%
",6099
544829,"MacBook Pro (14-inch, Nov 2023)",Apple Silicon,Core ML,Neural Engine,Pose Estimation (HP),"100%
",94362
544829,"MacBook Pro (14-inch, Nov 2023)",Apple Silicon,Core ML,Neural Engine,Pose Estimation (Q),"95%
",93410
544829,"MacBook Pro (14-inch, Nov 2023)",Apple Silicon,Core ML,Neural Engine,Object Detection (SP),"100%
",1318
544829,"MacBook Pro (14-inch, Nov 2023)",Apple Silicon,Core ML,Neural Engine,Object Detection (HP),"100%
",15003
544829,"MacBook Pro (14-inch, Nov 2023)",Apple Silicon,Core ML,Neural Engine,Object Detection (Q),"89%
",16177
544829,"MacBook Pro (14-inch, Nov 2023)",Apple Silicon,Core ML,Neural Engine,Face Detection (SP),"100%
",2222
544829,"MacBook Pro (14-inch, Nov 2023)",Apple Silicon,Core ML,Neural Engine,Face Detection (HP),"100%
",32360
544829,"MacBook Pro (14-inch, Nov 2023)",Apple Silicon,Core ML,Neural Engine,Face Detection (Q),"100%
",45115
544829,"MacBook Pro (14-inch, Nov 2023)",Apple Silicon,Core ML,Neural Engine,Depth Estimation (SP),"100%
",5233
544829,"MacBook Pro (14-inch, Nov 2023)",Apple Silicon,Core ML,Neural Engine,Depth Estimation (HP),"99%
",80289
544829,"MacBook Pro (14-inch, Nov 2023)",Apple Silicon,Core ML,Neural Engine,Depth Estimation (Q),"85%
",101175
544829,"MacBook Pro (14-inch, Nov 2023)",Apple Silicon,Core ML,Neural Engine,Style Transfer (SP),"100%
",15794
544829,"MacBook Pro (14-inch, Nov 2023)",Apple Silicon,Core ML,Neural Engine,Style Transfer (HP),"100%
",188418
544829,"MacBook Pro (14-inch, Nov 2023)",Apple Silicon,Core ML,Neural Engine,Style Transfer (Q),"96%
",178798
544829,"MacBook Pro (14-inch, Nov 2023)",Apple Silicon,Core ML,Neural Engine,Image Super-Resolution (SP),"100%
",3623
544829,"MacBook Pro (14-inch, Nov 2023)",Apple Silicon,Core ML,Neural Engine,Image Super-Resolution (HP),"100%
",38554
544829,"MacBook Pro (14-inch, Nov 2023)",Apple Silicon,Core ML,Neural Engine,Image Super-Resolution (Q),"99%
",41029
544829,"MacBook Pro (14-inch, Nov 2023)",Apple Silicon,Core ML,Neural Engine,Text Classification (SP),"100%
",4061
544829,"MacBook Pro (14-inch, Nov 2023)",Apple Silicon,Core ML,Neural Engine,Text Classification (HP),"99%
",6652
544829,"MacBook Pro (14-inch, Nov 2023)",Apple Silicon,Core ML,Neural Engine,Text Classification (Q),"92%
",6521
544829,"MacBook Pro (14-inch, Nov 2023)",Apple Silicon,Core ML,Neural Engine,Machine Translation (SP),"100%
",1692
544829,"MacBook Pro (14-inch, Nov 2023)",Apple Silicon,Core ML,Neural Engine,Machine Translation (HP),"100%
",3262
544829,"MacBook Pro (14-inch, Nov 2023)",Apple Silicon,Core ML,Neural Engine,Machine Translation (Q),"98%
",3407
544831,"MacBook Pro (14-inch, Nov 2023)",Apple Silicon,Core ML,CPU,Image Classification (SP),"100%
",1598
544831,"MacBook Pro (14-inch, Nov 2023)",Apple Silicon,Core ML,CPU,Image Classification (HP),"100%
",2931
544831,"MacBook Pro (14-inch, Nov 2023)",Apple Silicon,Core ML,CPU,Image Classification (Q),"96%
",2055
544831,"MacBook Pro (14-inch, Nov 2023)",Apple Silicon,Core ML,CPU,Image Segmentation (SP),"100%
",1914
544831,"MacBook Pro (14-inch, Nov 2023)",Apple Silicon,Core ML,CPU,Image Segmentation (HP),"100%
",2869
544831,"MacBook Pro (14-inch, Nov 2023)",Apple Silicon,Core ML,CPU,Image Segmentation (Q),"99%
",3366
544831,"MacBook Pro (14-inch, Nov 2023)",Apple Silicon,Core ML,CPU,Pose Estimation (SP),"100%
",8325
544831,"MacBook Pro (14-inch, Nov 2023)",Apple Silicon,Core ML,CPU,Pose Estimation (HP),"100%
",17470
544831,"MacBook Pro (14-inch, Nov 2023)",Apple Silicon,Core ML,CPU,Pose Estimation (Q),"95%
",15111
544831,"MacBook Pro (14-inch, Nov 2023)",Apple Silicon,Core ML,CPU,Object Detection (SP),"100%
",1765
544831,"MacBook Pro (14-inch, Nov 2023)",Apple Silicon,Core ML,CPU,Object Detection (HP),"97%
",3272
544831,"MacBook Pro (14-inch, Nov 2023)",Apple Silicon,Core ML,CPU,Object Detection (Q),"94%
",2397
544831,"MacBook Pro (14-inch, Nov 2023)",Apple Silicon,Core ML,CPU,Face Detection (SP),"100%
",3797
544831,"MacBook Pro (14-inch, Nov 2023)",Apple Silicon,Core ML,CPU,Face Detection (HP),"100%
",7106
544831,"MacBook Pro (14-inch, Nov 2023)",Apple Silicon,Core ML,CPU,Face Detection (Q),"100%
",4128
544831,"MacBook Pro (14-inch, Nov 2023)",Apple Silicon,Core ML,CPU,Depth Estimation (SP),"100%
",7085
544831,"MacBook Pro (14-inch, Nov 2023)",Apple Silicon,Core ML,CPU,Depth Estimation (HP),"98%
",12891
544831,"MacBook Pro (14-inch, Nov 2023)",Apple Silicon,Core ML,CPU,Depth Estimation (Q),"85%
",9173
544831,"MacBook Pro (14-inch, Nov 2023)",Apple Silicon,Core ML,CPU,Style Transfer (SP),"100%
",21870
544831,"MacBook Pro (14-inch, Nov 2023)",Apple Silicon,Core ML,CPU,Style Transfer (HP),"100%
",34617
544831,"MacBook Pro (14-inch, Nov 2023)",Apple Silicon,Core ML,CPU,Style Transfer (Q),"96%
",28782
544831,"MacBook Pro (14-inch, Nov 2023)",Apple Silicon,Core ML,CPU,Image Super-Resolution (SP),"100%
",4833
544831,"MacBook Pro (14-inch, Nov 2023)",Apple Silicon,Core ML,CPU,Image Super-Resolution (HP),"100%
",5611
544831,"MacBook Pro (14-inch, Nov 2023)",Apple Silicon,Core ML,CPU,Image Super-Resolution (Q),"99%
",4369
544831,"MacBook Pro (14-inch, Nov 2023)",Apple Silicon,Core ML,CPU,Text Classification (SP),"99%
",5218
544831,"MacBook Pro (14-inch, Nov 2023)",Apple Silicon,Core ML,CPU,Text Classification (HP),"99%
",8794
544831,"MacBook Pro (14-inch, Nov 2023)",Apple Silicon,Core ML,CPU,Text Classification (Q),"92%
",8826
544831,"MacBook Pro (14-inch, Nov 2023)",Apple Silicon,Core ML,CPU,Machine Translation (SP),"100%
",3391
544831,"MacBook Pro (14-inch, Nov 2023)",Apple Silicon,Core ML,CPU,Machine Translation (HP),"98%
",7228
544831,"MacBook Pro (14-inch, Nov 2023)",Apple Silicon,Core ML,CPU,Machine Translation (Q),"98%
",7194
544832,"MacBook Pro (14-inch, Nov 2023)",Apple Silicon,Core ML,GPU,Image Classification (SP),"100%
",5809
544832,"MacBook Pro (14-inch, Nov 2023)",Apple Silicon,Core ML,GPU,Image Classification (HP),"100%
",6244
544832,"MacBook Pro (14-inch, Nov 2023)",Apple Silicon,Core ML,GPU,Image Classification (Q),"96%
",5730
544832,"MacBook Pro (14-inch, Nov 2023)",Apple Silicon,Core ML,GPU,Image Segmentation (SP),"100%
",9303
544832,"MacBook Pro (14-inch, Nov 2023)",Apple Silicon,Core ML,GPU,Image Segmentation (HP),"100%
",10098
544832,"MacBook Pro (14-inch, Nov 2023)",Apple Silicon,Core ML,GPU,Image Segmentation (Q),"99%
",9638
544832,"MacBook Pro (14-inch, Nov 2023)",Apple Silicon,Core ML,GPU,Pose Estimation (SP),"100%
",33666
544832,"MacBook Pro (14-inch, Nov 2023)",Apple Silicon,Core ML,GPU,Pose Estimation (HP),"100%
",37482
544832,"MacBook Pro (14-inch, Nov 2023)",Apple Silicon,Core ML,GPU,Pose Estimation (Q),"96%
",36350
544832,"MacBook Pro (14-inch, Nov 2023)",Apple Silicon,Core ML,GPU,Object Detection (SP),"100%
",5492
544832,"MacBook Pro (14-inch, Nov 2023)",Apple Silicon,Core ML,GPU,Object Detection (HP),"100%
",5833
544832,"MacBook Pro (14-inch, Nov 2023)",Apple Silicon,Core ML,GPU,Object Detection (Q),"91%
",5831
544832,"MacBook Pro (14-inch, Nov 2023)",Apple Silicon,Core ML,GPU,Face Detection (SP),"100%
",17058
544832,"MacBook Pro (14-inch, Nov 2023)",Apple Silicon,Core ML,GPU,Face Detection (HP),"100%
",21194
544832,"MacBook Pro (14-inch, Nov 2023)",Apple Silicon,Core ML,GPU,Face Detection (Q),"100%
",19766
544832,"MacBook Pro (14-inch, Nov 2023)",Apple Silicon,Core ML,GPU,Depth Estimation (SP),"100%
",22635
544832,"MacBook Pro (14-inch, Nov 2023)",Apple Silicon,Core ML,GPU,Depth Estimation (HP),"99%
",24955
544832,"MacBook Pro (14-inch, Nov 2023)",Apple Silicon,Core ML,GPU,Depth Estimation (Q),"85%
",23614
544832,"MacBook Pro (14-inch, Nov 2023)",Apple Silicon,Core ML,GPU,Style Transfer (SP),"100%
",76455
544832,"MacBook Pro (14-inch, Nov 2023)",Apple Silicon,Core ML,GPU,Style Transfer (HP),"100%
",87308
544832,"MacBook Pro (14-inch, Nov 2023)",Apple Silicon,Core ML,GPU,Style Transfer (Q),"96%
",83997
544832,"MacBook Pro (14-inch, Nov 2023)",Apple Silicon,Core ML,GPU,Image Super-Resolution (SP),"100%
",13430
544832,"MacBook Pro (14-inch, Nov 2023)",Apple Silicon,Core ML,GPU,Image Super-Resolution (HP),"100%
",14596
544832,"MacBook Pro (14-inch, Nov 2023)",Apple Silicon,Core ML,GPU,Image Super-Resolution (Q),"99%
",12402
544832,"MacBook Pro (14-inch, Nov 2023)",Apple Silicon,Core ML,GPU,Text Classification (SP),"99%
",5317
544832,"MacBook Pro (14-inch, Nov 2023)",Apple Silicon,Core ML,GPU,Text Classification (HP),"100%
",8807
544832,"MacBook Pro (14-inch, Nov 2023)",Apple Silicon,Core ML,GPU,Text Classification (Q),"93%
",8919
544832,"MacBook Pro (14-inch, Nov 2023)",Apple Silicon,Core ML,GPU,Machine Translation (SP),"100%
",5882
544832,"MacBook Pro (14-inch, Nov 2023)",Apple Silicon,Core ML,GPU,Machine Translation (HP),"100%
",6162
544832,"MacBook Pro (14-inch, Nov 2023)",Apple Silicon,Core ML,GPU,Machine Translation (Q),"98%
",5293
544833,"MacBook Pro (14-inch, Nov 2023)",Apple Silicon,Core ML,Neural Engine,Image Classification (SP),"100%
",1596
544833,"MacBook Pro (14-inch, Nov 2023)",Apple Silicon,Core ML,Neural Engine,Image Classification (HP),"100%
",15516
544833,"MacBook Pro (14-inch, Nov 2023)",Apple Silicon,Core ML,Neural Engine,Image Classification (Q),"97%
",18521
544833,"MacBook Pro (14-inch, Nov 2023)",Apple Silicon,Core ML,Neural Engine,Image Segmentation (SP),"100%
",1846
544833,"MacBook Pro (14-inch, Nov 2023)",Apple Silicon,Core ML,Neural Engine,Image Segmentation (HP),"100%
",22778
544833,"MacBook Pro (14-inch, Nov 2023)",Apple Silicon,Core ML,Neural Engine,Image Segmentation (Q),"99%
",29074
544833,"MacBook Pro (14-inch, Nov 2023)",Apple Silicon,Core ML,Neural Engine,Pose Estimation (SP),"100%
",8341
544833,"MacBook Pro (14-inch, Nov 2023)",Apple Silicon,Core ML,Neural Engine,Pose Estimation (HP),"100%
",120039
544833,"MacBook Pro (14-inch, Nov 2023)",Apple Silicon,Core ML,Neural Engine,Pose Estimation (Q),"95%
",120125
544833,"MacBook Pro (14-inch, Nov 2023)",Apple Silicon,Core ML,Neural Engine,Object Detection (SP),"100%
",1765
544833,"MacBook Pro (14-inch, Nov 2023)",Apple Silicon,Core ML,Neural Engine,Object Detection (HP),"100%
",16928
544833,"MacBook Pro (14-inch, Nov 2023)",Apple Silicon,Core ML,Neural Engine,Object Detection (Q),"89%
",21180
544833,"MacBook Pro (14-inch, Nov 2023)",Apple Silicon,Core ML,Neural Engine,Face Detection (SP),"100%
",3795
544833,"MacBook Pro (14-inch, Nov 2023)",Apple Silicon,Core ML,Neural Engine,Face Detection (HP),"100%
",41064
544833,"MacBook Pro (14-inch, Nov 2023)",Apple Silicon,Core ML,Neural Engine,Face Detection (Q),"100%
",57418
544833,"MacBook Pro (14-inch, Nov 2023)",Apple Silicon,Core ML,Neural Engine,Depth Estimation (SP),"100%
",7084
544833,"MacBook Pro (14-inch, Nov 2023)",Apple Silicon,Core ML,Neural Engine,Depth Estimation (HP),"99%
",96159
544833,"MacBook Pro (14-inch, Nov 2023)",Apple Silicon,Core ML,Neural Engine,Depth Estimation (Q),"85%
",120852
544833,"MacBook Pro (14-inch, Nov 2023)",Apple Silicon,Core ML,Neural Engine,Style Transfer (SP),"100%
",21888
544833,"MacBook Pro (14-inch, Nov 2023)",Apple Silicon,Core ML,Neural Engine,Style Transfer (HP),"100%
",227061
544833,"MacBook Pro (14-inch, Nov 2023)",Apple Silicon,Core ML,Neural Engine,Style Transfer (Q),"96%
",216330
544833,"MacBook Pro (14-inch, Nov 2023)",Apple Silicon,Core ML,Neural Engine,Image Super-Resolution (SP),"100%
",4857
544833,"MacBook Pro (14-inch, Nov 2023)",Apple Silicon,Core ML,Neural Engine,Image Super-Resolution (HP),"100%
",45540
544833,"MacBook Pro (14-inch, Nov 2023)",Apple Silicon,Core ML,Neural Engine,Image Super-Resolution (Q),"99%
",55674
544833,"MacBook Pro (14-inch, Nov 2023)",Apple Silicon,Core ML,Neural Engine,Text Classification (SP),"100%
",5184
544833,"MacBook Pro (14-inch, Nov 2023)",Apple Silicon,Core ML,Neural Engine,Text Classification (HP),"99%
",8944
544833,"MacBook Pro (14-inch, Nov 2023)",Apple Silicon,Core ML,Neural Engine,Text Classification (Q),"92%
",8511
544833,"MacBook Pro (14-inch, Nov 2023)",Apple Silicon,Core ML,Neural Engine,Machine Translation (SP),"100%
",3372
544833,"MacBook Pro (14-inch, Nov 2023)",Apple Silicon,Core ML,Neural Engine,Machine Translation (HP),"100%
",4928
544833,"MacBook Pro (14-inch, Nov 2023)",Apple Silicon,Core ML,Neural Engine,Machine Translation (Q),"98%
",5099
544866,MacBook Air (Late 2020),Apple Silicon,Core ML,CPU,Image Classification (SP),"100%
",1400
544866,MacBook Air (Late 2020),Apple Silicon,Core ML,CPU,Image Classification (HP),"100%
",2201
544866,MacBook Air (Late 2020),Apple Silicon,Core ML,CPU,Image Classification (Q),"96%
",1572
544866,MacBook Air (Late 2020),Apple Silicon,Core ML,CPU,Image Segmentation (SP),"100%
",1356
544866,MacBook Air (Late 2020),Apple Silicon,Core ML,CPU,Image Segmentation (HP),"100%
",2119
544866,MacBook Air (Late 2020),Apple Silicon,Core ML,CPU,Image Segmentation (Q),"99%
",2518
544866,MacBook Air (Late 2020),Apple Silicon,Core ML,CPU,Pose Estimation (SP),"100%
",6488
544866,MacBook Air (Late 2020),Apple Silicon,Core ML,CPU,Pose Estimation (HP),"100%
",14219
544866,MacBook Air (Late 2020),Apple Silicon,Core ML,CPU,Pose Estimation (Q),"95%
",12212
544866,MacBook Air (Late 2020),Apple Silicon,Core ML,CPU,Object Detection (SP),"100%
",1501
544866,MacBook Air (Late 2020),Apple Silicon,Core ML,CPU,Object Detection (HP),"97%
",2387
544866,MacBook Air (Late 2020),Apple Silicon,Core ML,CPU,Object Detection (Q),"94%
",1770
544866,MacBook Air (Late 2020),Apple Silicon,Core ML,CPU,Face Detection (SP),"100%
",2980
544866,MacBook Air (Late 2020),Apple Silicon,Core ML,CPU,Face Detection (HP),"100%
",5364
544866,MacBook Air (Late 2020),Apple Silicon,Core ML,CPU,Face Detection (Q),"100%
",3116
544866,MacBook Air (Late 2020),Apple Silicon,Core ML,CPU,Depth Estimation (SP),"100%
",5664
544866,MacBook Air (Late 2020),Apple Silicon,Core ML,CPU,Depth Estimation (HP),"98%
",10440
544866,MacBook Air (Late 2020),Apple Silicon,Core ML,CPU,Depth Estimation (Q),"85%
",7367
544866,MacBook Air (Late 2020),Apple Silicon,Core ML,CPU,Style Transfer (SP),"100%
",16967
544866,MacBook Air (Late 2020),Apple Silicon,Core ML,CPU,Style Transfer (HP),"100%
",26934
544866,MacBook Air (Late 2020),Apple Silicon,Core ML,CPU,Style Transfer (Q),"96%
",22315
544866,MacBook Air (Late 2020),Apple Silicon,Core ML,CPU,Image Super-Resolution (SP),"100%
",3686
544866,MacBook Air (Late 2020),Apple Silicon,Core ML,CPU,Image Super-Resolution (HP),"100%
",4831
544866,MacBook Air (Late 2020),Apple Silicon,Core ML,CPU,Image Super-Resolution (Q),"99%
",3513
544866,MacBook Air (Late 2020),Apple Silicon,Core ML,CPU,Text Classification (SP),"100%
",2344
544866,MacBook Air (Late 2020),Apple Silicon,Core ML,CPU,Text Classification (HP),"100%
",4014
544866,MacBook Air (Late 2020),Apple Silicon,Core ML,CPU,Text Classification (Q),"93%
",3994
544866,MacBook Air (Late 2020),Apple Silicon,Core ML,CPU,Machine Translation (SP),"100%
",2536
544866,MacBook Air (Late 2020),Apple Silicon,Core ML,CPU,Machine Translation (HP),"98%
",4534
544866,MacBook Air (Late 2020),Apple Silicon,Core ML,CPU,Machine Translation (Q),"98%
",4527
544867,MacBook Air (Late 2020),Apple Silicon,Core ML,GPU,Image Classification (SP),"100%
",2234
544867,MacBook Air (Late 2020),Apple Silicon,Core ML,GPU,Image Classification (HP),"100%
",2334
544867,MacBook Air (Late 2020),Apple Silicon,Core ML,GPU,Image Classification (Q),"96%
",2140
544867,MacBook Air (Late 2020),Apple Silicon,Core ML,GPU,Image Segmentation (SP),"100%
",3626
544867,MacBook Air (Late 2020),Apple Silicon,Core ML,GPU,Image Segmentation (HP),"100%
",3791
544867,MacBook Air (Late 2020),Apple Silicon,Core ML,GPU,Image Segmentation (Q),"99%
",3638
544867,MacBook Air (Late 2020),Apple Silicon,Core ML,GPU,Pose Estimation (SP),"100%
",15675
544867,MacBook Air (Late 2020),Apple Silicon,Core ML,GPU,Pose Estimation (HP),"100%
",17312
544867,MacBook Air (Late 2020),Apple Silicon,Core ML,GPU,Pose Estimation (Q),"96%
",16724
544867,MacBook Air (Late 2020),Apple Silicon,Core ML,GPU,Object Detection (SP),"100%
",2350
544867,MacBook Air (Late 2020),Apple Silicon,Core ML,GPU,Object Detection (HP),"100%
",2479
544867,MacBook Air (Late 2020),Apple Silicon,Core ML,GPU,Object Detection (Q),"92%
",2224
544867,MacBook Air (Late 2020),Apple Silicon,Core ML,GPU,Face Detection (SP),"100%
",6423
544867,MacBook Air (Late 2020),Apple Silicon,Core ML,GPU,Face Detection (HP),"100%
",7535
544867,MacBook Air (Late 2020),Apple Silicon,Core ML,GPU,Face Detection (Q),"100%
",6385
544867,MacBook Air (Late 2020),Apple Silicon,Core ML,GPU,Depth Estimation (SP),"100%
",10159
544867,MacBook Air (Late 2020),Apple Silicon,Core ML,GPU,Depth Estimation (HP),"99%
",11621
544867,MacBook Air (Late 2020),Apple Silicon,Core ML,GPU,Depth Estimation (Q),"86%
",10706
544867,MacBook Air (Late 2020),Apple Silicon,Core ML,GPU,Style Transfer (SP),"100%
",27013
544867,MacBook Air (Late 2020),Apple Silicon,Core ML,GPU,Style Transfer (HP),"100%
",31178
544867,MacBook Air (Late 2020),Apple Silicon,Core ML,GPU,Style Transfer (Q),"96%
",30300
544867,MacBook Air (Late 2020),Apple Silicon,Core ML,GPU,Image Super-Resolution (SP),"100%
",6074
544867,MacBook Air (Late 2020),Apple Silicon,Core ML,GPU,Image Super-Resolution (HP),"100%
",6814
544867,MacBook Air (Late 2020),Apple Silicon,Core ML,GPU,Image Super-Resolution (Q),"99%
",5841
544867,MacBook Air (Late 2020),Apple Silicon,Core ML,GPU,Text Classification (SP),"100%
",2299
544867,MacBook Air (Late 2020),Apple Silicon,Core ML,GPU,Text Classification (HP),"100%
",4031
544867,MacBook Air (Late 2020),Apple Silicon,Core ML,GPU,Text Classification (Q),"93%
",4165
544867,MacBook Air (Late 2020),Apple Silicon,Core ML,GPU,Machine Translation (SP),"100%
",1114
544867,MacBook Air (Late 2020),Apple Silicon,Core ML,GPU,Machine Translation (HP),"100%
",1144
544867,MacBook Air (Late 2020),Apple Silicon,Core ML,GPU,Machine Translation (Q),"98%
",1143
544868,MacBook Air (Late 2020),Apple Silicon,Core ML,Neural Engine,Image Classification (SP),"100%
",1405
544868,MacBook Air (Late 2020),Apple Silicon,Core ML,Neural Engine,Image Classification (HP),"100%
",6331
544868,MacBook Air (Late 2020),Apple Silicon,Core ML,Neural Engine,Image Classification (Q),"96%
",5980
544868,MacBook Air (Late 2020),Apple Silicon,Core ML,Neural Engine,Image Segmentation (SP),"100%
",1349
544868,MacBook Air (Late 2020),Apple Silicon,Core ML,Neural Engine,Image Segmentation (HP),"100%
",9715
544868,MacBook Air (Late 2020),Apple Silicon,Core ML,Neural Engine,Image Segmentation (Q),"99%
",10013
544868,MacBook Air (Late 2020),Apple Silicon,Core ML,Neural Engine,Pose Estimation (SP),"100%
",6514
544868,MacBook Air (Late 2020),Apple Silicon,Core ML,Neural Engine,Pose Estimation (HP),"100%
",68888
544868,MacBook Air (Late 2020),Apple Silicon,Core ML,Neural Engine,Pose Estimation (Q),"95%
",66884
544868,MacBook Air (Late 2020),Apple Silicon,Core ML,Neural Engine,Object Detection (SP),"100%
",1504
544868,MacBook Air (Late 2020),Apple Silicon,Core ML,Neural Engine,Object Detection (HP),"99%
",7199
544868,MacBook Air (Late 2020),Apple Silicon,Core ML,Neural Engine,Object Detection (Q),"91%
",6866
544868,MacBook Air (Late 2020),Apple Silicon,Core ML,Neural Engine,Face Detection (SP),"100%
",2972
544868,MacBook Air (Late 2020),Apple Silicon,Core ML,Neural Engine,Face Detection (HP),"100%
",16901
544868,MacBook Air (Late 2020),Apple Silicon,Core ML,Neural Engine,Face Detection (Q),"100%
",15421
544868,MacBook Air (Late 2020),Apple Silicon,Core ML,Neural Engine,Depth Estimation (SP),"100%
",5671
544868,MacBook Air (Late 2020),Apple Silicon,Core ML,Neural Engine,Depth Estimation (HP),"99%
",48352
544868,MacBook Air (Late 2020),Apple Silicon,Core ML,Neural Engine,Depth Estimation (Q),"85%
",49191
544868,MacBook Air (Late 2020),Apple Silicon,Core ML,Neural Engine,Style Transfer (SP),"100%
",16931
544868,MacBook Air (Late 2020),Apple Silicon,Core ML,Neural Engine,Style Transfer (HP),"100%
",122469
544868,MacBook Air (Late 2020),Apple Silicon,Core ML,Neural Engine,Style Transfer (Q),"96%
",115646
544868,MacBook Air (Late 2020),Apple Silicon,Core ML,Neural Engine,Image Super-Resolution (SP),"100%
",3680
544868,MacBook Air (Late 2020),Apple Silicon,Core ML,Neural Engine,Image Super-Resolution (HP),"100%
",23646
544868,MacBook Air (Late 2020),Apple Silicon,Core ML,Neural Engine,Image Super-Resolution (Q),"99%
",24187
544868,MacBook Air (Late 2020),Apple Silicon,Core ML,Neural Engine,Text Classification (SP),"100%
",2319
544868,MacBook Air (Late 2020),Apple Silicon,Core ML,Neural Engine,Text Classification (HP),"100%
",4006
544868,MacBook Air (Late 2020),Apple Silicon,Core ML,Neural Engine,Text Classification (Q),"93%
",3980
544868,MacBook Air (Late 2020),Apple Silicon,Core ML,Neural Engine,Machine Translation (SP),"100%
",2509
544868,MacBook Air (Late 2020),Apple Silicon,Core ML,Neural Engine,Machine Translation (HP),"100%
",3624
544868,MacBook Air (Late 2020),Apple Silicon,Core ML,Neural Engine,Machine Translation (Q),"98%
",3744
544652,MacBook Air（13 英寸，M5，2026 年）,Apple Silicon,Core ML,CPU,Image Classification (SP),"100%
",2295
544652,MacBook Air（13 英寸，M5，2026 年）,Apple Silicon,Core ML,CPU,Image Classification (HP),"100%
",3671
544652,MacBook Air（13 英寸，M5，2026 年）,Apple Silicon,Core ML,CPU,Image Classification (Q),"94%
",1982
544652,MacBook Air（13 英寸，M5，2026 年）,Apple Silicon,Core ML,CPU,Image Segmentation (SP),"100%
",2176
544652,MacBook Air（13 英寸，M5，2026 年）,Apple Silicon,Core ML,CPU,Image Segmentation (HP),"100%
",2766
544652,MacBook Air（13 英寸，M5，2026 年）,Apple Silicon,Core ML,CPU,Image Segmentation (Q),"99%
",3618
544652,MacBook Air（13 英寸，M5，2026 年）,Apple Silicon,Core ML,CPU,Pose Estimation (SP),"100%
",9985
544652,MacBook Air（13 英寸，M5，2026 年）,Apple Silicon,Core ML,CPU,Pose Estimation (HP),"100%
",19221
544652,MacBook Air（13 英寸，M5，2026 年）,Apple Silicon,Core ML,CPU,Pose Estimation (Q),"96%
",16583
544652,MacBook Air（13 英寸，M5，2026 年）,Apple Silicon,Core ML,CPU,Object Detection (SP),"100%
",2737
544652,MacBook Air（13 英寸，M5，2026 年）,Apple Silicon,Core ML,CPU,Object Detection (HP),"98%
",4138
544652,MacBook Air（13 英寸，M5，2026 年）,Apple Silicon,Core ML,CPU,Object Detection (Q),"88%
",2707
544652,MacBook Air（13 英寸，M5，2026 年）,Apple Silicon,Core ML,CPU,Face Detection (SP),"100%
",5135
544652,MacBook Air（13 英寸，M5，2026 年）,Apple Silicon,Core ML,CPU,Face Detection (HP),"100%
",9261
544652,MacBook Air（13 英寸，M5，2026 年）,Apple Silicon,Core ML,CPU,Face Detection (Q),"100%
",4991
544652,MacBook Air（13 英寸，M5，2026 年）,Apple Silicon,Core ML,CPU,Depth Estimation (SP),"100%
",8824
544652,MacBook Air（13 英寸，M5，2026 年）,Apple Silicon,Core ML,CPU,Depth Estimation (HP),"98%
",11591
544652,MacBook Air（13 英寸，M5，2026 年）,Apple Silicon,Core ML,CPU,Depth Estimation (Q),"85%
",7997
544652,MacBook Air（13 英寸，M5，2026 年）,Apple Silicon,Core ML,CPU,Style Transfer (SP),"100%
",25454
544652,MacBook Air（13 英寸，M5，2026 年）,Apple Silicon,Core ML,CPU,Style Transfer (HP),"100%
",46268
544652,MacBook Air（13 英寸，M5，2026 年）,Apple Silicon,Core ML,CPU,Style Transfer (Q),"96%
",37013
544652,MacBook Air（13 英寸，M5，2026 年）,Apple Silicon,Core ML,CPU,Image Super-Resolution (SP),"100%
",5717
544652,MacBook Air（13 英寸，M5，2026 年）,Apple Silicon,Core ML,CPU,Image Super-Resolution (HP),"100%
",10143
544652,MacBook Air（13 英寸，M5，2026 年）,Apple Silicon,Core ML,CPU,Image Super-Resolution (Q),"99%
",6099
544652,MacBook Air（13 英寸，M5，2026 年）,Apple Silicon,Core ML,CPU,Text Classification (SP),"99%
",5948
544652,MacBook Air（13 英寸，M5，2026 年）,Apple Silicon,Core ML,CPU,Text Classification (HP),"100%
",9856
544652,MacBook Air（13 英寸，M5，2026 年）,Apple Silicon,Core ML,CPU,Text Classification (Q),"93%
",10111
544652,MacBook Air（13 英寸，M5，2026 年）,Apple Silicon,Core ML,CPU,Machine Translation (SP),"100%
",5138
544652,MacBook Air（13 英寸，M5，2026 年）,Apple Silicon,Core ML,CPU,Machine Translation (HP),"100%
",8374
544652,MacBook Air（13 英寸，M5，2026 年）,Apple Silicon,Core ML,CPU,Machine Translation (Q),"98%
",8339
544654,MacBook Air（13 英寸，M5，2026 年）,Apple Silicon,Core ML,GPU,Image Classification (SP),"100%
",5557
544654,MacBook Air（13 英寸，M5，2026 年）,Apple Silicon,Core ML,GPU,Image Classification (HP),"100%
",10030
544654,MacBook Air（13 英寸，M5，2026 年）,Apple Silicon,Core ML,GPU,Image Classification (Q),"99%
",10307
544654,MacBook Air（13 英寸，M5，2026 年）,Apple Silicon,Core ML,GPU,Image Segmentation (SP),"100%
",8514
544654,MacBook Air（13 英寸，M5，2026 年）,Apple Silicon,Core ML,GPU,Image Segmentation (HP),"100%
",13937
544654,MacBook Air（13 英寸，M5，2026 年）,Apple Silicon,Core ML,GPU,Image Segmentation (Q),"99%
",14456
544654,MacBook Air（13 英寸，M5，2026 年）,Apple Silicon,Core ML,GPU,Pose Estimation (SP),"100%
",31475
544654,MacBook Air（13 英寸，M5，2026 年）,Apple Silicon,Core ML,GPU,Pose Estimation (HP),"100%
",84525
544654,MacBook Air（13 英寸，M5，2026 年）,Apple Silicon,Core ML,GPU,Pose Estimation (Q),"95%
",105159
544654,MacBook Air（13 英寸，M5，2026 年）,Apple Silicon,Core ML,GPU,Object Detection (SP),"100%
",5863
544654,MacBook Air（13 英寸，M5，2026 年）,Apple Silicon,Core ML,GPU,Object Detection (HP),"100%
",10322
544654,MacBook Air（13 英寸，M5，2026 年）,Apple Silicon,Core ML,GPU,Object Detection (Q),"94%
",11211
544654,MacBook Air（13 英寸，M5，2026 年）,Apple Silicon,Core ML,GPU,Face Detection (SP),"100%
",17677
544654,MacBook Air（13 英寸，M5，2026 年）,Apple Silicon,Core ML,GPU,Face Detection (HP),"100%
",33073
544654,MacBook Air（13 英寸，M5，2026 年）,Apple Silicon,Core ML,GPU,Face Detection (Q),"100%
",31302
544654,MacBook Air（13 英寸，M5，2026 年）,Apple Silicon,Core ML,GPU,Depth Estimation (SP),"100%
",25553
544654,MacBook Air（13 英寸，M5，2026 年）,Apple Silicon,Core ML,GPU,Depth Estimation (HP),"99%
",45733
544654,MacBook Air（13 英寸，M5，2026 年）,Apple Silicon,Core ML,GPU,Depth Estimation (Q),"86%
",48512
544654,MacBook Air（13 英寸，M5，2026 年）,Apple Silicon,Core ML,GPU,Style Transfer (SP),"100%
",67252
544654,MacBook Air（13 英寸，M5，2026 年）,Apple Silicon,Core ML,GPU,Style Transfer (HP),"100%
",147205
544654,MacBook Air（13 英寸，M5，2026 年）,Apple Silicon,Core ML,GPU,Style Transfer (Q),"96%
",182570
544654,MacBook Air（13 英寸，M5，2026 年）,Apple Silicon,Core ML,GPU,Image Super-Resolution (SP),"100%
",13722
544654,MacBook Air（13 英寸，M5，2026 年）,Apple Silicon,Core ML,GPU,Image Super-Resolution (HP),"100%
",27451
544654,MacBook Air（13 英寸，M5，2026 年）,Apple Silicon,Core ML,GPU,Image Super-Resolution (Q),"99%
",27302
544654,MacBook Air（13 英寸，M5，2026 年）,Apple Silicon,Core ML,GPU,Text Classification (SP),"100%
",5944
544654,MacBook Air（13 英寸，M5，2026 年）,Apple Silicon,Core ML,GPU,Text Classification (HP),"99%
",9783
544654,MacBook Air（13 英寸，M5，2026 年）,Apple Silicon,Core ML,GPU,Text Classification (Q),"93%
",9660
544654,MacBook Air（13 英寸，M5，2026 年）,Apple Silicon,Core ML,GPU,Machine Translation (SP),"100%
",6768
544654,MacBook Air（13 英寸，M5，2026 年）,Apple Silicon,Core ML,GPU,Machine Translation (HP),"100%
",8333
544654,MacBook Air（13 英寸，M5，2026 年）,Apple Silicon,Core ML,GPU,Machine Translation (Q),"98%
",7662
544655,MacBook Air（13 英寸，M5，2026 年）,Apple Silicon,Core ML,Neural Engine,Image Classification (SP),"100%
",2265
544655,MacBook Air（13 英寸，M5，2026 年）,Apple Silicon,Core ML,Neural Engine,Image Classification (HP),"100%
",18526
544655,MacBook Air（13 英寸，M5，2026 年）,Apple Silicon,Core ML,Neural Engine,Image Classification (Q),"97%
",25191
544655,MacBook Air（13 英寸，M5，2026 年）,Apple Silicon,Core ML,Neural Engine,Image Segmentation (SP),"100%
",2155
544655,MacBook Air（13 英寸，M5，2026 年）,Apple Silicon,Core ML,Neural Engine,Image Segmentation (HP),"100%
",24399
544655,MacBook Air（13 英寸，M5，2026 年）,Apple Silicon,Core ML,Neural Engine,Image Segmentation (Q),"99%
",34848
544655,MacBook Air（13 英寸，M5，2026 年）,Apple Silicon,Core ML,Neural Engine,Pose Estimation (SP),"100%
",9834
544655,MacBook Air（13 英寸，M5，2026 年）,Apple Silicon,Core ML,Neural Engine,Pose Estimation (HP),"100%
",176975
544655,MacBook Air（13 英寸，M5，2026 年）,Apple Silicon,Core ML,Neural Engine,Pose Estimation (Q),"95%
",334352
544655,MacBook Air（13 英寸，M5，2026 年）,Apple Silicon,Core ML,Neural Engine,Object Detection (SP),"100%
",2754
544655,MacBook Air（13 英寸，M5，2026 年）,Apple Silicon,Core ML,Neural Engine,Object Detection (HP),"100%
",18154
544655,MacBook Air（13 英寸，M5，2026 年）,Apple Silicon,Core ML,Neural Engine,Object Detection (Q),"89%
",28732
544655,MacBook Air（13 英寸，M5，2026 年）,Apple Silicon,Core ML,Neural Engine,Face Detection (SP),"100%
",5111
544655,MacBook Air（13 英寸，M5，2026 年）,Apple Silicon,Core ML,Neural Engine,Face Detection (HP),"100%
",48705
544655,MacBook Air（13 英寸，M5，2026 年）,Apple Silicon,Core ML,Neural Engine,Face Detection (Q),"100%
",74725
544655,MacBook Air（13 英寸，M5，2026 年）,Apple Silicon,Core ML,Neural Engine,Depth Estimation (SP),"100%
",8804
544655,MacBook Air（13 英寸，M5，2026 年）,Apple Silicon,Core ML,Neural Engine,Depth Estimation (HP),"99%
",110207
544655,MacBook Air（13 英寸，M5，2026 年）,Apple Silicon,Core ML,Neural Engine,Depth Estimation (Q),"85%
",183646
544655,MacBook Air（13 英寸，M5，2026 年）,Apple Silicon,Core ML,Neural Engine,Style Transfer (SP),"100%
",25419
544655,MacBook Air（13 英寸，M5，2026 年）,Apple Silicon,Core ML,Neural Engine,Style Transfer (HP),"100%
",271102
544655,MacBook Air（13 英寸，M5，2026 年）,Apple Silicon,Core ML,Neural Engine,Style Transfer (Q),"96%
",339262
544655,MacBook Air（13 英寸，M5，2026 年）,Apple Silicon,Core ML,Neural Engine,Image Super-Resolution (SP),"100%
",5690
544655,MacBook Air（13 英寸，M5，2026 年）,Apple Silicon,Core ML,Neural Engine,Image Super-Resolution (HP),"100%
",63082
544655,MacBook Air（13 英寸，M5，2026 年）,Apple Silicon,Core ML,Neural Engine,Image Super-Resolution (Q),"99%
",101114
544655,MacBook Air（13 英寸，M5，2026 年）,Apple Silicon,Core ML,Neural Engine,Text Classification (SP),"99%
",6025
544655,MacBook Air（13 英寸，M5，2026 年）,Apple Silicon,Core ML,Neural Engine,Text Classification (HP),"100%
",6373
544655,MacBook Air（13 英寸，M5，2026 年）,Apple Silicon,Core ML,Neural Engine,Text Classification (Q),"93%
",6542
544655,MacBook Air（13 英寸，M5，2026 年）,Apple Silicon,Core ML,Neural Engine,Machine Translation (SP),"100%
",5160
544655,MacBook Air（13 英寸，M5，2026 年）,Apple Silicon,Core ML,Neural Engine,Machine Translation (HP),"100%
",17506
544655,MacBook Air（13 英寸，M5，2026 年）,Apple Silicon,Core ML,Neural Engine,Machine Translation (Q),"98%
",19025
544656,MacBook Air（13 英寸，M5，2026 年）,Apple Silicon,Core ML,Neural Engine,Image Classification (SP),"100%
",2293
544656,MacBook Air（13 英寸，M5，2026 年）,Apple Silicon,Core ML,Neural Engine,Image Classification (HP),"100%
",18468
544656,MacBook Air（13 英寸，M5，2026 年）,Apple Silicon,Core ML,Neural Engine,Image Classification (Q),"97%
",25218
544656,MacBook Air（13 英寸，M5，2026 年）,Apple Silicon,Core ML,Neural Engine,Image Segmentation (SP),"100%
",2191
544656,MacBook Air（13 英寸，M5，2026 年）,Apple Silicon,Core ML,Neural Engine,Image Segmentation (HP),"100%
",24101
544656,MacBook Air（13 英寸，M5，2026 年）,Apple Silicon,Core ML,Neural Engine,Image Segmentation (Q),"99%
",34780
544656,MacBook Air（13 英寸，M5，2026 年）,Apple Silicon,Core ML,Neural Engine,Pose Estimation (SP),"100%
",9985
544656,MacBook Air（13 英寸，M5，2026 年）,Apple Silicon,Core ML,Neural Engine,Pose Estimation (HP),"100%
",176864
544656,MacBook Air（13 英寸，M5，2026 年）,Apple Silicon,Core ML,Neural Engine,Pose Estimation (Q),"95%
",328673
544656,MacBook Air（13 英寸，M5，2026 年）,Apple Silicon,Core ML,Neural Engine,Object Detection (SP),"100%
",2731
544656,MacBook Air（13 英寸，M5，2026 年）,Apple Silicon,Core ML,Neural Engine,Object Detection (HP),"100%
",18071
544656,MacBook Air（13 英寸，M5，2026 年）,Apple Silicon,Core ML,Neural Engine,Object Detection (Q),"89%
",27635
544656,MacBook Air（13 英寸，M5，2026 年）,Apple Silicon,Core ML,Neural Engine,Face Detection (SP),"100%
",5114
544656,MacBook Air（13 英寸，M5，2026 年）,Apple Silicon,Core ML,Neural Engine,Face Detection (HP),"100%
",48670
544656,MacBook Air（13 英寸，M5，2026 年）,Apple Silicon,Core ML,Neural Engine,Face Detection (Q),"100%
",74883
544656,MacBook Air（13 英寸，M5，2026 年）,Apple Silicon,Core ML,Neural Engine,Depth Estimation (SP),"100%
",8781
544656,MacBook Air（13 英寸，M5，2026 年）,Apple Silicon,Core ML,Neural Engine,Depth Estimation (HP),"99%
",110332
544656,MacBook Air（13 英寸，M5，2026 年）,Apple Silicon,Core ML,Neural Engine,Depth Estimation (Q),"85%
",184852
544656,MacBook Air（13 英寸，M5，2026 年）,Apple Silicon,Core ML,Neural Engine,Style Transfer (SP),"100%
",25354
544656,MacBook Air（13 英寸，M5，2026 年）,Apple Silicon,Core ML,Neural Engine,Style Transfer (HP),"100%
",273627
544656,MacBook Air（13 英寸，M5，2026 年）,Apple Silicon,Core ML,Neural Engine,Style Transfer (Q),"96%
",345520
544656,MacBook Air（13 英寸，M5，2026 年）,Apple Silicon,Core ML,Neural Engine,Image Super-Resolution (SP),"100%
",5660
544656,MacBook Air（13 英寸，M5，2026 年）,Apple Silicon,Core ML,Neural Engine,Image Super-Resolution (HP),"100%
",63146
544656,MacBook Air（13 英寸，M5，2026 年）,Apple Silicon,Core ML,Neural Engine,Image Super-Resolution (Q),"99%
",101021
544656,MacBook Air（13 英寸，M5，2026 年）,Apple Silicon,Core ML,Neural Engine,Text Classification (SP),"99%
",6022
544656,MacBook Air（13 英寸，M5，2026 年）,Apple Silicon,Core ML,Neural Engine,Text Classification (HP),"100%
",6501
544656,MacBook Air（13 英寸，M5，2026 年）,Apple Silicon,Core ML,Neural Engine,Text Classification (Q),"93%
",6646
544656,MacBook Air（13 英寸，M5，2026 年）,Apple Silicon,Core ML,Neural Engine,Machine Translation (SP),"100%
",5152
544656,MacBook Air（13 英寸，M5，2026 年）,Apple Silicon,Core ML,Neural Engine,Machine Translation (HP),"100%
",17685
544656,MacBook Air（13 英寸，M5，2026 年）,Apple Silicon,Core ML,Neural Engine,Machine Translation (Q),"98%
",18607
544690,MacBook Pro（14 英寸，M5 Pro 或 M5 Max）,Apple Silicon,Core ML,GPU,Image Classification (SP),"100%
",10625
544690,MacBook Pro（14 英寸，M5 Pro 或 M5 Max）,Apple Silicon,Core ML,GPU,Image Classification (HP),"100%
",13706
544690,MacBook Pro（14 英寸，M5 Pro 或 M5 Max）,Apple Silicon,Core ML,GPU,Image Classification (Q),"97%
",12033
544690,MacBook Pro（14 英寸，M5 Pro 或 M5 Max）,Apple Silicon,Core ML,GPU,Image Segmentation (SP),"100%
",27991
544690,MacBook Pro（14 英寸，M5 Pro 或 M5 Max）,Apple Silicon,Core ML,GPU,Image Segmentation (HP),"100%
",42567
544690,MacBook Pro（14 英寸，M5 Pro 或 M5 Max）,Apple Silicon,Core ML,GPU,Image Segmentation (Q),"99%
",39314
544690,MacBook Pro（14 英寸，M5 Pro 或 M5 Max）,Apple Silicon,Core ML,GPU,Pose Estimation (SP),"100%
",130693
544690,MacBook Pro（14 英寸，M5 Pro 或 M5 Max）,Apple Silicon,Core ML,GPU,Pose Estimation (HP),"100%
",335474
544690,MacBook Pro（14 英寸，M5 Pro 或 M5 Max）,Apple Silicon,Core ML,GPU,Pose Estimation (Q),"95%
",289339
544690,MacBook Pro（14 英寸，M5 Pro 或 M5 Max）,Apple Silicon,Core ML,GPU,Object Detection (SP),"100%
",10170
544690,MacBook Pro（14 英寸，M5 Pro 或 M5 Max）,Apple Silicon,Core ML,GPU,Object Detection (HP),"100%
",14590
544690,MacBook Pro（14 英寸，M5 Pro 或 M5 Max）,Apple Silicon,Core ML,GPU,Object Detection (Q),"94%
",13949
544690,MacBook Pro（14 英寸，M5 Pro 或 M5 Max）,Apple Silicon,Core ML,GPU,Face Detection (SP),"100%
",49842
544690,MacBook Pro（14 英寸，M5 Pro 或 M5 Max）,Apple Silicon,Core ML,GPU,Face Detection (HP),"100%
",72590
544690,MacBook Pro（14 英寸，M5 Pro 或 M5 Max）,Apple Silicon,Core ML,GPU,Face Detection (Q),"100%
",65037
544690,MacBook Pro（14 英寸，M5 Pro 或 M5 Max）,Apple Silicon,Core ML,GPU,Depth Estimation (SP),"100%
",53522
544690,MacBook Pro（14 英寸，M5 Pro 或 M5 Max）,Apple Silicon,Core ML,GPU,Depth Estimation (HP),"99%
",86906
544690,MacBook Pro（14 英寸，M5 Pro 或 M5 Max）,Apple Silicon,Core ML,GPU,Depth Estimation (Q),"86%
",87128
544690,MacBook Pro（14 英寸，M5 Pro 或 M5 Max）,Apple Silicon,Core ML,GPU,Style Transfer (SP),"100%
",264122
544690,MacBook Pro（14 英寸，M5 Pro 或 M5 Max）,Apple Silicon,Core ML,GPU,Style Transfer (HP),"100%
",553867
544690,MacBook Pro（14 英寸，M5 Pro 或 M5 Max）,Apple Silicon,Core ML,GPU,Style Transfer (Q),"96%
",612474
544690,MacBook Pro（14 英寸，M5 Pro 或 M5 Max）,Apple Silicon,Core ML,GPU,Image Super-Resolution (SP),"100%
",34798
544690,MacBook Pro（14 英寸，M5 Pro 或 M5 Max）,Apple Silicon,Core ML,GPU,Image Super-Resolution (HP),"100%
",51965
544690,MacBook Pro（14 英寸，M5 Pro 或 M5 Max）,Apple Silicon,Core ML,GPU,Image Super-Resolution (Q),"99%
",41928
544690,MacBook Pro（14 英寸，M5 Pro 或 M5 Max）,Apple Silicon,Core ML,GPU,Text Classification (SP),"100%
",5972
544690,MacBook Pro（14 英寸，M5 Pro 或 M5 Max）,Apple Silicon,Core ML,GPU,Text Classification (HP),"99%
",10063
544690,MacBook Pro（14 英寸，M5 Pro 或 M5 Max）,Apple Silicon,Core ML,GPU,Text Classification (Q),"92%
",9423
544690,MacBook Pro（14 英寸，M5 Pro 或 M5 Max）,Apple Silicon,Core ML,GPU,Machine Translation (SP),"100%
",8371
544690,MacBook Pro（14 英寸，M5 Pro 或 M5 Max）,Apple Silicon,Core ML,GPU,Machine Translation (HP),"100%
",8924
544690,MacBook Pro（14 英寸，M5 Pro 或 M5 Max）,Apple Silicon,Core ML,GPU,Machine Translation (Q),"98%
",8524
544905,MacBook Pro（16 英寸，M5 Pro 或 M5 Max）,Apple Silicon,Core ML,CPU,Image Classification (SP),"100%
",2406
544905,MacBook Pro（16 英寸，M5 Pro 或 M5 Max）,Apple Silicon,Core ML,CPU,Image Classification (HP),"100%
",3593
544905,MacBook Pro（16 英寸，M5 Pro 或 M5 Max）,Apple Silicon,Core ML,CPU,Image Classification (Q),"94%
",2114
544905,MacBook Pro（16 英寸，M5 Pro 或 M5 Max）,Apple Silicon,Core ML,CPU,Image Segmentation (SP),"100%
",2576
544905,MacBook Pro（16 英寸，M5 Pro 或 M5 Max）,Apple Silicon,Core ML,CPU,Image Segmentation (HP),"100%
",3173
544905,MacBook Pro（16 英寸，M5 Pro 或 M5 Max）,Apple Silicon,Core ML,CPU,Image Segmentation (Q),"99%
",4143
544905,MacBook Pro（16 英寸，M5 Pro 或 M5 Max）,Apple Silicon,Core ML,CPU,Pose Estimation (SP),"100%
",9881
544905,MacBook Pro（16 英寸，M5 Pro 或 M5 Max）,Apple Silicon,Core ML,CPU,Pose Estimation (HP),"100%
",19479
544905,MacBook Pro（16 英寸，M5 Pro 或 M5 Max）,Apple Silicon,Core ML,CPU,Pose Estimation (Q),"96%
",16977
544905,MacBook Pro（16 英寸，M5 Pro 或 M5 Max）,Apple Silicon,Core ML,CPU,Object Detection (SP),"100%
",2930
544905,MacBook Pro（16 英寸，M5 Pro 或 M5 Max）,Apple Silicon,Core ML,CPU,Object Detection (HP),"98%
",4412
544905,MacBook Pro（16 英寸，M5 Pro 或 M5 Max）,Apple Silicon,Core ML,CPU,Object Detection (Q),"88%
",2930
544905,MacBook Pro（16 英寸，M5 Pro 或 M5 Max）,Apple Silicon,Core ML,CPU,Face Detection (SP),"100%
",5701
544905,MacBook Pro（16 英寸，M5 Pro 或 M5 Max）,Apple Silicon,Core ML,CPU,Face Detection (HP),"100%
",9978
544905,MacBook Pro（16 英寸，M5 Pro 或 M5 Max）,Apple Silicon,Core ML,CPU,Face Detection (Q),"100%
",5305
544905,MacBook Pro（16 英寸，M5 Pro 或 M5 Max）,Apple Silicon,Core ML,CPU,Depth Estimation (SP),"100%
",9287
544905,MacBook Pro（16 英寸，M5 Pro 或 M5 Max）,Apple Silicon,Core ML,CPU,Depth Estimation (HP),"98%
",12108
544905,MacBook Pro（16 英寸，M5 Pro 或 M5 Max）,Apple Silicon,Core ML,CPU,Depth Estimation (Q),"85%
",8449
544905,MacBook Pro（16 英寸，M5 Pro 或 M5 Max）,Apple Silicon,Core ML,CPU,Style Transfer (SP),"100%
",25268
544905,MacBook Pro（16 英寸，M5 Pro 或 M5 Max）,Apple Silicon,Core ML,CPU,Style Transfer (HP),"100%
",46591
544905,MacBook Pro（16 英寸，M5 Pro 或 M5 Max）,Apple Silicon,Core ML,CPU,Style Transfer (Q),"96%
",37315
544905,MacBook Pro（16 英寸，M5 Pro 或 M5 Max）,Apple Silicon,Core ML,CPU,Image Super-Resolution (SP),"100%
",5808
544905,MacBook Pro（16 英寸，M5 Pro 或 M5 Max）,Apple Silicon,Core ML,CPU,Image Super-Resolution (HP),"100%
",10472
544905,MacBook Pro（16 英寸，M5 Pro 或 M5 Max）,Apple Silicon,Core ML,CPU,Image Super-Resolution (Q),"99%
",6242
544905,MacBook Pro（16 英寸，M5 Pro 或 M5 Max）,Apple Silicon,Core ML,CPU,Text Classification (SP),"99%
",6153
544905,MacBook Pro（16 英寸，M5 Pro 或 M5 Max）,Apple Silicon,Core ML,CPU,Text Classification (HP),"100%
",9507
544905,MacBook Pro（16 英寸，M5 Pro 或 M5 Max）,Apple Silicon,Core ML,CPU,Text Classification (Q),"92%
",10501
544905,MacBook Pro（16 英寸，M5 Pro 或 M5 Max）,Apple Silicon,Core ML,CPU,Machine Translation (SP),"100%
",2826
544905,MacBook Pro（16 英寸，M5 Pro 或 M5 Max）,Apple Silicon,Core ML,CPU,Machine Translation (HP),"100%
",9775
544905,MacBook Pro（16 英寸，M5 Pro 或 M5 Max）,Apple Silicon,Core ML,CPU,Machine Translation (Q),"98%
",9755
544909,MacBook Pro（16 英寸，M5 Pro 或 M5 Max）,Apple Silicon,Core ML,GPU,Image Classification (SP),"100%
",10337
544909,MacBook Pro（16 英寸，M5 Pro 或 M5 Max）,Apple Silicon,Core ML,GPU,Image Classification (HP),"100%
",13397
544909,MacBook Pro（16 英寸，M5 Pro 或 M5 Max）,Apple Silicon,Core ML,GPU,Image Classification (Q),"97%
",12256
544909,MacBook Pro（16 英寸，M5 Pro 或 M5 Max）,Apple Silicon,Core ML,GPU,Image Segmentation (SP),"100%
",24599
544909,MacBook Pro（16 英寸，M5 Pro 或 M5 Max）,Apple Silicon,Core ML,GPU,Image Segmentation (HP),"100%
",38155
544909,MacBook Pro（16 英寸，M5 Pro 或 M5 Max）,Apple Silicon,Core ML,GPU,Image Segmentation (Q),"99%
",35555
544909,MacBook Pro（16 英寸，M5 Pro 或 M5 Max）,Apple Silicon,Core ML,GPU,Pose Estimation (SP),"100%
",107008
544909,MacBook Pro（16 英寸，M5 Pro 或 M5 Max）,Apple Silicon,Core ML,GPU,Pose Estimation (HP),"100%
",260640
544909,MacBook Pro（16 英寸，M5 Pro 或 M5 Max）,Apple Silicon,Core ML,GPU,Pose Estimation (Q),"95%
",260846
544909,MacBook Pro（16 英寸，M5 Pro 或 M5 Max）,Apple Silicon,Core ML,GPU,Object Detection (SP),"100%
",9613
544909,MacBook Pro（16 英寸，M5 Pro 或 M5 Max）,Apple Silicon,Core ML,GPU,Object Detection (HP),"100%
",15941
544909,MacBook Pro（16 英寸，M5 Pro 或 M5 Max）,Apple Silicon,Core ML,GPU,Object Detection (Q),"94%
",14442
544909,MacBook Pro（16 英寸，M5 Pro 或 M5 Max）,Apple Silicon,Core ML,GPU,Face Detection (SP),"100%
",43468
544909,MacBook Pro（16 英寸，M5 Pro 或 M5 Max）,Apple Silicon,Core ML,GPU,Face Detection (HP),"100%
",66836
544909,MacBook Pro（16 英寸，M5 Pro 或 M5 Max）,Apple Silicon,Core ML,GPU,Face Detection (Q),"100%
",59533
544909,MacBook Pro（16 英寸，M5 Pro 或 M5 Max）,Apple Silicon,Core ML,GPU,Depth Estimation (SP),"100%
",51155
544909,MacBook Pro（16 英寸，M5 Pro 或 M5 Max）,Apple Silicon,Core ML,GPU,Depth Estimation (HP),"99%
",83565
544909,MacBook Pro（16 英寸，M5 Pro 或 M5 Max）,Apple Silicon,Core ML,GPU,Depth Estimation (Q),"86%
",72940
544909,MacBook Pro（16 英寸，M5 Pro 或 M5 Max）,Apple Silicon,Core ML,GPU,Style Transfer (SP),"100%
",230548
544909,MacBook Pro（16 英寸，M5 Pro 或 M5 Max）,Apple Silicon,Core ML,GPU,Style Transfer (HP),"100%
",467070
544909,MacBook Pro（16 英寸，M5 Pro 或 M5 Max）,Apple Silicon,Core ML,GPU,Style Transfer (Q),"96%
",529193
544909,MacBook Pro（16 英寸，M5 Pro 或 M5 Max）,Apple Silicon,Core ML,GPU,Image Super-Resolution (SP),"100%
",30398
544909,MacBook Pro（16 英寸，M5 Pro 或 M5 Max）,Apple Silicon,Core ML,GPU,Image Super-Resolution (HP),"100%
",50250
544909,MacBook Pro（16 英寸，M5 Pro 或 M5 Max）,Apple Silicon,Core ML,GPU,Image Super-Resolution (Q),"99%
",39006
544909,MacBook Pro（16 英寸，M5 Pro 或 M5 Max）,Apple Silicon,Core ML,GPU,Text Classification (SP),"99%
",5868
544909,MacBook Pro（16 英寸，M5 Pro 或 M5 Max）,Apple Silicon,Core ML,GPU,Text Classification (HP),"99%
",10093
544909,MacBook Pro（16 英寸，M5 Pro 或 M5 Max）,Apple Silicon,Core ML,GPU,Text Classification (Q),"92%
",9435
544909,MacBook Pro（16 英寸，M5 Pro 或 M5 Max）,Apple Silicon,Core ML,GPU,Machine Translation (SP),"100%
",8147
544909,MacBook Pro（16 英寸，M5 Pro 或 M5 Max）,Apple Silicon,Core ML,GPU,Machine Translation (HP),"100%
",8852
544909,MacBook Pro（16 英寸，M5 Pro 或 M5 Max）,Apple Silicon,Core ML,GPU,Machine Translation (Q),"98%
",8539
544911,MacBook Pro（16 英寸，M5 Pro 或 M5 Max）,Apple Silicon,Core ML,Neural Engine,Image Classification (SP),"100%
",2404
544911,MacBook Pro（16 英寸，M5 Pro 或 M5 Max）,Apple Silicon,Core ML,Neural Engine,Image Classification (HP),"100%
",19970
544911,MacBook Pro（16 英寸，M5 Pro 或 M5 Max）,Apple Silicon,Core ML,Neural Engine,Image Classification (Q),"97%
",25214
544911,MacBook Pro（16 英寸，M5 Pro 或 M5 Max）,Apple Silicon,Core ML,Neural Engine,Image Segmentation (SP),"100%
",2521
544911,MacBook Pro（16 英寸，M5 Pro 或 M5 Max）,Apple Silicon,Core ML,Neural Engine,Image Segmentation (HP),"100%
",26106
544911,MacBook Pro（16 英寸，M5 Pro 或 M5 Max）,Apple Silicon,Core ML,Neural Engine,Image Segmentation (Q),"99%
",39511
544911,MacBook Pro（16 英寸，M5 Pro 或 M5 Max）,Apple Silicon,Core ML,Neural Engine,Pose Estimation (SP),"100%
",10084
544911,MacBook Pro（16 英寸，M5 Pro 或 M5 Max）,Apple Silicon,Core ML,Neural Engine,Pose Estimation (HP),"100%
",183412
544911,MacBook Pro（16 英寸，M5 Pro 或 M5 Max）,Apple Silicon,Core ML,Neural Engine,Pose Estimation (Q),"95%
",339834
544911,MacBook Pro（16 英寸，M5 Pro 或 M5 Max）,Apple Silicon,Core ML,Neural Engine,Object Detection (SP),"100%
",2937
544911,MacBook Pro（16 英寸，M5 Pro 或 M5 Max）,Apple Silicon,Core ML,Neural Engine,Object Detection (HP),"100%
",22172
544911,MacBook Pro（16 英寸，M5 Pro 或 M5 Max）,Apple Silicon,Core ML,Neural Engine,Object Detection (Q),"89%
",28447
544911,MacBook Pro（16 英寸，M5 Pro 或 M5 Max）,Apple Silicon,Core ML,Neural Engine,Face Detection (SP),"100%
",5726
544911,MacBook Pro（16 英寸，M5 Pro 或 M5 Max）,Apple Silicon,Core ML,Neural Engine,Face Detection (HP),"100%
",51297
544911,MacBook Pro（16 英寸，M5 Pro 或 M5 Max）,Apple Silicon,Core ML,Neural Engine,Face Detection (Q),"100%
",79891
544911,MacBook Pro（16 英寸，M5 Pro 或 M5 Max）,Apple Silicon,Core ML,Neural Engine,Depth Estimation (SP),"100%
",9293
544911,MacBook Pro（16 英寸，M5 Pro 或 M5 Max）,Apple Silicon,Core ML,Neural Engine,Depth Estimation (HP),"99%
",138102
544911,MacBook Pro（16 英寸，M5 Pro 或 M5 Max）,Apple Silicon,Core ML,Neural Engine,Depth Estimation (Q),"85%
",217130
544911,MacBook Pro（16 英寸，M5 Pro 或 M5 Max）,Apple Silicon,Core ML,Neural Engine,Style Transfer (SP),"100%
",25251
544911,MacBook Pro（16 英寸，M5 Pro 或 M5 Max）,Apple Silicon,Core ML,Neural Engine,Style Transfer (HP),"100%
",289949
544911,MacBook Pro（16 英寸，M5 Pro 或 M5 Max）,Apple Silicon,Core ML,Neural Engine,Style Transfer (Q),"96%
",365078
544911,MacBook Pro（16 英寸，M5 Pro 或 M5 Max）,Apple Silicon,Core ML,Neural Engine,Image Super-Resolution (SP),"100%
",5816
544911,MacBook Pro（16 英寸，M5 Pro 或 M5 Max）,Apple Silicon,Core ML,Neural Engine,Image Super-Resolution (HP),"100%
",66551
544911,MacBook Pro（16 英寸，M5 Pro 或 M5 Max）,Apple Silicon,Core ML,Neural Engine,Image Super-Resolution (Q),"99%
",98306
544911,MacBook Pro（16 英寸，M5 Pro 或 M5 Max）,Apple Silicon,Core ML,Neural Engine,Text Classification (SP),"100%
",6217
544911,MacBook Pro（16 英寸，M5 Pro 或 M5 Max）,Apple Silicon,Core ML,Neural Engine,Text Classification (HP),"99%
",9774
544911,MacBook Pro（16 英寸，M5 Pro 或 M5 Max）,Apple Silicon,Core ML,Neural Engine,Text Classification (Q),"92%
",9901
544911,MacBook Pro（16 英寸，M5 Pro 或 M5 Max）,Apple Silicon,Core ML,Neural Engine,Machine Translation (SP),"100%
",2833
544911,MacBook Pro（16 英寸，M5 Pro 或 M5 Max）,Apple Silicon,Core ML,Neural Engine,Machine Translation (HP),"100%
",18632
544911,MacBook Pro（16 英寸，M5 Pro 或 M5 Max）,Apple Silicon,Core ML,Neural Engine,Machine Translation (Q),"98%
",19545
544912,MacBook Pro（16 英寸，M5 Pro 或 M5 Max）,Apple Silicon,Core ML,Neural Engine,Image Classification (SP),"100%
",2351
544912,MacBook Pro（16 英寸，M5 Pro 或 M5 Max）,Apple Silicon,Core ML,Neural Engine,Image Classification (HP),"100%
",21286
544912,MacBook Pro（16 英寸，M5 Pro 或 M5 Max）,Apple Silicon,Core ML,Neural Engine,Image Classification (Q),"97%
",24848
544912,MacBook Pro（16 英寸，M5 Pro 或 M5 Max）,Apple Silicon,Core ML,Neural Engine,Image Segmentation (SP),"100%
",2467
544912,MacBook Pro（16 英寸，M5 Pro 或 M5 Max）,Apple Silicon,Core ML,Neural Engine,Image Segmentation (HP),"100%
",26157
544912,MacBook Pro（16 英寸，M5 Pro 或 M5 Max）,Apple Silicon,Core ML,Neural Engine,Image Segmentation (Q),"99%
",37612
544912,MacBook Pro（16 英寸，M5 Pro 或 M5 Max）,Apple Silicon,Core ML,Neural Engine,Pose Estimation (SP),"100%
",10038
544912,MacBook Pro（16 英寸，M5 Pro 或 M5 Max）,Apple Silicon,Core ML,Neural Engine,Pose Estimation (HP),"100%
",184587
544912,MacBook Pro（16 英寸，M5 Pro 或 M5 Max）,Apple Silicon,Core ML,Neural Engine,Pose Estimation (Q),"95%
",338228
544912,MacBook Pro（16 英寸，M5 Pro 或 M5 Max）,Apple Silicon,Core ML,Neural Engine,Object Detection (SP),"100%
",2927
544912,MacBook Pro（16 英寸，M5 Pro 或 M5 Max）,Apple Silicon,Core ML,Neural Engine,Object Detection (HP),"100%
",21862
544912,MacBook Pro（16 英寸，M5 Pro 或 M5 Max）,Apple Silicon,Core ML,Neural Engine,Object Detection (Q),"89%
",28245
544912,MacBook Pro（16 英寸，M5 Pro 或 M5 Max）,Apple Silicon,Core ML,Neural Engine,Face Detection (SP),"100%
",5731
544912,MacBook Pro（16 英寸，M5 Pro 或 M5 Max）,Apple Silicon,Core ML,Neural Engine,Face Detection (HP),"100%
",50758
544912,MacBook Pro（16 英寸，M5 Pro 或 M5 Max）,Apple Silicon,Core ML,Neural Engine,Face Detection (Q),"100%
",78087
544912,MacBook Pro（16 英寸，M5 Pro 或 M5 Max）,Apple Silicon,Core ML,Neural Engine,Depth Estimation (SP),"100%
",9265
544912,MacBook Pro（16 英寸，M5 Pro 或 M5 Max）,Apple Silicon,Core ML,Neural Engine,Depth Estimation (HP),"99%
",137641
544912,MacBook Pro（16 英寸，M5 Pro 或 M5 Max）,Apple Silicon,Core ML,Neural Engine,Depth Estimation (Q),"85%
",218438
544912,MacBook Pro（16 英寸，M5 Pro 或 M5 Max）,Apple Silicon,Core ML,Neural Engine,Style Transfer (SP),"100%
",25244
544912,MacBook Pro（16 英寸，M5 Pro 或 M5 Max）,Apple Silicon,Core ML,Neural Engine,Style Transfer (HP),"100%
",289911
544912,MacBook Pro（16 英寸，M5 Pro 或 M5 Max）,Apple Silicon,Core ML,Neural Engine,Style Transfer (Q),"96%
",364962
544912,MacBook Pro（16 英寸，M5 Pro 或 M5 Max）,Apple Silicon,Core ML,Neural Engine,Image Super-Resolution (SP),"100%
",5806
544912,MacBook Pro（16 英寸，M5 Pro 或 M5 Max）,Apple Silicon,Core ML,Neural Engine,Image Super-Resolution (HP),"100%
",66795
544912,MacBook Pro（16 英寸，M5 Pro 或 M5 Max）,Apple Silicon,Core ML,Neural Engine,Image Super-Resolution (Q),"99%
",105173
544912,MacBook Pro（16 英寸，M5 Pro 或 M5 Max）,Apple Silicon,Core ML,Neural Engine,Text Classification (SP),"100%
",5816
544912,MacBook Pro（16 英寸，M5 Pro 或 M5 Max）,Apple Silicon,Core ML,Neural Engine,Text Classification (HP),"99%
",9789
544912,MacBook Pro（16 英寸，M5 Pro 或 M5 Max）,Apple Silicon,Core ML,Neural Engine,Text Classification (Q),"92%
",9901
544912,MacBook Pro（16 英寸，M5 Pro 或 M5 Max）,Apple Silicon,Core ML,Neural Engine,Machine Translation (SP),"100%
",2821
544912,MacBook Pro（16 英寸，M5 Pro 或 M5 Max）,Apple Silicon,Core ML,Neural Engine,Machine Translation (HP),"100%
",18653
544912,MacBook Pro（16 英寸，M5 Pro 或 M5 Max）,Apple Silicon,Core ML,Neural Engine,Machine Translation (Q),"98%
",18548
544918,MacBook Pro（16 英寸，M5 Pro 或 M5 Max）,Apple Silicon,Core ML,CPU,Image Classification (SP),"100%
",2173
544918,MacBook Pro（16 英寸，M5 Pro 或 M5 Max）,Apple Silicon,Core ML,CPU,Image Classification (HP),"100%
",3244
544918,MacBook Pro（16 英寸，M5 Pro 或 M5 Max）,Apple Silicon,Core ML,CPU,Image Classification (Q),"94%
",1985
544918,MacBook Pro（16 英寸，M5 Pro 或 M5 Max）,Apple Silicon,Core ML,CPU,Image Segmentation (SP),"100%
",2428
544918,MacBook Pro（16 英寸，M5 Pro 或 M5 Max）,Apple Silicon,Core ML,CPU,Image Segmentation (HP),"100%
",2508
544918,MacBook Pro（16 英寸，M5 Pro 或 M5 Max）,Apple Silicon,Core ML,CPU,Image Segmentation (Q),"99%
",3764
544918,MacBook Pro（16 英寸，M5 Pro 或 M5 Max）,Apple Silicon,Core ML,CPU,Pose Estimation (SP),"100%
",7597
544918,MacBook Pro（16 英寸，M5 Pro 或 M5 Max）,Apple Silicon,Core ML,CPU,Pose Estimation (HP),"100%
",17739
544918,MacBook Pro（16 英寸，M5 Pro 或 M5 Max）,Apple Silicon,Core ML,CPU,Pose Estimation (Q),"96%
",15851
544918,MacBook Pro（16 英寸，M5 Pro 或 M5 Max）,Apple Silicon,Core ML,CPU,Object Detection (SP),"100%
",2666
544918,MacBook Pro（16 英寸，M5 Pro 或 M5 Max）,Apple Silicon,Core ML,CPU,Object Detection (HP),"98%
",4246
544918,MacBook Pro（16 英寸，M5 Pro 或 M5 Max）,Apple Silicon,Core ML,CPU,Object Detection (Q),"88%
",2784
544918,MacBook Pro（16 英寸，M5 Pro 或 M5 Max）,Apple Silicon,Core ML,CPU,Face Detection (SP),"100%
",4986
544918,MacBook Pro（16 英寸，M5 Pro 或 M5 Max）,Apple Silicon,Core ML,CPU,Face Detection (HP),"100%
",8639
544918,MacBook Pro（16 英寸，M5 Pro 或 M5 Max）,Apple Silicon,Core ML,CPU,Face Detection (Q),"100%
",4797
544918,MacBook Pro（16 英寸，M5 Pro 或 M5 Max）,Apple Silicon,Core ML,CPU,Depth Estimation (SP),"100%
",8232
544918,MacBook Pro（16 英寸，M5 Pro 或 M5 Max）,Apple Silicon,Core ML,CPU,Depth Estimation (HP),"98%
",11193
544918,MacBook Pro（16 英寸，M5 Pro 或 M5 Max）,Apple Silicon,Core ML,CPU,Depth Estimation (Q),"85%
",7880
544918,MacBook Pro（16 英寸，M5 Pro 或 M5 Max）,Apple Silicon,Core ML,CPU,Style Transfer (SP),"100%
",21423
544918,MacBook Pro（16 英寸，M5 Pro 或 M5 Max）,Apple Silicon,Core ML,CPU,Style Transfer (HP),"100%
",42589
544918,MacBook Pro（16 英寸，M5 Pro 或 M5 Max）,Apple Silicon,Core ML,CPU,Style Transfer (Q),"96%
",33581
544918,MacBook Pro（16 英寸，M5 Pro 或 M5 Max）,Apple Silicon,Core ML,CPU,Image Super-Resolution (SP),"100%
",5455
544918,MacBook Pro（16 英寸，M5 Pro 或 M5 Max）,Apple Silicon,Core ML,CPU,Image Super-Resolution (HP),"100%
",9951
544918,MacBook Pro（16 英寸，M5 Pro 或 M5 Max）,Apple Silicon,Core ML,CPU,Image Super-Resolution (Q),"99%
",5995
544918,MacBook Pro（16 英寸，M5 Pro 或 M5 Max）,Apple Silicon,Core ML,CPU,Text Classification (SP),"99%
",6005
544918,MacBook Pro（16 英寸，M5 Pro 或 M5 Max）,Apple Silicon,Core ML,CPU,Text Classification (HP),"99%
",10022
544918,MacBook Pro（16 英寸，M5 Pro 或 M5 Max）,Apple Silicon,Core ML,CPU,Text Classification (Q),"93%
",9713
544918,MacBook Pro（16 英寸，M5 Pro 或 M5 Max）,Apple Silicon,Core ML,CPU,Machine Translation (SP),"100%
",2563
544918,MacBook Pro（16 英寸，M5 Pro 或 M5 Max）,Apple Silicon,Core ML,CPU,Machine Translation (HP),"100%
",9192
544918,MacBook Pro（16 英寸，M5 Pro 或 M5 Max）,Apple Silicon,Core ML,CPU,Machine Translation (Q),"98%
",8868
544925,Mac Studio (2025),Apple Silicon,Core ML,CPU,Image Classification (SP),"100%
",2197
544925,Mac Studio (2025),Apple Silicon,Core ML,CPU,Image Classification (HP),"100%
",3174
544925,Mac Studio (2025),Apple Silicon,Core ML,CPU,Image Classification (Q),"96%
",2125
544925,Mac Studio (2025),Apple Silicon,Core ML,CPU,Image Segmentation (SP),"100%
",2472
544925,Mac Studio (2025),Apple Silicon,Core ML,CPU,Image Segmentation (HP),"100%
",3602
544925,Mac Studio (2025),Apple Silicon,Core ML,CPU,Image Segmentation (Q),"99%
",4016
544925,Mac Studio (2025),Apple Silicon,Core ML,CPU,Pose Estimation (SP),"100%
",18176
544925,Mac Studio (2025),Apple Silicon,Core ML,CPU,Pose Estimation (HP),"100%
",34650
544925,Mac Studio (2025),Apple Silicon,Core ML,CPU,Pose Estimation (Q),"95%
",27081
544925,Mac Studio (2025),Apple Silicon,Core ML,CPU,Object Detection (SP),"100%
",2634
544925,Mac Studio (2025),Apple Silicon,Core ML,CPU,Object Detection (HP),"97%
",4042
544925,Mac Studio (2025),Apple Silicon,Core ML,CPU,Object Detection (Q),"94%
",2865
544925,Mac Studio (2025),Apple Silicon,Core ML,CPU,Face Detection (SP),"100%
",5177
544925,Mac Studio (2025),Apple Silicon,Core ML,CPU,Face Detection (HP),"100%
",8740
544925,Mac Studio (2025),Apple Silicon,Core ML,CPU,Face Detection (Q),"100%
",4914
544925,Mac Studio (2025),Apple Silicon,Core ML,CPU,Depth Estimation (SP),"100%
",8869
544925,Mac Studio (2025),Apple Silicon,Core ML,CPU,Depth Estimation (HP),"97%
",15650
544925,Mac Studio (2025),Apple Silicon,Core ML,CPU,Depth Estimation (Q),"86%
",10866
544925,Mac Studio (2025),Apple Silicon,Core ML,CPU,Style Transfer (SP),"100%
",31399
544925,Mac Studio (2025),Apple Silicon,Core ML,CPU,Style Transfer (HP),"100%
",58311
544925,Mac Studio (2025),Apple Silicon,Core ML,CPU,Style Transfer (Q),"96%
",44094
544925,Mac Studio (2025),Apple Silicon,Core ML,CPU,Image Super-Resolution (SP),"100%
",7090
544925,Mac Studio (2025),Apple Silicon,Core ML,CPU,Image Super-Resolution (HP),"100%
",9480
544925,Mac Studio (2025),Apple Silicon,Core ML,CPU,Image Super-Resolution (Q),"99%
",5449
544925,Mac Studio (2025),Apple Silicon,Core ML,CPU,Text Classification (SP),"100%
",3176
544925,Mac Studio (2025),Apple Silicon,Core ML,CPU,Text Classification (HP),"99%
",5457
544925,Mac Studio (2025),Apple Silicon,Core ML,CPU,Text Classification (Q),"93%
",5448
544925,Mac Studio (2025),Apple Silicon,Core ML,CPU,Machine Translation (SP),"100%
",6340
544925,Mac Studio (2025),Apple Silicon,Core ML,CPU,Machine Translation (HP),"98%
",9831
544925,Mac Studio (2025),Apple Silicon,Core ML,CPU,Machine Translation (Q),"98%
",9814
545196,MacBook Pro（16 英寸，M5 Pro 或 M5 Max）,Apple Silicon,Core ML,CPU,Image Classification (SP),"100%
",2324
545196,MacBook Pro（16 英寸，M5 Pro 或 M5 Max）,Apple Silicon,Core ML,CPU,Image Classification (HP),"100%
",3457
545196,MacBook Pro（16 英寸，M5 Pro 或 M5 Max）,Apple Silicon,Core ML,CPU,Image Classification (Q),"94%
",2091
545196,MacBook Pro（16 英寸，M5 Pro 或 M5 Max）,Apple Silicon,Core ML,CPU,Image Segmentation (SP),"100%
",2564
545196,MacBook Pro（16 英寸，M5 Pro 或 M5 Max）,Apple Silicon,Core ML,CPU,Image Segmentation (HP),"100%
",3136
545196,MacBook Pro（16 英寸，M5 Pro 或 M5 Max）,Apple Silicon,Core ML,CPU,Image Segmentation (Q),"99%
",4027
545196,MacBook Pro（16 英寸，M5 Pro 或 M5 Max）,Apple Silicon,Core ML,CPU,Pose Estimation (SP),"100%
",9413
545196,MacBook Pro（16 英寸，M5 Pro 或 M5 Max）,Apple Silicon,Core ML,CPU,Pose Estimation (HP),"100%
",19186
545196,MacBook Pro（16 英寸，M5 Pro 或 M5 Max）,Apple Silicon,Core ML,CPU,Pose Estimation (Q),"96%
",16664
545196,MacBook Pro（16 英寸，M5 Pro 或 M5 Max）,Apple Silicon,Core ML,CPU,Object Detection (SP),"100%
",2805
545196,MacBook Pro（16 英寸，M5 Pro 或 M5 Max）,Apple Silicon,Core ML,CPU,Object Detection (HP),"98%
",4408
545196,MacBook Pro（16 英寸，M5 Pro 或 M5 Max）,Apple Silicon,Core ML,CPU,Object Detection (Q),"88%
",2869
545196,MacBook Pro（16 英寸，M5 Pro 或 M5 Max）,Apple Silicon,Core ML,CPU,Face Detection (SP),"100%
",5443
545196,MacBook Pro（16 英寸，M5 Pro 或 M5 Max）,Apple Silicon,Core ML,CPU,Face Detection (HP),"100%
",9640
545196,MacBook Pro（16 英寸，M5 Pro 或 M5 Max）,Apple Silicon,Core ML,CPU,Face Detection (Q),"100%
",5142
545196,MacBook Pro（16 英寸，M5 Pro 或 M5 Max）,Apple Silicon,Core ML,CPU,Depth Estimation (SP),"100%
",9112
545196,MacBook Pro（16 英寸，M5 Pro 或 M5 Max）,Apple Silicon,Core ML,CPU,Depth Estimation (HP),"98%
",12217
545196,MacBook Pro（16 英寸，M5 Pro 或 M5 Max）,Apple Silicon,Core ML,CPU,Depth Estimation (Q),"85%
",8401
545196,MacBook Pro（16 英寸，M5 Pro 或 M5 Max）,Apple Silicon,Core ML,CPU,Style Transfer (SP),"100%
",23583
545196,MacBook Pro（16 英寸，M5 Pro 或 M5 Max）,Apple Silicon,Core ML,CPU,Style Transfer (HP),"100%
",45377
545196,MacBook Pro（16 英寸，M5 Pro 或 M5 Max）,Apple Silicon,Core ML,CPU,Style Transfer (Q),"96%
",36060
545196,MacBook Pro（16 英寸，M5 Pro 或 M5 Max）,Apple Silicon,Core ML,CPU,Image Super-Resolution (SP),"100%
",5714
545196,MacBook Pro（16 英寸，M5 Pro 或 M5 Max）,Apple Silicon,Core ML,CPU,Image Super-Resolution (HP),"100%
",10676
545196,MacBook Pro（16 英寸，M5 Pro 或 M5 Max）,Apple Silicon,Core ML,CPU,Image Super-Resolution (Q),"99%
",6274
545196,MacBook Pro（16 英寸，M5 Pro 或 M5 Max）,Apple Silicon,Core ML,CPU,Text Classification (SP),"99%
",5985
545196,MacBook Pro（16 英寸，M5 Pro 或 M5 Max）,Apple Silicon,Core ML,CPU,Text Classification (HP),"100%
",9939
545196,MacBook Pro（16 英寸，M5 Pro 或 M5 Max）,Apple Silicon,Core ML,CPU,Text Classification (Q),"92%
",10225
545196,MacBook Pro（16 英寸，M5 Pro 或 M5 Max）,Apple Silicon,Core ML,CPU,Machine Translation (SP),"100%
",2736
545196,MacBook Pro（16 英寸，M5 Pro 或 M5 Max）,Apple Silicon,Core ML,CPU,Machine Translation (HP),"100%
",9638
545196,MacBook Pro（16 英寸，M5 Pro 或 M5 Max）,Apple Silicon,Core ML,CPU,Machine Translation (Q),"98%
",9566
545197,MacBook Pro（16 英寸，M5 Pro 或 M5 Max）,Apple Silicon,Core ML,GPU,Image Classification (SP),"100%
",10969
545197,MacBook Pro（16 英寸，M5 Pro 或 M5 Max）,Apple Silicon,Core ML,GPU,Image Classification (HP),"100%
",13846
545197,MacBook Pro（16 英寸，M5 Pro 或 M5 Max）,Apple Silicon,Core ML,GPU,Image Classification (Q),"97%
",12354
545197,MacBook Pro（16 英寸，M5 Pro 或 M5 Max）,Apple Silicon,Core ML,GPU,Image Segmentation (SP),"100%
",27995
545197,MacBook Pro（16 英寸，M5 Pro 或 M5 Max）,Apple Silicon,Core ML,GPU,Image Segmentation (HP),"100%
",42125
545197,MacBook Pro（16 英寸，M5 Pro 或 M5 Max）,Apple Silicon,Core ML,GPU,Image Segmentation (Q),"99%
",38769
545197,MacBook Pro（16 英寸，M5 Pro 或 M5 Max）,Apple Silicon,Core ML,GPU,Pose Estimation (SP),"100%
",129658
545197,MacBook Pro（16 英寸，M5 Pro 或 M5 Max）,Apple Silicon,Core ML,GPU,Pose Estimation (HP),"100%
",329884
545197,MacBook Pro（16 英寸，M5 Pro 或 M5 Max）,Apple Silicon,Core ML,GPU,Pose Estimation (Q),"95%
",285360
545197,MacBook Pro（16 英寸，M5 Pro 或 M5 Max）,Apple Silicon,Core ML,GPU,Object Detection (SP),"100%
",10102
545197,MacBook Pro（16 英寸，M5 Pro 或 M5 Max）,Apple Silicon,Core ML,GPU,Object Detection (HP),"100%
",14777
545197,MacBook Pro（16 英寸，M5 Pro 或 M5 Max）,Apple Silicon,Core ML,GPU,Object Detection (Q),"94%
",14782
545197,MacBook Pro（16 英寸，M5 Pro 或 M5 Max）,Apple Silicon,Core ML,GPU,Face Detection (SP),"100%
",48627
545197,MacBook Pro（16 英寸，M5 Pro 或 M5 Max）,Apple Silicon,Core ML,GPU,Face Detection (HP),"100%
",71855
545197,MacBook Pro（16 英寸，M5 Pro 或 M5 Max）,Apple Silicon,Core ML,GPU,Face Detection (Q),"100%
",62926
545197,MacBook Pro（16 英寸，M5 Pro 或 M5 Max）,Apple Silicon,Core ML,GPU,Depth Estimation (SP),"100%
",52737
545197,MacBook Pro（16 英寸，M5 Pro 或 M5 Max）,Apple Silicon,Core ML,GPU,Depth Estimation (HP),"99%
",84538
545197,MacBook Pro（16 英寸，M5 Pro 或 M5 Max）,Apple Silicon,Core ML,GPU,Depth Estimation (Q),"86%
",81842
545197,MacBook Pro（16 英寸，M5 Pro 或 M5 Max）,Apple Silicon,Core ML,GPU,Style Transfer (SP),"100%
",264745
545197,MacBook Pro（16 英寸，M5 Pro 或 M5 Max）,Apple Silicon,Core ML,GPU,Style Transfer (HP),"100%
",549927
545197,MacBook Pro（16 英寸，M5 Pro 或 M5 Max）,Apple Silicon,Core ML,GPU,Style Transfer (Q),"96%
",604149
545197,MacBook Pro（16 英寸，M5 Pro 或 M5 Max）,Apple Silicon,Core ML,GPU,Image Super-Resolution (SP),"100%
",35116
545197,MacBook Pro（16 英寸，M5 Pro 或 M5 Max）,Apple Silicon,Core ML,GPU,Image Super-Resolution (HP),"100%
",52580
545197,MacBook Pro（16 英寸，M5 Pro 或 M5 Max）,Apple Silicon,Core ML,GPU,Image Super-Resolution (Q),"99%
",42617
545197,MacBook Pro（16 英寸，M5 Pro 或 M5 Max）,Apple Silicon,Core ML,GPU,Text Classification (SP),"100%
",5926
545197,MacBook Pro（16 英寸，M5 Pro 或 M5 Max）,Apple Silicon,Core ML,GPU,Text Classification (HP),"99%
",10064
545197,MacBook Pro（16 英寸，M5 Pro 或 M5 Max）,Apple Silicon,Core ML,GPU,Text Classification (Q),"93%
",9951
545197,MacBook Pro（16 英寸，M5 Pro 或 M5 Max）,Apple Silicon,Core ML,GPU,Machine Translation (SP),"100%
",8395
545197,MacBook Pro（16 英寸，M5 Pro 或 M5 Max）,Apple Silicon,Core ML,GPU,Machine Translation (HP),"100%
",8990
545197,MacBook Pro（16 英寸，M5 Pro 或 M5 Max）,Apple Silicon,Core ML,GPU,Machine Translation (Q),"98%
",8528
545208,"MacBook Air (13-inch, 2025)",Apple Silicon,Core ML,GPU,Image Classification (SP),"100%
",4900
545208,"MacBook Air (13-inch, 2025)",Apple Silicon,Core ML,GPU,Image Classification (HP),"100%
",5173
545208,"MacBook Air (13-inch, 2025)",Apple Silicon,Core ML,GPU,Image Classification (Q),"96%
",4982
545208,"MacBook Air (13-inch, 2025)",Apple Silicon,Core ML,GPU,Image Segmentation (SP),"100%
",7142
545208,"MacBook Air (13-inch, 2025)",Apple Silicon,Core ML,GPU,Image Segmentation (HP),"100%
",8021
545208,"MacBook Air (13-inch, 2025)",Apple Silicon,Core ML,GPU,Image Segmentation (Q),"99%
",7753
545208,"MacBook Air (13-inch, 2025)",Apple Silicon,Core ML,GPU,Pose Estimation (SP),"100%
",27121
545208,"MacBook Air (13-inch, 2025)",Apple Silicon,Core ML,GPU,Pose Estimation (HP),"100%
",31069
545208,"MacBook Air (13-inch, 2025)",Apple Silicon,Core ML,GPU,Pose Estimation (Q),"96%
",30233
545208,"MacBook Air (13-inch, 2025)",Apple Silicon,Core ML,GPU,Object Detection (SP),"100%
",4791
545208,"MacBook Air (13-inch, 2025)",Apple Silicon,Core ML,GPU,Object Detection (HP),"100%
",5399
545208,"MacBook Air (13-inch, 2025)",Apple Silicon,Core ML,GPU,Object Detection (Q),"91%
",5171
545208,"MacBook Air (13-inch, 2025)",Apple Silicon,Core ML,GPU,Face Detection (SP),"100%
",12914
545208,"MacBook Air (13-inch, 2025)",Apple Silicon,Core ML,GPU,Face Detection (HP),"100%
",17465
545208,"MacBook Air (13-inch, 2025)",Apple Silicon,Core ML,GPU,Face Detection (Q),"100%
",16387
545208,"MacBook Air (13-inch, 2025)",Apple Silicon,Core ML,GPU,Depth Estimation (SP),"100%
",20312
545208,"MacBook Air (13-inch, 2025)",Apple Silicon,Core ML,GPU,Depth Estimation (HP),"99%
",22563
545208,"MacBook Air (13-inch, 2025)",Apple Silicon,Core ML,GPU,Depth Estimation (Q),"85%
",21366
545208,"MacBook Air (13-inch, 2025)",Apple Silicon,Core ML,GPU,Style Transfer (SP),"100%
",57021
545208,"MacBook Air (13-inch, 2025)",Apple Silicon,Core ML,GPU,Style Transfer (HP),"100%
",67863
545208,"MacBook Air (13-inch, 2025)",Apple Silicon,Core ML,GPU,Style Transfer (Q),"96%
",65735
545208,"MacBook Air (13-inch, 2025)",Apple Silicon,Core ML,GPU,Image Super-Resolution (SP),"100%
",11527
545208,"MacBook Air (13-inch, 2025)",Apple Silicon,Core ML,GPU,Image Super-Resolution (HP),"100%
",11851
545208,"MacBook Air (13-inch, 2025)",Apple Silicon,Core ML,GPU,Image Super-Resolution (Q),"99%
",10430
545208,"MacBook Air (13-inch, 2025)",Apple Silicon,Core ML,GPU,Text Classification (SP),"99%
",6713
545208,"MacBook Air (13-inch, 2025)",Apple Silicon,Core ML,GPU,Text Classification (HP),"100%
",9986
545208,"MacBook Air (13-inch, 2025)",Apple Silicon,Core ML,GPU,Text Classification (Q),"93%
",10258
545208,"MacBook Air (13-inch, 2025)",Apple Silicon,Core ML,GPU,Machine Translation (SP),"100%
",5346
545208,"MacBook Air (13-inch, 2025)",Apple Silicon,Core ML,GPU,Machine Translation (HP),"100%
",5974
545208,"MacBook Air (13-inch, 2025)",Apple Silicon,Core ML,GPU,Machine Translation (Q),"98%
",1953
545209,"MacBook Air (13-inch, 2025)",Apple Silicon,Core ML,Neural Engine,Image Classification (SP),"100%
",2088
545209,"MacBook Air (13-inch, 2025)",Apple Silicon,Core ML,Neural Engine,Image Classification (HP),"100%
",18836
545209,"MacBook Air (13-inch, 2025)",Apple Silicon,Core ML,Neural Engine,Image Classification (Q),"97%
",25242
545209,"MacBook Air (13-inch, 2025)",Apple Silicon,Core ML,Neural Engine,Image Segmentation (SP),"100%
",2077
545209,"MacBook Air (13-inch, 2025)",Apple Silicon,Core ML,Neural Engine,Image Segmentation (HP),"100%
",22079
545209,"MacBook Air (13-inch, 2025)",Apple Silicon,Core ML,Neural Engine,Image Segmentation (Q),"99%
",31352
545209,"MacBook Air (13-inch, 2025)",Apple Silicon,Core ML,Neural Engine,Pose Estimation (SP),"100%
",8592
545209,"MacBook Air (13-inch, 2025)",Apple Silicon,Core ML,Neural Engine,Pose Estimation (HP),"100%
",122432
545209,"MacBook Air (13-inch, 2025)",Apple Silicon,Core ML,Neural Engine,Pose Estimation (Q),"95%
",230880
545209,"MacBook Air (13-inch, 2025)",Apple Silicon,Core ML,Neural Engine,Object Detection (SP),"100%
",2350
545209,"MacBook Air (13-inch, 2025)",Apple Silicon,Core ML,Neural Engine,Object Detection (HP),"100%
",19433
545209,"MacBook Air (13-inch, 2025)",Apple Silicon,Core ML,Neural Engine,Object Detection (Q),"89%
",27121
545209,"MacBook Air (13-inch, 2025)",Apple Silicon,Core ML,Neural Engine,Face Detection (SP),"100%
",4380
545209,"MacBook Air (13-inch, 2025)",Apple Silicon,Core ML,Neural Engine,Face Detection (HP),"100%
",44804
545209,"MacBook Air (13-inch, 2025)",Apple Silicon,Core ML,Neural Engine,Face Detection (Q),"100%
",70533
545209,"MacBook Air (13-inch, 2025)",Apple Silicon,Core ML,Neural Engine,Depth Estimation (SP),"100%
",8117
545209,"MacBook Air (13-inch, 2025)",Apple Silicon,Core ML,Neural Engine,Depth Estimation (HP),"99%
",100243
545209,"MacBook Air (13-inch, 2025)",Apple Silicon,Core ML,Neural Engine,Depth Estimation (Q),"85%
",173065
545209,"MacBook Air (13-inch, 2025)",Apple Silicon,Core ML,Neural Engine,Style Transfer (SP),"100%
",22429
545209,"MacBook Air (13-inch, 2025)",Apple Silicon,Core ML,Neural Engine,Style Transfer (HP),"100%
",234262
545209,"MacBook Air (13-inch, 2025)",Apple Silicon,Core ML,Neural Engine,Style Transfer (Q),"96%
",291809
545209,"MacBook Air (13-inch, 2025)",Apple Silicon,Core ML,Neural Engine,Image Super-Resolution (SP),"100%
",5268
545209,"MacBook Air (13-inch, 2025)",Apple Silicon,Core ML,Neural Engine,Image Super-Resolution (HP),"100%
",53641
545209,"MacBook Air (13-inch, 2025)",Apple Silicon,Core ML,Neural Engine,Image Super-Resolution (Q),"99%
",87485
545209,"MacBook Air (13-inch, 2025)",Apple Silicon,Core ML,Neural Engine,Text Classification (SP),"99%
",6562
545209,"MacBook Air (13-inch, 2025)",Apple Silicon,Core ML,Neural Engine,Text Classification (HP),"100%
",10005
545209,"MacBook Air (13-inch, 2025)",Apple Silicon,Core ML,Neural Engine,Text Classification (Q),"92%
",9985
545209,"MacBook Air (13-inch, 2025)",Apple Silicon,Core ML,Neural Engine,Machine Translation (SP),"100%
",4418
545209,"MacBook Air (13-inch, 2025)",Apple Silicon,Core ML,Neural Engine,Machine Translation (HP),"100%
",17189
545209,"MacBook Air (13-inch, 2025)",Apple Silicon,Core ML,Neural Engine,Machine Translation (Q),"98%
",18442
544959,MacBook Air（15 英寸，M5，2026 年）,Apple Silicon,Core ML,CPU,Image Classification (SP),"100%
",1246
544959,MacBook Air（15 英寸，M5，2026 年）,Apple Silicon,Core ML,CPU,Image Classification (HP),"100%
",1680
544959,MacBook Air（15 英寸，M5，2026 年）,Apple Silicon,Core ML,CPU,Image Classification (Q),"94%
",1023
544959,MacBook Air（15 英寸，M5，2026 年）,Apple Silicon,Core ML,CPU,Image Segmentation (SP),"100%
",1281
544959,MacBook Air（15 英寸，M5，2026 年）,Apple Silicon,Core ML,CPU,Image Segmentation (HP),"100%
",1714
544959,MacBook Air（15 英寸，M5，2026 年）,Apple Silicon,Core ML,CPU,Image Segmentation (Q),"99%
",2043
544959,MacBook Air（15 英寸，M5，2026 年）,Apple Silicon,Core ML,CPU,Pose Estimation (SP),"100%
",5203
544959,MacBook Air（15 英寸，M5，2026 年）,Apple Silicon,Core ML,CPU,Pose Estimation (HP),"100%
",10043
544959,MacBook Air（15 英寸，M5，2026 年）,Apple Silicon,Core ML,CPU,Pose Estimation (Q),"96%
",8797
544959,MacBook Air（15 英寸，M5，2026 年）,Apple Silicon,Core ML,CPU,Object Detection (SP),"100%
",1532
544959,MacBook Air（15 英寸，M5，2026 年）,Apple Silicon,Core ML,CPU,Object Detection (HP),"98%
",2283
544959,MacBook Air（15 英寸，M5，2026 年）,Apple Silicon,Core ML,CPU,Object Detection (Q),"88%
",1439
544959,MacBook Air（15 英寸，M5，2026 年）,Apple Silicon,Core ML,CPU,Face Detection (SP),"100%
",2800
544959,MacBook Air（15 英寸，M5，2026 年）,Apple Silicon,Core ML,CPU,Face Detection (HP),"100%
",5087
544959,MacBook Air（15 英寸，M5，2026 年）,Apple Silicon,Core ML,CPU,Face Detection (Q),"100%
",2670
544959,MacBook Air（15 英寸，M5，2026 年）,Apple Silicon,Core ML,CPU,Depth Estimation (SP),"100%
",4603
544959,MacBook Air（15 英寸，M5，2026 年）,Apple Silicon,Core ML,CPU,Depth Estimation (HP),"98%
",6344
544959,MacBook Air（15 英寸，M5，2026 年）,Apple Silicon,Core ML,CPU,Depth Estimation (Q),"85%
",4333
544959,MacBook Air（15 英寸，M5，2026 年）,Apple Silicon,Core ML,CPU,Style Transfer (SP),"100%
",13010
544959,MacBook Air（15 英寸，M5，2026 年）,Apple Silicon,Core ML,CPU,Style Transfer (HP),"100%
",24027
544959,MacBook Air（15 英寸，M5，2026 年）,Apple Silicon,Core ML,CPU,Style Transfer (Q),"96%
",19176
544959,MacBook Air（15 英寸，M5，2026 年）,Apple Silicon,Core ML,CPU,Image Super-Resolution (SP),"100%
",3007
544959,MacBook Air（15 英寸，M5，2026 年）,Apple Silicon,Core ML,CPU,Image Super-Resolution (HP),"100%
",5600
544959,MacBook Air（15 英寸，M5，2026 年）,Apple Silicon,Core ML,CPU,Image Super-Resolution (Q),"99%
",3352
544959,MacBook Air（15 英寸，M5，2026 年）,Apple Silicon,Core ML,CPU,Text Classification (SP),"99%
",3314
544959,MacBook Air（15 英寸，M5，2026 年）,Apple Silicon,Core ML,CPU,Text Classification (HP),"99%
",5663
544959,MacBook Air（15 英寸，M5，2026 年）,Apple Silicon,Core ML,CPU,Text Classification (Q),"93%
",5625
544959,MacBook Air（15 英寸，M5，2026 年）,Apple Silicon,Core ML,CPU,Machine Translation (SP),"100%
",3102
544959,MacBook Air（15 英寸，M5，2026 年）,Apple Silicon,Core ML,CPU,Machine Translation (HP),"100%
",4971
544959,MacBook Air（15 英寸，M5，2026 年）,Apple Silicon,Core ML,CPU,Machine Translation (Q),"98%
",4947
545240,"MacBook Pro (16-inch, 2024)",Apple Silicon,Core ML,CPU,Image Classification (SP),"100%
",2126
545240,"MacBook Pro (16-inch, 2024)",Apple Silicon,Core ML,CPU,Image Classification (HP),"100%
",3112
545240,"MacBook Pro (16-inch, 2024)",Apple Silicon,Core ML,CPU,Image Classification (Q),"96%
",2173
545240,"MacBook Pro (16-inch, 2024)",Apple Silicon,Core ML,CPU,Image Segmentation (SP),"100%
",2387
545240,"MacBook Pro (16-inch, 2024)",Apple Silicon,Core ML,CPU,Image Segmentation (HP),"100%
",3546
545240,"MacBook Pro (16-inch, 2024)",Apple Silicon,Core ML,CPU,Image Segmentation (Q),"99%
",3905
545240,"MacBook Pro (16-inch, 2024)",Apple Silicon,Core ML,CPU,Pose Estimation (SP),"100%
",15462
545240,"MacBook Pro (16-inch, 2024)",Apple Silicon,Core ML,CPU,Pose Estimation (HP),"100%
",33870
545240,"MacBook Pro (16-inch, 2024)",Apple Silicon,Core ML,CPU,Pose Estimation (Q),"95%
",25401
545240,"MacBook Pro (16-inch, 2024)",Apple Silicon,Core ML,CPU,Object Detection (SP),"100%
",2632
545240,"MacBook Pro (16-inch, 2024)",Apple Silicon,Core ML,CPU,Object Detection (HP),"97%
",3896
545240,"MacBook Pro (16-inch, 2024)",Apple Silicon,Core ML,CPU,Object Detection (Q),"94%
",2737
545240,"MacBook Pro (16-inch, 2024)",Apple Silicon,Core ML,CPU,Face Detection (SP),"100%
",5198
545240,"MacBook Pro (16-inch, 2024)",Apple Silicon,Core ML,CPU,Face Detection (HP),"100%
",8344
545240,"MacBook Pro (16-inch, 2024)",Apple Silicon,Core ML,CPU,Face Detection (Q),"100%
",4671
545240,"MacBook Pro (16-inch, 2024)",Apple Silicon,Core ML,CPU,Depth Estimation (SP),"100%
",8774
545240,"MacBook Pro (16-inch, 2024)",Apple Silicon,Core ML,CPU,Depth Estimation (HP),"97%
",14954
545240,"MacBook Pro (16-inch, 2024)",Apple Silicon,Core ML,CPU,Depth Estimation (Q),"86%
",10431
545240,"MacBook Pro (16-inch, 2024)",Apple Silicon,Core ML,CPU,Style Transfer (SP),"100%
",29012
545240,"MacBook Pro (16-inch, 2024)",Apple Silicon,Core ML,CPU,Style Transfer (HP),"100%
",53844
545240,"MacBook Pro (16-inch, 2024)",Apple Silicon,Core ML,CPU,Style Transfer (Q),"96%
",39296
545240,"MacBook Pro (16-inch, 2024)",Apple Silicon,Core ML,CPU,Image Super-Resolution (SP),"100%
",5629
545240,"MacBook Pro (16-inch, 2024)",Apple Silicon,Core ML,CPU,Image Super-Resolution (HP),"100%
",8871
545240,"MacBook Pro (16-inch, 2024)",Apple Silicon,Core ML,CPU,Image Super-Resolution (Q),"99%
",5581
545240,"MacBook Pro (16-inch, 2024)",Apple Silicon,Core ML,CPU,Text Classification (SP),"100%
",5789
545240,"MacBook Pro (16-inch, 2024)",Apple Silicon,Core ML,CPU,Text Classification (HP),"99%
",9146
545240,"MacBook Pro (16-inch, 2024)",Apple Silicon,Core ML,CPU,Text Classification (Q),"92%
",9516
545240,"MacBook Pro (16-inch, 2024)",Apple Silicon,Core ML,CPU,Machine Translation (SP),"100%
",5489
545240,"MacBook Pro (16-inch, 2024)",Apple Silicon,Core ML,CPU,Machine Translation (HP),"98%
",8887
545240,"MacBook Pro (16-inch, 2024)",Apple Silicon,Core ML,CPU,Machine Translation (Q),"98%
",8951
544976,Mac Studio (2025),Apple Silicon,Core ML,CPU,Image Classification (SP),"100%
",2218
544976,Mac Studio (2025),Apple Silicon,Core ML,CPU,Image Classification (HP),"100%
",3193
544976,Mac Studio (2025),Apple Silicon,Core ML,CPU,Image Classification (Q),"96%
",2184
544976,Mac Studio (2025),Apple Silicon,Core ML,CPU,Image Segmentation (SP),"100%
",2516
544976,Mac Studio (2025),Apple Silicon,Core ML,CPU,Image Segmentation (HP),"100%
",3639
544976,Mac Studio (2025),Apple Silicon,Core ML,CPU,Image Segmentation (Q),"99%
",3992
544976,Mac Studio (2025),Apple Silicon,Core ML,CPU,Pose Estimation (SP),"100%
",16306
544976,Mac Studio (2025),Apple Silicon,Core ML,CPU,Pose Estimation (HP),"100%
",34711
544976,Mac Studio (2025),Apple Silicon,Core ML,CPU,Pose Estimation (Q),"95%
",27209
544976,Mac Studio (2025),Apple Silicon,Core ML,CPU,Object Detection (SP),"100%
",2831
544976,Mac Studio (2025),Apple Silicon,Core ML,CPU,Object Detection (HP),"97%
",3983
544976,Mac Studio (2025),Apple Silicon,Core ML,CPU,Object Detection (Q),"94%
",2815
544976,Mac Studio (2025),Apple Silicon,Core ML,CPU,Face Detection (SP),"100%
",5635
544976,Mac Studio (2025),Apple Silicon,Core ML,CPU,Face Detection (HP),"100%
",8968
544976,Mac Studio (2025),Apple Silicon,Core ML,CPU,Face Detection (Q),"100%
",4924
544976,Mac Studio (2025),Apple Silicon,Core ML,CPU,Depth Estimation (SP),"100%
",9200
544976,Mac Studio (2025),Apple Silicon,Core ML,CPU,Depth Estimation (HP),"97%
",15660
544976,Mac Studio (2025),Apple Silicon,Core ML,CPU,Depth Estimation (Q),"86%
",9855
544976,Mac Studio (2025),Apple Silicon,Core ML,CPU,Style Transfer (SP),"100%
",30763
544976,Mac Studio (2025),Apple Silicon,Core ML,CPU,Style Transfer (HP),"100%
",59491
544976,Mac Studio (2025),Apple Silicon,Core ML,CPU,Style Transfer (Q),"96%
",44642
544976,Mac Studio (2025),Apple Silicon,Core ML,CPU,Image Super-Resolution (SP),"100%
",5601
544976,Mac Studio (2025),Apple Silicon,Core ML,CPU,Image Super-Resolution (HP),"100%
",9554
544976,Mac Studio (2025),Apple Silicon,Core ML,CPU,Image Super-Resolution (Q),"99%
",5515
544976,Mac Studio (2025),Apple Silicon,Core ML,CPU,Text Classification (SP),"99%
",6092
544976,Mac Studio (2025),Apple Silicon,Core ML,CPU,Text Classification (HP),"99%
",9665
544976,Mac Studio (2025),Apple Silicon,Core ML,CPU,Text Classification (Q),"93%
",9845
544976,Mac Studio (2025),Apple Silicon,Core ML,CPU,Machine Translation (SP),"100%
",6414
544976,Mac Studio (2025),Apple Silicon,Core ML,CPU,Machine Translation (HP),"98%
",9908
544976,Mac Studio (2025),Apple Silicon,Core ML,CPU,Machine Translation (Q),"98%
",9955
544977,Mac Studio (2025),Apple Silicon,Core ML,GPU,Image Classification (SP),"100%
",9461
544977,Mac Studio (2025),Apple Silicon,Core ML,GPU,Image Classification (HP),"100%
",9484
544977,Mac Studio (2025),Apple Silicon,Core ML,GPU,Image Classification (Q),"96%
",8905
544977,Mac Studio (2025),Apple Silicon,Core ML,GPU,Image Segmentation (SP),"100%
",20190
544977,Mac Studio (2025),Apple Silicon,Core ML,GPU,Image Segmentation (HP),"100%
",20888
544977,Mac Studio (2025),Apple Silicon,Core ML,GPU,Image Segmentation (Q),"99%
",20093
544977,Mac Studio (2025),Apple Silicon,Core ML,GPU,Pose Estimation (SP),"100%
",77093
544977,Mac Studio (2025),Apple Silicon,Core ML,GPU,Pose Estimation (HP),"100%
",87517
544977,Mac Studio (2025),Apple Silicon,Core ML,GPU,Pose Estimation (Q),"96%
",84464
544977,Mac Studio (2025),Apple Silicon,Core ML,GPU,Object Detection (SP),"100%
",8582
544977,Mac Studio (2025),Apple Silicon,Core ML,GPU,Object Detection (HP),"100%
",9245
544977,Mac Studio (2025),Apple Silicon,Core ML,GPU,Object Detection (Q),"91%
",8268
544977,Mac Studio (2025),Apple Silicon,Core ML,GPU,Face Detection (SP),"100%
",35543
544977,Mac Studio (2025),Apple Silicon,Core ML,GPU,Face Detection (HP),"100%
",39568
544977,Mac Studio (2025),Apple Silicon,Core ML,GPU,Face Detection (Q),"100%
",35848
544977,Mac Studio (2025),Apple Silicon,Core ML,GPU,Depth Estimation (SP),"100%
",41643
544977,Mac Studio (2025),Apple Silicon,Core ML,GPU,Depth Estimation (HP),"99%
",43922
544977,Mac Studio (2025),Apple Silicon,Core ML,GPU,Depth Estimation (Q),"85%
",40608
544977,Mac Studio (2025),Apple Silicon,Core ML,GPU,Style Transfer (SP),"100%
",181840
544977,Mac Studio (2025),Apple Silicon,Core ML,GPU,Style Transfer (HP),"100%
",199566
544977,Mac Studio (2025),Apple Silicon,Core ML,GPU,Style Transfer (Q),"96%
",195696
544977,Mac Studio (2025),Apple Silicon,Core ML,GPU,Image Super-Resolution (SP),"100%
",25412
544977,Mac Studio (2025),Apple Silicon,Core ML,GPU,Image Super-Resolution (HP),"100%
",26276
544977,Mac Studio (2025),Apple Silicon,Core ML,GPU,Image Super-Resolution (Q),"99%
",22602
544977,Mac Studio (2025),Apple Silicon,Core ML,GPU,Text Classification (SP),"99%
",6204
544977,Mac Studio (2025),Apple Silicon,Core ML,GPU,Text Classification (HP),"100%
",9684
544977,Mac Studio (2025),Apple Silicon,Core ML,GPU,Text Classification (Q),"92%
",10218
544977,Mac Studio (2025),Apple Silicon,Core ML,GPU,Machine Translation (SP),"100%
",7450
544977,Mac Studio (2025),Apple Silicon,Core ML,GPU,Machine Translation (HP),"100%
",8128
544977,Mac Studio (2025),Apple Silicon,Core ML,GPU,Machine Translation (Q),"98%
",7225
544978,Mac Studio (2025),Apple Silicon,Core ML,Neural Engine,Image Classification (SP),"100%
",2198
544978,Mac Studio (2025),Apple Silicon,Core ML,Neural Engine,Image Classification (HP),"100%
",19751
544978,Mac Studio (2025),Apple Silicon,Core ML,Neural Engine,Image Classification (Q),"97%
",28932
544978,Mac Studio (2025),Apple Silicon,Core ML,Neural Engine,Image Segmentation (SP),"100%
",2519
544978,Mac Studio (2025),Apple Silicon,Core ML,Neural Engine,Image Segmentation (HP),"100%
",22952
544978,Mac Studio (2025),Apple Silicon,Core ML,Neural Engine,Image Segmentation (Q),"99%
",33625
544978,Mac Studio (2025),Apple Silicon,Core ML,Neural Engine,Pose Estimation (SP),"100%
",16284
544978,Mac Studio (2025),Apple Silicon,Core ML,Neural Engine,Pose Estimation (HP),"100%
",123553
544978,Mac Studio (2025),Apple Silicon,Core ML,Neural Engine,Pose Estimation (Q),"95%
",234173
544978,Mac Studio (2025),Apple Silicon,Core ML,Neural Engine,Object Detection (SP),"100%
",2837
544978,Mac Studio (2025),Apple Silicon,Core ML,Neural Engine,Object Detection (HP),"100%
",21635
544978,Mac Studio (2025),Apple Silicon,Core ML,Neural Engine,Object Detection (Q),"89%
",27637
544978,Mac Studio (2025),Apple Silicon,Core ML,Neural Engine,Face Detection (SP),"100%
",5648
544978,Mac Studio (2025),Apple Silicon,Core ML,Neural Engine,Face Detection (HP),"100%
",47189
544978,Mac Studio (2025),Apple Silicon,Core ML,Neural Engine,Face Detection (Q),"100%
",73662
544978,Mac Studio (2025),Apple Silicon,Core ML,Neural Engine,Depth Estimation (SP),"100%
",9201
544978,Mac Studio (2025),Apple Silicon,Core ML,Neural Engine,Depth Estimation (HP),"99%
",111884
544978,Mac Studio (2025),Apple Silicon,Core ML,Neural Engine,Depth Estimation (Q),"85%
",187799
544978,Mac Studio (2025),Apple Silicon,Core ML,Neural Engine,Style Transfer (SP),"100%
",31004
544978,Mac Studio (2025),Apple Silicon,Core ML,Neural Engine,Style Transfer (HP),"100%
",236080
544978,Mac Studio (2025),Apple Silicon,Core ML,Neural Engine,Style Transfer (Q),"96%
",293605
544978,Mac Studio (2025),Apple Silicon,Core ML,Neural Engine,Image Super-Resolution (SP),"100%
",5594
544978,Mac Studio (2025),Apple Silicon,Core ML,Neural Engine,Image Super-Resolution (HP),"100%
",51997
544978,Mac Studio (2025),Apple Silicon,Core ML,Neural Engine,Image Super-Resolution (Q),"99%
",85132
544978,Mac Studio (2025),Apple Silicon,Core ML,Neural Engine,Text Classification (SP),"100%
",6010
544978,Mac Studio (2025),Apple Silicon,Core ML,Neural Engine,Text Classification (HP),"99%
",9689
544978,Mac Studio (2025),Apple Silicon,Core ML,Neural Engine,Text Classification (Q),"93%
",10193
544978,Mac Studio (2025),Apple Silicon,Core ML,Neural Engine,Machine Translation (SP),"100%
",6395
544978,Mac Studio (2025),Apple Silicon,Core ML,Neural Engine,Machine Translation (HP),"100%
",18065
544978,Mac Studio (2025),Apple Silicon,Core ML,Neural Engine,Machine Translation (Q),"98%
",17701
545277,MacBook Neo（A18 Pro，2026 年）,Apple Silicon,Core ML,CPU,Image Classification (SP),"100%
",2162
545277,MacBook Neo（A18 Pro，2026 年）,Apple Silicon,Core ML,CPU,Image Classification (HP),"100%
",3442
545277,MacBook Neo（A18 Pro，2026 年）,Apple Silicon,Core ML,CPU,Image Classification (Q),"96%
",2330
545277,MacBook Neo（A18 Pro，2026 年）,Apple Silicon,Core ML,CPU,Image Segmentation (SP),"100%
",2054
545277,MacBook Neo（A18 Pro，2026 年）,Apple Silicon,Core ML,CPU,Image Segmentation (HP),"100%
",2903
545277,MacBook Neo（A18 Pro，2026 年）,Apple Silicon,Core ML,CPU,Image Segmentation (Q),"99%
",3390
545277,MacBook Neo（A18 Pro，2026 年）,Apple Silicon,Core ML,CPU,Pose Estimation (SP),"100%
",7789
545277,MacBook Neo（A18 Pro，2026 年）,Apple Silicon,Core ML,CPU,Pose Estimation (HP),"100%
",17005
545277,MacBook Neo（A18 Pro，2026 年）,Apple Silicon,Core ML,CPU,Pose Estimation (Q),"95%
",14653
545277,MacBook Neo（A18 Pro，2026 年）,Apple Silicon,Core ML,CPU,Object Detection (SP),"100%
",2429
545277,MacBook Neo（A18 Pro，2026 年）,Apple Silicon,Core ML,CPU,Object Detection (HP),"97%
",3818
545277,MacBook Neo（A18 Pro，2026 年）,Apple Silicon,Core ML,CPU,Object Detection (Q),"94%
",2665
545277,MacBook Neo（A18 Pro，2026 年）,Apple Silicon,Core ML,CPU,Face Detection (SP),"100%
",4284
545277,MacBook Neo（A18 Pro，2026 年）,Apple Silicon,Core ML,CPU,Face Detection (HP),"100%
",7667
545277,MacBook Neo（A18 Pro，2026 年）,Apple Silicon,Core ML,CPU,Face Detection (Q),"100%
",4203
545277,MacBook Neo（A18 Pro，2026 年）,Apple Silicon,Core ML,CPU,Depth Estimation (SP),"100%
",7391
545277,MacBook Neo（A18 Pro，2026 年）,Apple Silicon,Core ML,CPU,Depth Estimation (HP),"97%
",13365
545277,MacBook Neo（A18 Pro，2026 年）,Apple Silicon,Core ML,CPU,Depth Estimation (Q),"86%
",9238
545277,MacBook Neo（A18 Pro，2026 年）,Apple Silicon,Core ML,CPU,Style Transfer (SP),"100%
",20116
545277,MacBook Neo（A18 Pro，2026 年）,Apple Silicon,Core ML,CPU,Style Transfer (HP),"100%
",37886
545277,MacBook Neo（A18 Pro，2026 年）,Apple Silicon,Core ML,CPU,Style Transfer (Q),"96%
",30006
545277,MacBook Neo（A18 Pro，2026 年）,Apple Silicon,Core ML,CPU,Image Super-Resolution (SP),"100%
",4724
545277,MacBook Neo（A18 Pro，2026 年）,Apple Silicon,Core ML,CPU,Image Super-Resolution (HP),"100%
",7053
545277,MacBook Neo（A18 Pro，2026 年）,Apple Silicon,Core ML,CPU,Image Super-Resolution (Q),"99%
",5012
545277,MacBook Neo（A18 Pro，2026 年）,Apple Silicon,Core ML,CPU,Text Classification (SP),"99%
",7017
545277,MacBook Neo（A18 Pro，2026 年）,Apple Silicon,Core ML,CPU,Text Classification (HP),"99%
",10448
545277,MacBook Neo（A18 Pro，2026 年）,Apple Silicon,Core ML,CPU,Text Classification (Q),"93%
",10817
545277,MacBook Neo（A18 Pro，2026 年）,Apple Silicon,Core ML,CPU,Machine Translation (SP),"100%
",4604
545277,MacBook Neo（A18 Pro，2026 年）,Apple Silicon,Core ML,CPU,Machine Translation (HP),"98%
",8145
545277,MacBook Neo（A18 Pro，2026 年）,Apple Silicon,Core ML,CPU,Machine Translation (Q),"98%
",8151
545278,"MacBook Pro (14-inch, 2021)",Apple Silicon,Core ML,CPU,Image Classification (SP),"100%
",1346
545278,"MacBook Pro (14-inch, 2021)",Apple Silicon,Core ML,CPU,Image Classification (HP),"100%
",2077
545278,"MacBook Pro (14-inch, 2021)",Apple Silicon,Core ML,CPU,Image Classification (Q),"96%
",1510
545278,"MacBook Pro (14-inch, 2021)",Apple Silicon,Core ML,CPU,Image Segmentation (SP),"100%
",1563
545278,"MacBook Pro (14-inch, 2021)",Apple Silicon,Core ML,CPU,Image Segmentation (HP),"100%
",2339
545278,"MacBook Pro (14-inch, 2021)",Apple Silicon,Core ML,CPU,Image Segmentation (Q),"99%
",2593
545278,"MacBook Pro (14-inch, 2021)",Apple Silicon,Core ML,CPU,Pose Estimation (SP),"100%
",10510
545278,"MacBook Pro (14-inch, 2021)",Apple Silicon,Core ML,CPU,Pose Estimation (HP),"100%
",23091
545278,"MacBook Pro (14-inch, 2021)",Apple Silicon,Core ML,CPU,Pose Estimation (Q),"95%
",17682
545278,"MacBook Pro (14-inch, 2021)",Apple Silicon,Core ML,CPU,Object Detection (SP),"100%
",1505
545278,"MacBook Pro (14-inch, 2021)",Apple Silicon,Core ML,CPU,Object Detection (HP),"97%
",2338
545278,"MacBook Pro (14-inch, 2021)",Apple Silicon,Core ML,CPU,Object Detection (Q),"94%
",1725
545278,"MacBook Pro (14-inch, 2021)",Apple Silicon,Core ML,CPU,Face Detection (SP),"100%
",3295
545278,"MacBook Pro (14-inch, 2021)",Apple Silicon,Core ML,CPU,Face Detection (HP),"100%
",5486
545278,"MacBook Pro (14-inch, 2021)",Apple Silicon,Core ML,CPU,Face Detection (Q),"100%
",3176
545278,"MacBook Pro (14-inch, 2021)",Apple Silicon,Core ML,CPU,Depth Estimation (SP),"100%
",5686
545278,"MacBook Pro (14-inch, 2021)",Apple Silicon,Core ML,CPU,Depth Estimation (HP),"98%
",10404
545278,"MacBook Pro (14-inch, 2021)",Apple Silicon,Core ML,CPU,Depth Estimation (Q),"85%
",7297
545278,"MacBook Pro (14-inch, 2021)",Apple Silicon,Core ML,CPU,Style Transfer (SP),"100%
",21879
545278,"MacBook Pro (14-inch, 2021)",Apple Silicon,Core ML,CPU,Style Transfer (HP),"100%
",35660
545278,"MacBook Pro (14-inch, 2021)",Apple Silicon,Core ML,CPU,Style Transfer (Q),"96%
",28301
545278,"MacBook Pro (14-inch, 2021)",Apple Silicon,Core ML,CPU,Image Super-Resolution (SP),"100%
",4076
545278,"MacBook Pro (14-inch, 2021)",Apple Silicon,Core ML,CPU,Image Super-Resolution (HP),"100%
",5464
545278,"MacBook Pro (14-inch, 2021)",Apple Silicon,Core ML,CPU,Image Super-Resolution (Q),"99%
",4053
545278,"MacBook Pro (14-inch, 2021)",Apple Silicon,Core ML,CPU,Text Classification (SP),"99%
",4336
545278,"MacBook Pro (14-inch, 2021)",Apple Silicon,Core ML,CPU,Text Classification (HP),"100%
",7078
545278,"MacBook Pro (14-inch, 2021)",Apple Silicon,Core ML,CPU,Text Classification (Q),"92%
",7159
545278,"MacBook Pro (14-inch, 2021)",Apple Silicon,Core ML,CPU,Machine Translation (SP),"100%
",2997
545278,"MacBook Pro (14-inch, 2021)",Apple Silicon,Core ML,CPU,Machine Translation (HP),"98%
",5105
545278,"MacBook Pro (14-inch, 2021)",Apple Silicon,Core ML,CPU,Machine Translation (Q),"98%
",5090
545282,"MacBook Pro (14-inch, 2021)",Apple Silicon,Core ML,GPU,Image Classification (SP),"100%
",3925
545282,"MacBook Pro (14-inch, 2021)",Apple Silicon,Core ML,GPU,Image Classification (HP),"100%
",4684
545282,"MacBook Pro (14-inch, 2021)",Apple Silicon,Core ML,GPU,Image Classification (Q),"94%
",4382
545282,"MacBook Pro (14-inch, 2021)",Apple Silicon,Core ML,GPU,Image Segmentation (SP),"100%
",7532
545282,"MacBook Pro (14-inch, 2021)",Apple Silicon,Core ML,GPU,Image Segmentation (HP),"100%
",7458
545282,"MacBook Pro (14-inch, 2021)",Apple Silicon,Core ML,GPU,Image Segmentation (Q),"99%
",7100
545282,"MacBook Pro (14-inch, 2021)",Apple Silicon,Core ML,GPU,Pose Estimation (SP),"100%
",32953
545282,"MacBook Pro (14-inch, 2021)",Apple Silicon,Core ML,GPU,Pose Estimation (HP),"100%
",36195
545282,"MacBook Pro (14-inch, 2021)",Apple Silicon,Core ML,GPU,Pose Estimation (Q),"96%
",34807
545282,"MacBook Pro (14-inch, 2021)",Apple Silicon,Core ML,GPU,Object Detection (SP),"100%
",3963
545282,"MacBook Pro (14-inch, 2021)",Apple Silicon,Core ML,GPU,Object Detection (HP),"100%
",4061
545282,"MacBook Pro (14-inch, 2021)",Apple Silicon,Core ML,GPU,Object Detection (Q),"91%
",3955
545282,"MacBook Pro (14-inch, 2021)",Apple Silicon,Core ML,GPU,Face Detection (SP),"100%
",14614
545282,"MacBook Pro (14-inch, 2021)",Apple Silicon,Core ML,GPU,Face Detection (HP),"100%
",15189
545282,"MacBook Pro (14-inch, 2021)",Apple Silicon,Core ML,GPU,Face Detection (Q),"100%
",13914
545282,"MacBook Pro (14-inch, 2021)",Apple Silicon,Core ML,GPU,Depth Estimation (SP),"100%
",19703
545282,"MacBook Pro (14-inch, 2021)",Apple Silicon,Core ML,GPU,Depth Estimation (HP),"99%
",18844
545282,"MacBook Pro (14-inch, 2021)",Apple Silicon,Core ML,GPU,Depth Estimation (Q),"85%
",17717
545282,"MacBook Pro (14-inch, 2021)",Apple Silicon,Core ML,GPU,Style Transfer (SP),"100%
",54182
545282,"MacBook Pro (14-inch, 2021)",Apple Silicon,Core ML,GPU,Style Transfer (HP),"100%
",64505
545282,"MacBook Pro (14-inch, 2021)",Apple Silicon,Core ML,GPU,Style Transfer (Q),"96%
",63197
545282,"MacBook Pro (14-inch, 2021)",Apple Silicon,Core ML,GPU,Image Super-Resolution (SP),"100%
",10596
545282,"MacBook Pro (14-inch, 2021)",Apple Silicon,Core ML,GPU,Image Super-Resolution (HP),"100%
",11281
545282,"MacBook Pro (14-inch, 2021)",Apple Silicon,Core ML,GPU,Image Super-Resolution (Q),"99%
",9906
545282,"MacBook Pro (14-inch, 2021)",Apple Silicon,Core ML,GPU,Text Classification (SP),"99%
",4329
545282,"MacBook Pro (14-inch, 2021)",Apple Silicon,Core ML,GPU,Text Classification (HP),"100%
",6696
545282,"MacBook Pro (14-inch, 2021)",Apple Silicon,Core ML,GPU,Text Classification (Q),"92%
",6940
545282,"MacBook Pro (14-inch, 2021)",Apple Silicon,Core ML,GPU,Machine Translation (SP),"100%
",3745
545282,"MacBook Pro (14-inch, 2021)",Apple Silicon,Core ML,GPU,Machine Translation (HP),"100%
",3644
545282,"MacBook Pro (14-inch, 2021)",Apple Silicon,Core ML,GPU,Machine Translation (Q),"98%
",1936
545283,MacBook Neo（A18 Pro，2026 年）,Apple Silicon,Core ML,GPU,Image Classification (SP),"100%
",3317
545283,MacBook Neo（A18 Pro，2026 年）,Apple Silicon,Core ML,GPU,Image Classification (HP),"100%
",3595
545283,MacBook Neo（A18 Pro，2026 年）,Apple Silicon,Core ML,GPU,Image Classification (Q),"96%
",3424
545283,MacBook Neo（A18 Pro，2026 年）,Apple Silicon,Core ML,GPU,Image Segmentation (SP),"100%
",4146
545283,MacBook Neo（A18 Pro，2026 年）,Apple Silicon,Core ML,GPU,Image Segmentation (HP),"100%
",4577
545283,MacBook Neo（A18 Pro，2026 年）,Apple Silicon,Core ML,GPU,Image Segmentation (Q),"99%
",4396
545283,MacBook Neo（A18 Pro，2026 年）,Apple Silicon,Core ML,GPU,Pose Estimation (SP),"100%
",14125
545283,MacBook Neo（A18 Pro，2026 年）,Apple Silicon,Core ML,GPU,Pose Estimation (HP),"100%
",15955
545283,MacBook Neo（A18 Pro，2026 年）,Apple Silicon,Core ML,GPU,Pose Estimation (Q),"96%
",15561
545283,MacBook Neo（A18 Pro，2026 年）,Apple Silicon,Core ML,GPU,Object Detection (SP),"100%
",3315
545283,MacBook Neo（A18 Pro，2026 年）,Apple Silicon,Core ML,GPU,Object Detection (HP),"100%
",3752
545283,MacBook Neo（A18 Pro，2026 年）,Apple Silicon,Core ML,GPU,Object Detection (Q),"91%
",3589
545283,MacBook Neo（A18 Pro，2026 年）,Apple Silicon,Core ML,GPU,Face Detection (SP),"100%
",8539
545283,MacBook Neo（A18 Pro，2026 年）,Apple Silicon,Core ML,GPU,Face Detection (HP),"100%
",11492
545283,MacBook Neo（A18 Pro，2026 年）,Apple Silicon,Core ML,GPU,Face Detection (Q),"100%
",10760
545283,MacBook Neo（A18 Pro，2026 年）,Apple Silicon,Core ML,GPU,Depth Estimation (SP),"100%
",12420
545283,MacBook Neo（A18 Pro，2026 年）,Apple Silicon,Core ML,GPU,Depth Estimation (HP),"99%
",14103
545283,MacBook Neo（A18 Pro，2026 年）,Apple Silicon,Core ML,GPU,Depth Estimation (Q),"85%
",13389
545283,MacBook Neo（A18 Pro，2026 年）,Apple Silicon,Core ML,GPU,Style Transfer (SP),"100%
",31369
545283,MacBook Neo（A18 Pro，2026 年）,Apple Silicon,Core ML,GPU,Style Transfer (HP),"100%
",35854
545283,MacBook Neo（A18 Pro，2026 年）,Apple Silicon,Core ML,GPU,Style Transfer (Q),"96%
",35697
545283,MacBook Neo（A18 Pro，2026 年）,Apple Silicon,Core ML,GPU,Image Super-Resolution (SP),"100%
",7144
545283,MacBook Neo（A18 Pro，2026 年）,Apple Silicon,Core ML,GPU,Image Super-Resolution (HP),"100%
",7406
545283,MacBook Neo（A18 Pro，2026 年）,Apple Silicon,Core ML,GPU,Image Super-Resolution (Q),"99%
",6691
545283,MacBook Neo（A18 Pro，2026 年）,Apple Silicon,Core ML,GPU,Text Classification (SP),"99%
",7003
545283,MacBook Neo（A18 Pro，2026 年）,Apple Silicon,Core ML,GPU,Text Classification (HP),"100%
",10736
545283,MacBook Neo（A18 Pro，2026 年）,Apple Silicon,Core ML,GPU,Text Classification (Q),"92%
",10943
545283,MacBook Neo（A18 Pro，2026 年）,Apple Silicon,Core ML,GPU,Machine Translation (SP),"100%
",4549
545283,MacBook Neo（A18 Pro，2026 年）,Apple Silicon,Core ML,GPU,Machine Translation (HP),"100%
",5623
545283,MacBook Neo（A18 Pro，2026 年）,Apple Silicon,Core ML,GPU,Machine Translation (Q),"98%
",3073
545285,MacBook Neo（A18 Pro，2026 年）,Apple Silicon,Core ML,Neural Engine,Image Classification (SP),"100%
",2095
545285,MacBook Neo（A18 Pro，2026 年）,Apple Silicon,Core ML,Neural Engine,Image Classification (HP),"100%
",14506
545285,MacBook Neo（A18 Pro，2026 年）,Apple Silicon,Core ML,Neural Engine,Image Classification (Q),"97%
",19226
545285,MacBook Neo（A18 Pro，2026 年）,Apple Silicon,Core ML,Neural Engine,Image Segmentation (SP),"100%
",1986
545285,MacBook Neo（A18 Pro，2026 年）,Apple Silicon,Core ML,Neural Engine,Image Segmentation (HP),"100%
",18218
545285,MacBook Neo（A18 Pro，2026 年）,Apple Silicon,Core ML,Neural Engine,Image Segmentation (Q),"99%
",24699
545285,MacBook Neo（A18 Pro，2026 年）,Apple Silicon,Core ML,Neural Engine,Pose Estimation (SP),"100%
",6969
545285,MacBook Neo（A18 Pro，2026 年）,Apple Silicon,Core ML,Neural Engine,Pose Estimation (HP),"100%
",135037
545285,MacBook Neo（A18 Pro，2026 年）,Apple Silicon,Core ML,Neural Engine,Pose Estimation (Q),"95%
",281129
545285,MacBook Neo（A18 Pro，2026 年）,Apple Silicon,Core ML,Neural Engine,Object Detection (SP),"100%
",2308
545285,MacBook Neo（A18 Pro，2026 年）,Apple Silicon,Core ML,Neural Engine,Object Detection (HP),"100%
",15785
545285,MacBook Neo（A18 Pro，2026 年）,Apple Silicon,Core ML,Neural Engine,Object Detection (Q),"89%
",21690
545285,MacBook Neo（A18 Pro，2026 年）,Apple Silicon,Core ML,Neural Engine,Face Detection (SP),"100%
",4145
545285,MacBook Neo（A18 Pro，2026 年）,Apple Silicon,Core ML,Neural Engine,Face Detection (HP),"100%
",42262
545285,MacBook Neo（A18 Pro，2026 年）,Apple Silicon,Core ML,Neural Engine,Face Detection (Q),"100%
",65851
545285,MacBook Neo（A18 Pro，2026 年）,Apple Silicon,Core ML,Neural Engine,Depth Estimation (SP),"100%
",6850
545285,MacBook Neo（A18 Pro，2026 年）,Apple Silicon,Core ML,Neural Engine,Depth Estimation (HP),"99%
",91586
545285,MacBook Neo（A18 Pro，2026 年）,Apple Silicon,Core ML,Neural Engine,Depth Estimation (Q),"85%
",157545
545285,MacBook Neo（A18 Pro，2026 年）,Apple Silicon,Core ML,Neural Engine,Style Transfer (SP),"100%
",18053
545285,MacBook Neo（A18 Pro，2026 年）,Apple Silicon,Core ML,Neural Engine,Style Transfer (HP),"100%
",240331
545285,MacBook Neo（A18 Pro，2026 年）,Apple Silicon,Core ML,Neural Engine,Style Transfer (Q),"96%
",293852
545285,MacBook Neo（A18 Pro，2026 年）,Apple Silicon,Core ML,Neural Engine,Image Super-Resolution (SP),"100%
",4375
545285,MacBook Neo（A18 Pro，2026 年）,Apple Silicon,Core ML,Neural Engine,Image Super-Resolution (HP),"100%
",51555
545285,MacBook Neo（A18 Pro，2026 年）,Apple Silicon,Core ML,Neural Engine,Image Super-Resolution (Q),"99%
",80505
545285,MacBook Neo（A18 Pro，2026 年）,Apple Silicon,Core ML,Neural Engine,Text Classification (SP),"100%
",7124
545285,MacBook Neo（A18 Pro，2026 年）,Apple Silicon,Core ML,Neural Engine,Text Classification (HP),"99%
",10883
545285,MacBook Neo（A18 Pro，2026 年）,Apple Silicon,Core ML,Neural Engine,Text Classification (Q),"92%
",10777
545285,MacBook Neo（A18 Pro，2026 年）,Apple Silicon,Core ML,Neural Engine,Machine Translation (SP),"100%
",4247
545285,MacBook Neo（A18 Pro，2026 年）,Apple Silicon,Core ML,Neural Engine,Machine Translation (HP),"100%
",9130
545285,MacBook Neo（A18 Pro，2026 年）,Apple Silicon,Core ML,Neural Engine,Machine Translation (Q),"98%
",10080
545286,"MacBook Pro (14-inch, 2021)",Apple Silicon,Core ML,Neural Engine,Image Classification (SP),"100%
",1323
545286,"MacBook Pro (14-inch, 2021)",Apple Silicon,Core ML,Neural Engine,Image Classification (HP),"100%
",6395
545286,"MacBook Pro (14-inch, 2021)",Apple Silicon,Core ML,Neural Engine,Image Classification (Q),"97%
",6160
545286,"MacBook Pro (14-inch, 2021)",Apple Silicon,Core ML,Neural Engine,Image Segmentation (SP),"100%
",1517
545286,"MacBook Pro (14-inch, 2021)",Apple Silicon,Core ML,Neural Engine,Image Segmentation (HP),"100%
",9459
545286,"MacBook Pro (14-inch, 2021)",Apple Silicon,Core ML,Neural Engine,Image Segmentation (Q),"99%
",10435
545286,"MacBook Pro (14-inch, 2021)",Apple Silicon,Core ML,Neural Engine,Pose Estimation (SP),"100%
",10384
545286,"MacBook Pro (14-inch, 2021)",Apple Silicon,Core ML,Neural Engine,Pose Estimation (HP),"100%
",68430
545286,"MacBook Pro (14-inch, 2021)",Apple Silicon,Core ML,Neural Engine,Pose Estimation (Q),"95%
",64044
545286,"MacBook Pro (14-inch, 2021)",Apple Silicon,Core ML,Neural Engine,Object Detection (SP),"100%
",1521
545286,"MacBook Pro (14-inch, 2021)",Apple Silicon,Core ML,Neural Engine,Object Detection (HP),"99%
",7454
545286,"MacBook Pro (14-inch, 2021)",Apple Silicon,Core ML,Neural Engine,Object Detection (Q),"89%
",7218
545286,"MacBook Pro (14-inch, 2021)",Apple Silicon,Core ML,Neural Engine,Face Detection (SP),"100%
",3314
545286,"MacBook Pro (14-inch, 2021)",Apple Silicon,Core ML,Neural Engine,Face Detection (HP),"100%
",14003
545286,"MacBook Pro (14-inch, 2021)",Apple Silicon,Core ML,Neural Engine,Face Detection (Q),"100%
",13248
545286,"MacBook Pro (14-inch, 2021)",Apple Silicon,Core ML,Neural Engine,Depth Estimation (SP),"100%
",5673
545286,"MacBook Pro (14-inch, 2021)",Apple Silicon,Core ML,Neural Engine,Depth Estimation (HP),"99%
",48533
545286,"MacBook Pro (14-inch, 2021)",Apple Silicon,Core ML,Neural Engine,Depth Estimation (Q),"85%
",51207
545286,"MacBook Pro (14-inch, 2021)",Apple Silicon,Core ML,Neural Engine,Style Transfer (SP),"100%
",21940
545286,"MacBook Pro (14-inch, 2021)",Apple Silicon,Core ML,Neural Engine,Style Transfer (HP),"100%
",121815
545286,"MacBook Pro (14-inch, 2021)",Apple Silicon,Core ML,Neural Engine,Style Transfer (Q),"96%
",112825
545286,"MacBook Pro (14-inch, 2021)",Apple Silicon,Core ML,Neural Engine,Image Super-Resolution (SP),"100%
",4041
545286,"MacBook Pro (14-inch, 2021)",Apple Silicon,Core ML,Neural Engine,Image Super-Resolution (HP),"100%
",25910
545286,"MacBook Pro (14-inch, 2021)",Apple Silicon,Core ML,Neural Engine,Image Super-Resolution (Q),"99%
",26677
545286,"MacBook Pro (14-inch, 2021)",Apple Silicon,Core ML,Neural Engine,Text Classification (SP),"99%
",4326
545286,"MacBook Pro (14-inch, 2021)",Apple Silicon,Core ML,Neural Engine,Text Classification (HP),"99%
",6869
545286,"MacBook Pro (14-inch, 2021)",Apple Silicon,Core ML,Neural Engine,Text Classification (Q),"93%
",6593
545286,"MacBook Pro (14-inch, 2021)",Apple Silicon,Core ML,Neural Engine,Machine Translation (SP),"100%
",2991
545286,"MacBook Pro (14-inch, 2021)",Apple Silicon,Core ML,Neural Engine,Machine Translation (HP),"100%
",5633
545286,"MacBook Pro (14-inch, 2021)",Apple Silicon,Core ML,Neural Engine,Machine Translation (Q),"98%
",5741
545288,MacBook Air（13 英寸，M3，2024 年）,Apple Silicon,Core ML,CPU,Image Classification (SP),"100%
",1551
545288,MacBook Air（13 英寸，M3，2024 年）,Apple Silicon,Core ML,CPU,Image Classification (HP),"100%
",2877
545288,MacBook Air（13 英寸，M3，2024 年）,Apple Silicon,Core ML,CPU,Image Classification (Q),"96%
",1915
545288,MacBook Air（13 英寸，M3，2024 年）,Apple Silicon,Core ML,CPU,Image Segmentation (SP),"100%
",1781
545288,MacBook Air（13 英寸，M3，2024 年）,Apple Silicon,Core ML,CPU,Image Segmentation (HP),"100%
",3000
545288,MacBook Air（13 英寸，M3，2024 年）,Apple Silicon,Core ML,CPU,Image Segmentation (Q),"99%
",3322
545288,MacBook Air（13 英寸，M3，2024 年）,Apple Silicon,Core ML,CPU,Pose Estimation (SP),"100%
",7312
545288,MacBook Air（13 英寸，M3，2024 年）,Apple Silicon,Core ML,CPU,Pose Estimation (HP),"100%
",17127
545288,MacBook Air（13 英寸，M3，2024 年）,Apple Silicon,Core ML,CPU,Pose Estimation (Q),"95%
",14778
545288,MacBook Air（13 英寸，M3，2024 年）,Apple Silicon,Core ML,CPU,Object Detection (SP),"100%
",1788
545288,MacBook Air（13 英寸，M3，2024 年）,Apple Silicon,Core ML,CPU,Object Detection (HP),"97%
",3266
545288,MacBook Air（13 英寸，M3，2024 年）,Apple Silicon,Core ML,CPU,Object Detection (Q),"94%
",2358
545288,MacBook Air（13 英寸，M3，2024 年）,Apple Silicon,Core ML,CPU,Face Detection (SP),"100%
",3433
545288,MacBook Air（13 英寸，M3，2024 年）,Apple Silicon,Core ML,CPU,Face Detection (HP),"100%
",7030
545288,MacBook Air（13 英寸，M3，2024 年）,Apple Silicon,Core ML,CPU,Face Detection (Q),"100%
",4006
545288,MacBook Air（13 英寸，M3，2024 年）,Apple Silicon,Core ML,CPU,Depth Estimation (SP),"100%
",6730
545288,MacBook Air（13 英寸，M3，2024 年）,Apple Silicon,Core ML,CPU,Depth Estimation (HP),"98%
",13381
545288,MacBook Air（13 英寸，M3，2024 年）,Apple Silicon,Core ML,CPU,Depth Estimation (Q),"85%
",9306
545288,MacBook Air（13 英寸，M3，2024 年）,Apple Silicon,Core ML,CPU,Style Transfer (SP),"100%
",21134
545288,MacBook Air（13 英寸，M3，2024 年）,Apple Silicon,Core ML,CPU,Style Transfer (HP),"100%
",34476
545288,MacBook Air（13 英寸，M3，2024 年）,Apple Silicon,Core ML,CPU,Style Transfer (Q),"96%
",28492
545288,MacBook Air（13 英寸，M3，2024 年）,Apple Silicon,Core ML,CPU,Image Super-Resolution (SP),"100%
",4462
545288,MacBook Air（13 英寸，M3，2024 年）,Apple Silicon,Core ML,CPU,Image Super-Resolution (HP),"100%
",5959
545288,MacBook Air（13 英寸，M3，2024 年）,Apple Silicon,Core ML,CPU,Image Super-Resolution (Q),"99%
",4359
545288,MacBook Air（13 英寸，M3，2024 年）,Apple Silicon,Core ML,CPU,Text Classification (SP),"100%
",5513
545288,MacBook Air（13 英寸，M3，2024 年）,Apple Silicon,Core ML,CPU,Text Classification (HP),"99%
",8936
545288,MacBook Air（13 英寸，M3，2024 年）,Apple Silicon,Core ML,CPU,Text Classification (Q),"93%
",8978
545288,MacBook Air（13 英寸，M3，2024 年）,Apple Silicon,Core ML,CPU,Machine Translation (SP),"100%
",3223
545288,MacBook Air（13 英寸，M3，2024 年）,Apple Silicon,Core ML,CPU,Machine Translation (HP),"98%
",6474
545288,MacBook Air（13 英寸，M3，2024 年）,Apple Silicon,Core ML,CPU,Machine Translation (Q),"98%
",6457
545018,"MacBook Air (13-inch, 2025)",Apple Silicon,Core ML,CPU,Image Classification (SP),"100%
",2043
545018,"MacBook Air (13-inch, 2025)",Apple Silicon,Core ML,CPU,Image Classification (HP),"100%
",3085
545018,"MacBook Air (13-inch, 2025)",Apple Silicon,Core ML,CPU,Image Classification (Q),"96%
",2163
545018,"MacBook Air (13-inch, 2025)",Apple Silicon,Core ML,CPU,Image Segmentation (SP),"100%
",2049
545018,"MacBook Air (13-inch, 2025)",Apple Silicon,Core ML,CPU,Image Segmentation (HP),"100%
",3184
545018,"MacBook Air (13-inch, 2025)",Apple Silicon,Core ML,CPU,Image Segmentation (Q),"99%
",3451
545018,"MacBook Air (13-inch, 2025)",Apple Silicon,Core ML,CPU,Pose Estimation (SP),"100%
",8844
545018,"MacBook Air (13-inch, 2025)",Apple Silicon,Core ML,CPU,Pose Estimation (HP),"100%
",17858
545018,"MacBook Air (13-inch, 2025)",Apple Silicon,Core ML,CPU,Pose Estimation (Q),"95%
",15467
545018,"MacBook Air (13-inch, 2025)",Apple Silicon,Core ML,CPU,Object Detection (SP),"100%
",2378
545018,"MacBook Air (13-inch, 2025)",Apple Silicon,Core ML,CPU,Object Detection (HP),"97%
",3626
545018,"MacBook Air (13-inch, 2025)",Apple Silicon,Core ML,CPU,Object Detection (Q),"94%
",2567
545018,"MacBook Air (13-inch, 2025)",Apple Silicon,Core ML,CPU,Face Detection (SP),"100%
",4130
545018,"MacBook Air (13-inch, 2025)",Apple Silicon,Core ML,CPU,Face Detection (HP),"100%
",7036
545018,"MacBook Air (13-inch, 2025)",Apple Silicon,Core ML,CPU,Face Detection (Q),"100%
",4146
545018,"MacBook Air (13-inch, 2025)",Apple Silicon,Core ML,CPU,Depth Estimation (SP),"100%
",7534
545018,"MacBook Air (13-inch, 2025)",Apple Silicon,Core ML,CPU,Depth Estimation (HP),"97%
",13798
545018,"MacBook Air (13-inch, 2025)",Apple Silicon,Core ML,CPU,Depth Estimation (Q),"86%
",9667
545018,"MacBook Air (13-inch, 2025)",Apple Silicon,Core ML,CPU,Style Transfer (SP),"100%
",19262
545018,"MacBook Air (13-inch, 2025)",Apple Silicon,Core ML,CPU,Style Transfer (HP),"100%
",35931
545018,"MacBook Air (13-inch, 2025)",Apple Silicon,Core ML,CPU,Style Transfer (Q),"96%
",30478
545018,"MacBook Air (13-inch, 2025)",Apple Silicon,Core ML,CPU,Image Super-Resolution (SP),"100%
",5416
545018,"MacBook Air (13-inch, 2025)",Apple Silicon,Core ML,CPU,Image Super-Resolution (HP),"100%
",6608
545018,"MacBook Air (13-inch, 2025)",Apple Silicon,Core ML,CPU,Image Super-Resolution (Q),"99%
",4695
545018,"MacBook Air (13-inch, 2025)",Apple Silicon,Core ML,CPU,Text Classification (SP),"100%
",6293
545018,"MacBook Air (13-inch, 2025)",Apple Silicon,Core ML,CPU,Text Classification (HP),"99%
",9421
545018,"MacBook Air (13-inch, 2025)",Apple Silicon,Core ML,CPU,Text Classification (Q),"93%
",9407
545018,"MacBook Air (13-inch, 2025)",Apple Silicon,Core ML,CPU,Machine Translation (SP),"100%
",3872
545018,"MacBook Air (13-inch, 2025)",Apple Silicon,Core ML,CPU,Machine Translation (HP),"98%
",6675
545018,"MacBook Air (13-inch, 2025)",Apple Silicon,Core ML,CPU,Machine Translation (Q),"98%
",6678
545024,"MacBook Air (13-inch, 2025)",Apple Silicon,Core ML,GPU,Image Classification (SP),"100%
",3642
545024,"MacBook Air (13-inch, 2025)",Apple Silicon,Core ML,GPU,Image Classification (HP),"100%
",3814
545024,"MacBook Air (13-inch, 2025)",Apple Silicon,Core ML,GPU,Image Classification (Q),"96%
",3758
545024,"MacBook Air (13-inch, 2025)",Apple Silicon,Core ML,GPU,Image Segmentation (SP),"100%
",5776
545024,"MacBook Air (13-inch, 2025)",Apple Silicon,Core ML,GPU,Image Segmentation (HP),"100%
",6232
545024,"MacBook Air (13-inch, 2025)",Apple Silicon,Core ML,GPU,Image Segmentation (Q),"99%
",5998
545024,"MacBook Air (13-inch, 2025)",Apple Silicon,Core ML,GPU,Pose Estimation (SP),"100%
",21447
545024,"MacBook Air (13-inch, 2025)",Apple Silicon,Core ML,GPU,Pose Estimation (HP),"100%
",22584
545024,"MacBook Air (13-inch, 2025)",Apple Silicon,Core ML,GPU,Pose Estimation (Q),"96%
",22029
545024,"MacBook Air (13-inch, 2025)",Apple Silicon,Core ML,GPU,Object Detection (SP),"100%
",4000
545024,"MacBook Air (13-inch, 2025)",Apple Silicon,Core ML,GPU,Object Detection (HP),"100%
",4335
545024,"MacBook Air (13-inch, 2025)",Apple Silicon,Core ML,GPU,Object Detection (Q),"91%
",4086
545024,"MacBook Air (13-inch, 2025)",Apple Silicon,Core ML,GPU,Face Detection (SP),"100%
",10938
545024,"MacBook Air (13-inch, 2025)",Apple Silicon,Core ML,GPU,Face Detection (HP),"100%
",13745
545024,"MacBook Air (13-inch, 2025)",Apple Silicon,Core ML,GPU,Face Detection (Q),"100%
",13604
545024,"MacBook Air (13-inch, 2025)",Apple Silicon,Core ML,GPU,Depth Estimation (SP),"100%
",16456
545024,"MacBook Air (13-inch, 2025)",Apple Silicon,Core ML,GPU,Depth Estimation (HP),"99%
",17429
545024,"MacBook Air (13-inch, 2025)",Apple Silicon,Core ML,GPU,Depth Estimation (Q),"85%
",17185
545024,"MacBook Air (13-inch, 2025)",Apple Silicon,Core ML,GPU,Style Transfer (SP),"100%
",42683
545024,"MacBook Air (13-inch, 2025)",Apple Silicon,Core ML,GPU,Style Transfer (HP),"100%
",48459
545024,"MacBook Air (13-inch, 2025)",Apple Silicon,Core ML,GPU,Style Transfer (Q),"96%
",45524
545024,"MacBook Air (13-inch, 2025)",Apple Silicon,Core ML,GPU,Image Super-Resolution (SP),"100%
",8476
545024,"MacBook Air (13-inch, 2025)",Apple Silicon,Core ML,GPU,Image Super-Resolution (HP),"100%
",9709
545024,"MacBook Air (13-inch, 2025)",Apple Silicon,Core ML,GPU,Image Super-Resolution (Q),"99%
",7862
545024,"MacBook Air (13-inch, 2025)",Apple Silicon,Core ML,GPU,Text Classification (SP),"100%
",6930
545024,"MacBook Air (13-inch, 2025)",Apple Silicon,Core ML,GPU,Text Classification (HP),"99%
",9502
545024,"MacBook Air (13-inch, 2025)",Apple Silicon,Core ML,GPU,Text Classification (Q),"93%
",9536
545024,"MacBook Air (13-inch, 2025)",Apple Silicon,Core ML,GPU,Machine Translation (SP),"100%
",1489
545024,"MacBook Air (13-inch, 2025)",Apple Silicon,Core ML,GPU,Machine Translation (HP),"100%
",1592
545024,"MacBook Air (13-inch, 2025)",Apple Silicon,Core ML,GPU,Machine Translation (Q),"98%
",1845
545025,"MacBook Air (13-inch, 2025)",Apple Silicon,Core ML,Neural Engine,Image Classification (SP),"100%
",2067
545025,"MacBook Air (13-inch, 2025)",Apple Silicon,Core ML,Neural Engine,Image Classification (HP),"100%
",17967
545025,"MacBook Air (13-inch, 2025)",Apple Silicon,Core ML,Neural Engine,Image Classification (Q),"97%
",28541
545025,"MacBook Air (13-inch, 2025)",Apple Silicon,Core ML,Neural Engine,Image Segmentation (SP),"100%
",2034
545025,"MacBook Air (13-inch, 2025)",Apple Silicon,Core ML,Neural Engine,Image Segmentation (HP),"100%
",21845
545025,"MacBook Air (13-inch, 2025)",Apple Silicon,Core ML,Neural Engine,Image Segmentation (Q),"99%
",30690
545025,"MacBook Air (13-inch, 2025)",Apple Silicon,Core ML,Neural Engine,Pose Estimation (SP),"100%
",8577
545025,"MacBook Air (13-inch, 2025)",Apple Silicon,Core ML,Neural Engine,Pose Estimation (HP),"100%
",109265
545025,"MacBook Air (13-inch, 2025)",Apple Silicon,Core ML,Neural Engine,Pose Estimation (Q),"95%
",151756
545025,"MacBook Air (13-inch, 2025)",Apple Silicon,Core ML,Neural Engine,Object Detection (SP),"100%
",1522
545025,"MacBook Air (13-inch, 2025)",Apple Silicon,Core ML,Neural Engine,Object Detection (HP),"100%
",18302
545025,"MacBook Air (13-inch, 2025)",Apple Silicon,Core ML,Neural Engine,Object Detection (Q),"89%
",26580
545025,"MacBook Air (13-inch, 2025)",Apple Silicon,Core ML,Neural Engine,Face Detection (SP),"100%
",4211
545025,"MacBook Air (13-inch, 2025)",Apple Silicon,Core ML,Neural Engine,Face Detection (HP),"100%
",45260
545025,"MacBook Air (13-inch, 2025)",Apple Silicon,Core ML,Neural Engine,Face Detection (Q),"100%
",71844
545025,"MacBook Air (13-inch, 2025)",Apple Silicon,Core ML,Neural Engine,Depth Estimation (SP),"100%
",7703
545025,"MacBook Air (13-inch, 2025)",Apple Silicon,Core ML,Neural Engine,Depth Estimation (HP),"99%
",98214
545025,"MacBook Air (13-inch, 2025)",Apple Silicon,Core ML,Neural Engine,Depth Estimation (Q),"85%
",171526
545025,"MacBook Air (13-inch, 2025)",Apple Silicon,Core ML,Neural Engine,Style Transfer (SP),"100%
",19993
545025,"MacBook Air (13-inch, 2025)",Apple Silicon,Core ML,Neural Engine,Style Transfer (HP),"100%
",250523
545025,"MacBook Air (13-inch, 2025)",Apple Silicon,Core ML,Neural Engine,Style Transfer (Q),"96%
",318201
545025,"MacBook Air (13-inch, 2025)",Apple Silicon,Core ML,Neural Engine,Image Super-Resolution (SP),"100%
",5680
545025,"MacBook Air (13-inch, 2025)",Apple Silicon,Core ML,Neural Engine,Image Super-Resolution (HP),"100%
",49542
545025,"MacBook Air (13-inch, 2025)",Apple Silicon,Core ML,Neural Engine,Image Super-Resolution (Q),"99%
",85039
545025,"MacBook Air (13-inch, 2025)",Apple Silicon,Core ML,Neural Engine,Text Classification (SP),"100%
",6891
545025,"MacBook Air (13-inch, 2025)",Apple Silicon,Core ML,Neural Engine,Text Classification (HP),"99%
",9791
545025,"MacBook Air (13-inch, 2025)",Apple Silicon,Core ML,Neural Engine,Text Classification (Q),"93%
",10170
545025,"MacBook Air (13-inch, 2025)",Apple Silicon,Core ML,Neural Engine,Machine Translation (SP),"100%
",3032
545025,"MacBook Air (13-inch, 2025)",Apple Silicon,Core ML,Neural Engine,Machine Translation (HP),"100%
",14915
545025,"MacBook Air (13-inch, 2025)",Apple Silicon,Core ML,Neural Engine,Machine Translation (Q),"98%
",16128
545035,"MacBook Air (13-inch, 2025)",Apple Silicon,Core ML,CPU,Image Classification (SP),"100%
",2071
545035,"MacBook Air (13-inch, 2025)",Apple Silicon,Core ML,CPU,Image Classification (HP),"100%
",3333
545035,"MacBook Air (13-inch, 2025)",Apple Silicon,Core ML,CPU,Image Classification (Q),"96%
",2252
545035,"MacBook Air (13-inch, 2025)",Apple Silicon,Core ML,CPU,Image Segmentation (SP),"100%
",2135
545035,"MacBook Air (13-inch, 2025)",Apple Silicon,Core ML,CPU,Image Segmentation (HP),"100%
",3168
545035,"MacBook Air (13-inch, 2025)",Apple Silicon,Core ML,CPU,Image Segmentation (Q),"99%
",3504
545035,"MacBook Air (13-inch, 2025)",Apple Silicon,Core ML,CPU,Pose Estimation (SP),"100%
",9443
545035,"MacBook Air (13-inch, 2025)",Apple Silicon,Core ML,CPU,Pose Estimation (HP),"100%
",18627
545035,"MacBook Air (13-inch, 2025)",Apple Silicon,Core ML,CPU,Pose Estimation (Q),"95%
",16108
545035,"MacBook Air (13-inch, 2025)",Apple Silicon,Core ML,CPU,Object Detection (SP),"100%
",2432
545035,"MacBook Air (13-inch, 2025)",Apple Silicon,Core ML,CPU,Object Detection (HP),"97%
",3756
545035,"MacBook Air (13-inch, 2025)",Apple Silicon,Core ML,CPU,Object Detection (Q),"94%
",2646
545035,"MacBook Air (13-inch, 2025)",Apple Silicon,Core ML,CPU,Face Detection (SP),"100%
",4392
545035,"MacBook Air (13-inch, 2025)",Apple Silicon,Core ML,CPU,Face Detection (HP),"100%
",7521
545035,"MacBook Air (13-inch, 2025)",Apple Silicon,Core ML,CPU,Face Detection (Q),"100%
",4328
545035,"MacBook Air (13-inch, 2025)",Apple Silicon,Core ML,CPU,Depth Estimation (SP),"100%
",7929
545035,"MacBook Air (13-inch, 2025)",Apple Silicon,Core ML,CPU,Depth Estimation (HP),"97%
",14481
545035,"MacBook Air (13-inch, 2025)",Apple Silicon,Core ML,CPU,Depth Estimation (Q),"86%
",10046
545035,"MacBook Air (13-inch, 2025)",Apple Silicon,Core ML,CPU,Style Transfer (SP),"100%
",22550
545035,"MacBook Air (13-inch, 2025)",Apple Silicon,Core ML,CPU,Style Transfer (HP),"100%
",38402
545035,"MacBook Air (13-inch, 2025)",Apple Silicon,Core ML,CPU,Style Transfer (Q),"96%
",31571
545035,"MacBook Air (13-inch, 2025)",Apple Silicon,Core ML,CPU,Image Super-Resolution (SP),"100%
",5802
545035,"MacBook Air (13-inch, 2025)",Apple Silicon,Core ML,CPU,Image Super-Resolution (HP),"100%
",6812
545035,"MacBook Air (13-inch, 2025)",Apple Silicon,Core ML,CPU,Image Super-Resolution (Q),"99%
",4811
545035,"MacBook Air (13-inch, 2025)",Apple Silicon,Core ML,CPU,Text Classification (SP),"100%
",6426
545035,"MacBook Air (13-inch, 2025)",Apple Silicon,Core ML,CPU,Text Classification (HP),"99%
",9676
545035,"MacBook Air (13-inch, 2025)",Apple Silicon,Core ML,CPU,Text Classification (Q),"93%
",9556
545035,"MacBook Air (13-inch, 2025)",Apple Silicon,Core ML,CPU,Machine Translation (SP),"100%
",4279
545035,"MacBook Air (13-inch, 2025)",Apple Silicon,Core ML,CPU,Machine Translation (HP),"98%
",7262
545035,"MacBook Air (13-inch, 2025)",Apple Silicon,Core ML,CPU,Machine Translation (Q),"98%
",7204
545037,"MacBook Air (13-inch, 2025)",Apple Silicon,Core ML,GPU,Image Classification (SP),"100%
",4196
545037,"MacBook Air (13-inch, 2025)",Apple Silicon,Core ML,GPU,Image Classification (HP),"100%
",1164
545037,"MacBook Air (13-inch, 2025)",Apple Silicon,Core ML,GPU,Image Classification (Q),"96%
",4152
545037,"MacBook Air (13-inch, 2025)",Apple Silicon,Core ML,GPU,Image Segmentation (SP),"100%
",6420
545037,"MacBook Air (13-inch, 2025)",Apple Silicon,Core ML,GPU,Image Segmentation (HP),"100%
",6944
545037,"MacBook Air (13-inch, 2025)",Apple Silicon,Core ML,GPU,Image Segmentation (Q),"99%
",6584
545037,"MacBook Air (13-inch, 2025)",Apple Silicon,Core ML,GPU,Pose Estimation (SP),"100%
",21705
545037,"MacBook Air (13-inch, 2025)",Apple Silicon,Core ML,GPU,Pose Estimation (HP),"100%
",24883
545037,"MacBook Air (13-inch, 2025)",Apple Silicon,Core ML,GPU,Pose Estimation (Q),"96%
",24302
545037,"MacBook Air (13-inch, 2025)",Apple Silicon,Core ML,GPU,Object Detection (SP),"100%
",2747
545037,"MacBook Air (13-inch, 2025)",Apple Silicon,Core ML,GPU,Object Detection (HP),"100%
",2849
545037,"MacBook Air (13-inch, 2025)",Apple Silicon,Core ML,GPU,Object Detection (Q),"91%
",2815
545037,"MacBook Air (13-inch, 2025)",Apple Silicon,Core ML,GPU,Face Detection (SP),"100%
",12118
545037,"MacBook Air (13-inch, 2025)",Apple Silicon,Core ML,GPU,Face Detection (HP),"100%
",10361
545037,"MacBook Air (13-inch, 2025)",Apple Silicon,Core ML,GPU,Face Detection (Q),"100%
",13643
545037,"MacBook Air (13-inch, 2025)",Apple Silicon,Core ML,GPU,Depth Estimation (SP),"100%
",16884
545037,"MacBook Air (13-inch, 2025)",Apple Silicon,Core ML,GPU,Depth Estimation (HP),"99%
",19167
545037,"MacBook Air (13-inch, 2025)",Apple Silicon,Core ML,GPU,Depth Estimation (Q),"85%
",17905
545037,"MacBook Air (13-inch, 2025)",Apple Silicon,Core ML,GPU,Style Transfer (SP),"100%
",48280
545037,"MacBook Air (13-inch, 2025)",Apple Silicon,Core ML,GPU,Style Transfer (HP),"100%
",56339
545037,"MacBook Air (13-inch, 2025)",Apple Silicon,Core ML,GPU,Style Transfer (Q),"96%
",54201
545037,"MacBook Air (13-inch, 2025)",Apple Silicon,Core ML,GPU,Image Super-Resolution (SP),"100%
",9643
545037,"MacBook Air (13-inch, 2025)",Apple Silicon,Core ML,GPU,Image Super-Resolution (HP),"100%
",6081
545037,"MacBook Air (13-inch, 2025)",Apple Silicon,Core ML,GPU,Image Super-Resolution (Q),"99%
",8677
545037,"MacBook Air (13-inch, 2025)",Apple Silicon,Core ML,GPU,Text Classification (SP),"100%
",6583
545037,"MacBook Air (13-inch, 2025)",Apple Silicon,Core ML,GPU,Text Classification (HP),"99%
",9578
545037,"MacBook Air (13-inch, 2025)",Apple Silicon,Core ML,GPU,Text Classification (Q),"93%
",9685
545037,"MacBook Air (13-inch, 2025)",Apple Silicon,Core ML,GPU,Machine Translation (SP),"100%
",1447
545037,"MacBook Air (13-inch, 2025)",Apple Silicon,Core ML,GPU,Machine Translation (HP),"100%
",1601
545037,"MacBook Air (13-inch, 2025)",Apple Silicon,Core ML,GPU,Machine Translation (Q),"98%
",1527
545038,"MacBook Air (13-inch, 2025)",Apple Silicon,Core ML,Neural Engine,Image Classification (SP),"100%
",2091
545038,"MacBook Air (13-inch, 2025)",Apple Silicon,Core ML,Neural Engine,Image Classification (HP),"100%
",18028
545038,"MacBook Air (13-inch, 2025)",Apple Silicon,Core ML,Neural Engine,Image Classification (Q),"97%
",28800
545038,"MacBook Air (13-inch, 2025)",Apple Silicon,Core ML,Neural Engine,Image Segmentation (SP),"100%
",2112
545038,"MacBook Air (13-inch, 2025)",Apple Silicon,Core ML,Neural Engine,Image Segmentation (HP),"100%
",21802
545038,"MacBook Air (13-inch, 2025)",Apple Silicon,Core ML,Neural Engine,Image Segmentation (Q),"99%
",31163
545038,"MacBook Air (13-inch, 2025)",Apple Silicon,Core ML,Neural Engine,Pose Estimation (SP),"100%
",9696
545038,"MacBook Air (13-inch, 2025)",Apple Silicon,Core ML,Neural Engine,Pose Estimation (HP),"100%
",122455
545038,"MacBook Air (13-inch, 2025)",Apple Silicon,Core ML,Neural Engine,Pose Estimation (Q),"95%
",229555
545038,"MacBook Air (13-inch, 2025)",Apple Silicon,Core ML,Neural Engine,Object Detection (SP),"100%
",2435
545038,"MacBook Air (13-inch, 2025)",Apple Silicon,Core ML,Neural Engine,Object Detection (HP),"100%
",18475
545038,"MacBook Air (13-inch, 2025)",Apple Silicon,Core ML,Neural Engine,Object Detection (Q),"89%
",27098
545038,"MacBook Air (13-inch, 2025)",Apple Silicon,Core ML,Neural Engine,Face Detection (SP),"100%
",4388
545038,"MacBook Air (13-inch, 2025)",Apple Silicon,Core ML,Neural Engine,Face Detection (HP),"100%
",45582
545038,"MacBook Air (13-inch, 2025)",Apple Silicon,Core ML,Neural Engine,Face Detection (Q),"100%
",72913
545038,"MacBook Air (13-inch, 2025)",Apple Silicon,Core ML,Neural Engine,Depth Estimation (SP),"100%
",7889
545038,"MacBook Air (13-inch, 2025)",Apple Silicon,Core ML,Neural Engine,Depth Estimation (HP),"99%
",97957
545038,"MacBook Air (13-inch, 2025)",Apple Silicon,Core ML,Neural Engine,Depth Estimation (Q),"85%
",175850
545038,"MacBook Air (13-inch, 2025)",Apple Silicon,Core ML,Neural Engine,Style Transfer (SP),"100%
",22769
545038,"MacBook Air (13-inch, 2025)",Apple Silicon,Core ML,Neural Engine,Style Transfer (HP),"100%
",249133
545038,"MacBook Air (13-inch, 2025)",Apple Silicon,Core ML,Neural Engine,Style Transfer (Q),"96%
",318156
545038,"MacBook Air (13-inch, 2025)",Apple Silicon,Core ML,Neural Engine,Image Super-Resolution (SP),"100%
",5820
545038,"MacBook Air (13-inch, 2025)",Apple Silicon,Core ML,Neural Engine,Image Super-Resolution (HP),"100%
",50128
545038,"MacBook Air (13-inch, 2025)",Apple Silicon,Core ML,Neural Engine,Image Super-Resolution (Q),"99%
",88589
545038,"MacBook Air (13-inch, 2025)",Apple Silicon,Core ML,Neural Engine,Text Classification (SP),"100%
",6539
545038,"MacBook Air (13-inch, 2025)",Apple Silicon,Core ML,Neural Engine,Text Classification (HP),"99%
",9775
545038,"MacBook Air (13-inch, 2025)",Apple Silicon,Core ML,Neural Engine,Text Classification (Q),"93%
",9625
545038,"MacBook Air (13-inch, 2025)",Apple Silicon,Core ML,Neural Engine,Machine Translation (SP),"100%
",4195
545038,"MacBook Air (13-inch, 2025)",Apple Silicon,Core ML,Neural Engine,Machine Translation (HP),"100%
",15182
545038,"MacBook Air (13-inch, 2025)",Apple Silicon,Core ML,Neural Engine,Machine Translation (Q),"98%
",16378
545058,MacBook Air（13 英寸，M5，2026 年）,Apple Silicon,Core ML,Neural Engine,Image Classification (SP),"100%
",2346
545058,MacBook Air（13 英寸，M5，2026 年）,Apple Silicon,Core ML,Neural Engine,Image Classification (HP),"100%
",17867
545058,MacBook Air（13 英寸，M5，2026 年）,Apple Silicon,Core ML,Neural Engine,Image Classification (Q),"97%
",28718
545058,MacBook Air（13 英寸，M5，2026 年）,Apple Silicon,Core ML,Neural Engine,Image Segmentation (SP),"100%
",2282
545058,MacBook Air（13 英寸，M5，2026 年）,Apple Silicon,Core ML,Neural Engine,Image Segmentation (HP),"100%
",24198
545058,MacBook Air（13 英寸，M5，2026 年）,Apple Silicon,Core ML,Neural Engine,Image Segmentation (Q),"99%
",34459
545058,MacBook Air（13 英寸，M5，2026 年）,Apple Silicon,Core ML,Neural Engine,Pose Estimation (SP),"100%
",10870
545058,MacBook Air（13 英寸，M5，2026 年）,Apple Silicon,Core ML,Neural Engine,Pose Estimation (HP),"100%
",178269
545058,MacBook Air（13 英寸，M5，2026 年）,Apple Silicon,Core ML,Neural Engine,Pose Estimation (Q),"95%
",328057
545058,MacBook Air（13 英寸，M5，2026 年）,Apple Silicon,Core ML,Neural Engine,Object Detection (SP),"100%
",2721
545058,MacBook Air（13 英寸，M5，2026 年）,Apple Silicon,Core ML,Neural Engine,Object Detection (HP),"100%
",19113
545058,MacBook Air（13 英寸，M5，2026 年）,Apple Silicon,Core ML,Neural Engine,Object Detection (Q),"89%
",26726
545058,MacBook Air（13 英寸，M5，2026 年）,Apple Silicon,Core ML,Neural Engine,Face Detection (SP),"100%
",5216
545058,MacBook Air（13 英寸，M5，2026 年）,Apple Silicon,Core ML,Neural Engine,Face Detection (HP),"100%
",49409
545058,MacBook Air（13 英寸，M5，2026 年）,Apple Silicon,Core ML,Neural Engine,Face Detection (Q),"100%
",78153
545058,MacBook Air（13 英寸，M5，2026 年）,Apple Silicon,Core ML,Neural Engine,Depth Estimation (SP),"100%
",8677
545058,MacBook Air（13 英寸，M5，2026 年）,Apple Silicon,Core ML,Neural Engine,Depth Estimation (HP),"99%
",105842
545058,MacBook Air（13 英寸，M5，2026 年）,Apple Silicon,Core ML,Neural Engine,Depth Estimation (Q),"85%
",196332
545058,MacBook Air（13 英寸，M5，2026 年）,Apple Silicon,Core ML,Neural Engine,Style Transfer (SP),"100%
",23036
545058,MacBook Air（13 英寸，M5，2026 年）,Apple Silicon,Core ML,Neural Engine,Style Transfer (HP),"100%
",298750
545058,MacBook Air（13 英寸，M5，2026 年）,Apple Silicon,Core ML,Neural Engine,Style Transfer (Q),"96%
",382541
545058,MacBook Air（13 英寸，M5，2026 年）,Apple Silicon,Core ML,Neural Engine,Image Super-Resolution (SP),"100%
",6395
545058,MacBook Air（13 英寸，M5，2026 年）,Apple Silicon,Core ML,Neural Engine,Image Super-Resolution (HP),"100%
",61634
545058,MacBook Air（13 英寸，M5，2026 年）,Apple Silicon,Core ML,Neural Engine,Image Super-Resolution (Q),"99%
",97839
545058,MacBook Air（13 英寸，M5，2026 年）,Apple Silicon,Core ML,Neural Engine,Text Classification (SP),"100%
",5874
545058,MacBook Air（13 英寸，M5，2026 年）,Apple Silicon,Core ML,Neural Engine,Text Classification (HP),"100%
",6144
545058,MacBook Air（13 英寸，M5，2026 年）,Apple Silicon,Core ML,Neural Engine,Text Classification (Q),"93%
",6341
545058,MacBook Air（13 英寸，M5，2026 年）,Apple Silicon,Core ML,Neural Engine,Machine Translation (SP),"100%
",4824
545058,MacBook Air（13 英寸，M5，2026 年）,Apple Silicon,Core ML,Neural Engine,Machine Translation (HP),"100%
",17685
545058,MacBook Air（13 英寸，M5，2026 年）,Apple Silicon,Core ML,Neural Engine,Machine Translation (Q),"98%
",18348
545062,MacBook Air（13 英寸，M5，2026 年）,Apple Silicon,Core ML,GPU,Image Classification (SP),"100%
",5491
545062,MacBook Air（13 英寸，M5，2026 年）,Apple Silicon,Core ML,GPU,Image Classification (HP),"100%
",9301
545062,MacBook Air（13 英寸，M5，2026 年）,Apple Silicon,Core ML,GPU,Image Classification (Q),"99%
",8650
545062,MacBook Air（13 英寸，M5，2026 年）,Apple Silicon,Core ML,GPU,Image Segmentation (SP),"100%
",8520
545062,MacBook Air（13 英寸，M5，2026 年）,Apple Silicon,Core ML,GPU,Image Segmentation (HP),"100%
",14808
545062,MacBook Air（13 英寸，M5，2026 年）,Apple Silicon,Core ML,GPU,Image Segmentation (Q),"99%
",14330
545062,MacBook Air（13 英寸，M5，2026 年）,Apple Silicon,Core ML,GPU,Pose Estimation (SP),"100%
",29943
545062,MacBook Air（13 英寸，M5，2026 年）,Apple Silicon,Core ML,GPU,Pose Estimation (HP),"100%
",79277
545062,MacBook Air（13 英寸，M5，2026 年）,Apple Silicon,Core ML,GPU,Pose Estimation (Q),"96%
",110537
545062,MacBook Air（13 英寸，M5，2026 年）,Apple Silicon,Core ML,GPU,Object Detection (SP),"100%
",6023
545062,MacBook Air（13 英寸，M5，2026 年）,Apple Silicon,Core ML,GPU,Object Detection (HP),"100%
",11657
545062,MacBook Air（13 英寸，M5，2026 年）,Apple Silicon,Core ML,GPU,Object Detection (Q),"92%
",9842
545062,MacBook Air（13 英寸，M5，2026 年）,Apple Silicon,Core ML,GPU,Face Detection (SP),"100%
",16549
545062,MacBook Air（13 英寸，M5，2026 年）,Apple Silicon,Core ML,GPU,Face Detection (HP),"100%
",30672
545062,MacBook Air（13 英寸，M5，2026 年）,Apple Silicon,Core ML,GPU,Face Detection (Q),"100%
",28998
545062,MacBook Air（13 英寸，M5，2026 年）,Apple Silicon,Core ML,GPU,Depth Estimation (SP),"100%
",24006
545062,MacBook Air（13 英寸，M5，2026 年）,Apple Silicon,Core ML,GPU,Depth Estimation (HP),"99%
",44295
545062,MacBook Air（13 英寸，M5，2026 年）,Apple Silicon,Core ML,GPU,Depth Estimation (Q),"85%
",44426
545062,MacBook Air（13 英寸，M5，2026 年）,Apple Silicon,Core ML,GPU,Style Transfer (SP),"100%
",68216
545062,MacBook Air（13 英寸，M5，2026 年）,Apple Silicon,Core ML,GPU,Style Transfer (HP),"100%
",161093
545062,MacBook Air（13 英寸，M5，2026 年）,Apple Silicon,Core ML,GPU,Style Transfer (Q),"96%
",212867
545062,MacBook Air（13 英寸，M5，2026 年）,Apple Silicon,Core ML,GPU,Image Super-Resolution (SP),"100%
",13807
545062,MacBook Air（13 英寸，M5，2026 年）,Apple Silicon,Core ML,GPU,Image Super-Resolution (HP),"100%
",27127
545062,MacBook Air（13 英寸，M5，2026 年）,Apple Silicon,Core ML,GPU,Image Super-Resolution (Q),"99%
",21611
545062,MacBook Air（13 英寸，M5，2026 年）,Apple Silicon,Core ML,GPU,Text Classification (SP),"100%
",5850
545062,MacBook Air（13 英寸，M5，2026 年）,Apple Silicon,Core ML,GPU,Text Classification (HP),"99%
",9435
545062,MacBook Air（13 英寸，M5，2026 年）,Apple Silicon,Core ML,GPU,Text Classification (Q),"93%
",9427
545062,MacBook Air（13 英寸，M5，2026 年）,Apple Silicon,Core ML,GPU,Machine Translation (SP),"100%
",5769
545062,MacBook Air（13 英寸，M5，2026 年）,Apple Silicon,Core ML,GPU,Machine Translation (HP),"100%
",5431
545062,MacBook Air（13 英寸，M5，2026 年）,Apple Silicon,Core ML,GPU,Machine Translation (Q),"98%
",6678
545063,MacBook Air（13 英寸，M5，2026 年）,Apple Silicon,Core ML,CPU,Image Classification (SP),"100%
",2264
545063,MacBook Air（13 英寸，M5，2026 年）,Apple Silicon,Core ML,CPU,Image Classification (HP),"100%
",4483
545063,MacBook Air（13 英寸，M5，2026 年）,Apple Silicon,Core ML,CPU,Image Classification (Q),"94%
",2475
545063,MacBook Air（13 英寸，M5，2026 年）,Apple Silicon,Core ML,CPU,Image Segmentation (SP),"100%
",2299
545063,MacBook Air（13 英寸，M5，2026 年）,Apple Silicon,Core ML,CPU,Image Segmentation (HP),"100%
",3449
545063,MacBook Air（13 英寸，M5，2026 年）,Apple Silicon,Core ML,CPU,Image Segmentation (Q),"99%
",3661
545063,MacBook Air（13 英寸，M5，2026 年）,Apple Silicon,Core ML,CPU,Pose Estimation (SP),"100%
",11019
545063,MacBook Air（13 英寸，M5，2026 年）,Apple Silicon,Core ML,CPU,Pose Estimation (HP),"99%
",23602
545063,MacBook Air（13 英寸，M5，2026 年）,Apple Silicon,Core ML,CPU,Pose Estimation (Q),"97%
",19814
545063,MacBook Air（13 英寸，M5，2026 年）,Apple Silicon,Core ML,CPU,Object Detection (SP),"100%
",2716
545063,MacBook Air（13 英寸，M5，2026 年）,Apple Silicon,Core ML,CPU,Object Detection (HP),"98%
",4911
545063,MacBook Air（13 英寸，M5，2026 年）,Apple Silicon,Core ML,CPU,Object Detection (Q),"88%
",3123
545063,MacBook Air（13 英寸，M5，2026 年）,Apple Silicon,Core ML,CPU,Face Detection (SP),"100%
",5052
545063,MacBook Air（13 英寸，M5，2026 年）,Apple Silicon,Core ML,CPU,Face Detection (HP),"100%
",9437
545063,MacBook Air（13 英寸，M5，2026 年）,Apple Silicon,Core ML,CPU,Face Detection (Q),"100%
",5265
545063,MacBook Air（13 英寸，M5，2026 年）,Apple Silicon,Core ML,CPU,Depth Estimation (SP),"100%
",8615
545063,MacBook Air（13 英寸，M5，2026 年）,Apple Silicon,Core ML,CPU,Depth Estimation (HP),"98%
",14873
545063,MacBook Air（13 英寸，M5，2026 年）,Apple Silicon,Core ML,CPU,Depth Estimation (Q),"85%
",9840
545063,MacBook Air（13 英寸，M5，2026 年）,Apple Silicon,Core ML,CPU,Style Transfer (SP),"100%
",26617
545063,MacBook Air（13 英寸，M5，2026 年）,Apple Silicon,Core ML,CPU,Style Transfer (HP),"100%
",47002
545063,MacBook Air（13 英寸，M5，2026 年）,Apple Silicon,Core ML,CPU,Style Transfer (Q),"96%
",36135
545063,MacBook Air（13 英寸，M5，2026 年）,Apple Silicon,Core ML,CPU,Image Super-Resolution (SP),"100%
",6403
545063,MacBook Air（13 英寸，M5，2026 年）,Apple Silicon,Core ML,CPU,Image Super-Resolution (HP),"100%
",11690
545063,MacBook Air（13 英寸，M5，2026 年）,Apple Silicon,Core ML,CPU,Image Super-Resolution (Q),"99%
",6630
545063,MacBook Air（13 英寸，M5，2026 年）,Apple Silicon,Core ML,CPU,Text Classification (SP),"100%
",5881
545063,MacBook Air（13 英寸，M5，2026 年）,Apple Silicon,Core ML,CPU,Text Classification (HP),"99%
",9498
545063,MacBook Air（13 英寸，M5，2026 年）,Apple Silicon,Core ML,CPU,Text Classification (Q),"93%
",9524
545063,MacBook Air（13 英寸，M5，2026 年）,Apple Silicon,Core ML,CPU,Machine Translation (SP),"100%
",4632
545063,MacBook Air（13 英寸，M5，2026 年）,Apple Silicon,Core ML,CPU,Machine Translation (HP),"100%
",8463
545063,MacBook Air（13 英寸，M5，2026 年）,Apple Silicon,Core ML,CPU,Machine Translation (Q),"98%
",8401
545072,"MacBook Pro (16-inch, 2021)",Apple Silicon,Core ML,Neural Engine,Image Classification (SP),"100%
",1309
545072,"MacBook Pro (16-inch, 2021)",Apple Silicon,Core ML,Neural Engine,Image Classification (HP),"100%
",6486
545072,"MacBook Pro (16-inch, 2021)",Apple Silicon,Core ML,Neural Engine,Image Classification (Q),"97%
",6586
545072,"MacBook Pro (16-inch, 2021)",Apple Silicon,Core ML,Neural Engine,Image Segmentation (SP),"100%
",1560
545072,"MacBook Pro (16-inch, 2021)",Apple Silicon,Core ML,Neural Engine,Image Segmentation (HP),"100%
",9964
545072,"MacBook Pro (16-inch, 2021)",Apple Silicon,Core ML,Neural Engine,Image Segmentation (Q),"99%
",10804
545072,"MacBook Pro (16-inch, 2021)",Apple Silicon,Core ML,Neural Engine,Pose Estimation (SP),"100%
",9155
545072,"MacBook Pro (16-inch, 2021)",Apple Silicon,Core ML,Neural Engine,Pose Estimation (HP),"100%
",69947
545072,"MacBook Pro (16-inch, 2021)",Apple Silicon,Core ML,Neural Engine,Pose Estimation (Q),"95%
",66147
545072,"MacBook Pro (16-inch, 2021)",Apple Silicon,Core ML,Neural Engine,Object Detection (SP),"100%
",1470
545072,"MacBook Pro (16-inch, 2021)",Apple Silicon,Core ML,Neural Engine,Object Detection (HP),"99%
",7577
545072,"MacBook Pro (16-inch, 2021)",Apple Silicon,Core ML,Neural Engine,Object Detection (Q),"89%
",7171
545072,"MacBook Pro (16-inch, 2021)",Apple Silicon,Core ML,Neural Engine,Face Detection (SP),"100%
",3213
545072,"MacBook Pro (16-inch, 2021)",Apple Silicon,Core ML,Neural Engine,Face Detection (HP),"100%
",16481
545072,"MacBook Pro (16-inch, 2021)",Apple Silicon,Core ML,Neural Engine,Face Detection (Q),"100%
",15663
545072,"MacBook Pro (16-inch, 2021)",Apple Silicon,Core ML,Neural Engine,Depth Estimation (SP),"100%
",5428
545072,"MacBook Pro (16-inch, 2021)",Apple Silicon,Core ML,Neural Engine,Depth Estimation (HP),"99%
",51200
545072,"MacBook Pro (16-inch, 2021)",Apple Silicon,Core ML,Neural Engine,Depth Estimation (Q),"85%
",54306
545072,"MacBook Pro (16-inch, 2021)",Apple Silicon,Core ML,Neural Engine,Style Transfer (SP),"100%
",21114
545072,"MacBook Pro (16-inch, 2021)",Apple Silicon,Core ML,Neural Engine,Style Transfer (HP),"100%
",131890
545072,"MacBook Pro (16-inch, 2021)",Apple Silicon,Core ML,Neural Engine,Style Transfer (Q),"96%
",122673
545072,"MacBook Pro (16-inch, 2021)",Apple Silicon,Core ML,Neural Engine,Image Super-Resolution (SP),"100%
",3816
545072,"MacBook Pro (16-inch, 2021)",Apple Silicon,Core ML,Neural Engine,Image Super-Resolution (HP),"100%
",25186
545072,"MacBook Pro (16-inch, 2021)",Apple Silicon,Core ML,Neural Engine,Image Super-Resolution (Q),"99%
",26764
545072,"MacBook Pro (16-inch, 2021)",Apple Silicon,Core ML,Neural Engine,Text Classification (SP),"100%
",4080
545072,"MacBook Pro (16-inch, 2021)",Apple Silicon,Core ML,Neural Engine,Text Classification (HP),"99%
",6419
545072,"MacBook Pro (16-inch, 2021)",Apple Silicon,Core ML,Neural Engine,Text Classification (Q),"93%
",6244
545072,"MacBook Pro (16-inch, 2021)",Apple Silicon,Core ML,Neural Engine,Machine Translation (SP),"100%
",2968
545072,"MacBook Pro (16-inch, 2021)",Apple Silicon,Core ML,Neural Engine,Machine Translation (HP),"100%
",6915
545072,"MacBook Pro (16-inch, 2021)",Apple Silicon,Core ML,Neural Engine,Machine Translation (Q),"98%
",7557
545076,MacBook Air（13 英寸，M5，2026 年）,Apple Silicon,Core ML,Neural Engine,Image Classification (SP),"100%
",2385
545076,MacBook Air（13 英寸，M5，2026 年）,Apple Silicon,Core ML,Neural Engine,Image Classification (HP),"100%
",17425
545076,MacBook Air（13 英寸，M5，2026 年）,Apple Silicon,Core ML,Neural Engine,Image Classification (Q),"97%
",25798
545076,MacBook Air（13 英寸，M5，2026 年）,Apple Silicon,Core ML,Neural Engine,Image Segmentation (SP),"100%
",2263
545076,MacBook Air（13 英寸，M5，2026 年）,Apple Silicon,Core ML,Neural Engine,Image Segmentation (HP),"100%
",24141
545076,MacBook Air（13 英寸，M5，2026 年）,Apple Silicon,Core ML,Neural Engine,Image Segmentation (Q),"99%
",34021
545076,MacBook Air（13 英寸，M5，2026 年）,Apple Silicon,Core ML,Neural Engine,Pose Estimation (SP),"100%
",11211
545076,MacBook Air（13 英寸，M5，2026 年）,Apple Silicon,Core ML,Neural Engine,Pose Estimation (HP),"100%
",177685
545076,MacBook Air（13 英寸，M5，2026 年）,Apple Silicon,Core ML,Neural Engine,Pose Estimation (Q),"95%
",331824
545076,MacBook Air（13 英寸，M5，2026 年）,Apple Silicon,Core ML,Neural Engine,Object Detection (SP),"100%
",2722
545076,MacBook Air（13 英寸，M5，2026 年）,Apple Silicon,Core ML,Neural Engine,Object Detection (HP),"100%
",18666
545076,MacBook Air（13 英寸，M5，2026 年）,Apple Silicon,Core ML,Neural Engine,Object Detection (Q),"89%
",26395
545076,MacBook Air（13 英寸，M5，2026 年）,Apple Silicon,Core ML,Neural Engine,Face Detection (SP),"100%
",5246
545076,MacBook Air（13 英寸，M5，2026 年）,Apple Silicon,Core ML,Neural Engine,Face Detection (HP),"100%
",49318
545076,MacBook Air（13 英寸，M5，2026 年）,Apple Silicon,Core ML,Neural Engine,Face Detection (Q),"100%
",78009
545076,MacBook Air（13 英寸，M5，2026 年）,Apple Silicon,Core ML,Neural Engine,Depth Estimation (SP),"100%
",8682
545076,MacBook Air（13 英寸，M5，2026 年）,Apple Silicon,Core ML,Neural Engine,Depth Estimation (HP),"99%
",109520
545076,MacBook Air（13 英寸，M5，2026 年）,Apple Silicon,Core ML,Neural Engine,Depth Estimation (Q),"85%
",193059
545076,MacBook Air（13 英寸，M5，2026 年）,Apple Silicon,Core ML,Neural Engine,Style Transfer (SP),"100%
",27574
545076,MacBook Air（13 英寸，M5，2026 年）,Apple Silicon,Core ML,Neural Engine,Style Transfer (HP),"100%
",298130
545076,MacBook Air（13 英寸，M5，2026 年）,Apple Silicon,Core ML,Neural Engine,Style Transfer (Q),"96%
",378023
545076,MacBook Air（13 英寸，M5，2026 年）,Apple Silicon,Core ML,Neural Engine,Image Super-Resolution (SP),"100%
",6458
545076,MacBook Air（13 英寸，M5，2026 年）,Apple Silicon,Core ML,Neural Engine,Image Super-Resolution (HP),"100%
",63018
545076,MacBook Air（13 英寸，M5，2026 年）,Apple Silicon,Core ML,Neural Engine,Image Super-Resolution (Q),"99%
",95963
545076,MacBook Air（13 英寸，M5，2026 年）,Apple Silicon,Core ML,Neural Engine,Text Classification (SP),"100%
",6189
545076,MacBook Air（13 英寸，M5，2026 年）,Apple Silicon,Core ML,Neural Engine,Text Classification (HP),"100%
",6550
545076,MacBook Air（13 英寸，M5，2026 年）,Apple Silicon,Core ML,Neural Engine,Text Classification (Q),"93%
",6217
545076,MacBook Air（13 英寸，M5，2026 年）,Apple Silicon,Core ML,Neural Engine,Machine Translation (SP),"100%
",4857
545076,MacBook Air（13 英寸，M5，2026 年）,Apple Silicon,Core ML,Neural Engine,Machine Translation (HP),"100%
",17510
545076,MacBook Air（13 英寸，M5，2026 年）,Apple Silicon,Core ML,Neural Engine,Machine Translation (Q),"98%
",18161
545594,"MacBook Air (13-inch, 2025)",Apple Silicon,Core ML,CPU,Image Classification (SP),"100%
",1116
545594,"MacBook Air (13-inch, 2025)",Apple Silicon,Core ML,CPU,Image Classification (HP),"100%
",1811
545594,"MacBook Air (13-inch, 2025)",Apple Silicon,Core ML,CPU,Image Classification (Q),"96%
",1194
545594,"MacBook Air (13-inch, 2025)",Apple Silicon,Core ML,CPU,Image Segmentation (SP),"100%
",1234
545594,"MacBook Air (13-inch, 2025)",Apple Silicon,Core ML,CPU,Image Segmentation (HP),"100%
",1863
545594,"MacBook Air (13-inch, 2025)",Apple Silicon,Core ML,CPU,Image Segmentation (Q),"99%
",1886
545594,"MacBook Air (13-inch, 2025)",Apple Silicon,Core ML,CPU,Pose Estimation (SP),"100%
",4989
545594,"MacBook Air (13-inch, 2025)",Apple Silicon,Core ML,CPU,Pose Estimation (HP),"100%
",10384
545594,"MacBook Air (13-inch, 2025)",Apple Silicon,Core ML,CPU,Pose Estimation (Q),"95%
",8851
545594,"MacBook Air (13-inch, 2025)",Apple Silicon,Core ML,CPU,Object Detection (SP),"100%
",1297
545594,"MacBook Air (13-inch, 2025)",Apple Silicon,Core ML,CPU,Object Detection (HP),"97%
",2036
545594,"MacBook Air (13-inch, 2025)",Apple Silicon,Core ML,CPU,Object Detection (Q),"94%
",1425
545594,"MacBook Air (13-inch, 2025)",Apple Silicon,Core ML,CPU,Face Detection (SP),"100%
",2438
545594,"MacBook Air (13-inch, 2025)",Apple Silicon,Core ML,CPU,Face Detection (HP),"100%
",4033
545594,"MacBook Air (13-inch, 2025)",Apple Silicon,Core ML,CPU,Face Detection (Q),"100%
",2297
545594,"MacBook Air (13-inch, 2025)",Apple Silicon,Core ML,CPU,Depth Estimation (SP),"100%
",4439
545594,"MacBook Air (13-inch, 2025)",Apple Silicon,Core ML,CPU,Depth Estimation (HP),"97%
",7512
545594,"MacBook Air (13-inch, 2025)",Apple Silicon,Core ML,CPU,Depth Estimation (Q),"86%
",5244
545594,"MacBook Air (13-inch, 2025)",Apple Silicon,Core ML,CPU,Style Transfer (SP),"100%
",12422
545594,"MacBook Air (13-inch, 2025)",Apple Silicon,Core ML,CPU,Style Transfer (HP),"100%
",20769
545594,"MacBook Air (13-inch, 2025)",Apple Silicon,Core ML,CPU,Style Transfer (Q),"96%
",16790
545594,"MacBook Air (13-inch, 2025)",Apple Silicon,Core ML,CPU,Image Super-Resolution (SP),"100%
",2951
545594,"MacBook Air (13-inch, 2025)",Apple Silicon,Core ML,CPU,Image Super-Resolution (HP),"100%
",3929
545594,"MacBook Air (13-inch, 2025)",Apple Silicon,Core ML,CPU,Image Super-Resolution (Q),"99%
",2728
545594,"MacBook Air (13-inch, 2025)",Apple Silicon,Core ML,CPU,Text Classification (SP),"99%
",3626
545594,"MacBook Air (13-inch, 2025)",Apple Silicon,Core ML,CPU,Text Classification (HP),"99%
",5710
545594,"MacBook Air (13-inch, 2025)",Apple Silicon,Core ML,CPU,Text Classification (Q),"93%
",5676
545594,"MacBook Air (13-inch, 2025)",Apple Silicon,Core ML,CPU,Machine Translation (SP),"100%
",2639
545594,"MacBook Air (13-inch, 2025)",Apple Silicon,Core ML,CPU,Machine Translation (HP),"98%
",4584
545594,"MacBook Air (13-inch, 2025)",Apple Silicon,Core ML,CPU,Machine Translation (Q),"98%
",4612
545595,MacBook Pro（14 英寸，M5）,Apple Silicon,Core ML,CPU,Image Classification (SP),"100%
",2277
545595,MacBook Pro（14 英寸，M5）,Apple Silicon,Core ML,CPU,Image Classification (HP),"100%
",3798
545595,MacBook Pro（14 英寸，M5）,Apple Silicon,Core ML,CPU,Image Classification (Q),"94%
",2299
545595,MacBook Pro（14 英寸，M5）,Apple Silicon,Core ML,CPU,Image Segmentation (SP),"100%
",2443
545595,MacBook Pro（14 英寸，M5）,Apple Silicon,Core ML,CPU,Image Segmentation (HP),"100%
",3022
545595,MacBook Pro（14 英寸，M5）,Apple Silicon,Core ML,CPU,Image Segmentation (Q),"99%
",3973
545595,MacBook Pro（14 英寸，M5）,Apple Silicon,Core ML,CPU,Pose Estimation (SP),"100%
",9737
545595,MacBook Pro（14 英寸，M5）,Apple Silicon,Core ML,CPU,Pose Estimation (HP),"100%
",19308
545595,MacBook Pro（14 英寸，M5）,Apple Silicon,Core ML,CPU,Pose Estimation (Q),"96%
",16531
545595,MacBook Pro（14 英寸，M5）,Apple Silicon,Core ML,CPU,Object Detection (SP),"100%
",2738
545595,MacBook Pro（14 英寸，M5）,Apple Silicon,Core ML,CPU,Object Detection (HP),"98%
",4011
545595,MacBook Pro（14 英寸，M5）,Apple Silicon,Core ML,CPU,Object Detection (Q),"88%
",2652
545595,MacBook Pro（14 英寸，M5）,Apple Silicon,Core ML,CPU,Face Detection (SP),"100%
",5120
545595,MacBook Pro（14 英寸，M5）,Apple Silicon,Core ML,CPU,Face Detection (HP),"100%
",9105
545595,MacBook Pro（14 英寸，M5）,Apple Silicon,Core ML,CPU,Face Detection (Q),"100%
",5045
545595,MacBook Pro（14 英寸，M5）,Apple Silicon,Core ML,CPU,Depth Estimation (SP),"100%
",8833
545595,MacBook Pro（14 英寸，M5）,Apple Silicon,Core ML,CPU,Depth Estimation (HP),"98%
",11359
545595,MacBook Pro（14 英寸，M5）,Apple Silicon,Core ML,CPU,Depth Estimation (Q),"85%
",7930
545595,MacBook Pro（14 英寸，M5）,Apple Silicon,Core ML,CPU,Style Transfer (SP),"100%
",25324
545595,MacBook Pro（14 英寸，M5）,Apple Silicon,Core ML,CPU,Style Transfer (HP),"100%
",46223
545595,MacBook Pro（14 英寸，M5）,Apple Silicon,Core ML,CPU,Style Transfer (Q),"96%
",36975
545595,MacBook Pro（14 英寸，M5）,Apple Silicon,Core ML,CPU,Image Super-Resolution (SP),"100%
",5816
545595,MacBook Pro（14 英寸，M5）,Apple Silicon,Core ML,CPU,Image Super-Resolution (HP),"100%
",10629
545595,MacBook Pro（14 英寸，M5）,Apple Silicon,Core ML,CPU,Image Super-Resolution (Q),"99%
",6262
545595,MacBook Pro（14 英寸，M5）,Apple Silicon,Core ML,CPU,Text Classification (SP),"100%
",5991
545595,MacBook Pro（14 英寸，M5）,Apple Silicon,Core ML,CPU,Text Classification (HP),"99%
",9998
545595,MacBook Pro（14 英寸，M5）,Apple Silicon,Core ML,CPU,Text Classification (Q),"92%
",9928
545595,MacBook Pro（14 英寸，M5）,Apple Silicon,Core ML,CPU,Machine Translation (SP),"100%
",5099
545595,MacBook Pro（14 英寸，M5）,Apple Silicon,Core ML,CPU,Machine Translation (HP),"100%
",8431
545595,MacBook Pro（14 英寸，M5）,Apple Silicon,Core ML,CPU,Machine Translation (Q),"98%
",8426
545596,"MacBook Air (13-inch, 2025)",Apple Silicon,Core ML,CPU,Image Classification (SP),"100%
",2040
545596,"MacBook Air (13-inch, 2025)",Apple Silicon,Core ML,CPU,Image Classification (HP),"100%
",3420
545596,"MacBook Air (13-inch, 2025)",Apple Silicon,Core ML,CPU,Image Classification (Q),"96%
",2348
545596,"MacBook Air (13-inch, 2025)",Apple Silicon,Core ML,CPU,Image Segmentation (SP),"100%
",2161
545596,"MacBook Air (13-inch, 2025)",Apple Silicon,Core ML,CPU,Image Segmentation (HP),"100%
",3192
545596,"MacBook Air (13-inch, 2025)",Apple Silicon,Core ML,CPU,Image Segmentation (Q),"99%
",3555
545596,"MacBook Air (13-inch, 2025)",Apple Silicon,Core ML,CPU,Pose Estimation (SP),"100%
",8875
545596,"MacBook Air (13-inch, 2025)",Apple Silicon,Core ML,CPU,Pose Estimation (HP),"100%
",19415
545596,"MacBook Air (13-inch, 2025)",Apple Silicon,Core ML,CPU,Pose Estimation (Q),"95%
",16602
545596,"MacBook Air (13-inch, 2025)",Apple Silicon,Core ML,CPU,Object Detection (SP),"100%
",2453
545596,"MacBook Air (13-inch, 2025)",Apple Silicon,Core ML,CPU,Object Detection (HP),"97%
",3783
545596,"MacBook Air (13-inch, 2025)",Apple Silicon,Core ML,CPU,Object Detection (Q),"94%
",2699
545596,"MacBook Air (13-inch, 2025)",Apple Silicon,Core ML,CPU,Face Detection (SP),"100%
",4489
545596,"MacBook Air (13-inch, 2025)",Apple Silicon,Core ML,CPU,Face Detection (HP),"100%
",7709
545596,"MacBook Air (13-inch, 2025)",Apple Silicon,Core ML,CPU,Face Detection (Q),"100%
",4457
545596,"MacBook Air (13-inch, 2025)",Apple Silicon,Core ML,CPU,Depth Estimation (SP),"100%
",8148
545596,"MacBook Air (13-inch, 2025)",Apple Silicon,Core ML,CPU,Depth Estimation (HP),"97%
",14049
545596,"MacBook Air (13-inch, 2025)",Apple Silicon,Core ML,CPU,Depth Estimation (Q),"86%
",9913
545596,"MacBook Air (13-inch, 2025)",Apple Silicon,Core ML,CPU,Style Transfer (SP),"100%
",23012
545596,"MacBook Air (13-inch, 2025)",Apple Silicon,Core ML,CPU,Style Transfer (HP),"100%
",39413
545596,"MacBook Air (13-inch, 2025)",Apple Silicon,Core ML,CPU,Style Transfer (Q),"96%
",32300
545596,"MacBook Air (13-inch, 2025)",Apple Silicon,Core ML,CPU,Image Super-Resolution (SP),"100%
",5330
545596,"MacBook Air (13-inch, 2025)",Apple Silicon,Core ML,CPU,Image Super-Resolution (HP),"100%
",7194
545596,"MacBook Air (13-inch, 2025)",Apple Silicon,Core ML,CPU,Image Super-Resolution (Q),"99%
",4999
545596,"MacBook Air (13-inch, 2025)",Apple Silicon,Core ML,CPU,Text Classification (SP),"99%
",6583
545596,"MacBook Air (13-inch, 2025)",Apple Silicon,Core ML,CPU,Text Classification (HP),"99%
",10136
545596,"MacBook Air (13-inch, 2025)",Apple Silicon,Core ML,CPU,Text Classification (Q),"93%
",10115
545596,"MacBook Air (13-inch, 2025)",Apple Silicon,Core ML,CPU,Machine Translation (SP),"100%
",4464
545596,"MacBook Air (13-inch, 2025)",Apple Silicon,Core ML,CPU,Machine Translation (HP),"98%
",7581
545596,"MacBook Air (13-inch, 2025)",Apple Silicon,Core ML,CPU,Machine Translation (Q),"98%
",7636
545597,MacBook Pro（14 英寸，M5）,Apple Silicon,Core ML,GPU,Image Classification (SP),"100%
",6328
545597,MacBook Pro（14 英寸，M5）,Apple Silicon,Core ML,GPU,Image Classification (HP),"100%
",11230
545597,MacBook Pro（14 英寸，M5）,Apple Silicon,Core ML,GPU,Image Classification (Q),"99%
",11264
545597,MacBook Pro（14 英寸，M5）,Apple Silicon,Core ML,GPU,Image Segmentation (SP),"100%
",10231
545597,MacBook Pro（14 英寸，M5）,Apple Silicon,Core ML,GPU,Image Segmentation (HP),"100%
",17214
545597,MacBook Pro（14 英寸，M5）,Apple Silicon,Core ML,GPU,Image Segmentation (Q),"99%
",17170
545597,MacBook Pro（14 英寸，M5）,Apple Silicon,Core ML,GPU,Pose Estimation (SP),"100%
",39570
545597,MacBook Pro（14 英寸，M5）,Apple Silicon,Core ML,GPU,Pose Estimation (HP),"100%
",103300
545597,MacBook Pro（14 英寸，M5）,Apple Silicon,Core ML,GPU,Pose Estimation (Q),"95%
",131028
545597,MacBook Pro（14 英寸，M5）,Apple Silicon,Core ML,GPU,Object Detection (SP),"100%
",6507
545597,MacBook Pro（14 英寸，M5）,Apple Silicon,Core ML,GPU,Object Detection (HP),"100%
",12106
545597,MacBook Pro（14 英寸，M5）,Apple Silicon,Core ML,GPU,Object Detection (Q),"94%
",11955
545597,MacBook Pro（14 英寸，M5）,Apple Silicon,Core ML,GPU,Face Detection (SP),"100%
",18978
545597,MacBook Pro（14 英寸，M5）,Apple Silicon,Core ML,GPU,Face Detection (HP),"100%
",37109
545597,MacBook Pro（14 英寸，M5）,Apple Silicon,Core ML,GPU,Face Detection (Q),"100%
",34627
545597,MacBook Pro（14 英寸，M5）,Apple Silicon,Core ML,GPU,Depth Estimation (SP),"100%
",28810
545597,MacBook Pro（14 英寸，M5）,Apple Silicon,Core ML,GPU,Depth Estimation (HP),"99%
",56969
545597,MacBook Pro（14 英寸，M5）,Apple Silicon,Core ML,GPU,Depth Estimation (Q),"86%
",57419
545597,MacBook Pro（14 英寸，M5）,Apple Silicon,Core ML,GPU,Style Transfer (SP),"100%
",81557
545597,MacBook Pro（14 英寸，M5）,Apple Silicon,Core ML,GPU,Style Transfer (HP),"100%
",189982
545597,MacBook Pro（14 英寸，M5）,Apple Silicon,Core ML,GPU,Style Transfer (Q),"96%
",225307
545597,MacBook Pro（14 英寸，M5）,Apple Silicon,Core ML,GPU,Image Super-Resolution (SP),"100%
",16352
545597,MacBook Pro（14 英寸，M5）,Apple Silicon,Core ML,GPU,Image Super-Resolution (HP),"100%
",33867
545597,MacBook Pro（14 英寸，M5）,Apple Silicon,Core ML,GPU,Image Super-Resolution (Q),"99%
",31205
545597,MacBook Pro（14 英寸，M5）,Apple Silicon,Core ML,GPU,Text Classification (SP),"100%
",6003
545597,MacBook Pro（14 英寸，M5）,Apple Silicon,Core ML,GPU,Text Classification (HP),"100%
",10169
545597,MacBook Pro（14 英寸，M5）,Apple Silicon,Core ML,GPU,Text Classification (Q),"93%
",10082
545597,MacBook Pro（14 英寸，M5）,Apple Silicon,Core ML,GPU,Machine Translation (SP),"100%
",7038
545597,MacBook Pro（14 英寸，M5）,Apple Silicon,Core ML,GPU,Machine Translation (HP),"100%
",8394
545597,MacBook Pro（14 英寸，M5）,Apple Silicon,Core ML,GPU,Machine Translation (Q),"98%
",7656
545598,MacBook Pro（14 英寸，M5）,Apple Silicon,Core ML,Neural Engine,Image Classification (SP),"100%
",2322
545598,MacBook Pro（14 英寸，M5）,Apple Silicon,Core ML,Neural Engine,Image Classification (HP),"100%
",18793
545598,MacBook Pro（14 英寸，M5）,Apple Silicon,Core ML,Neural Engine,Image Classification (Q),"97%
",26536
545598,MacBook Pro（14 英寸，M5）,Apple Silicon,Core ML,Neural Engine,Image Segmentation (SP),"100%
",2443
545598,MacBook Pro（14 英寸，M5）,Apple Silicon,Core ML,Neural Engine,Image Segmentation (HP),"100%
",24238
545598,MacBook Pro（14 英寸，M5）,Apple Silicon,Core ML,Neural Engine,Image Segmentation (Q),"99%
",35101
545598,MacBook Pro（14 英寸，M5）,Apple Silicon,Core ML,Neural Engine,Pose Estimation (SP),"100%
",9900
545598,MacBook Pro（14 英寸，M5）,Apple Silicon,Core ML,Neural Engine,Pose Estimation (HP),"100%
",178516
545598,MacBook Pro（14 英寸，M5）,Apple Silicon,Core ML,Neural Engine,Pose Estimation (Q),"95%
",332738
545598,MacBook Pro（14 英寸，M5）,Apple Silicon,Core ML,Neural Engine,Object Detection (SP),"100%
",2714
545598,MacBook Pro（14 英寸，M5）,Apple Silicon,Core ML,Neural Engine,Object Detection (HP),"100%
",19281
545598,MacBook Pro（14 英寸，M5）,Apple Silicon,Core ML,Neural Engine,Object Detection (Q),"89%
",28460
545598,MacBook Pro（14 英寸，M5）,Apple Silicon,Core ML,Neural Engine,Face Detection (SP),"100%
",5099
545598,MacBook Pro（14 英寸，M5）,Apple Silicon,Core ML,Neural Engine,Face Detection (HP),"100%
",49140
545598,MacBook Pro（14 英寸，M5）,Apple Silicon,Core ML,Neural Engine,Face Detection (Q),"100%
",76444
545598,MacBook Pro（14 英寸，M5）,Apple Silicon,Core ML,Neural Engine,Depth Estimation (SP),"100%
",8815
545598,MacBook Pro（14 英寸，M5）,Apple Silicon,Core ML,Neural Engine,Depth Estimation (HP),"99%
",112407
545598,MacBook Pro（14 英寸，M5）,Apple Silicon,Core ML,Neural Engine,Depth Estimation (Q),"85%
",198152
545598,MacBook Pro（14 英寸，M5）,Apple Silicon,Core ML,Neural Engine,Style Transfer (SP),"100%
",25098
545598,MacBook Pro（14 英寸，M5）,Apple Silicon,Core ML,Neural Engine,Style Transfer (HP),"100%
",274213
545598,MacBook Pro（14 英寸，M5）,Apple Silicon,Core ML,Neural Engine,Style Transfer (Q),"96%
",347778
545598,MacBook Pro（14 英寸，M5）,Apple Silicon,Core ML,Neural Engine,Image Super-Resolution (SP),"100%
",5828
545598,MacBook Pro（14 英寸，M5）,Apple Silicon,Core ML,Neural Engine,Image Super-Resolution (HP),"100%
",66959
545598,MacBook Pro（14 英寸，M5）,Apple Silicon,Core ML,Neural Engine,Image Super-Resolution (Q),"99%
",101286
545598,MacBook Pro（14 英寸，M5）,Apple Silicon,Core ML,Neural Engine,Text Classification (SP),"100%
",5988
545598,MacBook Pro（14 英寸，M5）,Apple Silicon,Core ML,Neural Engine,Text Classification (HP),"100%
",7263
545598,MacBook Pro（14 英寸，M5）,Apple Silicon,Core ML,Neural Engine,Text Classification (Q),"93%
",7440
545598,MacBook Pro（14 英寸，M5）,Apple Silicon,Core ML,Neural Engine,Machine Translation (SP),"100%
",4987
545598,MacBook Pro（14 英寸，M5）,Apple Silicon,Core ML,Neural Engine,Machine Translation (HP),"100%
",18002
545598,MacBook Pro（14 英寸，M5）,Apple Silicon,Core ML,Neural Engine,Machine Translation (Q),"98%
",18958
545599,"MacBook Air (13-inch, 2025)",Apple Silicon,Core ML,GPU,Image Classification (SP),"100%
",4747
545599,"MacBook Air (13-inch, 2025)",Apple Silicon,Core ML,GPU,Image Classification (HP),"100%
",5058
545599,"MacBook Air (13-inch, 2025)",Apple Silicon,Core ML,GPU,Image Classification (Q),"96%
",4796
545599,"MacBook Air (13-inch, 2025)",Apple Silicon,Core ML,GPU,Image Segmentation (SP),"100%
",7075
545599,"MacBook Air (13-inch, 2025)",Apple Silicon,Core ML,GPU,Image Segmentation (HP),"100%
",7972
545599,"MacBook Air (13-inch, 2025)",Apple Silicon,Core ML,GPU,Image Segmentation (Q),"99%
",7649
545599,"MacBook Air (13-inch, 2025)",Apple Silicon,Core ML,GPU,Pose Estimation (SP),"100%
",27141
545599,"MacBook Air (13-inch, 2025)",Apple Silicon,Core ML,GPU,Pose Estimation (HP),"100%
",30986
545599,"MacBook Air (13-inch, 2025)",Apple Silicon,Core ML,GPU,Pose Estimation (Q),"96%
",30129
545599,"MacBook Air (13-inch, 2025)",Apple Silicon,Core ML,GPU,Object Detection (SP),"100%
",4680
545599,"MacBook Air (13-inch, 2025)",Apple Silicon,Core ML,GPU,Object Detection (HP),"100%
",5272
545599,"MacBook Air (13-inch, 2025)",Apple Silicon,Core ML,GPU,Object Detection (Q),"91%
",5123
545599,"MacBook Air (13-inch, 2025)",Apple Silicon,Core ML,GPU,Face Detection (SP),"100%
",12892
545599,"MacBook Air (13-inch, 2025)",Apple Silicon,Core ML,GPU,Face Detection (HP),"100%
",17662
545599,"MacBook Air (13-inch, 2025)",Apple Silicon,Core ML,GPU,Face Detection (Q),"100%
",16247
545599,"MacBook Air (13-inch, 2025)",Apple Silicon,Core ML,GPU,Depth Estimation (SP),"100%
",20100
545599,"MacBook Air (13-inch, 2025)",Apple Silicon,Core ML,GPU,Depth Estimation (HP),"99%
",22398
545599,"MacBook Air (13-inch, 2025)",Apple Silicon,Core ML,GPU,Depth Estimation (Q),"85%
",21135
545599,"MacBook Air (13-inch, 2025)",Apple Silicon,Core ML,GPU,Style Transfer (SP),"100%
",55484
545599,"MacBook Air (13-inch, 2025)",Apple Silicon,Core ML,GPU,Style Transfer (HP),"100%
",67443
545599,"MacBook Air (13-inch, 2025)",Apple Silicon,Core ML,GPU,Style Transfer (Q),"96%
",65189
545599,"MacBook Air (13-inch, 2025)",Apple Silicon,Core ML,GPU,Image Super-Resolution (SP),"100%
",11279
545599,"MacBook Air (13-inch, 2025)",Apple Silicon,Core ML,GPU,Image Super-Resolution (HP),"100%
",11789
545599,"MacBook Air (13-inch, 2025)",Apple Silicon,Core ML,GPU,Image Super-Resolution (Q),"99%
",10285
545599,"MacBook Air (13-inch, 2025)",Apple Silicon,Core ML,GPU,Text Classification (SP),"100%
",6374
545599,"MacBook Air (13-inch, 2025)",Apple Silicon,Core ML,GPU,Text Classification (HP),"99%
",10026
545599,"MacBook Air (13-inch, 2025)",Apple Silicon,Core ML,GPU,Text Classification (Q),"93%
",10081
545599,"MacBook Air (13-inch, 2025)",Apple Silicon,Core ML,GPU,Machine Translation (SP),"100%
",5390
545599,"MacBook Air (13-inch, 2025)",Apple Silicon,Core ML,GPU,Machine Translation (HP),"100%
",5888
545599,"MacBook Air (13-inch, 2025)",Apple Silicon,Core ML,GPU,Machine Translation (Q),"98%
",2790
545601,"MacBook Air (13-inch, 2025)",Apple Silicon,Core ML,Neural Engine,Image Classification (SP),"100%
",2085
545601,"MacBook Air (13-inch, 2025)",Apple Silicon,Core ML,Neural Engine,Image Classification (HP),"100%
",16959
545601,"MacBook Air (13-inch, 2025)",Apple Silicon,Core ML,Neural Engine,Image Classification (Q),"97%
",24739
545601,"MacBook Air (13-inch, 2025)",Apple Silicon,Core ML,Neural Engine,Image Segmentation (SP),"100%
",2159
545601,"MacBook Air (13-inch, 2025)",Apple Silicon,Core ML,Neural Engine,Image Segmentation (HP),"100%
",22229
545601,"MacBook Air (13-inch, 2025)",Apple Silicon,Core ML,Neural Engine,Image Segmentation (Q),"99%
",31378
545601,"MacBook Air (13-inch, 2025)",Apple Silicon,Core ML,Neural Engine,Pose Estimation (SP),"100%
",8864
545601,"MacBook Air (13-inch, 2025)",Apple Silicon,Core ML,Neural Engine,Pose Estimation (HP),"100%
",122557
545601,"MacBook Air (13-inch, 2025)",Apple Silicon,Core ML,Neural Engine,Pose Estimation (Q),"95%
",232341
545601,"MacBook Air (13-inch, 2025)",Apple Silicon,Core ML,Neural Engine,Object Detection (SP),"100%
",2464
545601,"MacBook Air (13-inch, 2025)",Apple Silicon,Core ML,Neural Engine,Object Detection (HP),"100%
",18019
545601,"MacBook Air (13-inch, 2025)",Apple Silicon,Core ML,Neural Engine,Object Detection (Q),"89%
",26450
545601,"MacBook Air (13-inch, 2025)",Apple Silicon,Core ML,Neural Engine,Face Detection (SP),"100%
",4498
545601,"MacBook Air (13-inch, 2025)",Apple Silicon,Core ML,Neural Engine,Face Detection (HP),"100%
",43096
545601,"MacBook Air (13-inch, 2025)",Apple Silicon,Core ML,Neural Engine,Face Detection (Q),"100%
",66433
545601,"MacBook Air (13-inch, 2025)",Apple Silicon,Core ML,Neural Engine,Depth Estimation (SP),"100%
",8161
545601,"MacBook Air (13-inch, 2025)",Apple Silicon,Core ML,Neural Engine,Depth Estimation (HP),"99%
",99365
545601,"MacBook Air (13-inch, 2025)",Apple Silicon,Core ML,Neural Engine,Depth Estimation (Q),"85%
",168848
545601,"MacBook Air (13-inch, 2025)",Apple Silicon,Core ML,Neural Engine,Style Transfer (SP),"100%
",23014
545601,"MacBook Air (13-inch, 2025)",Apple Silicon,Core ML,Neural Engine,Style Transfer (HP),"100%
",233004
545601,"MacBook Air (13-inch, 2025)",Apple Silicon,Core ML,Neural Engine,Style Transfer (Q),"96%
",290973
545601,"MacBook Air (13-inch, 2025)",Apple Silicon,Core ML,Neural Engine,Image Super-Resolution (SP),"100%
",5305
545601,"MacBook Air (13-inch, 2025)",Apple Silicon,Core ML,Neural Engine,Image Super-Resolution (HP),"100%
",50798
545601,"MacBook Air (13-inch, 2025)",Apple Silicon,Core ML,Neural Engine,Image Super-Resolution (Q),"99%
",83048
545601,"MacBook Air (13-inch, 2025)",Apple Silicon,Core ML,Neural Engine,Text Classification (SP),"99%
",6102
545601,"MacBook Air (13-inch, 2025)",Apple Silicon,Core ML,Neural Engine,Text Classification (HP),"100%
",9914
545601,"MacBook Air (13-inch, 2025)",Apple Silicon,Core ML,Neural Engine,Text Classification (Q),"93%
",9779
545601,"MacBook Air (13-inch, 2025)",Apple Silicon,Core ML,Neural Engine,Machine Translation (SP),"100%
",4443
545601,"MacBook Air (13-inch, 2025)",Apple Silicon,Core ML,Neural Engine,Machine Translation (HP),"100%
",16508
545601,"MacBook Air (13-inch, 2025)",Apple Silicon,Core ML,Neural Engine,Machine Translation (Q),"98%
",18212
545609,Mac Pro（2019 年）,Intel,Core ML,CPU,Image Classification (SP),"100%
",947
545609,Mac Pro（2019 年）,Intel,Core ML,CPU,Image Classification (HP),"100%
",636
545609,Mac Pro（2019 年）,Intel,Core ML,CPU,Image Classification (Q),"96%
",295
545609,Mac Pro（2019 年）,Intel,Core ML,CPU,Image Segmentation (SP),"100%
",1227
545609,Mac Pro（2019 年）,Intel,Core ML,CPU,Image Segmentation (HP),"100%
",791
545609,Mac Pro（2019 年）,Intel,Core ML,CPU,Image Segmentation (Q),"99%
",474
545609,Mac Pro（2019 年）,Intel,Core ML,CPU,Pose Estimation (SP),"100%
",5371
545609,Mac Pro（2019 年）,Intel,Core ML,CPU,Pose Estimation (HP),"100%
",2625
545609,Mac Pro（2019 年）,Intel,Core ML,CPU,Pose Estimation (Q),"96%
",2080
545609,Mac Pro（2019 年）,Intel,Core ML,CPU,Object Detection (SP),"100%
",981
545609,Mac Pro（2019 年）,Intel,Core ML,CPU,Object Detection (HP),"100%
",718
545609,Mac Pro（2019 年）,Intel,Core ML,CPU,Object Detection (Q),"92%
",358
545609,Mac Pro（2019 年）,Intel,Core ML,CPU,Face Detection (SP),"100%
",1907
545609,Mac Pro（2019 年）,Intel,Core ML,CPU,Face Detection (HP),"100%
",1476
545609,Mac Pro（2019 年）,Intel,Core ML,CPU,Face Detection (Q),"100%
",537
545609,Mac Pro（2019 年）,Intel,Core ML,CPU,Depth Estimation (SP),"100%
",2676
545609,Mac Pro（2019 年）,Intel,Core ML,CPU,Depth Estimation (HP),"99%
",2533
545609,Mac Pro（2019 年）,Intel,Core ML,CPU,Depth Estimation (Q),"85%
",1328
545609,Mac Pro（2019 年）,Intel,Core ML,CPU,Style Transfer (SP),"100%
",7034
545609,Mac Pro（2019 年）,Intel,Core ML,CPU,Style Transfer (HP),"100%
",8238
545609,Mac Pro（2019 年）,Intel,Core ML,CPU,Style Transfer (Q),"96%
",5225
545609,Mac Pro（2019 年）,Intel,Core ML,CPU,Image Super-Resolution (SP),"100%
",3018
545609,Mac Pro（2019 年）,Intel,Core ML,CPU,Image Super-Resolution (HP),"100%
",1424
545609,Mac Pro（2019 年）,Intel,Core ML,CPU,Image Super-Resolution (Q),"99%
",722
545609,Mac Pro（2019 年）,Intel,Core ML,CPU,Text Classification (SP),"99%
",1751
545609,Mac Pro（2019 年）,Intel,Core ML,CPU,Text Classification (HP),"99%
",715
545609,Mac Pro（2019 年）,Intel,Core ML,CPU,Text Classification (Q),"93%
",697
545609,Mac Pro（2019 年）,Intel,Core ML,CPU,Machine Translation (SP),"100%
",1137
545609,Mac Pro（2019 年）,Intel,Core ML,CPU,Machine Translation (HP),"100%
",1061
545609,Mac Pro（2019 年）,Intel,Core ML,CPU,Machine Translation (Q),"98%
",1057
545379,MacBook Pro (15-inch Late 2016),Intel,Core ML,CPU,Image Classification (SP),"100%
",273
545379,MacBook Pro (15-inch Late 2016),Intel,Core ML,CPU,Image Classification (HP),"
",0
545379,MacBook Pro (15-inch Late 2016),Intel,Core ML,CPU,Image Classification (Q),"
",0
545379,MacBook Pro (15-inch Late 2016),Intel,Core ML,CPU,Image Segmentation (SP),"100%
",293
545379,MacBook Pro (15-inch Late 2016),Intel,Core ML,CPU,Image Segmentation (HP),"
",0
545379,MacBook Pro (15-inch Late 2016),Intel,Core ML,CPU,Image Segmentation (Q),"
",0
545379,MacBook Pro (15-inch Late 2016),Intel,Core ML,CPU,Pose Estimation (SP),"100%
",1886
545379,MacBook Pro (15-inch Late 2016),Intel,Core ML,CPU,Pose Estimation (HP),"100%
",458
545379,MacBook Pro (15-inch Late 2016),Intel,Core ML,CPU,Pose Estimation (Q),"96%
",398
545379,MacBook Pro (15-inch Late 2016),Intel,Core ML,CPU,Object Detection (SP),"100%
",276
545379,MacBook Pro (15-inch Late 2016),Intel,Core ML,CPU,Object Detection (HP),"
",0
545379,MacBook Pro (15-inch Late 2016),Intel,Core ML,CPU,Object Detection (Q),"
",0
545379,MacBook Pro (15-inch Late 2016),Intel,Core ML,CPU,Face Detection (SP),"100%
",657
545379,MacBook Pro (15-inch Late 2016),Intel,Core ML,CPU,Face Detection (HP),"100%
",501
545379,MacBook Pro (15-inch Late 2016),Intel,Core ML,CPU,Face Detection (Q),"100%
",236
545379,MacBook Pro (15-inch Late 2016),Intel,Core ML,CPU,Depth Estimation (SP),"100%
",915
545379,MacBook Pro (15-inch Late 2016),Intel,Core ML,CPU,Depth Estimation (HP),"99%
",668
545379,MacBook Pro (15-inch Late 2016),Intel,Core ML,CPU,Depth Estimation (Q),"85%
",459
545379,MacBook Pro (15-inch Late 2016),Intel,Core ML,CPU,Style Transfer (SP),"100%
",2504
545379,MacBook Pro (15-inch Late 2016),Intel,Core ML,CPU,Style Transfer (HP),"100%
",1583
545379,MacBook Pro (15-inch Late 2016),Intel,Core ML,CPU,Style Transfer (Q),"96%
",1339
545379,MacBook Pro (15-inch Late 2016),Intel,Core ML,CPU,Image Super-Resolution (SP),"100%
",1058
545379,MacBook Pro (15-inch Late 2016),Intel,Core ML,CPU,Image Super-Resolution (HP),"100%
",345
545379,MacBook Pro (15-inch Late 2016),Intel,Core ML,CPU,Image Super-Resolution (Q),"99%
",242
545379,MacBook Pro (15-inch Late 2016),Intel,Core ML,CPU,Text Classification (SP),"100%
",371
545379,MacBook Pro (15-inch Late 2016),Intel,Core ML,CPU,Text Classification (HP),"100%
",365
545379,MacBook Pro (15-inch Late 2016),Intel,Core ML,CPU,Text Classification (Q),"93%
",361
545379,MacBook Pro (15-inch Late 2016),Intel,Core ML,CPU,Machine Translation (SP),"100%
",262
545379,MacBook Pro (15-inch Late 2016),Intel,Core ML,CPU,Machine Translation (HP),"100%
",394
545379,MacBook Pro (15-inch Late 2016),Intel,Core ML,CPU,Machine Translation (Q),"98%
",390
545681,MacBook Air（15 英寸，M5，2026 年）,Apple Silicon,Core ML,CPU,Image Classification (SP),"100%
",2271
545681,MacBook Air（15 英寸，M5，2026 年）,Apple Silicon,Core ML,CPU,Image Classification (HP),"100%
",3771
545681,MacBook Air（15 英寸，M5，2026 年）,Apple Silicon,Core ML,CPU,Image Classification (Q),"94%
",2157
545681,MacBook Air（15 英寸，M5，2026 年）,Apple Silicon,Core ML,CPU,Image Segmentation (SP),"100%
",2189
545681,MacBook Air（15 英寸，M5，2026 年）,Apple Silicon,Core ML,CPU,Image Segmentation (HP),"100%
",2783
545681,MacBook Air（15 英寸，M5，2026 年）,Apple Silicon,Core ML,CPU,Image Segmentation (Q),"99%
",3602
545681,MacBook Air（15 英寸，M5，2026 年）,Apple Silicon,Core ML,CPU,Pose Estimation (SP),"100%
",9967
545681,MacBook Air（15 英寸，M5，2026 年）,Apple Silicon,Core ML,CPU,Pose Estimation (HP),"100%
",19396
545681,MacBook Air（15 英寸，M5，2026 年）,Apple Silicon,Core ML,CPU,Pose Estimation (Q),"96%
",16682
545681,MacBook Air（15 英寸，M5，2026 年）,Apple Silicon,Core ML,CPU,Object Detection (SP),"100%
",2742
545681,MacBook Air（15 英寸，M5，2026 年）,Apple Silicon,Core ML,CPU,Object Detection (HP),"98%
",4040
545681,MacBook Air（15 英寸，M5，2026 年）,Apple Silicon,Core ML,CPU,Object Detection (Q),"88%
",2625
545681,MacBook Air（15 英寸，M5，2026 年）,Apple Silicon,Core ML,CPU,Face Detection (SP),"100%
",5136
545681,MacBook Air（15 英寸，M5，2026 年）,Apple Silicon,Core ML,CPU,Face Detection (HP),"100%
",9220
545681,MacBook Air（15 英寸，M5，2026 年）,Apple Silicon,Core ML,CPU,Face Detection (Q),"100%
",5013
545681,MacBook Air（15 英寸，M5，2026 年）,Apple Silicon,Core ML,CPU,Depth Estimation (SP),"100%
",8806
545681,MacBook Air（15 英寸，M5，2026 年）,Apple Silicon,Core ML,CPU,Depth Estimation (HP),"98%
",11480
545681,MacBook Air（15 英寸，M5，2026 年）,Apple Silicon,Core ML,CPU,Depth Estimation (Q),"85%
",7843
545681,MacBook Air（15 英寸，M5，2026 年）,Apple Silicon,Core ML,CPU,Style Transfer (SP),"100%
",25294
545681,MacBook Air（15 英寸，M5，2026 年）,Apple Silicon,Core ML,CPU,Style Transfer (HP),"100%
",46205
545681,MacBook Air（15 英寸，M5，2026 年）,Apple Silicon,Core ML,CPU,Style Transfer (Q),"96%
",36995
545681,MacBook Air（15 英寸，M5，2026 年）,Apple Silicon,Core ML,CPU,Image Super-Resolution (SP),"100%
",5717
545681,MacBook Air（15 英寸，M5，2026 年）,Apple Silicon,Core ML,CPU,Image Super-Resolution (HP),"100%
",10094
545681,MacBook Air（15 英寸，M5，2026 年）,Apple Silicon,Core ML,CPU,Image Super-Resolution (Q),"99%
",6145
545681,MacBook Air（15 英寸，M5，2026 年）,Apple Silicon,Core ML,CPU,Text Classification (SP),"99%
",6025
545681,MacBook Air（15 英寸，M5，2026 年）,Apple Silicon,Core ML,CPU,Text Classification (HP),"99%
",10483
545681,MacBook Air（15 英寸，M5，2026 年）,Apple Silicon,Core ML,CPU,Text Classification (Q),"92%
",9774
545681,MacBook Air（15 英寸，M5，2026 年）,Apple Silicon,Core ML,CPU,Machine Translation (SP),"100%
",5135
545681,MacBook Air（15 英寸，M5，2026 年）,Apple Silicon,Core ML,CPU,Machine Translation (HP),"100%
",8354
545681,MacBook Air（15 英寸，M5，2026 年）,Apple Silicon,Core ML,CPU,Machine Translation (Q),"98%
",8341
545682,MacBook Air（15 英寸，M5，2026 年）,Apple Silicon,Core ML,GPU,Image Classification (SP),"100%
",6027
545682,MacBook Air（15 英寸，M5，2026 年）,Apple Silicon,Core ML,GPU,Image Classification (HP),"100%
",10325
545682,MacBook Air（15 英寸，M5，2026 年）,Apple Silicon,Core ML,GPU,Image Classification (Q),"99%
",10578
545682,MacBook Air（15 英寸，M5，2026 年）,Apple Silicon,Core ML,GPU,Image Segmentation (SP),"100%
",9972
545682,MacBook Air（15 英寸，M5，2026 年）,Apple Silicon,Core ML,GPU,Image Segmentation (HP),"100%
",15580
545682,MacBook Air（15 英寸，M5，2026 年）,Apple Silicon,Core ML,GPU,Image Segmentation (Q),"99%
",16570
545682,MacBook Air（15 英寸，M5，2026 年）,Apple Silicon,Core ML,GPU,Pose Estimation (SP),"100%
",37722
545682,MacBook Air（15 英寸，M5，2026 年）,Apple Silicon,Core ML,GPU,Pose Estimation (HP),"100%
",90441
545682,MacBook Air（15 英寸，M5，2026 年）,Apple Silicon,Core ML,GPU,Pose Estimation (Q),"95%
",119158
545682,MacBook Air（15 英寸，M5，2026 年）,Apple Silicon,Core ML,GPU,Object Detection (SP),"100%
",6341
545682,MacBook Air（15 英寸，M5，2026 年）,Apple Silicon,Core ML,GPU,Object Detection (HP),"100%
",11222
545682,MacBook Air（15 英寸，M5，2026 年）,Apple Silicon,Core ML,GPU,Object Detection (Q),"94%
",11878
545682,MacBook Air（15 英寸，M5，2026 年）,Apple Silicon,Core ML,GPU,Face Detection (SP),"100%
",18875
545682,MacBook Air（15 英寸，M5，2026 年）,Apple Silicon,Core ML,GPU,Face Detection (HP),"100%
",35145
545682,MacBook Air（15 英寸，M5，2026 年）,Apple Silicon,Core ML,GPU,Face Detection (Q),"100%
",33741
545682,MacBook Air（15 英寸，M5，2026 年）,Apple Silicon,Core ML,GPU,Depth Estimation (SP),"100%
",27712
545682,MacBook Air（15 英寸，M5，2026 年）,Apple Silicon,Core ML,GPU,Depth Estimation (HP),"99%
",51925
545682,MacBook Air（15 英寸，M5，2026 年）,Apple Silicon,Core ML,GPU,Depth Estimation (Q),"86%
",56105
545682,MacBook Air（15 英寸，M5，2026 年）,Apple Silicon,Core ML,GPU,Style Transfer (SP),"100%
",78515
545682,MacBook Air（15 英寸，M5，2026 年）,Apple Silicon,Core ML,GPU,Style Transfer (HP),"100%
",164214
545682,MacBook Air（15 英寸，M5，2026 年）,Apple Silicon,Core ML,GPU,Style Transfer (Q),"96%
",209502
545682,MacBook Air（15 英寸，M5，2026 年）,Apple Silicon,Core ML,GPU,Image Super-Resolution (SP),"100%
",15478
545682,MacBook Air（15 英寸，M5，2026 年）,Apple Silicon,Core ML,GPU,Image Super-Resolution (HP),"100%
",30601
545682,MacBook Air（15 英寸，M5，2026 年）,Apple Silicon,Core ML,GPU,Image Super-Resolution (Q),"99%
",29030
545682,MacBook Air（15 英寸，M5，2026 年）,Apple Silicon,Core ML,GPU,Text Classification (SP),"99%
",5973
545682,MacBook Air（15 英寸，M5，2026 年）,Apple Silicon,Core ML,GPU,Text Classification (HP),"100%
",9803
545682,MacBook Air（15 英寸，M5，2026 年）,Apple Silicon,Core ML,GPU,Text Classification (Q),"93%
",9866
545682,MacBook Air（15 英寸，M5，2026 年）,Apple Silicon,Core ML,GPU,Machine Translation (SP),"100%
",6926
545682,MacBook Air（15 英寸，M5，2026 年）,Apple Silicon,Core ML,GPU,Machine Translation (HP),"100%
",8353
545682,MacBook Air（15 英寸，M5，2026 年）,Apple Silicon,Core ML,GPU,Machine Translation (Q),"98%
",7606
545684,MacBook Air（15 英寸，M5，2026 年）,Apple Silicon,Core ML,Neural Engine,Image Classification (SP),"100%
",2285
545684,MacBook Air（15 英寸，M5，2026 年）,Apple Silicon,Core ML,Neural Engine,Image Classification (HP),"100%
",18550
545684,MacBook Air（15 英寸，M5，2026 年）,Apple Silicon,Core ML,Neural Engine,Image Classification (Q),"97%
",26528
545684,MacBook Air（15 英寸，M5，2026 年）,Apple Silicon,Core ML,Neural Engine,Image Segmentation (SP),"100%
",2231
545684,MacBook Air（15 英寸，M5，2026 年）,Apple Silicon,Core ML,Neural Engine,Image Segmentation (HP),"100%
",24132
545684,MacBook Air（15 英寸，M5，2026 年）,Apple Silicon,Core ML,Neural Engine,Image Segmentation (Q),"99%
",34170
545684,MacBook Air（15 英寸，M5，2026 年）,Apple Silicon,Core ML,Neural Engine,Pose Estimation (SP),"100%
",9837
545684,MacBook Air（15 英寸，M5，2026 年）,Apple Silicon,Core ML,Neural Engine,Pose Estimation (HP),"100%
",176654
545684,MacBook Air（15 英寸，M5，2026 年）,Apple Silicon,Core ML,Neural Engine,Pose Estimation (Q),"95%
",334162
545684,MacBook Air（15 英寸，M5，2026 年）,Apple Silicon,Core ML,Neural Engine,Object Detection (SP),"100%
",2709
545684,MacBook Air（15 英寸，M5，2026 年）,Apple Silicon,Core ML,Neural Engine,Object Detection (HP),"100%
",18224
545684,MacBook Air（15 英寸，M5，2026 年）,Apple Silicon,Core ML,Neural Engine,Object Detection (Q),"89%
",27855
545684,MacBook Air（15 英寸，M5，2026 年）,Apple Silicon,Core ML,Neural Engine,Face Detection (SP),"100%
",5091
545684,MacBook Air（15 英寸，M5，2026 年）,Apple Silicon,Core ML,Neural Engine,Face Detection (HP),"100%
",48692
545684,MacBook Air（15 英寸，M5，2026 年）,Apple Silicon,Core ML,Neural Engine,Face Detection (Q),"100%
",74907
545684,MacBook Air（15 英寸，M5，2026 年）,Apple Silicon,Core ML,Neural Engine,Depth Estimation (SP),"100%
",8775
545684,MacBook Air（15 英寸，M5，2026 年）,Apple Silicon,Core ML,Neural Engine,Depth Estimation (HP),"99%
",109598
545684,MacBook Air（15 英寸，M5，2026 年）,Apple Silicon,Core ML,Neural Engine,Depth Estimation (Q),"85%
",184670
545684,MacBook Air（15 英寸，M5，2026 年）,Apple Silicon,Core ML,Neural Engine,Style Transfer (SP),"100%
",25491
545684,MacBook Air（15 英寸，M5，2026 年）,Apple Silicon,Core ML,Neural Engine,Style Transfer (HP),"100%
",271565
545684,MacBook Air（15 英寸，M5，2026 年）,Apple Silicon,Core ML,Neural Engine,Style Transfer (Q),"96%
",345602
545684,MacBook Air（15 英寸，M5，2026 年）,Apple Silicon,Core ML,Neural Engine,Image Super-Resolution (SP),"100%
",5741
545684,MacBook Air（15 英寸，M5，2026 年）,Apple Silicon,Core ML,Neural Engine,Image Super-Resolution (HP),"100%
",63487
545684,MacBook Air（15 英寸，M5，2026 年）,Apple Silicon,Core ML,Neural Engine,Image Super-Resolution (Q),"99%
",100824
545684,MacBook Air（15 英寸，M5，2026 年）,Apple Silicon,Core ML,Neural Engine,Text Classification (SP),"99%
",5955
545684,MacBook Air（15 英寸，M5，2026 年）,Apple Silicon,Core ML,Neural Engine,Text Classification (HP),"100%
",6590
545684,MacBook Air（15 英寸，M5，2026 年）,Apple Silicon,Core ML,Neural Engine,Text Classification (Q),"93%
",6787
545684,MacBook Air（15 英寸，M5，2026 年）,Apple Silicon,Core ML,Neural Engine,Machine Translation (SP),"100%
",5075
545684,MacBook Air（15 英寸，M5，2026 年）,Apple Silicon,Core ML,Neural Engine,Machine Translation (HP),"100%
",18322
545684,MacBook Air（15 英寸，M5，2026 年）,Apple Silicon,Core ML,Neural Engine,Machine Translation (Q),"98%
",18786
545692,"MacBook Pro (14-inch, 2024)",Apple Silicon,Core ML,Neural Engine,Image Classification (SP),"100%
",1477
545692,"MacBook Pro (14-inch, 2024)",Apple Silicon,Core ML,Neural Engine,Image Classification (HP),"100%
",15643
545692,"MacBook Pro (14-inch, 2024)",Apple Silicon,Core ML,Neural Engine,Image Classification (Q),"97%
",20619
545692,"MacBook Pro (14-inch, 2024)",Apple Silicon,Core ML,Neural Engine,Image Segmentation (SP),"100%
",1645
545692,"MacBook Pro (14-inch, 2024)",Apple Silicon,Core ML,Neural Engine,Image Segmentation (HP),"100%
",18584
545692,"MacBook Pro (14-inch, 2024)",Apple Silicon,Core ML,Neural Engine,Image Segmentation (Q),"99%
",27242
545692,"MacBook Pro (14-inch, 2024)",Apple Silicon,Core ML,Neural Engine,Pose Estimation (SP),"100%
",10979
545692,"MacBook Pro (14-inch, 2024)",Apple Silicon,Core ML,Neural Engine,Pose Estimation (HP),"100%
",92631
545692,"MacBook Pro (14-inch, 2024)",Apple Silicon,Core ML,Neural Engine,Pose Estimation (Q),"95%
",178358
545692,"MacBook Pro (14-inch, 2024)",Apple Silicon,Core ML,Neural Engine,Object Detection (SP),"100%
",1904
545692,"MacBook Pro (14-inch, 2024)",Apple Silicon,Core ML,Neural Engine,Object Detection (HP),"100%
",17423
545692,"MacBook Pro (14-inch, 2024)",Apple Silicon,Core ML,Neural Engine,Object Detection (Q),"89%
",21858
545692,"MacBook Pro (14-inch, 2024)",Apple Silicon,Core ML,Neural Engine,Face Detection (SP),"100%
",3492
545692,"MacBook Pro (14-inch, 2024)",Apple Silicon,Core ML,Neural Engine,Face Detection (HP),"100%
",36300
545692,"MacBook Pro (14-inch, 2024)",Apple Silicon,Core ML,Neural Engine,Face Detection (Q),"100%
",57383
545692,"MacBook Pro (14-inch, 2024)",Apple Silicon,Core ML,Neural Engine,Depth Estimation (SP),"100%
",6041
545692,"MacBook Pro (14-inch, 2024)",Apple Silicon,Core ML,Neural Engine,Depth Estimation (HP),"99%
",91407
545692,"MacBook Pro (14-inch, 2024)",Apple Silicon,Core ML,Neural Engine,Depth Estimation (Q),"85%
",149883
545692,"MacBook Pro (14-inch, 2024)",Apple Silicon,Core ML,Neural Engine,Style Transfer (SP),"100%
",19998
545692,"MacBook Pro (14-inch, 2024)",Apple Silicon,Core ML,Neural Engine,Style Transfer (HP),"100%
",189416
545692,"MacBook Pro (14-inch, 2024)",Apple Silicon,Core ML,Neural Engine,Style Transfer (Q),"96%
",239257
545692,"MacBook Pro (14-inch, 2024)",Apple Silicon,Core ML,Neural Engine,Image Super-Resolution (SP),"100%
",3933
545692,"MacBook Pro (14-inch, 2024)",Apple Silicon,Core ML,Neural Engine,Image Super-Resolution (HP),"100%
",40582
545692,"MacBook Pro (14-inch, 2024)",Apple Silicon,Core ML,Neural Engine,Image Super-Resolution (Q),"99%
",68980
545692,"MacBook Pro (14-inch, 2024)",Apple Silicon,Core ML,Neural Engine,Text Classification (SP),"99%
",4271
545692,"MacBook Pro (14-inch, 2024)",Apple Silicon,Core ML,Neural Engine,Text Classification (HP),"100%
",6365
545692,"MacBook Pro (14-inch, 2024)",Apple Silicon,Core ML,Neural Engine,Text Classification (Q),"93%
",6667
545692,"MacBook Pro (14-inch, 2024)",Apple Silicon,Core ML,Neural Engine,Machine Translation (SP),"100%
",3748
545692,"MacBook Pro (14-inch, 2024)",Apple Silicon,Core ML,Neural Engine,Machine Translation (HP),"100%
",14363
545692,"MacBook Pro (14-inch, 2024)",Apple Silicon,Core ML,Neural Engine,Machine Translation (Q),"98%
",14374
545709,MacBook Pro（14 英寸，M5）,Apple Silicon,Core ML,CPU,Image Classification (SP),"100%
",2266
545709,MacBook Pro（14 英寸，M5）,Apple Silicon,Core ML,CPU,Image Classification (HP),"100%
",3427
545709,MacBook Pro（14 英寸，M5）,Apple Silicon,Core ML,CPU,Image Classification (Q),"94%
",2180
545709,MacBook Pro（14 英寸，M5）,Apple Silicon,Core ML,CPU,Image Segmentation (SP),"100%
",2487
545709,MacBook Pro（14 英寸，M5）,Apple Silicon,Core ML,CPU,Image Segmentation (HP),"100%
",3077
545709,MacBook Pro（14 英寸，M5）,Apple Silicon,Core ML,CPU,Image Segmentation (Q),"99%
",3991
545709,MacBook Pro（14 英寸，M5）,Apple Silicon,Core ML,CPU,Pose Estimation (SP),"100%
",9963
545709,MacBook Pro（14 英寸，M5）,Apple Silicon,Core ML,CPU,Pose Estimation (HP),"100%
",19362
545709,MacBook Pro（14 英寸，M5）,Apple Silicon,Core ML,CPU,Pose Estimation (Q),"96%
",16712
545709,MacBook Pro（14 英寸，M5）,Apple Silicon,Core ML,CPU,Object Detection (SP),"100%
",2766
545709,MacBook Pro（14 英寸，M5）,Apple Silicon,Core ML,CPU,Object Detection (HP),"98%
",3887
545709,MacBook Pro（14 英寸，M5）,Apple Silicon,Core ML,CPU,Object Detection (Q),"88%
",2652
545709,MacBook Pro（14 英寸，M5）,Apple Silicon,Core ML,CPU,Face Detection (SP),"100%
",5198
545709,MacBook Pro（14 英寸，M5）,Apple Silicon,Core ML,CPU,Face Detection (HP),"100%
",9335
545709,MacBook Pro（14 英寸，M5）,Apple Silicon,Core ML,CPU,Face Detection (Q),"100%
",4971
545709,MacBook Pro（14 英寸，M5）,Apple Silicon,Core ML,CPU,Depth Estimation (SP),"100%
",8818
545709,MacBook Pro（14 英寸，M5）,Apple Silicon,Core ML,CPU,Depth Estimation (HP),"98%
",11482
545709,MacBook Pro（14 英寸，M5）,Apple Silicon,Core ML,CPU,Depth Estimation (Q),"85%
",7968
545709,MacBook Pro（14 英寸，M5）,Apple Silicon,Core ML,CPU,Style Transfer (SP),"100%
",25440
545709,MacBook Pro（14 英寸，M5）,Apple Silicon,Core ML,CPU,Style Transfer (HP),"100%
",46322
545709,MacBook Pro（14 英寸，M5）,Apple Silicon,Core ML,CPU,Style Transfer (Q),"96%
",36999
545709,MacBook Pro（14 英寸，M5）,Apple Silicon,Core ML,CPU,Image Super-Resolution (SP),"100%
",5832
545709,MacBook Pro（14 英寸，M5）,Apple Silicon,Core ML,CPU,Image Super-Resolution (HP),"100%
",10573
545709,MacBook Pro（14 英寸，M5）,Apple Silicon,Core ML,CPU,Image Super-Resolution (Q),"99%
",6289
545709,MacBook Pro（14 英寸，M5）,Apple Silicon,Core ML,CPU,Text Classification (SP),"100%
",5982
545709,MacBook Pro（14 英寸，M5）,Apple Silicon,Core ML,CPU,Text Classification (HP),"99%
",10611
545709,MacBook Pro（14 英寸，M5）,Apple Silicon,Core ML,CPU,Text Classification (Q),"92%
",10496
545709,MacBook Pro（14 英寸，M5）,Apple Silicon,Core ML,CPU,Machine Translation (SP),"100%
",5123
545709,MacBook Pro（14 英寸，M5）,Apple Silicon,Core ML,CPU,Machine Translation (HP),"100%
",8354
545709,MacBook Pro（14 英寸，M5）,Apple Silicon,Core ML,CPU,Machine Translation (Q),"98%
",8382
545710,MacBook Pro（14 英寸，M5）,Apple Silicon,Core ML,GPU,Image Classification (SP),"100%
",6320
545710,MacBook Pro（14 英寸，M5）,Apple Silicon,Core ML,GPU,Image Classification (HP),"100%
",10803
545710,MacBook Pro（14 英寸，M5）,Apple Silicon,Core ML,GPU,Image Classification (Q),"99%
",11250
545710,MacBook Pro（14 英寸，M5）,Apple Silicon,Core ML,GPU,Image Segmentation (SP),"100%
",10234
545710,MacBook Pro（14 英寸，M5）,Apple Silicon,Core ML,GPU,Image Segmentation (HP),"100%
",17156
545710,MacBook Pro（14 英寸，M5）,Apple Silicon,Core ML,GPU,Image Segmentation (Q),"99%
",17229
545710,MacBook Pro（14 英寸，M5）,Apple Silicon,Core ML,GPU,Pose Estimation (SP),"100%
",39592
545710,MacBook Pro（14 英寸，M5）,Apple Silicon,Core ML,GPU,Pose Estimation (HP),"100%
",103246
545710,MacBook Pro（14 英寸，M5）,Apple Silicon,Core ML,GPU,Pose Estimation (Q),"95%
",130642
545710,MacBook Pro（14 英寸，M5）,Apple Silicon,Core ML,GPU,Object Detection (SP),"100%
",6465
545710,MacBook Pro（14 英寸，M5）,Apple Silicon,Core ML,GPU,Object Detection (HP),"100%
",12060
545710,MacBook Pro（14 英寸，M5）,Apple Silicon,Core ML,GPU,Object Detection (Q),"94%
",12107
545710,MacBook Pro（14 英寸，M5）,Apple Silicon,Core ML,GPU,Face Detection (SP),"100%
",19158
545710,MacBook Pro（14 英寸，M5）,Apple Silicon,Core ML,GPU,Face Detection (HP),"100%
",37107
545710,MacBook Pro（14 英寸，M5）,Apple Silicon,Core ML,GPU,Face Detection (Q),"100%
",33899
545710,MacBook Pro（14 英寸，M5）,Apple Silicon,Core ML,GPU,Depth Estimation (SP),"100%
",28698
545710,MacBook Pro（14 英寸，M5）,Apple Silicon,Core ML,GPU,Depth Estimation (HP),"99%
",56779
545710,MacBook Pro（14 英寸，M5）,Apple Silicon,Core ML,GPU,Depth Estimation (Q),"86%
",57513
545710,MacBook Pro（14 英寸，M5）,Apple Silicon,Core ML,GPU,Style Transfer (SP),"100%
",80197
545710,MacBook Pro（14 英寸，M5）,Apple Silicon,Core ML,GPU,Style Transfer (HP),"100%
",188507
545710,MacBook Pro（14 英寸，M5）,Apple Silicon,Core ML,GPU,Style Transfer (Q),"96%
",224984
545710,MacBook Pro（14 英寸，M5）,Apple Silicon,Core ML,GPU,Image Super-Resolution (SP),"100%
",16219
545710,MacBook Pro（14 英寸，M5）,Apple Silicon,Core ML,GPU,Image Super-Resolution (HP),"100%
",33303
545710,MacBook Pro（14 英寸，M5）,Apple Silicon,Core ML,GPU,Image Super-Resolution (Q),"99%
",30502
545710,MacBook Pro（14 英寸，M5）,Apple Silicon,Core ML,GPU,Text Classification (SP),"100%
",5776
545710,MacBook Pro（14 英寸，M5）,Apple Silicon,Core ML,GPU,Text Classification (HP),"99%
",10679
545710,MacBook Pro（14 英寸，M5）,Apple Silicon,Core ML,GPU,Text Classification (Q),"93%
",10609
545710,MacBook Pro（14 英寸，M5）,Apple Silicon,Core ML,GPU,Machine Translation (SP),"100%
",6723
545710,MacBook Pro（14 英寸，M5）,Apple Silicon,Core ML,GPU,Machine Translation (HP),"100%
",8349
545710,MacBook Pro（14 英寸，M5）,Apple Silicon,Core ML,GPU,Machine Translation (Q),"98%
",7675
545721,MacBook Air (2022),Apple Silicon,Core ML,CPU,Image Classification (SP),"100%
",1310
545721,MacBook Air (2022),Apple Silicon,Core ML,CPU,Image Classification (HP),"100%
",2538
545721,MacBook Air (2022),Apple Silicon,Core ML,CPU,Image Classification (Q),"96%
",1772
545721,MacBook Air (2022),Apple Silicon,Core ML,CPU,Image Segmentation (SP),"100%
",1434
545721,MacBook Air (2022),Apple Silicon,Core ML,CPU,Image Segmentation (HP),"100%
",2411
545721,MacBook Air (2022),Apple Silicon,Core ML,CPU,Image Segmentation (Q),"99%
",2794
545721,MacBook Air (2022),Apple Silicon,Core ML,CPU,Pose Estimation (SP),"100%
",6182
545721,MacBook Air (2022),Apple Silicon,Core ML,CPU,Pose Estimation (HP),"100%
",14699
545721,MacBook Air (2022),Apple Silicon,Core ML,CPU,Pose Estimation (Q),"95%
",12579
545721,MacBook Air (2022),Apple Silicon,Core ML,CPU,Object Detection (SP),"100%
",1423
545721,MacBook Air (2022),Apple Silicon,Core ML,CPU,Object Detection (HP),"97%
",2824
545721,MacBook Air (2022),Apple Silicon,Core ML,CPU,Object Detection (Q),"94%
",2043
545721,MacBook Air (2022),Apple Silicon,Core ML,CPU,Face Detection (SP),"100%
",3057
545721,MacBook Air (2022),Apple Silicon,Core ML,CPU,Face Detection (HP),"100%
",6004
545721,MacBook Air (2022),Apple Silicon,Core ML,CPU,Face Detection (Q),"100%
",3488
545721,MacBook Air (2022),Apple Silicon,Core ML,CPU,Depth Estimation (SP),"100%
",5325
545721,MacBook Air (2022),Apple Silicon,Core ML,CPU,Depth Estimation (HP),"98%
",10957
545721,MacBook Air (2022),Apple Silicon,Core ML,CPU,Depth Estimation (Q),"85%
",7676
545721,MacBook Air (2022),Apple Silicon,Core ML,CPU,Style Transfer (SP),"100%
",17931
545721,MacBook Air (2022),Apple Silicon,Core ML,CPU,Style Transfer (HP),"100%
",28568
545721,MacBook Air (2022),Apple Silicon,Core ML,CPU,Style Transfer (Q),"96%
",23666
545721,MacBook Air (2022),Apple Silicon,Core ML,CPU,Image Super-Resolution (SP),"100%
",3647
545721,MacBook Air (2022),Apple Silicon,Core ML,CPU,Image Super-Resolution (HP),"100%
",4568
545721,MacBook Air (2022),Apple Silicon,Core ML,CPU,Image Super-Resolution (Q),"99%
",3471
545721,MacBook Air (2022),Apple Silicon,Core ML,CPU,Text Classification (SP),"100%
",4311
545721,MacBook Air (2022),Apple Silicon,Core ML,CPU,Text Classification (HP),"100%
",6630
545721,MacBook Air (2022),Apple Silicon,Core ML,CPU,Text Classification (Q),"92%
",6587
545721,MacBook Air (2022),Apple Silicon,Core ML,CPU,Machine Translation (SP),"100%
",3596
545721,MacBook Air (2022),Apple Silicon,Core ML,CPU,Machine Translation (HP),"98%
",6409
545721,MacBook Air (2022),Apple Silicon,Core ML,CPU,Machine Translation (Q),"98%
",6404
545501,MacBook Pro（16 英寸，M5 Pro 或 M5 Max）,Apple Silicon,Core ML,GPU,Image Classification (SP),"100%
",8816
545501,MacBook Pro（16 英寸，M5 Pro 或 M5 Max）,Apple Silicon,Core ML,GPU,Image Classification (HP),"100%
",12581
545501,MacBook Pro（16 英寸，M5 Pro 或 M5 Max）,Apple Silicon,Core ML,GPU,Image Classification (Q),"99%
",11790
545501,MacBook Pro（16 英寸，M5 Pro 或 M5 Max）,Apple Silicon,Core ML,GPU,Image Segmentation (SP),"100%
",18015
545501,MacBook Pro（16 英寸，M5 Pro 或 M5 Max）,Apple Silicon,Core ML,GPU,Image Segmentation (HP),"100%
",28906
545501,MacBook Pro（16 英寸，M5 Pro 或 M5 Max）,Apple Silicon,Core ML,GPU,Image Segmentation (Q),"99%
",27676
545501,MacBook Pro（16 英寸，M5 Pro 或 M5 Max）,Apple Silicon,Core ML,GPU,Pose Estimation (SP),"100%
",71505
545501,MacBook Pro（16 英寸，M5 Pro 或 M5 Max）,Apple Silicon,Core ML,GPU,Pose Estimation (HP),"100%
",186460
545501,MacBook Pro（16 英寸，M5 Pro 或 M5 Max）,Apple Silicon,Core ML,GPU,Pose Estimation (Q),"95%
",213150
545501,MacBook Pro（16 英寸，M5 Pro 或 M5 Max）,Apple Silicon,Core ML,GPU,Object Detection (SP),"100%
",8053
545501,MacBook Pro（16 英寸，M5 Pro 或 M5 Max）,Apple Silicon,Core ML,GPU,Object Detection (HP),"100%
",14330
545501,MacBook Pro（16 英寸，M5 Pro 或 M5 Max）,Apple Silicon,Core ML,GPU,Object Detection (Q),"94%
",14130
545501,MacBook Pro（16 英寸，M5 Pro 或 M5 Max）,Apple Silicon,Core ML,GPU,Face Detection (SP),"100%
",33676
545501,MacBook Pro（16 英寸，M5 Pro 或 M5 Max）,Apple Silicon,Core ML,GPU,Face Detection (HP),"100%
",55943
545501,MacBook Pro（16 英寸，M5 Pro 或 M5 Max）,Apple Silicon,Core ML,GPU,Face Detection (Q),"100%
",50655
545501,MacBook Pro（16 英寸，M5 Pro 或 M5 Max）,Apple Silicon,Core ML,GPU,Depth Estimation (SP),"100%
",41562
545501,MacBook Pro（16 英寸，M5 Pro 或 M5 Max）,Apple Silicon,Core ML,GPU,Depth Estimation (HP),"99%
",74941
545501,MacBook Pro（16 英寸，M5 Pro 或 M5 Max）,Apple Silicon,Core ML,GPU,Depth Estimation (Q),"86%
",70553
545501,MacBook Pro（16 英寸，M5 Pro 或 M5 Max）,Apple Silicon,Core ML,GPU,Style Transfer (SP),"100%
",152594
545501,MacBook Pro（16 英寸，M5 Pro 或 M5 Max）,Apple Silicon,Core ML,GPU,Style Transfer (HP),"100%
",332870
545501,MacBook Pro（16 英寸，M5 Pro 或 M5 Max）,Apple Silicon,Core ML,GPU,Style Transfer (Q),"96%
",394052
545501,MacBook Pro（16 英寸，M5 Pro 或 M5 Max）,Apple Silicon,Core ML,GPU,Image Super-Resolution (SP),"100%
",26243
545501,MacBook Pro（16 英寸，M5 Pro 或 M5 Max）,Apple Silicon,Core ML,GPU,Image Super-Resolution (HP),"100%
",44311
545501,MacBook Pro（16 英寸，M5 Pro 或 M5 Max）,Apple Silicon,Core ML,GPU,Image Super-Resolution (Q),"99%
",35581
545501,MacBook Pro（16 英寸，M5 Pro 或 M5 Max）,Apple Silicon,Core ML,GPU,Text Classification (SP),"100%
",6114
545501,MacBook Pro（16 英寸，M5 Pro 或 M5 Max）,Apple Silicon,Core ML,GPU,Text Classification (HP),"100%
",9656
545501,MacBook Pro（16 英寸，M5 Pro 或 M5 Max）,Apple Silicon,Core ML,GPU,Text Classification (Q),"93%
",9745
545501,MacBook Pro（16 英寸，M5 Pro 或 M5 Max）,Apple Silicon,Core ML,GPU,Machine Translation (SP),"100%
",7636
545501,MacBook Pro（16 英寸，M5 Pro 或 M5 Max）,Apple Silicon,Core ML,GPU,Machine Translation (HP),"100%
",8751
545501,MacBook Pro（16 英寸，M5 Pro 或 M5 Max）,Apple Silicon,Core ML,GPU,Machine Translation (Q),"98%
",8530
545504,MacBook Pro（16 英寸，M5 Pro 或 M5 Max）,Apple Silicon,Core ML,Neural Engine,Image Classification (SP),"100%
",2319
545504,MacBook Pro（16 英寸，M5 Pro 或 M5 Max）,Apple Silicon,Core ML,Neural Engine,Image Classification (HP),"100%
",19853
545504,MacBook Pro（16 英寸，M5 Pro 或 M5 Max）,Apple Silicon,Core ML,Neural Engine,Image Classification (Q),"97%
",24890
545504,MacBook Pro（16 英寸，M5 Pro 或 M5 Max）,Apple Silicon,Core ML,Neural Engine,Image Segmentation (SP),"100%
",2529
545504,MacBook Pro（16 英寸，M5 Pro 或 M5 Max）,Apple Silicon,Core ML,Neural Engine,Image Segmentation (HP),"100%
",26079
545504,MacBook Pro（16 英寸，M5 Pro 或 M5 Max）,Apple Silicon,Core ML,Neural Engine,Image Segmentation (Q),"99%
",37635
545504,MacBook Pro（16 英寸，M5 Pro 或 M5 Max）,Apple Silicon,Core ML,Neural Engine,Pose Estimation (SP),"100%
",9869
545504,MacBook Pro（16 英寸，M5 Pro 或 M5 Max）,Apple Silicon,Core ML,Neural Engine,Pose Estimation (HP),"100%
",182802
545504,MacBook Pro（16 英寸，M5 Pro 或 M5 Max）,Apple Silicon,Core ML,Neural Engine,Pose Estimation (Q),"95%
",337569
545504,MacBook Pro（16 英寸，M5 Pro 或 M5 Max）,Apple Silicon,Core ML,Neural Engine,Object Detection (SP),"100%
",2881
545504,MacBook Pro（16 英寸，M5 Pro 或 M5 Max）,Apple Silicon,Core ML,Neural Engine,Object Detection (HP),"100%
",22182
545504,MacBook Pro（16 英寸，M5 Pro 或 M5 Max）,Apple Silicon,Core ML,Neural Engine,Object Detection (Q),"89%
",29073
545504,MacBook Pro（16 英寸，M5 Pro 或 M5 Max）,Apple Silicon,Core ML,Neural Engine,Face Detection (SP),"100%
",5267
545504,MacBook Pro（16 英寸，M5 Pro 或 M5 Max）,Apple Silicon,Core ML,Neural Engine,Face Detection (HP),"100%
",51138
545504,MacBook Pro（16 英寸，M5 Pro 或 M5 Max）,Apple Silicon,Core ML,Neural Engine,Face Detection (Q),"100%
",78969
545504,MacBook Pro（16 英寸，M5 Pro 或 M5 Max）,Apple Silicon,Core ML,Neural Engine,Depth Estimation (SP),"100%
",9080
545504,MacBook Pro（16 英寸，M5 Pro 或 M5 Max）,Apple Silicon,Core ML,Neural Engine,Depth Estimation (HP),"99%
",141130
545504,MacBook Pro（16 英寸，M5 Pro 或 M5 Max）,Apple Silicon,Core ML,Neural Engine,Depth Estimation (Q),"85%
",227045
545504,MacBook Pro（16 英寸，M5 Pro 或 M5 Max）,Apple Silicon,Core ML,Neural Engine,Style Transfer (SP),"100%
",23653
545504,MacBook Pro（16 英寸，M5 Pro 或 M5 Max）,Apple Silicon,Core ML,Neural Engine,Style Transfer (HP),"100%
",289871
545504,MacBook Pro（16 英寸，M5 Pro 或 M5 Max）,Apple Silicon,Core ML,Neural Engine,Style Transfer (Q),"96%
",365763
545504,MacBook Pro（16 英寸，M5 Pro 或 M5 Max）,Apple Silicon,Core ML,Neural Engine,Image Super-Resolution (SP),"100%
",5832
545504,MacBook Pro（16 英寸，M5 Pro 或 M5 Max）,Apple Silicon,Core ML,Neural Engine,Image Super-Resolution (HP),"100%
",66905
545504,MacBook Pro（16 英寸，M5 Pro 或 M5 Max）,Apple Silicon,Core ML,Neural Engine,Image Super-Resolution (Q),"99%
",100973
545504,MacBook Pro（16 英寸，M5 Pro 或 M5 Max）,Apple Silicon,Core ML,Neural Engine,Text Classification (SP),"99%
",5864
545504,MacBook Pro（16 英寸，M5 Pro 或 M5 Max）,Apple Silicon,Core ML,Neural Engine,Text Classification (HP),"100%
",10006
545504,MacBook Pro（16 英寸，M5 Pro 或 M5 Max）,Apple Silicon,Core ML,Neural Engine,Text Classification (Q),"93%
",9729
545504,MacBook Pro（16 英寸，M5 Pro 或 M5 Max）,Apple Silicon,Core ML,Neural Engine,Machine Translation (SP),"100%
",2738
545504,MacBook Pro（16 英寸，M5 Pro 或 M5 Max）,Apple Silicon,Core ML,Neural Engine,Machine Translation (HP),"100%
",19159
545504,MacBook Pro（16 英寸，M5 Pro 或 M5 Max）,Apple Silicon,Core ML,Neural Engine,Machine Translation (Q),"98%
",18976
545506,MacBook Pro（16 英寸，M5 Pro 或 M5 Max）,Apple Silicon,Core ML,CPU,Image Classification (SP),"100%
",2303
545506,MacBook Pro（16 英寸，M5 Pro 或 M5 Max）,Apple Silicon,Core ML,CPU,Image Classification (HP),"100%
",3546
545506,MacBook Pro（16 英寸，M5 Pro 或 M5 Max）,Apple Silicon,Core ML,CPU,Image Classification (Q),"94%
",2146
545506,MacBook Pro（16 英寸，M5 Pro 或 M5 Max）,Apple Silicon,Core ML,CPU,Image Segmentation (SP),"100%
",2489
545506,MacBook Pro（16 英寸，M5 Pro 或 M5 Max）,Apple Silicon,Core ML,CPU,Image Segmentation (HP),"100%
",3006
545506,MacBook Pro（16 英寸，M5 Pro 或 M5 Max）,Apple Silicon,Core ML,CPU,Image Segmentation (Q),"99%
",4075
545506,MacBook Pro（16 英寸，M5 Pro 或 M5 Max）,Apple Silicon,Core ML,CPU,Pose Estimation (SP),"100%
",9843
545506,MacBook Pro（16 英寸，M5 Pro 或 M5 Max）,Apple Silicon,Core ML,CPU,Pose Estimation (HP),"100%
",19391
545506,MacBook Pro（16 英寸，M5 Pro 或 M5 Max）,Apple Silicon,Core ML,CPU,Pose Estimation (Q),"96%
",16847
545506,MacBook Pro（16 英寸，M5 Pro 或 M5 Max）,Apple Silicon,Core ML,CPU,Object Detection (SP),"100%
",2863
545506,MacBook Pro（16 英寸，M5 Pro 或 M5 Max）,Apple Silicon,Core ML,CPU,Object Detection (HP),"98%
",4340
545506,MacBook Pro（16 英寸，M5 Pro 或 M5 Max）,Apple Silicon,Core ML,CPU,Object Detection (Q),"88%
",2847
545506,MacBook Pro（16 英寸，M5 Pro 或 M5 Max）,Apple Silicon,Core ML,CPU,Face Detection (SP),"100%
",5644
545506,MacBook Pro（16 英寸，M5 Pro 或 M5 Max）,Apple Silicon,Core ML,CPU,Face Detection (HP),"100%
",10062
545506,MacBook Pro（16 英寸，M5 Pro 或 M5 Max）,Apple Silicon,Core ML,CPU,Face Detection (Q),"100%
",5285
545506,MacBook Pro（16 英寸，M5 Pro 或 M5 Max）,Apple Silicon,Core ML,CPU,Depth Estimation (SP),"100%
",9120
545506,MacBook Pro（16 英寸，M5 Pro 或 M5 Max）,Apple Silicon,Core ML,CPU,Depth Estimation (HP),"98%
",11990
545506,MacBook Pro（16 英寸，M5 Pro 或 M5 Max）,Apple Silicon,Core ML,CPU,Depth Estimation (Q),"85%
",8242
545506,MacBook Pro（16 英寸，M5 Pro 或 M5 Max）,Apple Silicon,Core ML,CPU,Style Transfer (SP),"100%
",24922
545506,MacBook Pro（16 英寸，M5 Pro 或 M5 Max）,Apple Silicon,Core ML,CPU,Style Transfer (HP),"100%
",46246
545506,MacBook Pro（16 英寸，M5 Pro 或 M5 Max）,Apple Silicon,Core ML,CPU,Style Transfer (Q),"96%
",37137
545506,MacBook Pro（16 英寸，M5 Pro 或 M5 Max）,Apple Silicon,Core ML,CPU,Image Super-Resolution (SP),"100%
",5801
545506,MacBook Pro（16 英寸，M5 Pro 或 M5 Max）,Apple Silicon,Core ML,CPU,Image Super-Resolution (HP),"100%
",10428
545506,MacBook Pro（16 英寸，M5 Pro 或 M5 Max）,Apple Silicon,Core ML,CPU,Image Super-Resolution (Q),"99%
",6236
545506,MacBook Pro（16 英寸，M5 Pro 或 M5 Max）,Apple Silicon,Core ML,CPU,Text Classification (SP),"99%
",6118
545506,MacBook Pro（16 英寸，M5 Pro 或 M5 Max）,Apple Silicon,Core ML,CPU,Text Classification (HP),"100%
",10026
545506,MacBook Pro（16 英寸，M5 Pro 或 M5 Max）,Apple Silicon,Core ML,CPU,Text Classification (Q),"92%
",9600
545506,MacBook Pro（16 英寸，M5 Pro 或 M5 Max）,Apple Silicon,Core ML,CPU,Machine Translation (SP),"100%
",2765
545506,MacBook Pro（16 英寸，M5 Pro 或 M5 Max）,Apple Silicon,Core ML,CPU,Machine Translation (HP),"100%
",9559
545506,MacBook Pro（16 英寸，M5 Pro 或 M5 Max）,Apple Silicon,Core ML,CPU,Machine Translation (Q),"98%
",9667
545511,MacBook Pro（14 英寸，M5）,Apple Silicon,Core ML,CPU,Image Classification (SP),"100%
",2220
545511,MacBook Pro（14 英寸，M5）,Apple Silicon,Core ML,CPU,Image Classification (HP),"100%
",3825
545511,MacBook Pro（14 英寸，M5）,Apple Silicon,Core ML,CPU,Image Classification (Q),"94%
",2162
545511,MacBook Pro（14 英寸，M5）,Apple Silicon,Core ML,CPU,Image Segmentation (SP),"100%
",2474
545511,MacBook Pro（14 英寸，M5）,Apple Silicon,Core ML,CPU,Image Segmentation (HP),"100%
",3144
545511,MacBook Pro（14 英寸，M5）,Apple Silicon,Core ML,CPU,Image Segmentation (Q),"99%
",3961
545511,MacBook Pro（14 英寸，M5）,Apple Silicon,Core ML,CPU,Pose Estimation (SP),"100%
",9892
545511,MacBook Pro（14 英寸，M5）,Apple Silicon,Core ML,CPU,Pose Estimation (HP),"100%
",19355
545511,MacBook Pro（14 英寸，M5）,Apple Silicon,Core ML,CPU,Pose Estimation (Q),"96%
",16602
545511,MacBook Pro（14 英寸，M5）,Apple Silicon,Core ML,CPU,Object Detection (SP),"100%
",2762
545511,MacBook Pro（14 英寸，M5）,Apple Silicon,Core ML,CPU,Object Detection (HP),"98%
",3901
545511,MacBook Pro（14 英寸，M5）,Apple Silicon,Core ML,CPU,Object Detection (Q),"88%
",2587
545511,MacBook Pro（14 英寸，M5）,Apple Silicon,Core ML,CPU,Face Detection (SP),"100%
",5145
545511,MacBook Pro（14 英寸，M5）,Apple Silicon,Core ML,CPU,Face Detection (HP),"100%
",9240
545511,MacBook Pro（14 英寸，M5）,Apple Silicon,Core ML,CPU,Face Detection (Q),"100%
",4923
545511,MacBook Pro（14 英寸，M5）,Apple Silicon,Core ML,CPU,Depth Estimation (SP),"100%
",8758
545511,MacBook Pro（14 英寸，M5）,Apple Silicon,Core ML,CPU,Depth Estimation (HP),"98%
",11184
545511,MacBook Pro（14 英寸，M5）,Apple Silicon,Core ML,CPU,Depth Estimation (Q),"85%
",7847
545511,MacBook Pro（14 英寸，M5）,Apple Silicon,Core ML,CPU,Style Transfer (SP),"100%
",25142
545511,MacBook Pro（14 英寸，M5）,Apple Silicon,Core ML,CPU,Style Transfer (HP),"100%
",45763
545511,MacBook Pro（14 英寸，M5）,Apple Silicon,Core ML,CPU,Style Transfer (Q),"96%
",36820
545511,MacBook Pro（14 英寸，M5）,Apple Silicon,Core ML,CPU,Image Super-Resolution (SP),"100%
",5855
545511,MacBook Pro（14 英寸，M5）,Apple Silicon,Core ML,CPU,Image Super-Resolution (HP),"100%
",10831
545511,MacBook Pro（14 英寸，M5）,Apple Silicon,Core ML,CPU,Image Super-Resolution (Q),"99%
",6381
545511,MacBook Pro（14 英寸，M5）,Apple Silicon,Core ML,CPU,Text Classification (SP),"99%
",5998
545511,MacBook Pro（14 英寸，M5）,Apple Silicon,Core ML,CPU,Text Classification (HP),"99%
",10028
545511,MacBook Pro（14 英寸，M5）,Apple Silicon,Core ML,CPU,Text Classification (Q),"92%
",10640
545511,MacBook Pro（14 英寸，M5）,Apple Silicon,Core ML,CPU,Machine Translation (SP),"100%
",5084
545511,MacBook Pro（14 英寸，M5）,Apple Silicon,Core ML,CPU,Machine Translation (HP),"100%
",8258
545511,MacBook Pro（14 英寸，M5）,Apple Silicon,Core ML,CPU,Machine Translation (Q),"98%
",8304
545513,MacBook Pro（14 英寸，M5）,Apple Silicon,Core ML,GPU,Image Classification (SP),"100%
",6337
545513,MacBook Pro（14 英寸，M5）,Apple Silicon,Core ML,GPU,Image Classification (HP),"100%
",11265
545513,MacBook Pro（14 英寸，M5）,Apple Silicon,Core ML,GPU,Image Classification (Q),"99%
",10810
545513,MacBook Pro（14 英寸，M5）,Apple Silicon,Core ML,GPU,Image Segmentation (SP),"100%
",10268
545513,MacBook Pro（14 英寸，M5）,Apple Silicon,Core ML,GPU,Image Segmentation (HP),"100%
",17177
545513,MacBook Pro（14 英寸，M5）,Apple Silicon,Core ML,GPU,Image Segmentation (Q),"99%
",17186
545513,MacBook Pro（14 英寸，M5）,Apple Silicon,Core ML,GPU,Pose Estimation (SP),"100%
",39588
545513,MacBook Pro（14 英寸，M5）,Apple Silicon,Core ML,GPU,Pose Estimation (HP),"100%
",103268
545513,MacBook Pro（14 英寸，M5）,Apple Silicon,Core ML,GPU,Pose Estimation (Q),"95%
",130562
545513,MacBook Pro（14 英寸，M5）,Apple Silicon,Core ML,GPU,Object Detection (SP),"100%
",6546
545513,MacBook Pro（14 英寸，M5）,Apple Silicon,Core ML,GPU,Object Detection (HP),"100%
",12246
545513,MacBook Pro（14 英寸，M5）,Apple Silicon,Core ML,GPU,Object Detection (Q),"94%
",12122
545513,MacBook Pro（14 英寸，M5）,Apple Silicon,Core ML,GPU,Face Detection (SP),"100%
",19362
545513,MacBook Pro（14 英寸，M5）,Apple Silicon,Core ML,GPU,Face Detection (HP),"100%
",37072
545513,MacBook Pro（14 英寸，M5）,Apple Silicon,Core ML,GPU,Face Detection (Q),"100%
",34750
545513,MacBook Pro（14 英寸，M5）,Apple Silicon,Core ML,GPU,Depth Estimation (SP),"100%
",28793
545513,MacBook Pro（14 英寸，M5）,Apple Silicon,Core ML,GPU,Depth Estimation (HP),"99%
",57271
545513,MacBook Pro（14 英寸，M5）,Apple Silicon,Core ML,GPU,Depth Estimation (Q),"86%
",57510
545513,MacBook Pro（14 英寸，M5）,Apple Silicon,Core ML,GPU,Style Transfer (SP),"100%
",81370
545513,MacBook Pro（14 英寸，M5）,Apple Silicon,Core ML,GPU,Style Transfer (HP),"100%
",191740
545513,MacBook Pro（14 英寸，M5）,Apple Silicon,Core ML,GPU,Style Transfer (Q),"96%
",225788
545513,MacBook Pro（14 英寸，M5）,Apple Silicon,Core ML,GPU,Image Super-Resolution (SP),"100%
",16262
545513,MacBook Pro（14 英寸，M5）,Apple Silicon,Core ML,GPU,Image Super-Resolution (HP),"100%
",33899
545513,MacBook Pro（14 英寸，M5）,Apple Silicon,Core ML,GPU,Image Super-Resolution (Q),"99%
",31292
545513,MacBook Pro（14 英寸，M5）,Apple Silicon,Core ML,GPU,Text Classification (SP),"100%
",6041
545513,MacBook Pro（14 英寸，M5）,Apple Silicon,Core ML,GPU,Text Classification (HP),"100%
",10862
545513,MacBook Pro（14 英寸，M5）,Apple Silicon,Core ML,GPU,Text Classification (Q),"92%
",10418
545513,MacBook Pro（14 英寸，M5）,Apple Silicon,Core ML,GPU,Machine Translation (SP),"100%
",6974
545513,MacBook Pro（14 英寸，M5）,Apple Silicon,Core ML,GPU,Machine Translation (HP),"100%
",8629
545513,MacBook Pro（14 英寸，M5）,Apple Silicon,Core ML,GPU,Machine Translation (Q),"98%
",7670
545515,MacBook Pro（14 英寸，M5）,Apple Silicon,Core ML,Neural Engine,Image Classification (SP),"100%
",2291
545515,MacBook Pro（14 英寸，M5）,Apple Silicon,Core ML,Neural Engine,Image Classification (HP),"100%
",18787
545515,MacBook Pro（14 英寸，M5）,Apple Silicon,Core ML,Neural Engine,Image Classification (Q),"97%
",25907
545515,MacBook Pro（14 英寸，M5）,Apple Silicon,Core ML,Neural Engine,Image Segmentation (SP),"100%
",2513
545515,MacBook Pro（14 英寸，M5）,Apple Silicon,Core ML,Neural Engine,Image Segmentation (HP),"100%
",24390
545515,MacBook Pro（14 英寸，M5）,Apple Silicon,Core ML,Neural Engine,Image Segmentation (Q),"99%
",35722
545515,MacBook Pro（14 英寸，M5）,Apple Silicon,Core ML,Neural Engine,Pose Estimation (SP),"100%
",9778
545515,MacBook Pro（14 英寸，M5）,Apple Silicon,Core ML,Neural Engine,Pose Estimation (HP),"100%
",179137
545515,MacBook Pro（14 英寸，M5）,Apple Silicon,Core ML,Neural Engine,Pose Estimation (Q),"95%
",332068
545515,MacBook Pro（14 英寸，M5）,Apple Silicon,Core ML,Neural Engine,Object Detection (SP),"100%
",2677
545515,MacBook Pro（14 英寸，M5）,Apple Silicon,Core ML,Neural Engine,Object Detection (HP),"100%
",18863
545515,MacBook Pro（14 英寸，M5）,Apple Silicon,Core ML,Neural Engine,Object Detection (Q),"89%
",28832
545515,MacBook Pro（14 英寸，M5）,Apple Silicon,Core ML,Neural Engine,Face Detection (SP),"100%
",5071
545515,MacBook Pro（14 英寸，M5）,Apple Silicon,Core ML,Neural Engine,Face Detection (HP),"100%
",49605
545515,MacBook Pro（14 英寸，M5）,Apple Silicon,Core ML,Neural Engine,Face Detection (Q),"100%
",76756
545515,MacBook Pro（14 英寸，M5）,Apple Silicon,Core ML,Neural Engine,Depth Estimation (SP),"100%
",8800
545515,MacBook Pro（14 英寸，M5）,Apple Silicon,Core ML,Neural Engine,Depth Estimation (HP),"99%
",113464
545515,MacBook Pro（14 英寸，M5）,Apple Silicon,Core ML,Neural Engine,Depth Estimation (Q),"85%
",199426
545515,MacBook Pro（14 英寸，M5）,Apple Silicon,Core ML,Neural Engine,Style Transfer (SP),"100%
",25462
545515,MacBook Pro（14 英寸，M5）,Apple Silicon,Core ML,Neural Engine,Style Transfer (HP),"100%
",274986
545515,MacBook Pro（14 英寸，M5）,Apple Silicon,Core ML,Neural Engine,Style Transfer (Q),"96%
",348897
545515,MacBook Pro（14 英寸，M5）,Apple Silicon,Core ML,Neural Engine,Image Super-Resolution (SP),"100%
",5880
545515,MacBook Pro（14 英寸，M5）,Apple Silicon,Core ML,Neural Engine,Image Super-Resolution (HP),"100%
",67590
545515,MacBook Pro（14 英寸，M5）,Apple Silicon,Core ML,Neural Engine,Image Super-Resolution (Q),"99%
",104720
545515,MacBook Pro（14 英寸，M5）,Apple Silicon,Core ML,Neural Engine,Text Classification (SP),"99%
",6069
545515,MacBook Pro（14 英寸，M5）,Apple Silicon,Core ML,Neural Engine,Text Classification (HP),"100%
",6552
545515,MacBook Pro（14 英寸，M5）,Apple Silicon,Core ML,Neural Engine,Text Classification (Q),"93%
",7693
545515,MacBook Pro（14 英寸，M5）,Apple Silicon,Core ML,Neural Engine,Machine Translation (SP),"100%
",5059
545515,MacBook Pro（14 英寸，M5）,Apple Silicon,Core ML,Neural Engine,Machine Translation (HP),"100%
",18265
545515,MacBook Pro（14 英寸，M5）,Apple Silicon,Core ML,Neural Engine,Machine Translation (Q),"98%
",19240
545516,MacBook Pro（14 英寸，M5）,Apple Silicon,Core ML,CPU,Image Classification (SP),"100%
",2217
545516,MacBook Pro（14 英寸，M5）,Apple Silicon,Core ML,CPU,Image Classification (HP),"100%
",3811
545516,MacBook Pro（14 英寸，M5）,Apple Silicon,Core ML,CPU,Image Classification (Q),"94%
",2373
545516,MacBook Pro（14 英寸，M5）,Apple Silicon,Core ML,CPU,Image Segmentation (SP),"100%
",2529
545516,MacBook Pro（14 英寸，M5）,Apple Silicon,Core ML,CPU,Image Segmentation (HP),"100%
",3142
545516,MacBook Pro（14 英寸，M5）,Apple Silicon,Core ML,CPU,Image Segmentation (Q),"99%
",3913
545516,MacBook Pro（14 英寸，M5）,Apple Silicon,Core ML,CPU,Pose Estimation (SP),"100%
",9748
545516,MacBook Pro（14 英寸，M5）,Apple Silicon,Core ML,CPU,Pose Estimation (HP),"100%
",19347
545516,MacBook Pro（14 英寸，M5）,Apple Silicon,Core ML,CPU,Pose Estimation (Q),"96%
",16672
545516,MacBook Pro（14 英寸，M5）,Apple Silicon,Core ML,CPU,Object Detection (SP),"100%
",2779
545516,MacBook Pro（14 英寸，M5）,Apple Silicon,Core ML,CPU,Object Detection (HP),"98%
",3980
545516,MacBook Pro（14 英寸，M5）,Apple Silicon,Core ML,CPU,Object Detection (Q),"88%
",2602
545516,MacBook Pro（14 英寸，M5）,Apple Silicon,Core ML,CPU,Face Detection (SP),"100%
",5100
545516,MacBook Pro（14 英寸，M5）,Apple Silicon,Core ML,CPU,Face Detection (HP),"100%
",9021
545516,MacBook Pro（14 英寸，M5）,Apple Silicon,Core ML,CPU,Face Detection (Q),"100%
",4932
545516,MacBook Pro（14 英寸，M5）,Apple Silicon,Core ML,CPU,Depth Estimation (SP),"100%
",8758
545516,MacBook Pro（14 英寸，M5）,Apple Silicon,Core ML,CPU,Depth Estimation (HP),"98%
",11405
545516,MacBook Pro（14 英寸，M5）,Apple Silicon,Core ML,CPU,Depth Estimation (Q),"85%
",7879
545516,MacBook Pro（14 英寸，M5）,Apple Silicon,Core ML,CPU,Style Transfer (SP),"100%
",25467
545516,MacBook Pro（14 英寸，M5）,Apple Silicon,Core ML,CPU,Style Transfer (HP),"100%
",46148
545516,MacBook Pro（14 英寸，M5）,Apple Silicon,Core ML,CPU,Style Transfer (Q),"96%
",36350
545516,MacBook Pro（14 英寸，M5）,Apple Silicon,Core ML,CPU,Image Super-Resolution (SP),"100%
",5890
545516,MacBook Pro（14 英寸，M5）,Apple Silicon,Core ML,CPU,Image Super-Resolution (HP),"100%
",10885
545516,MacBook Pro（14 英寸，M5）,Apple Silicon,Core ML,CPU,Image Super-Resolution (Q),"99%
",6326
545516,MacBook Pro（14 英寸，M5）,Apple Silicon,Core ML,CPU,Text Classification (SP),"99%
",6045
545516,MacBook Pro（14 英寸，M5）,Apple Silicon,Core ML,CPU,Text Classification (HP),"99%
",10769
545516,MacBook Pro（14 英寸，M5）,Apple Silicon,Core ML,CPU,Text Classification (Q),"92%
",10694
545516,MacBook Pro（14 英寸，M5）,Apple Silicon,Core ML,CPU,Machine Translation (SP),"100%
",5106
545516,MacBook Pro（14 英寸，M5）,Apple Silicon,Core ML,CPU,Machine Translation (HP),"100%
",8152
545516,MacBook Pro（14 英寸，M5）,Apple Silicon,Core ML,CPU,Machine Translation (Q),"98%
",8321
545538,"MacBook Air (13-inch, 2025)",Apple Silicon,Core ML,CPU,Image Classification (SP),"100%
",2011
545538,"MacBook Air (13-inch, 2025)",Apple Silicon,Core ML,CPU,Image Classification (HP),"100%
",3392
545538,"MacBook Air (13-inch, 2025)",Apple Silicon,Core ML,CPU,Image Classification (Q),"96%
",2304
545538,"MacBook Air (13-inch, 2025)",Apple Silicon,Core ML,CPU,Image Segmentation (SP),"100%
",2157
545538,"MacBook Air (13-inch, 2025)",Apple Silicon,Core ML,CPU,Image Segmentation (HP),"100%
",3158
545538,"MacBook Air (13-inch, 2025)",Apple Silicon,Core ML,CPU,Image Segmentation (Q),"99%
",3466
545538,"MacBook Air (13-inch, 2025)",Apple Silicon,Core ML,CPU,Pose Estimation (SP),"100%
",8388
545538,"MacBook Air (13-inch, 2025)",Apple Silicon,Core ML,CPU,Pose Estimation (HP),"100%
",18671
545538,"MacBook Air (13-inch, 2025)",Apple Silicon,Core ML,CPU,Pose Estimation (Q),"95%
",16169
545538,"MacBook Air (13-inch, 2025)",Apple Silicon,Core ML,CPU,Object Detection (SP),"100%
",2435
545538,"MacBook Air (13-inch, 2025)",Apple Silicon,Core ML,CPU,Object Detection (HP),"97%
",3791
545538,"MacBook Air (13-inch, 2025)",Apple Silicon,Core ML,CPU,Object Detection (Q),"94%
",2659
545538,"MacBook Air (13-inch, 2025)",Apple Silicon,Core ML,CPU,Face Detection (SP),"100%
",4437
545538,"MacBook Air (13-inch, 2025)",Apple Silicon,Core ML,CPU,Face Detection (HP),"100%
",7529
545538,"MacBook Air (13-inch, 2025)",Apple Silicon,Core ML,CPU,Face Detection (Q),"100%
",4385
545538,"MacBook Air (13-inch, 2025)",Apple Silicon,Core ML,CPU,Depth Estimation (SP),"100%
",8074
545538,"MacBook Air (13-inch, 2025)",Apple Silicon,Core ML,CPU,Depth Estimation (HP),"97%
",13943
545538,"MacBook Air (13-inch, 2025)",Apple Silicon,Core ML,CPU,Depth Estimation (Q),"86%
",9784
545538,"MacBook Air (13-inch, 2025)",Apple Silicon,Core ML,CPU,Style Transfer (SP),"100%
",21732
545538,"MacBook Air (13-inch, 2025)",Apple Silicon,Core ML,CPU,Style Transfer (HP),"100%
",39282
545538,"MacBook Air (13-inch, 2025)",Apple Silicon,Core ML,CPU,Style Transfer (Q),"96%
",32169
545538,"MacBook Air (13-inch, 2025)",Apple Silicon,Core ML,CPU,Image Super-Resolution (SP),"100%
",5181
545538,"MacBook Air (13-inch, 2025)",Apple Silicon,Core ML,CPU,Image Super-Resolution (HP),"100%
",7255
545538,"MacBook Air (13-inch, 2025)",Apple Silicon,Core ML,CPU,Image Super-Resolution (Q),"99%
",5033
545538,"MacBook Air (13-inch, 2025)",Apple Silicon,Core ML,CPU,Text Classification (SP),"99%
",6619
545538,"MacBook Air (13-inch, 2025)",Apple Silicon,Core ML,CPU,Text Classification (HP),"100%
",10154
545538,"MacBook Air (13-inch, 2025)",Apple Silicon,Core ML,CPU,Text Classification (Q),"93%
",10372
545538,"MacBook Air (13-inch, 2025)",Apple Silicon,Core ML,CPU,Machine Translation (SP),"100%
",4439
545538,"MacBook Air (13-inch, 2025)",Apple Silicon,Core ML,CPU,Machine Translation (HP),"98%
",7443
545538,"MacBook Air (13-inch, 2025)",Apple Silicon,Core ML,CPU,Machine Translation (Q),"98%
",7385
545537,MacBook Pro（14 英寸，M5）,Apple Silicon,Core ML,CPU,Image Classification (SP),"100%
",2252
545537,MacBook Pro（14 英寸，M5）,Apple Silicon,Core ML,CPU,Image Classification (HP),"100%
",3682
545537,MacBook Pro（14 英寸，M5）,Apple Silicon,Core ML,CPU,Image Classification (Q),"96%
",2466
545537,MacBook Pro（14 英寸，M5）,Apple Silicon,Core ML,CPU,Image Segmentation (SP),"100%
",2394
545537,MacBook Pro（14 英寸，M5）,Apple Silicon,Core ML,CPU,Image Segmentation (HP),"100%
",3540
545537,MacBook Pro（14 英寸，M5）,Apple Silicon,Core ML,CPU,Image Segmentation (Q),"99%
",3795
545537,MacBook Pro（14 英寸，M5）,Apple Silicon,Core ML,CPU,Pose Estimation (SP),"100%
",11103
545537,MacBook Pro（14 英寸，M5）,Apple Silicon,Core ML,CPU,Pose Estimation (HP),"100%
",20601
545537,MacBook Pro（14 英寸，M5）,Apple Silicon,Core ML,CPU,Pose Estimation (Q),"95%
",17802
545537,MacBook Pro（14 英寸，M5）,Apple Silicon,Core ML,CPU,Object Detection (SP),"100%
",2678
545537,MacBook Pro（14 英寸，M5）,Apple Silicon,Core ML,CPU,Object Detection (HP),"97%
",4210
545537,MacBook Pro（14 英寸，M5）,Apple Silicon,Core ML,CPU,Object Detection (Q),"94%
",2921
545537,MacBook Pro（14 英寸，M5）,Apple Silicon,Core ML,CPU,Face Detection (SP),"100%
",4624
545537,MacBook Pro（14 英寸，M5）,Apple Silicon,Core ML,CPU,Face Detection (HP),"100%
",8282
545537,MacBook Pro（14 英寸，M5）,Apple Silicon,Core ML,CPU,Face Detection (Q),"100%
",4738
545537,MacBook Pro（14 英寸，M5）,Apple Silicon,Core ML,CPU,Depth Estimation (SP),"100%
",9102
545537,MacBook Pro（14 英寸，M5）,Apple Silicon,Core ML,CPU,Depth Estimation (HP),"97%
",15099
545537,MacBook Pro（14 英寸，M5）,Apple Silicon,Core ML,CPU,Depth Estimation (Q),"86%
",10493
545537,MacBook Pro（14 英寸，M5）,Apple Silicon,Core ML,CPU,Style Transfer (SP),"100%
",26194
545537,MacBook Pro（14 英寸，M5）,Apple Silicon,Core ML,CPU,Style Transfer (HP),"100%
",41288
545537,MacBook Pro（14 英寸，M5）,Apple Silicon,Core ML,CPU,Style Transfer (Q),"96%
",33760
545537,MacBook Pro（14 英寸，M5）,Apple Silicon,Core ML,CPU,Image Super-Resolution (SP),"100%
",5981
545537,MacBook Pro（14 英寸，M5）,Apple Silicon,Core ML,CPU,Image Super-Resolution (HP),"100%
",7345
545537,MacBook Pro（14 英寸，M5）,Apple Silicon,Core ML,CPU,Image Super-Resolution (Q),"99%
",5174
545537,MacBook Pro（14 英寸，M5）,Apple Silicon,Core ML,CPU,Text Classification (SP),"100%
",3032
545537,MacBook Pro（14 英寸，M5）,Apple Silicon,Core ML,CPU,Text Classification (HP),"99%
",5632
545537,MacBook Pro（14 英寸，M5）,Apple Silicon,Core ML,CPU,Text Classification (Q),"93%
",5665
545537,MacBook Pro（14 英寸，M5）,Apple Silicon,Core ML,CPU,Machine Translation (SP),"100%
",5067
545537,MacBook Pro（14 英寸，M5）,Apple Silicon,Core ML,CPU,Machine Translation (HP),"98%
",9678
545537,MacBook Pro（14 英寸，M5）,Apple Silicon,Core ML,CPU,Machine Translation (Q),"98%
",9741
545732,"MacBook Pro (16-inch, Nov 2023)",Apple Silicon,Core ML,CPU,Image Classification (SP),"100%
",1726
545732,"MacBook Pro (16-inch, Nov 2023)",Apple Silicon,Core ML,CPU,Image Classification (HP),"100%
",2062
545732,"MacBook Pro (16-inch, Nov 2023)",Apple Silicon,Core ML,CPU,Image Classification (Q),"99%
",2028
545732,"MacBook Pro (16-inch, Nov 2023)",Apple Silicon,Core ML,CPU,Image Segmentation (SP),"100%
",1486
545732,"MacBook Pro (16-inch, Nov 2023)",Apple Silicon,Core ML,CPU,Image Segmentation (HP),"100%
",1441
545732,"MacBook Pro (16-inch, Nov 2023)",Apple Silicon,Core ML,CPU,Image Segmentation (Q),"100%
",1442
545732,"MacBook Pro (16-inch, Nov 2023)",Apple Silicon,Core ML,CPU,Pose Estimation (SP),"100%
",8685
545732,"MacBook Pro (16-inch, Nov 2023)",Apple Silicon,Core ML,CPU,Pose Estimation (HP),"100%
",17163
545732,"MacBook Pro (16-inch, Nov 2023)",Apple Silicon,Core ML,CPU,Pose Estimation (Q),"96%
",14594
545732,"MacBook Pro (16-inch, Nov 2023)",Apple Silicon,Core ML,CPU,Object Detection (SP),"100%
",1876
545732,"MacBook Pro (16-inch, Nov 2023)",Apple Silicon,Core ML,CPU,Object Detection (HP),"97%
",2550
545732,"MacBook Pro (16-inch, Nov 2023)",Apple Silicon,Core ML,CPU,Object Detection (Q),"94%
",1980
545732,"MacBook Pro (16-inch, Nov 2023)",Apple Silicon,Core ML,CPU,Face Detection (SP),"100%
",3518
545732,"MacBook Pro (16-inch, Nov 2023)",Apple Silicon,Core ML,CPU,Face Detection (HP),"100%
",5129
545732,"MacBook Pro (16-inch, Nov 2023)",Apple Silicon,Core ML,CPU,Face Detection (Q),"100%
",3410
545732,"MacBook Pro (16-inch, Nov 2023)",Apple Silicon,Core ML,CPU,Depth Estimation (SP),"100%
",6777
545732,"MacBook Pro (16-inch, Nov 2023)",Apple Silicon,Core ML,CPU,Depth Estimation (HP),"99%
",9693
545732,"MacBook Pro (16-inch, Nov 2023)",Apple Silicon,Core ML,CPU,Depth Estimation (Q),"96%
",4497
545732,"MacBook Pro (16-inch, Nov 2023)",Apple Silicon,Core ML,CPU,Style Transfer (SP),"100%
",19993
545732,"MacBook Pro (16-inch, Nov 2023)",Apple Silicon,Core ML,CPU,Style Transfer (HP),"100%
",29529
545732,"MacBook Pro (16-inch, Nov 2023)",Apple Silicon,Core ML,CPU,Style Transfer (Q),"100%
",29711
545732,"MacBook Pro (16-inch, Nov 2023)",Apple Silicon,Core ML,CPU,Image Super-Resolution (SP),"100%
",4936
545732,"MacBook Pro (16-inch, Nov 2023)",Apple Silicon,Core ML,CPU,Image Super-Resolution (HP),"100%
",5248
545732,"MacBook Pro (16-inch, Nov 2023)",Apple Silicon,Core ML,CPU,Image Super-Resolution (Q),"98%
",4186
545732,"MacBook Pro (16-inch, Nov 2023)",Apple Silicon,Core ML,CPU,Text Classification (SP),"100%
",2730
545732,"MacBook Pro (16-inch, Nov 2023)",Apple Silicon,Core ML,CPU,Text Classification (HP),"100%
",4628
545732,"MacBook Pro (16-inch, Nov 2023)",Apple Silicon,Core ML,CPU,Text Classification (Q),"93%
",4560
545732,"MacBook Pro (16-inch, Nov 2023)",Apple Silicon,Core ML,CPU,Machine Translation (SP),"100%
",3043
545732,"MacBook Pro (16-inch, Nov 2023)",Apple Silicon,Core ML,CPU,Machine Translation (HP),"98%
",4723
545732,"MacBook Pro (16-inch, Nov 2023)",Apple Silicon,Core ML,CPU,Machine Translation (Q),"98%
",4635
545762,MacBook Pro（16 英寸，M5 Pro 或 M5 Max）,Apple Silicon,Core ML,CPU,Image Classification (SP),"100%
",1659
545762,MacBook Pro（16 英寸，M5 Pro 或 M5 Max）,Apple Silicon,Core ML,CPU,Image Classification (HP),"100%
",3065
545762,MacBook Pro（16 英寸，M5 Pro 或 M5 Max）,Apple Silicon,Core ML,CPU,Image Classification (Q),"94%
",1760
545762,MacBook Pro（16 英寸，M5 Pro 或 M5 Max）,Apple Silicon,Core ML,CPU,Image Segmentation (SP),"100%
",1851
545762,MacBook Pro（16 英寸，M5 Pro 或 M5 Max）,Apple Silicon,Core ML,CPU,Image Segmentation (HP),"100%
",2591
545762,MacBook Pro（16 英寸，M5 Pro 或 M5 Max）,Apple Silicon,Core ML,CPU,Image Segmentation (Q),"99%
",2797
545762,MacBook Pro（16 英寸，M5 Pro 或 M5 Max）,Apple Silicon,Core ML,CPU,Pose Estimation (SP),"100%
",7785
545762,MacBook Pro（16 英寸，M5 Pro 或 M5 Max）,Apple Silicon,Core ML,CPU,Pose Estimation (HP),"99%
",16133
545762,MacBook Pro（16 英寸，M5 Pro 或 M5 Max）,Apple Silicon,Core ML,CPU,Pose Estimation (Q),"97%
",13633
545762,MacBook Pro（16 英寸，M5 Pro 或 M5 Max）,Apple Silicon,Core ML,CPU,Object Detection (SP),"100%
",2026
545762,MacBook Pro（16 英寸，M5 Pro 或 M5 Max）,Apple Silicon,Core ML,CPU,Object Detection (HP),"98%
",3619
545762,MacBook Pro（16 英寸，M5 Pro 或 M5 Max）,Apple Silicon,Core ML,CPU,Object Detection (Q),"88%
",2235
545762,MacBook Pro（16 英寸，M5 Pro 或 M5 Max）,Apple Silicon,Core ML,CPU,Face Detection (SP),"100%
",3931
545762,MacBook Pro（16 英寸，M5 Pro 或 M5 Max）,Apple Silicon,Core ML,CPU,Face Detection (HP),"100%
",7612
545762,MacBook Pro（16 英寸，M5 Pro 或 M5 Max）,Apple Silicon,Core ML,CPU,Face Detection (Q),"100%
",3725
545762,MacBook Pro（16 英寸，M5 Pro 或 M5 Max）,Apple Silicon,Core ML,CPU,Depth Estimation (SP),"100%
",6148
545762,MacBook Pro（16 英寸，M5 Pro 或 M5 Max）,Apple Silicon,Core ML,CPU,Depth Estimation (HP),"98%
",10856
545762,MacBook Pro（16 英寸，M5 Pro 或 M5 Max）,Apple Silicon,Core ML,CPU,Depth Estimation (Q),"85%
",6991
545762,MacBook Pro（16 英寸，M5 Pro 或 M5 Max）,Apple Silicon,Core ML,CPU,Style Transfer (SP),"100%
",18516
545762,MacBook Pro（16 英寸，M5 Pro 或 M5 Max）,Apple Silicon,Core ML,CPU,Style Transfer (HP),"100%
",31793
545762,MacBook Pro（16 英寸，M5 Pro 或 M5 Max）,Apple Silicon,Core ML,CPU,Style Transfer (Q),"96%
",25244
545762,MacBook Pro（16 英寸，M5 Pro 或 M5 Max）,Apple Silicon,Core ML,CPU,Image Super-Resolution (SP),"100%
",4535
545762,MacBook Pro（16 英寸，M5 Pro 或 M5 Max）,Apple Silicon,Core ML,CPU,Image Super-Resolution (HP),"100%
",8387
545762,MacBook Pro（16 英寸，M5 Pro 或 M5 Max）,Apple Silicon,Core ML,CPU,Image Super-Resolution (Q),"99%
",4661
545762,MacBook Pro（16 英寸，M5 Pro 或 M5 Max）,Apple Silicon,Core ML,CPU,Text Classification (SP),"100%
",4138
545762,MacBook Pro（16 英寸，M5 Pro 或 M5 Max）,Apple Silicon,Core ML,CPU,Text Classification (HP),"99%
",6517
545762,MacBook Pro（16 英寸，M5 Pro 或 M5 Max）,Apple Silicon,Core ML,CPU,Text Classification (Q),"93%
",6587
545762,MacBook Pro（16 英寸，M5 Pro 或 M5 Max）,Apple Silicon,Core ML,CPU,Machine Translation (SP),"100%
",4548
545762,MacBook Pro（16 英寸，M5 Pro 或 M5 Max）,Apple Silicon,Core ML,CPU,Machine Translation (HP),"100%
",6716
545762,MacBook Pro（16 英寸，M5 Pro 或 M5 Max）,Apple Silicon,Core ML,CPU,Machine Translation (Q),"98%
",6690
545781,"MacBook Pro (16-inch, 2023)",Apple Silicon,Core ML,CPU,Image Classification (SP),"100%
",1408
545781,"MacBook Pro (16-inch, 2023)",Apple Silicon,Core ML,CPU,Image Classification (HP),"100%
",2309
545781,"MacBook Pro (16-inch, 2023)",Apple Silicon,Core ML,CPU,Image Classification (Q),"96%
",1690
545781,"MacBook Pro (16-inch, 2023)",Apple Silicon,Core ML,CPU,Image Segmentation (SP),"100%
",1691
545781,"MacBook Pro (16-inch, 2023)",Apple Silicon,Core ML,CPU,Image Segmentation (HP),"100%
",2542
545781,"MacBook Pro (16-inch, 2023)",Apple Silicon,Core ML,CPU,Image Segmentation (Q),"99%
",2939
545781,"MacBook Pro (16-inch, 2023)",Apple Silicon,Core ML,CPU,Pose Estimation (SP),"100%
",11721
545781,"MacBook Pro (16-inch, 2023)",Apple Silicon,Core ML,CPU,Pose Estimation (HP),"100%
",26530
545781,"MacBook Pro (16-inch, 2023)",Apple Silicon,Core ML,CPU,Pose Estimation (Q),"95%
",20380
545781,"MacBook Pro (16-inch, 2023)",Apple Silicon,Core ML,CPU,Object Detection (SP),"100%
",1668
545781,"MacBook Pro (16-inch, 2023)",Apple Silicon,Core ML,CPU,Object Detection (HP),"97%
",2721
545781,"MacBook Pro (16-inch, 2023)",Apple Silicon,Core ML,CPU,Object Detection (Q),"94%
",2004
545781,"MacBook Pro (16-inch, 2023)",Apple Silicon,Core ML,CPU,Face Detection (SP),"100%
",3694
545781,"MacBook Pro (16-inch, 2023)",Apple Silicon,Core ML,CPU,Face Detection (HP),"100%
",6078
545781,"MacBook Pro (16-inch, 2023)",Apple Silicon,Core ML,CPU,Face Detection (Q),"100%
",3412
545781,"MacBook Pro (16-inch, 2023)",Apple Silicon,Core ML,CPU,Depth Estimation (SP),"100%
",6131
545781,"MacBook Pro (16-inch, 2023)",Apple Silicon,Core ML,CPU,Depth Estimation (HP),"98%
",11761
545781,"MacBook Pro (16-inch, 2023)",Apple Silicon,Core ML,CPU,Depth Estimation (Q),"85%
",8116
545781,"MacBook Pro (16-inch, 2023)",Apple Silicon,Core ML,CPU,Style Transfer (SP),"100%
",25172
545781,"MacBook Pro (16-inch, 2023)",Apple Silicon,Core ML,CPU,Style Transfer (HP),"100%
",40967
545781,"MacBook Pro (16-inch, 2023)",Apple Silicon,Core ML,CPU,Style Transfer (Q),"96%
",32803
545781,"MacBook Pro (16-inch, 2023)",Apple Silicon,Core ML,CPU,Image Super-Resolution (SP),"100%
",4819
545781,"MacBook Pro (16-inch, 2023)",Apple Silicon,Core ML,CPU,Image Super-Resolution (HP),"100%
",6229
545781,"MacBook Pro (16-inch, 2023)",Apple Silicon,Core ML,CPU,Image Super-Resolution (Q),"99%
",4494
545781,"MacBook Pro (16-inch, 2023)",Apple Silicon,Core ML,CPU,Text Classification (SP),"100%
",4507
545781,"MacBook Pro (16-inch, 2023)",Apple Silicon,Core ML,CPU,Text Classification (HP),"99%
",6866
545781,"MacBook Pro (16-inch, 2023)",Apple Silicon,Core ML,CPU,Text Classification (Q),"93%
",6994
545781,"MacBook Pro (16-inch, 2023)",Apple Silicon,Core ML,CPU,Machine Translation (SP),"100%
",4360
545781,"MacBook Pro (16-inch, 2023)",Apple Silicon,Core ML,CPU,Machine Translation (HP),"98%
",7807
545781,"MacBook Pro (16-inch, 2023)",Apple Silicon,Core ML,CPU,Machine Translation (Q),"98%
",7805
545782,"MacBook Pro (16-inch, 2023)",Apple Silicon,Core ML,GPU,Image Classification (SP),"100%
",6649
545782,"MacBook Pro (16-inch, 2023)",Apple Silicon,Core ML,GPU,Image Classification (HP),"100%
",6718
545782,"MacBook Pro (16-inch, 2023)",Apple Silicon,Core ML,GPU,Image Classification (Q),"94%
",6336
545782,"MacBook Pro (16-inch, 2023)",Apple Silicon,Core ML,GPU,Image Segmentation (SP),"100%
",14867
545782,"MacBook Pro (16-inch, 2023)",Apple Silicon,Core ML,GPU,Image Segmentation (HP),"100%
",14900
545782,"MacBook Pro (16-inch, 2023)",Apple Silicon,Core ML,GPU,Image Segmentation (Q),"99%
",13662
545782,"MacBook Pro (16-inch, 2023)",Apple Silicon,Core ML,GPU,Pose Estimation (SP),"100%
",82635
545782,"MacBook Pro (16-inch, 2023)",Apple Silicon,Core ML,GPU,Pose Estimation (HP),"100%
",89048
545782,"MacBook Pro (16-inch, 2023)",Apple Silicon,Core ML,GPU,Pose Estimation (Q),"96%
",86129
545782,"MacBook Pro (16-inch, 2023)",Apple Silicon,Core ML,GPU,Object Detection (SP),"100%
",6462
545782,"MacBook Pro (16-inch, 2023)",Apple Silicon,Core ML,GPU,Object Detection (HP),"100%
",6556
545782,"MacBook Pro (16-inch, 2023)",Apple Silicon,Core ML,GPU,Object Detection (Q),"91%
",6315
545782,"MacBook Pro (16-inch, 2023)",Apple Silicon,Core ML,GPU,Face Detection (SP),"100%
",28525
545782,"MacBook Pro (16-inch, 2023)",Apple Silicon,Core ML,GPU,Face Detection (HP),"100%
",29770
545782,"MacBook Pro (16-inch, 2023)",Apple Silicon,Core ML,GPU,Face Detection (Q),"100%
",27028
545782,"MacBook Pro (16-inch, 2023)",Apple Silicon,Core ML,GPU,Depth Estimation (SP),"100%
",32984
545782,"MacBook Pro (16-inch, 2023)",Apple Silicon,Core ML,GPU,Depth Estimation (HP),"99%
",34705
545782,"MacBook Pro (16-inch, 2023)",Apple Silicon,Core ML,GPU,Depth Estimation (Q),"85%
",32298
545782,"MacBook Pro (16-inch, 2023)",Apple Silicon,Core ML,GPU,Style Transfer (SP),"100%
",135034
545782,"MacBook Pro (16-inch, 2023)",Apple Silicon,Core ML,GPU,Style Transfer (HP),"100%
",154241
545782,"MacBook Pro (16-inch, 2023)",Apple Silicon,Core ML,GPU,Style Transfer (Q),"96%
",150252
545782,"MacBook Pro (16-inch, 2023)",Apple Silicon,Core ML,GPU,Image Super-Resolution (SP),"100%
",19838
545782,"MacBook Pro (16-inch, 2023)",Apple Silicon,Core ML,GPU,Image Super-Resolution (HP),"100%
",23708
545782,"MacBook Pro (16-inch, 2023)",Apple Silicon,Core ML,GPU,Image Super-Resolution (Q),"99%
",20410
545782,"MacBook Pro (16-inch, 2023)",Apple Silicon,Core ML,GPU,Text Classification (SP),"99%
",4412
545782,"MacBook Pro (16-inch, 2023)",Apple Silicon,Core ML,GPU,Text Classification (HP),"100%
",7037
545782,"MacBook Pro (16-inch, 2023)",Apple Silicon,Core ML,GPU,Text Classification (Q),"93%
",6890
545782,"MacBook Pro (16-inch, 2023)",Apple Silicon,Core ML,GPU,Machine Translation (SP),"100%
",5143
545782,"MacBook Pro (16-inch, 2023)",Apple Silicon,Core ML,GPU,Machine Translation (HP),"100%
",5246
545782,"MacBook Pro (16-inch, 2023)",Apple Silicon,Core ML,GPU,Machine Translation (Q),"98%
",2420
545783,"MacBook Pro (16-inch, 2023)",Apple Silicon,Core ML,Neural Engine,Image Classification (SP),"100%
",1406
545783,"MacBook Pro (16-inch, 2023)",Apple Silicon,Core ML,Neural Engine,Image Classification (HP),"100%
",14024
545783,"MacBook Pro (16-inch, 2023)",Apple Silicon,Core ML,Neural Engine,Image Classification (Q),"97%
",16893
545783,"MacBook Pro (16-inch, 2023)",Apple Silicon,Core ML,Neural Engine,Image Segmentation (SP),"100%
",1695
545783,"MacBook Pro (16-inch, 2023)",Apple Silicon,Core ML,Neural Engine,Image Segmentation (HP),"100%
",19954
545783,"MacBook Pro (16-inch, 2023)",Apple Silicon,Core ML,Neural Engine,Image Segmentation (Q),"99%
",25474
545783,"MacBook Pro (16-inch, 2023)",Apple Silicon,Core ML,Neural Engine,Pose Estimation (SP),"100%
",11912
545783,"MacBook Pro (16-inch, 2023)",Apple Silicon,Core ML,Neural Engine,Pose Estimation (HP),"100%
",105887
545783,"MacBook Pro (16-inch, 2023)",Apple Silicon,Core ML,Neural Engine,Pose Estimation (Q),"95%
",104429
545783,"MacBook Pro (16-inch, 2023)",Apple Silicon,Core ML,Neural Engine,Object Detection (SP),"100%
",1638
545783,"MacBook Pro (16-inch, 2023)",Apple Silicon,Core ML,Neural Engine,Object Detection (HP),"99%
",15888
545783,"MacBook Pro (16-inch, 2023)",Apple Silicon,Core ML,Neural Engine,Object Detection (Q),"89%
",17553
545783,"MacBook Pro (16-inch, 2023)",Apple Silicon,Core ML,Neural Engine,Face Detection (SP),"100%
",3687
545783,"MacBook Pro (16-inch, 2023)",Apple Silicon,Core ML,Neural Engine,Face Detection (HP),"100%
",38064
545783,"MacBook Pro (16-inch, 2023)",Apple Silicon,Core ML,Neural Engine,Face Detection (Q),"100%
",51142
545783,"MacBook Pro (16-inch, 2023)",Apple Silicon,Core ML,Neural Engine,Depth Estimation (SP),"100%
",6094
545783,"MacBook Pro (16-inch, 2023)",Apple Silicon,Core ML,Neural Engine,Depth Estimation (HP),"99%
",88152
545783,"MacBook Pro (16-inch, 2023)",Apple Silicon,Core ML,Neural Engine,Depth Estimation (Q),"85%
",109790
545783,"MacBook Pro (16-inch, 2023)",Apple Silicon,Core ML,Neural Engine,Style Transfer (SP),"100%
",25330
545783,"MacBook Pro (16-inch, 2023)",Apple Silicon,Core ML,Neural Engine,Style Transfer (HP),"100%
",207739
545783,"MacBook Pro (16-inch, 2023)",Apple Silicon,Core ML,Neural Engine,Style Transfer (Q),"96%
",189286
545783,"MacBook Pro (16-inch, 2023)",Apple Silicon,Core ML,Neural Engine,Image Super-Resolution (SP),"100%
",4786
545783,"MacBook Pro (16-inch, 2023)",Apple Silicon,Core ML,Neural Engine,Image Super-Resolution (HP),"100%
",43502
545783,"MacBook Pro (16-inch, 2023)",Apple Silicon,Core ML,Neural Engine,Image Super-Resolution (Q),"99%
",49151
545783,"MacBook Pro (16-inch, 2023)",Apple Silicon,Core ML,Neural Engine,Text Classification (SP),"99%
",4432
545783,"MacBook Pro (16-inch, 2023)",Apple Silicon,Core ML,Neural Engine,Text Classification (HP),"99%
",6819
545783,"MacBook Pro (16-inch, 2023)",Apple Silicon,Core ML,Neural Engine,Text Classification (Q),"92%
",6769
545783,"MacBook Pro (16-inch, 2023)",Apple Silicon,Core ML,Neural Engine,Machine Translation (SP),"100%
",4318
545783,"MacBook Pro (16-inch, 2023)",Apple Silicon,Core ML,Neural Engine,Machine Translation (HP),"100%
",4213
545783,"MacBook Pro (16-inch, 2023)",Apple Silicon,Core ML,Neural Engine,Machine Translation (Q),"98%
",4382
545790,MacBook Pro（16 英寸，M5 Pro 或 M5 Max）,Apple Silicon,Core ML,CPU,Image Classification (SP),"100%
",2412
545790,MacBook Pro（16 英寸，M5 Pro 或 M5 Max）,Apple Silicon,Core ML,CPU,Image Classification (HP),"100%
",4350
545790,MacBook Pro（16 英寸，M5 Pro 或 M5 Max）,Apple Silicon,Core ML,CPU,Image Classification (Q),"94%
",2453
545790,MacBook Pro（16 英寸，M5 Pro 或 M5 Max）,Apple Silicon,Core ML,CPU,Image Segmentation (SP),"100%
",2548
545790,MacBook Pro（16 英寸，M5 Pro 或 M5 Max）,Apple Silicon,Core ML,CPU,Image Segmentation (HP),"100%
",3501
545790,MacBook Pro（16 英寸，M5 Pro 或 M5 Max）,Apple Silicon,Core ML,CPU,Image Segmentation (Q),"99%
",4222
545790,MacBook Pro（16 英寸，M5 Pro 或 M5 Max）,Apple Silicon,Core ML,CPU,Pose Estimation (SP),"100%
",10746
545790,MacBook Pro（16 英寸，M5 Pro 或 M5 Max）,Apple Silicon,Core ML,CPU,Pose Estimation (HP),"99%
",23575
545790,MacBook Pro（16 英寸，M5 Pro 或 M5 Max）,Apple Silicon,Core ML,CPU,Pose Estimation (Q),"97%
",20023
545790,MacBook Pro（16 英寸，M5 Pro 或 M5 Max）,Apple Silicon,Core ML,CPU,Object Detection (SP),"100%
",2872
545790,MacBook Pro（16 英寸，M5 Pro 或 M5 Max）,Apple Silicon,Core ML,CPU,Object Detection (HP),"98%
",5011
545790,MacBook Pro（16 英寸，M5 Pro 或 M5 Max）,Apple Silicon,Core ML,CPU,Object Detection (Q),"88%
",3199
545790,MacBook Pro（16 英寸，M5 Pro 或 M5 Max）,Apple Silicon,Core ML,CPU,Face Detection (SP),"100%
",5747
545790,MacBook Pro（16 英寸，M5 Pro 或 M5 Max）,Apple Silicon,Core ML,CPU,Face Detection (HP),"100%
",10865
545790,MacBook Pro（16 英寸，M5 Pro 或 M5 Max）,Apple Silicon,Core ML,CPU,Face Detection (Q),"100%
",5555
545790,MacBook Pro（16 英寸，M5 Pro 或 M5 Max）,Apple Silicon,Core ML,CPU,Depth Estimation (SP),"100%
",8986
545790,MacBook Pro（16 英寸，M5 Pro 或 M5 Max）,Apple Silicon,Core ML,CPU,Depth Estimation (HP),"98%
",15758
545790,MacBook Pro（16 英寸，M5 Pro 或 M5 Max）,Apple Silicon,Core ML,CPU,Depth Estimation (Q),"85%
",10085
545790,MacBook Pro（16 英寸，M5 Pro 或 M5 Max）,Apple Silicon,Core ML,CPU,Style Transfer (SP),"100%
",26871
545790,MacBook Pro（16 英寸，M5 Pro 或 M5 Max）,Apple Silicon,Core ML,CPU,Style Transfer (HP),"100%
",47042
545790,MacBook Pro（16 英寸，M5 Pro 或 M5 Max）,Apple Silicon,Core ML,CPU,Style Transfer (Q),"96%
",37451
545790,MacBook Pro（16 英寸，M5 Pro 或 M5 Max）,Apple Silicon,Core ML,CPU,Image Super-Resolution (SP),"100%
",6553
545790,MacBook Pro（16 英寸，M5 Pro 或 M5 Max）,Apple Silicon,Core ML,CPU,Image Super-Resolution (HP),"100%
",12123
545790,MacBook Pro（16 英寸，M5 Pro 或 M5 Max）,Apple Silicon,Core ML,CPU,Image Super-Resolution (Q),"99%
",6646
545790,MacBook Pro（16 英寸，M5 Pro 或 M5 Max）,Apple Silicon,Core ML,CPU,Text Classification (SP),"100%
",5821
545790,MacBook Pro（16 英寸，M5 Pro 或 M5 Max）,Apple Silicon,Core ML,CPU,Text Classification (HP),"99%
",9501
545790,MacBook Pro（16 英寸，M5 Pro 或 M5 Max）,Apple Silicon,Core ML,CPU,Text Classification (Q),"93%
",9487
545790,MacBook Pro（16 英寸，M5 Pro 或 M5 Max）,Apple Silicon,Core ML,CPU,Machine Translation (SP),"100%
",6383
545790,MacBook Pro（16 英寸，M5 Pro 或 M5 Max）,Apple Silicon,Core ML,CPU,Machine Translation (HP),"100%
",9610
545790,MacBook Pro（16 英寸，M5 Pro 或 M5 Max）,Apple Silicon,Core ML,CPU,Machine Translation (Q),"98%
",9660
545792,MacBook Pro（16 英寸，M5 Pro 或 M5 Max）,Apple Silicon,Core ML,Neural Engine,Image Classification (SP),"100%
",2361
545792,MacBook Pro（16 英寸，M5 Pro 或 M5 Max）,Apple Silicon,Core ML,Neural Engine,Image Classification (HP),"100%
",19658
545792,MacBook Pro（16 英寸，M5 Pro 或 M5 Max）,Apple Silicon,Core ML,Neural Engine,Image Classification (Q),"97%
",24815
545792,MacBook Pro（16 英寸，M5 Pro 或 M5 Max）,Apple Silicon,Core ML,Neural Engine,Image Segmentation (SP),"100%
",2491
545792,MacBook Pro（16 英寸，M5 Pro 或 M5 Max）,Apple Silicon,Core ML,Neural Engine,Image Segmentation (HP),"100%
",25535
545792,MacBook Pro（16 英寸，M5 Pro 或 M5 Max）,Apple Silicon,Core ML,Neural Engine,Image Segmentation (Q),"99%
",37596
545792,MacBook Pro（16 英寸，M5 Pro 或 M5 Max）,Apple Silicon,Core ML,Neural Engine,Pose Estimation (SP),"100%
",10656
545792,MacBook Pro（16 英寸，M5 Pro 或 M5 Max）,Apple Silicon,Core ML,Neural Engine,Pose Estimation (HP),"100%
",181796
545792,MacBook Pro（16 英寸，M5 Pro 或 M5 Max）,Apple Silicon,Core ML,Neural Engine,Pose Estimation (Q),"95%
",332480
545792,MacBook Pro（16 英寸，M5 Pro 或 M5 Max）,Apple Silicon,Core ML,Neural Engine,Object Detection (SP),"100%
",2880
545792,MacBook Pro（16 英寸，M5 Pro 或 M5 Max）,Apple Silicon,Core ML,Neural Engine,Object Detection (HP),"100%
",21266
545792,MacBook Pro（16 英寸，M5 Pro 或 M5 Max）,Apple Silicon,Core ML,Neural Engine,Object Detection (Q),"89%
",28310
545792,MacBook Pro（16 英寸，M5 Pro 或 M5 Max）,Apple Silicon,Core ML,Neural Engine,Face Detection (SP),"100%
",5663
545792,MacBook Pro（16 英寸，M5 Pro 或 M5 Max）,Apple Silicon,Core ML,Neural Engine,Face Detection (HP),"100%
",52163
545792,MacBook Pro（16 英寸，M5 Pro 或 M5 Max）,Apple Silicon,Core ML,Neural Engine,Face Detection (Q),"100%
",81204
545792,MacBook Pro（16 英寸，M5 Pro 或 M5 Max）,Apple Silicon,Core ML,Neural Engine,Depth Estimation (SP),"100%
",8995
545792,MacBook Pro（16 英寸，M5 Pro 或 M5 Max）,Apple Silicon,Core ML,Neural Engine,Depth Estimation (HP),"99%
",133542
545792,MacBook Pro（16 英寸，M5 Pro 或 M5 Max）,Apple Silicon,Core ML,Neural Engine,Depth Estimation (Q),"85%
",215198
545792,MacBook Pro（16 英寸，M5 Pro 或 M5 Max）,Apple Silicon,Core ML,Neural Engine,Style Transfer (SP),"100%
",26773
545792,MacBook Pro（16 英寸，M5 Pro 或 M5 Max）,Apple Silicon,Core ML,Neural Engine,Style Transfer (HP),"100%
",312057
545792,MacBook Pro（16 英寸，M5 Pro 或 M5 Max）,Apple Silicon,Core ML,Neural Engine,Style Transfer (Q),"96%
",403708
545792,MacBook Pro（16 英寸，M5 Pro 或 M5 Max）,Apple Silicon,Core ML,Neural Engine,Image Super-Resolution (SP),"100%
",6556
545792,MacBook Pro（16 英寸，M5 Pro 或 M5 Max）,Apple Silicon,Core ML,Neural Engine,Image Super-Resolution (HP),"100%
",61222
545792,MacBook Pro（16 英寸，M5 Pro 或 M5 Max）,Apple Silicon,Core ML,Neural Engine,Image Super-Resolution (Q),"99%
",94026
545792,MacBook Pro（16 英寸，M5 Pro 或 M5 Max）,Apple Silicon,Core ML,Neural Engine,Text Classification (SP),"100%
",6098
545792,MacBook Pro（16 英寸，M5 Pro 或 M5 Max）,Apple Silicon,Core ML,Neural Engine,Text Classification (HP),"99%
",9544
545792,MacBook Pro（16 英寸，M5 Pro 或 M5 Max）,Apple Silicon,Core ML,Neural Engine,Text Classification (Q),"93%
",9224
545792,MacBook Pro（16 英寸，M5 Pro 或 M5 Max）,Apple Silicon,Core ML,Neural Engine,Machine Translation (SP),"100%
",6348
545792,MacBook Pro（16 英寸，M5 Pro 或 M5 Max）,Apple Silicon,Core ML,Neural Engine,Machine Translation (HP),"100%
",17539
545792,MacBook Pro（16 英寸，M5 Pro 或 M5 Max）,Apple Silicon,Core ML,Neural Engine,Machine Translation (Q),"98%
",16768
