id,uploaded,device,chip,framework,sp_score,hp_score,q_score
542798,"Mon, 03 Aug 2026 04:54:58 +0000","MacBook Pro (16-inch, 2021)",Apple M1 Max,Core ML Neural Engine,3847,16564,16361
542799,"Mon, 03 Aug 2026 04:56:37 +0000","MacBook Pro (16-inch, 2021)",Apple M1 Max,Core ML CPU,3759,6256,5007
542800,"Mon, 03 Aug 2026 05:00:42 +0000",ASUSTeK COMPUTER INC. ASUS EXPERTCENTER P500SV,13th Gen Intel(R) Core(TM) i7-13620H,OpenVINO CPU,4962,4969,11229
542801,"Mon, 03 Aug 2026 05:08:04 +0000",iPhone 16 Pro Max,Apple A18 Pro,Core ML CPU,3784,6459,5160
542802,"Mon, 03 Aug 2026 05:10:25 +0000",Hewlett-Packard HP Compaq Pro 6300 SFF,Intel Core i5-3470,ONNX CPU,884,499,794
542803,"Mon, 03 Aug 2026 05:24:40 +0000",ASUSTeK COMPUTER INC. ROG Xbox Ally RC73YA_RC73YA,AMD Ryzen Z2 A,ONNX CPU,1537,777,1866
542804,"Mon, 03 Aug 2026 05:45:37 +0000","MacBook Pro (14-inch, 2023)",Apple M2 Pro,Core ML CPU,3306,5545,4343
542805,"Mon, 03 Aug 2026 05:45:54 +0000",HP HP EliteBook 8 Flip G2i 13 inch Notebook Next Gen AI PC,Intel(R) Core(TM) Ultra 7 366H,ONNX CPU,4788,1956,8961
542806,"Mon, 03 Aug 2026 05:47:34 +0000",ASUS System Product Name,NVIDIA GeForce RTX 4060 Ti,ONNX DirectML,21270,35457,16390
542807,"Mon, 03 Aug 2026 05:48:18 +0000","MacBook Pro (14-inch, 2023)",Apple M2 Pro,Core ML GPU,10621,11769,10700
542808,"Mon, 03 Aug 2026 05:48:28 +0000",HP HP EliteBook 8 Flip G2i 13 inch Notebook Next Gen AI PC,Intel(R) Graphics,ONNX DirectML,6323,12010,4217
542809,"Mon, 03 Aug 2026 05:50:47 +0000","MacBook Pro (14-inch, 2023)",Apple M2 Pro,Core ML Neural Engine,3309,26890,29809
542810,"Mon, 03 Aug 2026 05:54:10 +0000","MacBook Pro (14-inch, 2023)",Apple M2 Pro,Core ML CPU,3292,5513,4331
542811,"Mon, 03 Aug 2026 05:56:05 +0000",ASUS System Product Name,NVIDIA GeForce RTX 4060 Ti,ONNX DirectML,21470,35532,16370
542812,"Mon, 03 Aug 2026 05:57:05 +0000",LENOVO 83KF,Intel(R) Arc(TM) Graphics,ONNX DirectML,8578,12766,5761
542813,"Mon, 03 Aug 2026 05:57:34 +0000",ASUSTeK COMPUTER INC. ROG Zephyrus G14 GA402XV_GA402XV,NVIDIA GeForce RTX 4060 Laptop GPU,ONNX DirectML,17117,29715,13571
542814,"Mon, 03 Aug 2026 05:58:32 +0000",Dell Inc. Dell Pro 3 16 P316265,AMD Ryzen AI 5 PRO 435 w/ Radeon 840M,ONNX CPU,2532,1394,5676
542815,"Mon, 03 Aug 2026 05:59:35 +0000",LENOVO 83KF,Intel(R) Arc(TM) Graphics,ONNX DirectML,8577,12629,5728
542816,"Mon, 03 Aug 2026 05:59:48 +0000",ASUSTeK COMPUTER INC. ROG Zephyrus G14 GA402XV_GA402XV,AMD Ryzen 9 7940HS w/ Radeon 780M Graphics,OpenVINO CPU,4761,4789,14127
542817,"Mon, 03 Aug 2026 06:00:52 +0000",Dell Inc. Dell Pro 3 14 P314265,AMD Ryzen AI 5 PRO 435 w/ Radeon 840M,ONNX CPU,2404,1377,5826
542818,"Mon, 03 Aug 2026 06:01:29 +0000",Dell Inc. Dell Pro 3 16 P316265,AMD Ryzen AI 5 PRO 435 w/ Radeon 840M,OpenVINO CPU,3441,3414,9492
542819,"Mon, 03 Aug 2026 06:01:29 +0000",HP HP EliteBook 8 Flip G2i 13 inch Notebook Next Gen AI PC,Intel(R) AI Boost,OpenVINO NPU,4505,35472,52944
542820,"Mon, 03 Aug 2026 06:02:05 +0000",LENOVO 83KF,Intel(R) Arc(TM) 140T GPU (16GB) (iGPU),OpenVINO GPU,11316,27830,34109
542821,"Mon, 03 Aug 2026 06:02:48 +0000",ASUSTeK COMPUTER INC. ROG Zephyrus G14 GA402XV_GA402XV,AMD Ryzen 9 7940HS,ONNX CPU,2516,1139,5531
542822,"Mon, 03 Aug 2026 06:04:14 +0000",Dell Inc. Dell Pro 3 14 P314265,AMD Ryzen AI 5 PRO 435 w/ Radeon 840M,OpenVINO CPU,3381,3387,9470
542823,"Mon, 03 Aug 2026 06:04:15 +0000",realme RMX5270,ARM ARMv8,TensorFlow Lite NNAPI,231,348,158
542824,"Mon, 03 Aug 2026 06:05:24 +0000",HP HP EliteBook 8 Flip G2i 13 inch Notebook Next Gen AI PC,Intel(R) Graphics (iGPU),OpenVINO GPU,9414,27930,35686
542825,"Mon, 03 Aug 2026 06:08:27 +0000",LENOVO 83KF,Intel(R) Arc(TM) 140T GPU (16GB) (iGPU),OpenVINO GPU,11370,27971,34315
542826,"Mon, 03 Aug 2026 06:12:08 +0000",Alienware Alienware Aurora ACT1250,NVIDIA GeForce RTX 5080,ONNX DirectML,34578,57454,26536
542827,"Mon, 03 Aug 2026 06:20:03 +0000",LENOVO 83KF,Intel(R) Arc(TM) Graphics,ONNX DirectML,8599,12678,5751
542828,"Mon, 03 Aug 2026 06:22:43 +0000",LENOVO 83KF,Intel Core Ultra 7 255H,ONNX CPU,4989,2034,9185
542829,"Mon, 03 Aug 2026 06:24:44 +0000",LENOVO 83KF,Intel(R) Core(TM) Ultra 7 255H,OpenVINO CPU,5465,5557,13019
542830,"Mon, 03 Aug 2026 06:25:15 +0000",Xiaomi 23049PCD8G,ARM ARMv8,TensorFlow Lite CPU,461,794,1078
542831,"Mon, 03 Aug 2026 06:26:22 +0000",HP HP EliteBook 8 G2a 14 inch Notebook Next Gen AI PC,AMD Ryzen AI 7 PRO 450 w/ Radeon 860M,ONNX CPU,4010,2043,9018
542832,"Mon, 03 Aug 2026 06:27:35 +0000",Dell Inc. Latitude 7420,Intel Core i5-1135G7,ONNX CPU,1218,581,2834
542833,"Mon, 03 Aug 2026 06:29:20 +0000",LENOVO 83KF,Intel(R) AI Boost,OpenVINO NPU,5552,10222,15914
542834,"Mon, 03 Aug 2026 06:31:07 +0000",LENOVO 83KF,Intel(R) Arc(TM) 140T GPU (16GB) (iGPU),OpenVINO GPU,11303,27898,34062
542835,"Mon, 03 Aug 2026 06:31:11 +0000",Dell Inc. Latitude 7420,Intel Core i5-1135G7,ONNX CPU,1967,930,4378
542836,"Mon, 03 Aug 2026 06:33:36 +0000",HP HP EliteBook 8 G2a 14 inch Notebook Next Gen AI PC,AMD Radeon(TM) 860M Graphics,ONNX DirectML,6314,10315,4835
542837,"Mon, 03 Aug 2026 06:34:12 +0000",ASUS System Product Name,Intel(R) AI Boost,OpenVINO NPU,9554,10622,16650
542838,"Mon, 03 Aug 2026 06:36:29 +0000",ASUS System Product Name,Intel(R) Core(TM) Ultra 7 270K Plus,ONNX CPU,7086,2622,11947
542839,"Mon, 03 Aug 2026 06:38:36 +0000",HP HP EliteBook 8 G2a 14 inch Notebook Next Gen AI PC,AMD Ryzen AI 7 PRO 450 w/ Radeon 860M,OpenVINO CPU,5200,5176,14354
542840,"Mon, 03 Aug 2026 06:43:10 +0000","Gigabyte Technology Co., Ltd. Z890 EAGLE WIFI7 PLUS",Intel(R) Core(TM) Ultra 7 270K Plus,ONNX CPU,7882,2840,12811
542841,"Mon, 03 Aug 2026 06:47:31 +0000",Xiaomi 23049PCD8G,ARM ARMv8,TensorFlow Lite QNN,311,305,28627
542842,"Mon, 03 Aug 2026 06:49:32 +0000",HP HP EliteBook X G1a 14 inch Notebook Next Gen AI PC,AMD Ryzen AI 9 HX PRO 375 w/ Radeon 890M,ONNX CPU,3295,1565,6437
542843,"Mon, 03 Aug 2026 06:52:23 +0000",HP HP OmniBook 3 Laptop 14-hz0xxx,Snapdragon(R) X - X126100 - Qualcomm(R) Oryon(TM) CPU,ONNX CPU,1568,2600,5373
542844,"Mon, 03 Aug 2026 06:53:03 +0000","Micro-Star International Co., Ltd. Modern 14 C7M",AMD Ryzen 7 7730U,ONNX CPU,2101,1040,3638
542845,"Mon, 03 Aug 2026 06:53:57 +0000",samsung SM-X210,ARM ARMv8,TensorFlow Lite GPU,360,557,439
542846,"Mon, 03 Aug 2026 06:55:03 +0000",HP HP EliteBook X G1a 14 inch Notebook Next Gen AI PC,AMD Radeon(TM) 890M Graphics,ONNX DirectML,8768,13994,5830
542847,"Mon, 03 Aug 2026 06:57:41 +0000",Xiaomi 23049PCD8G,ARM ARMv8,TensorFlow Lite GPU,993,1679,1524
542848,"Mon, 03 Aug 2026 06:57:51 +0000",HP HP EliteBook X G1a 14 inch Notebook Next Gen AI PC,AMD Ryzen AI 9 HX PRO 375 w/ Radeon 890M,OpenVINO CPU,5283,5323,13473
542849,"Mon, 03 Aug 2026 07:02:40 +0000",samsung SM-X210,ARM ARMv8,TensorFlow Lite GPU,359,559,439
542850,"Mon, 03 Aug 2026 07:03:45 +0000",Dell Inc. Latitude 7420,Intel Core i5-1135G7,ONNX CPU,1819,866,4350
542851,"Mon, 03 Aug 2026 07:08:31 +0000","Micro-Star International Co., Ltd. MS-7E45",Intel(R) Core(TM) Ultra 5 245KF,ONNX CPU,5724,2300,10404
542852,"Mon, 03 Aug 2026 07:10:27 +0000","Micro-Star International Co., Ltd. MS-7E45",AMD Radeon RX 9060 XT,ONNX DirectML,23897,36218,20726
542853,"Mon, 03 Aug 2026 07:11:51 +0000",samsung SM-S948W,Qualcomm ARMv8,TensorFlow Lite GPU,2343,3796,3297
542854,"Mon, 03 Aug 2026 07:12:06 +0000",Dell Inc. Latitude 7420,Intel Core i5-1135G7,ONNX CPU,2178,1078,4547
542855,"Mon, 03 Aug 2026 07:12:13 +0000","Gigabyte Technology Co., Ltd. Z890 EAGLE WIFI7 PLUS",NVIDIA GeForce RTX 5090,ONNX DirectML,47613,70708,35198
542856,"Mon, 03 Aug 2026 07:14:13 +0000","iPad17,1",ARM,Core ML Neural Engine,3039,26128,35309
542857,"Mon, 03 Aug 2026 07:17:02 +0000",Xiaomi 2602BPC18G,ARM ARMv8,TensorFlow Lite NNAPI,1091,7998,11093
542858,"Mon, 03 Aug 2026 07:17:10 +0000","Gigabyte Technology Co., Ltd. Z890 EAGLE WIFI7 PLUS",NVIDIA GeForce RTX 5090,ONNX DirectML,47504,70615,35359
542859,"Mon, 03 Aug 2026 07:19:30 +0000",ASUSTeK COMPUTER INC. ROG Xbox Ally RC73YA_RC73YA,AMD Ryzen Z2 A,ONNX CPU,1542,788,1863
542860,"Mon, 03 Aug 2026 07:23:27 +0000",realme RMX5270,ARM ARMv8,TensorFlow Lite GPU,343,585,487
542861,"Mon, 03 Aug 2026 07:26:51 +0000",iPhone 17 Pro Max,Apple A19 Pro,Core ML CPU,5341,8511,6728
542862,"Mon, 03 Aug 2026 07:27:10 +0000",Dell Inc. Latitude 7420,Intel Core i5-1135G7,ONNX CPU,1917,892,4161
542863,"Mon, 03 Aug 2026 07:29:50 +0000",iPhone 17 Pro Max,Apple A19 Pro,Core ML GPU,9974,18719,20254
542864,"Mon, 03 Aug 2026 07:31:13 +0000",ASUS System Product Name,Intel(R) Core(TM) Ultra 5 225F,ONNX CPU,4476,2010,8780
542865,"Mon, 03 Aug 2026 07:33:06 +0000",ASUS System Product Name,Intel(R) Core(TM) Ultra 5 225F,ONNX CPU,4541,2045,8816
542866,"Mon, 03 Aug 2026 07:34:03 +0000",iPhone 17 Pro Max,Apple A19 Pro,Core ML Neural Engine,5252,38454,53331
542867,"Mon, 03 Aug 2026 07:34:35 +0000",samsung SM-S948N,Qualcomm ARMv8,TensorFlow Lite CPU,2824,4414,6711
542868,"Mon, 03 Aug 2026 07:34:46 +0000",Dell Inc. Latitude 7420,Intel Core i5-1135G7,ONNX CPU,2013,989,4258
542869,"Mon, 03 Aug 2026 07:34:59 +0000",ASUS System Product Name,NVIDIA GeForce RTX 5060,ONNX DirectML,19060,34201,14984
542870,"Mon, 03 Aug 2026 07:43:12 +0000",Dell Inc. Latitude 7420,Intel Core i5-1135G7,ONNX CPU,1649,876,4138
542871,"Mon, 03 Aug 2026 07:43:58 +0000",Dell Inc. Latitude 7420,Intel Core i5-1135G7,ONNX CPU,2129,1022,4392
542872,"Mon, 03 Aug 2026 07:44:10 +0000",Xiaomi 23049PCD8G,ARM ARMv8,TensorFlow Lite CPU,1229,2112,2975
542873,"Mon, 03 Aug 2026 07:45:56 +0000",Dell Inc. Latitude 7420,Intel Core i5-1135G7,ONNX CPU,2293,1029,4636
542874,"Mon, 03 Aug 2026 07:47:52 +0000",Dell Inc. Latitude 7420,Intel Core i5-1135G7,ONNX CPU,1661,839,3664
542875,"Mon, 03 Aug 2026 07:51:02 +0000",realme RMX5270,ARM ARMv8,TensorFlow Lite NNAPI,231,349,165
542876,"Mon, 03 Aug 2026 07:53:14 +0000",Dell Inc. Latitude 7420,Intel Core i5-1135G7,ONNX CPU,2136,985,4203
542877,"Mon, 03 Aug 2026 07:53:46 +0000",LENOVO 83KY,Intel(R) AI Boost,OpenVINO NPU,3745,9212,14168
542878,"Mon, 03 Aug 2026 07:55:04 +0000",Dell Inc. Latitude 7420,Intel Core i5-1135G7,ONNX CPU,1716,842,4039
542879,"Mon, 03 Aug 2026 08:00:54 +0000",Dell Inc. Latitude 7420,Intel Core i5-1135G7,ONNX CPU,970,496,2001
542880,"Mon, 03 Aug 2026 08:03:02 +0000",PCSpecialist Intel Z790 Ddr5,Intel Core i9-14900K,ONNX CPU,6093,1877,10217
542881,"Mon, 03 Aug 2026 08:03:34 +0000","Gigabyte Technology Co., Ltd. Z690 UD",Intel Core i9-12900,ONNX CPU,4577,1713,6807
542882,"Mon, 03 Aug 2026 08:09:32 +0000",Dell Inc. Latitude 7420,Intel Core i5-1135G7,ONNX CPU,2000,884,4014
542883,"Mon, 03 Aug 2026 08:13:50 +0000",Dell Inc. Latitude 7420,Intel Core i5-1135G7,ONNX CPU,1987,881,4253
542884,"Mon, 03 Aug 2026 08:18:06 +0000","Gigabyte Technology Co., Ltd. Z690 UD",NVIDIA GeForce RTX 5060,ONNX DirectML,19835,36676,15132
542885,"Mon, 03 Aug 2026 08:21:25 +0000",ASUSTeK COMPUTER INC. ROG Xbox Ally RC73YA_RC73YA,AMD Ryzen Z2 A,ONNX CPU,1513,785,1871
542886,"Mon, 03 Aug 2026 08:21:42 +0000",iPad Air 11-inch (7th generation),Apple M3,Core ML CPU,4302,7562,6075
542887,"Mon, 03 Aug 2026 08:32:15 +0000",Dell Inc. Dell Pro 5 14 P514265,AMD Ryzen AI 7 PRO 450 w/ Radeon 860M,ONNX CPU,3095,1588,7580
542888,"Mon, 03 Aug 2026 08:34:48 +0000",Dell Inc. Dell Pro 5 14 P514265,AMD Ryzen AI 7 PRO 450 w/ Radeon 860M,ONNX CPU,3313,1671,7815
542889,"Mon, 03 Aug 2026 08:36:58 +0000",Dell Inc. Dell Pro 5 14 P514265,AMD Ryzen AI 7 PRO 450 w/ Radeon 860M,OpenVINO CPU,4560,4546,12805
542890,"Mon, 03 Aug 2026 08:38:24 +0000",ASUS System Product Name,NVIDIA GeForce RTX 4080,ONNX DirectML,34789,50928,26450
542891,"Mon, 03 Aug 2026 08:38:32 +0000",HP HP OmniBook 5 Laptop 16-ag1xxx,AMD Ryzen AI 7 350,ONNX CPU,3198,1659,7650
542892,"Mon, 03 Aug 2026 08:46:16 +0000",Dell Inc. Dell Pro 5 16 P516265,AMD Ryzen AI 7 450 w/ Radeon 860M,ONNX CPU,3259,1727,8191
542893,"Mon, 03 Aug 2026 08:48:30 +0000",Dell Inc. Dell Pro 5 16 P516265,AMD Ryzen AI 7 450 w/ Radeon 860M,OpenVINO CPU,4811,4818,13615
542894,"Mon, 03 Aug 2026 08:56:15 +0000",motorola motorola edge 20,ARM ARMv8,TensorFlow Lite CPU,825,1459,1731
542895,"Mon, 03 Aug 2026 08:59:49 +0000",ASUSTeK COMPUTER INC. Vivobook_ASUSLaptop K3605VU_K3605VU,Intel Core i9-13900H,ONNX CPU,2656,1141,4904
542896,"Mon, 03 Aug 2026 09:01:14 +0000",Dell Inc. Dell Pro 7 14 P714260,Intel(R) Core(TM) Ultra 7 366H,ONNX CPU,3679,1361,6782
542897,"Mon, 03 Aug 2026 09:02:07 +0000",motorola motorola edge 20,ARM ARMv8,TensorFlow Lite CPU,777,1344,1518
542898,"Mon, 03 Aug 2026 09:10:44 +0000",Dell Inc. Dell Pro 7 14 P714260,Intel(R) Core(TM) Ultra 7 366H,OpenVINO CPU,4453,3916,7395
542899,"Mon, 03 Aug 2026 09:12:44 +0000",Dell Inc. Dell Pro 7 14 P714260,Intel(R) AI Boost,OpenVINO NPU,4353,40300,63008
542900,"Mon, 03 Aug 2026 09:15:10 +0000",Dell Inc. Dell Pro 7 14 P714260,Intel(R) Graphics (iGPU),OpenVINO GPU,9605,28781,35711
542901,"Mon, 03 Aug 2026 09:15:22 +0000","Gigabyte Technology Co., Ltd. X870 AORUS STEALTH ICE",AMD Radeon RX 9070 XT,ONNX DirectML,37330,53730,32021
542902,"Mon, 03 Aug 2026 09:16:46 +0000",Samsung Galaxy A35,Samsung Exynos 1380,TensorFlow Lite NNAPI,196,359,518
542903,"Mon, 03 Aug 2026 09:17:20 +0000",Dell Inc. Dell Pro 7 14 P714260,Intel(R) Core(TM) Ultra 7 366H,OpenVINO CPU,4194,3796,6834
542904,"Mon, 03 Aug 2026 09:21:05 +0000",ASUS System Product Name,Intel(R) Arc(TM) Pro B50 Graphics (dGPU),OpenVINO GPU,20326,48980,60916
542905,"Mon, 03 Aug 2026 09:22:54 +0000",FUJITSU CLIENT COMPUTING LIMITED FMVUH06001,Intel Core Ultra 7 258V,ONNX CPU,2819,1269,5844
542906,"Mon, 03 Aug 2026 09:30:15 +0000",ASUS ROG Zephyrus G14 GU405AW,Intel(R) Core(TM) Ultra 9 386H,ONNX CPU,4843,1991,8596
542907,"Mon, 03 Aug 2026 09:34:49 +0000",ASUS ROG Zephyrus G14 GU405AW,Intel(R) Graphics,ONNX DirectML,6848,13023,4656
542908,"Mon, 03 Aug 2026 09:35:18 +0000",Dell Inc. Dell Pro 7 14 P714265,AMD Ryzen AI 9 PRO 465 w/ Radeon 880M,ONNX CPU,2989,1516,6330
542909,"Mon, 03 Aug 2026 09:36:44 +0000",ASUS ROG Zephyrus G14 GU405AW,NVIDIA GeForce RTX 5080 Laptop GPU,ONNX DirectML,22866,37422,18191
542910,"Mon, 03 Aug 2026 09:37:23 +0000",Dell Inc. Dell Pro 7 14 P714265,AMD Ryzen AI 9 PRO 465 w/ Radeon 880M,OpenVINO CPU,4747,4688,12653
542911,"Mon, 03 Aug 2026 09:39:08 +0000",iPhone 15 Pro Max,Apple A17 Pro,Core ML CPU,4057,7274,5963
542912,"Mon, 03 Aug 2026 09:41:11 +0000",FUJITSU CLIENT COMPUTING LIMITED FMVUH06001,NVIDIA GeForce GTX 1080,ONNX DirectML,7846,7468,5945
542913,"Mon, 03 Aug 2026 09:41:46 +0000",iPhone 15 Pro Max,Apple A17 Pro,Core ML CPU,4057,7274,5963
542914,"Mon, 03 Aug 2026 09:44:07 +0000",FUJITSU CLIENT COMPUTING LIMITED FMVUH06001,Intel(R) Arc(TM) 140V GPU (16GB),ONNX DirectML,6920,12471,4743
542915,"Mon, 03 Aug 2026 09:46:21 +0000",FUJITSU CLIENT COMPUTING LIMITED FMVUH06001,Intel(R) Arc(TM) 140V GPU (16GB),ONNX DirectML,7079,12362,4885
542916,"Mon, 03 Aug 2026 09:46:26 +0000",B550M Pro4,NVIDIA GeForce RTX 3060,ONNX DirectML,14933,26437,10051
542917,"Mon, 03 Aug 2026 09:49:29 +0000",B550M Pro4,AMD Ryzen 9 5900XT 16-Core Processor,ONNX CPU,4472,1691,6886
542918,"Mon, 03 Aug 2026 09:51:16 +0000",iPhone 15 Pro,Apple A17 Pro,Core ML GPU,5443,6405,6160
542919,"Mon, 03 Aug 2026 09:51:25 +0000",B550M Pro4,NVIDIA GeForce RTX 3060,ONNX DirectML,14929,26475,10078
542920,"Mon, 03 Aug 2026 09:52:12 +0000",ASUS System Product Name,Intel(R) Arc(TM) Pro B60 Graphics (dGPU),OpenVINO GPU,24875,56692,64945
542921,"Mon, 03 Aug 2026 09:52:35 +0000",FUJITSU CLIENT COMPUTING LIMITED FMVUH06001,Intel(R) Core(TM) Ultra 7 258V,OpenVINO CPU,2909,2088,7622
542922,"Mon, 03 Aug 2026 09:53:40 +0000",iPad Pro 11-inch (M4),Apple M4,Core ML GPU,9743,10893,10218
542923,"Mon, 03 Aug 2026 09:53:41 +0000",iPad Pro 11-inch (M4),Apple M4,Core ML GPU,8688,11357,10174
542924,"Mon, 03 Aug 2026 09:53:48 +0000",B550M Pro4,AMD Ryzen 9 5900XT 16-Core Processor,OpenVINO CPU,6405,6326,8730
542925,"Mon, 03 Aug 2026 09:55:47 +0000",FUJITSU CLIENT COMPUTING LIMITED FMVUH06001,Intel(R) Arc(TM) 140V GPU (16GB) (iGPU),OpenVINO GPU,9991,27275,32823
542926,"Mon, 03 Aug 2026 09:56:14 +0000","Micro-Star International Co., Ltd. Raider 16 Max HX B2WI",Intel(R) Core(TM) Ultra 9 290HX Plus,ONNX CPU,6932,2533,10805
542927,"Mon, 03 Aug 2026 09:57:13 +0000",MacBook Air (Late 2020),Apple M1,Core ML CPU,1870,2908,2582
542928,"Mon, 03 Aug 2026 09:58:51 +0000",FUJITSU CLIENT COMPUTING LIMITED FMVUH06001,Intel(R) AI Boost,OpenVINO NPU,2907,31384,49293
542929,"Mon, 03 Aug 2026 09:59:16 +0000",ASUS ROG Zephyrus G14 GU405AW,Intel(R) Core(TM) Ultra 9 386H,OpenVINO CPU,4681,4321,8820
542930,"Mon, 03 Aug 2026 09:59:25 +0000",MacBook Air (Late 2020),Apple M1,Core ML GPU,3497,4146,3843
542931,"Mon, 03 Aug 2026 10:01:54 +0000",ASUS ROG Zephyrus G14 GU405AW,Intel(R) Graphics (iGPU),OpenVINO GPU,9502,27690,34209
542932,"Mon, 03 Aug 2026 10:02:11 +0000",Dell Inc. Dell Pro 14 Premium PA14260,Intel(R) Core(TM) Ultra 7 365,ONNX CPU,3079,1303,6124
542933,"Mon, 03 Aug 2026 10:03:11 +0000",Dell Inc. Precision 7820 Tower,Intel Xeon Gold 6230R,ONNX CPU,2012,729,3366
542934,"Mon, 03 Aug 2026 10:04:08 +0000",iPhone SE (2nd generation),Apple A13 Bionic,Core ML CPU,1816,3268,2699
542935,"Mon, 03 Aug 2026 10:04:32 +0000",Dell Inc. Dell Pro 14 Premium PA14260,Intel(R) AI Boost,OpenVINO NPU,3117,37847,59424
542936,"Mon, 03 Aug 2026 10:05:58 +0000",ASUS ROG Zephyrus G14 GU405AW,Intel(R) AI Boost,OpenVINO NPU,4424,38031,59313
542937,"Mon, 03 Aug 2026 10:06:52 +0000",Dell Inc. Dell Pro 14 Premium PA14260,Intel(R) Graphics (iGPU),OpenVINO GPU,9412,28023,35058
542938,"Mon, 03 Aug 2026 10:10:10 +0000",MacBook Air (Late 2020),Apple M1,Core ML Neural Engine,1442,9485,9788
542939,"Mon, 03 Aug 2026 10:10:11 +0000",ASUSTeK COMPUTER INC. ROG Xbox Ally RC73YA_RC73YA,AMD Ryzen Z2 A,ONNX CPU,1682,823,1965
542940,"Mon, 03 Aug 2026 10:14:11 +0000",Dell Inc. Precision 7820 Tower,Intel(R) Xeon(R) Gold 6230R CPU @ 2.10GHz,OpenVINO CPU,5970,6302,11884
542941,"Mon, 03 Aug 2026 10:14:14 +0000",FUJITSU CLIENT COMPUTING LIMITED FMVUH06001,Intel(R) Arc(TM) 140V GPU (16GB),ONNX DirectML,7035,12375,4887
542942,"Mon, 03 Aug 2026 10:15:39 +0000",iPhone SE (2nd generation),Apple A13 Bionic,Core ML CPU,1816,3268,2699
542943,"Mon, 03 Aug 2026 10:20:04 +0000",ASUS System Product Name,Intel(R) Arc(TM) Pro B60 Graphics (dGPU),OpenVINO GPU,25183,57235,65802
542944,"Mon, 03 Aug 2026 10:26:50 +0000",TECNO TECNO KJ6,ARM ARMv8,TensorFlow Lite CPU,515,893,992
542945,"Mon, 03 Aug 2026 10:35:12 +0000",iPhone 15 Pro Max,Apple A17 Pro,Core ML CPU,3958,7225,5952
542946,"Mon, 03 Aug 2026 10:37:19 +0000",OnePlus CPH2749,Qualcomm ARMv8,TensorFlow Lite CPU,2310,3918,6055
542947,"Mon, 03 Aug 2026 10:39:16 +0000",OnePlus CPH2749,Qualcomm ARMv8,TensorFlow Lite GPU,2930,4363,3936
542948,"Mon, 03 Aug 2026 10:41:44 +0000",ZTE ZTE 8050,ARM Unisoc,TensorFlow Lite CPU,331,595,620
542949,"Mon, 03 Aug 2026 10:45:54 +0000",ASUSTeK COMPUTER INC. ROG Zephyrus M16 GU603ZM_GU603ZM,Intel Core i7-12700H,ONNX CPU,3309,1267,5228
542950,"Mon, 03 Aug 2026 10:47:42 +0000",ASUSTeK COMPUTER INC. ROG Zephyrus M16 GU603ZM_GU603ZM,NVIDIA GeForce RTX 3060 Laptop GPU,ONNX DirectML,14286,25191,9633
542951,"Mon, 03 Aug 2026 10:49:04 +0000",iPad Air 11-inch (M2),Apple M2,Core ML Neural Engine,3502,28248,31601
542952,"Mon, 03 Aug 2026 10:49:10 +0000",iPad Air 11-inch (M2),Apple M2,Core ML Neural Engine,3502,28248,31601
542953,"Mon, 03 Aug 2026 10:50:56 +0000",iPad Air 11-inch (M2),Apple M2,Core ML CPU,3503,6340,5130
542954,"Mon, 03 Aug 2026 10:51:36 +0000",iPad Air 11-inch (M2),Apple M2,Core ML CPU,3503,6340,5130
542955,"Mon, 03 Aug 2026 10:51:54 +0000",OnePlus CPH2749,Qualcomm ARMv8,TensorFlow Lite CPU,2260,4173,6209
542956,"Mon, 03 Aug 2026 10:53:02 +0000",ASUSTeK COMPUTER INC. ROG Zephyrus M16 GU603ZM_GU603ZM,Intel(R) Iris(R) Xe Graphics,ONNX DirectML,2921,2907,1793
542957,"Mon, 03 Aug 2026 10:53:26 +0000",iPhone 12 Mini,Apple A14 Bionic,Core ML Neural Engine,2557,13026,13343
542958,"Mon, 03 Aug 2026 10:57:31 +0000",iPhone 17,Apple A19,Core ML CPU,4975,9309,7042
542959,"Mon, 03 Aug 2026 10:59:48 +0000",Dell Inc. Dell Pro 14 Premium PA14260,Intel(R) AI Boost,OpenVINO NPU,3198,38207,59688
542960,"Mon, 03 Aug 2026 11:01:32 +0000",Dell Inc. Dell Pro 14 Premium PA14260,Intel(R) Graphics (iGPU),OpenVINO GPU,9384,28095,35242
542961,"Mon, 03 Aug 2026 11:04:19 +0000",Dell Inc. Dell Pro 14 Premium PA14260,Intel(R) Core(TM) Ultra 7 365,OpenVINO CPU,3063,2252,8023
542962,"Mon, 03 Aug 2026 11:06:58 +0000","Micro-Star International Co., Ltd. MS-7E41",Intel(R) Core(TM) Ultra 7 270K Plus,ONNX CPU,6873,2481,11277
542963,"Mon, 03 Aug 2026 11:09:19 +0000","Micro-Star International Co., Ltd. MS-7E41",Intel(R) Core(TM) Ultra 7 270K Plus,ONNX CPU,6952,2560,11472
542964,"Mon, 03 Aug 2026 11:10:14 +0000",nubia NX809J,Qualcomm ARMv8,TensorFlow Lite CPU,2133,3478,5006
542965,"Mon, 03 Aug 2026 11:10:25 +0000",iPhone 14,Apple A15 Bionic,Core ML CPU,3294,5791,4669
542966,"Mon, 03 Aug 2026 11:13:44 +0000",Xiaomi Poco F7,Qualcomm Snapdragon 8s Gen 4,TensorFlow Lite CPU,2111,2467,3539
542968,"Mon, 03 Aug 2026 11:32:55 +0000","MacBook Pro (16-inch, Nov 2023)",Apple M3 Max,Core ML CPU,4895,7980,6297
542969,"Mon, 03 Aug 2026 11:34:55 +0000",ADLINK Technology Inc. Chameleon,Intel(R) AI Boost,OpenVINO NPU,1319,8346,12818
542970,"Mon, 03 Aug 2026 11:35:09 +0000","MacBook Pro (16-inch, Nov 2023)",Apple M3 Max,Core ML Neural Engine,4895,29280,31526
542971,"Mon, 03 Aug 2026 11:35:43 +0000",iPhone 12,Apple A14 Bionic,Core ML CPU,2600,4649,3803
542972,"Mon, 03 Aug 2026 11:37:12 +0000","MacBook Pro (16-inch, Nov 2023)",Apple M3 Max,Core ML GPU,21373,23605,22402
542973,"Mon, 03 Aug 2026 11:40:04 +0000","Micro-Star International Co., Ltd. MS-7D98",Intel(R) Arc(TM) B580 Graphics (dGPU),OpenVINO GPU,24699,53983,61399
542974,"Mon, 03 Aug 2026 11:43:37 +0000",iPhone 17 Pro,Apple A19 Pro,Core ML CPU,5313,8454,6708
542975,"Mon, 03 Aug 2026 11:45:59 +0000",Dell Inc. Latitude 7420,Intel Core i5-1135G7,ONNX CPU,2161,1016,4457
542976,"Mon, 03 Aug 2026 11:53:25 +0000",HP Victus by HP Gaming Laptop 15-fb3xxx,NVIDIA GeForce RTX 4050 Laptop GPU,ONNX DirectML,10321,18243,8389
542977,"Mon, 03 Aug 2026 11:56:10 +0000",HP Victus by HP Gaming Laptop 15-fb3xxx,AMD Radeon 740M Graphics,ONNX DirectML,2685,4128,1995
542978,"Mon, 03 Aug 2026 11:58:04 +0000","MacBook Pro (14-inch, 2024)",Apple M4,Core ML CPU,4828,7880,6361
542979,"Mon, 03 Aug 2026 11:59:16 +0000",LENOVO 83F0,Intel Core Ultra 9 275HX,ONNX CPU,5258,2003,8878
542980,"Mon, 03 Aug 2026 12:01:45 +0000",LENOVO 83F0,Intel(R) Core(TM) Ultra 9 275HX,OpenVINO CPU,6992,7006,13611
542981,"Mon, 03 Aug 2026 12:02:29 +0000",ASUS System Product Name,AMD Ryzen 7 9800X3D,ONNX CPU,8837,3226,15146
542982,"Mon, 03 Aug 2026 12:03:57 +0000","Gigabyte Technology Co., Ltd. Z690 AORUS ELITE DDR4",NVIDIA RTX A4000,ONNX DirectML,18157,31929,11822
542983,"Mon, 03 Aug 2026 12:05:49 +0000","Gigabyte Technology Co., Ltd. Z690 AORUS ELITE DDR4",12th Gen Intel(R) Core(TM) i9-12900K,OpenVINO CPU,5959,6335,14958
542984,"Mon, 03 Aug 2026 12:07:23 +0000",iPad mini (7th generation),Apple A17 Pro,Core ML CPU,3068,6177,4631
542985,"Mon, 03 Aug 2026 12:08:20 +0000",ASUS System Product Name,AMD Ryzen 7 9800X3D 8-Core Processor,OpenVINO CPU,14137,14157,33295
542986,"Mon, 03 Aug 2026 12:09:33 +0000",HP HP OmniBook 5 Laptop 16-ag1xxx,AMD Ryzen AI 7 350,ONNX CPU,3406,1757,7676
542987,"Mon, 03 Aug 2026 12:09:53 +0000",ASUS System Product Name,NVIDIA GeForce RTX 5080,ONNX DirectML,39618,67808,29879
542988,"Mon, 03 Aug 2026 12:10:20 +0000",iPad mini (7th generation),Apple A17 Pro,Core ML GPU,4433,4969,4788
542989,"Mon, 03 Aug 2026 12:12:33 +0000",HP HP OmniBook 5 Laptop 16-ag1xxx,AMD Ryzen AI 7 350,ONNX CPU,3284,1714,7758
542990,"Mon, 03 Aug 2026 12:12:44 +0000",iPad mini (7th generation),Apple A17 Pro,Core ML Neural Engine,3888,27747,38954
542991,"Mon, 03 Aug 2026 12:20:27 +0000",Dell Inc. Dell Pro 5 Micro P5M1260,Intel(R) Core(TM) Ultra 5 335,ONNX CPU,3201,1420,6301
542992,"Mon, 03 Aug 2026 12:23:11 +0000",Dell Inc. Dell Pro 5 Micro P5M1260,Intel(R) Core(TM) Ultra 5 335,OpenVINO CPU,3271,2336,8534
542993,"Mon, 03 Aug 2026 12:23:43 +0000",Acer Nitro AN515-58,Intel Core i7-12650H,ONNX CPU,2155,973,4427
542994,"Mon, 03 Aug 2026 12:25:02 +0000",LENOVO 81S9,Intel Core i7-8565U,ONNX CPU,997,500,1622
542995,"Mon, 03 Aug 2026 12:25:45 +0000",Dell Inc. Dell Pro 5 Micro P5M1260,Intel(R) Graphics (iGPU),OpenVINO GPU,8296,25080,32103
542996,"Mon, 03 Aug 2026 12:28:15 +0000",Dell Inc. Dell Pro 5 Micro P5M1260,Intel(R) AI Boost,OpenVINO NPU,3253,33947,52110
542997,"Mon, 03 Aug 2026 12:30:17 +0000",samsung SM-S942B,ARM ARMv8,TensorFlow Lite CPU,2634,3783,3542
542998,"Mon, 03 Aug 2026 12:37:36 +0000",Dell Inc. Dell Pro 3 16 P316265,AMD Ryzen AI 5 PRO 435 w/ Radeon 840M,ONNX CPU,2521,1401,5654
542999,"Mon, 03 Aug 2026 12:39:59 +0000",Dell Inc. Dell Pro 3 16 P316265,AMD Ryzen AI 5 PRO 435 w/ Radeon 840M,OpenVINO CPU,3310,3221,9223
543000,"Mon, 03 Aug 2026 12:53:43 +0000",OnePlus CPH2749,Qualcomm ARMv8,TensorFlow Lite CPU,2329,4057,5812
543001,"Mon, 03 Aug 2026 12:56:00 +0000",samsung SM-S948U,Qualcomm ARMv8,TensorFlow Lite CPU,2775,4324,6568
543002,"Mon, 03 Aug 2026 12:57:27 +0000",LENOVO 90D7A00600,Intel Pentium G3250,ONNX CPU,281,204,392
543003,"Mon, 03 Aug 2026 12:57:58 +0000",samsung SM-F9760,Qualcomm ARMv8,TensorFlow Lite GPU,2233,3445,2893
543004,"Mon, 03 Aug 2026 12:59:28 +0000",iPad (11th generation),Apple A16,Core ML CPU,3635,6588,5369
543005,"Mon, 03 Aug 2026 13:00:44 +0000",samsung SM-F9760,Qualcomm ARMv8,TensorFlow Lite CPU,2060,3197,4588
543006,"Mon, 03 Aug 2026 13:04:53 +0000",samsung SM-F776B,ARM ARMv8,TensorFlow Lite NNAPI,471,425,810
543007,"Mon, 03 Aug 2026 13:06:25 +0000","Mac17,9",Apple M5 Pro,Core ML CPU,5314,9168,7213
543008,"Mon, 03 Aug 2026 13:08:08 +0000",samsung SM-F9760,Qualcomm ARMv8,TensorFlow Lite NNAPI,650,605,1367
543009,"Mon, 03 Aug 2026 13:11:08 +0000",Nothing A009P,ARM ARMv8,TensorFlow Lite CPU,776,1015,1302
543010,"Mon, 03 Aug 2026 13:12:24 +0000",samsung SM-F9760,Qualcomm ARMv8,TensorFlow Lite QNN,592,28185,70249
543011,"Mon, 03 Aug 2026 13:15:09 +0000",LENOVO TB321FU,ARM ARMv8,TensorFlow Lite CPU,2723,3265,4560
543012,"Mon, 03 Aug 2026 13:15:34 +0000",vivo V2332,ARM ARMv8,TensorFlow Lite GPU,192,360,288
543013,"Mon, 03 Aug 2026 13:16:18 +0000",iPhone 15 Pro Max,Apple A17 Pro,Core ML CPU,4038,7313,5969
543014,"Mon, 03 Aug 2026 13:20:28 +0000","MacBook Pro (14-inch, 2024)",Apple M4,Core ML Neural Engine,4827,36580,52766
543015,"Mon, 03 Aug 2026 13:21:17 +0000",iPhone 15 Pro Max,Apple A17 Pro,Core ML CPU,4038,7313,5969
543016,"Mon, 03 Aug 2026 13:22:47 +0000",OnePlus CPH2749,Qualcomm ARMv8,TensorFlow Lite GPU,2883,4331,3843
543017,"Mon, 03 Aug 2026 13:22:59 +0000",iPhone 14 Pro,Apple A16 Bionic,Core ML CPU,3554,6498,5289
543018,"Mon, 03 Aug 2026 13:31:13 +0000",iPhone Air,Apple A19 Pro,Core ML Neural Engine,4644,33507,47777
543019,"Mon, 03 Aug 2026 13:33:39 +0000",Dell Inc. Latitude 7420,Intel Core i5-1135G7,ONNX CPU,1020,532,2234
543020,"Mon, 03 Aug 2026 13:34:12 +0000",Acer Extensa 215-52,Intel Core i5-1035G1,ONNX CPU,436,216,1007
543021,"Mon, 03 Aug 2026 13:34:18 +0000",iPhone 16e,Apple A18,Core ML Neural Engine,4188,34778,49072
543022,"Mon, 03 Aug 2026 13:36:19 +0000",iPhone 16e,Apple A18,Core ML CPU,4143,7001,5573
543023,"Mon, 03 Aug 2026 13:37:52 +0000",iPhone 16e,Apple A18,Core ML Neural Engine,4115,34781,48607
543024,"Mon, 03 Aug 2026 13:38:38 +0000",DIALN PRODUCTS INC X10ULTRA,ARM Unisoc,TensorFlow Lite CPU,113,214,165
543025,"Mon, 03 Aug 2026 13:48:42 +0000",OPPO CPH2863,ARM ARMv8,TensorFlow Lite CPU,1531,1601,2301
543026,"Mon, 03 Aug 2026 13:54:12 +0000",LENOVO 20QRS0FG00,Intel Core i7-9750H,ONNX CPU,1132,483,1592
543027,"Mon, 03 Aug 2026 14:01:25 +0000",System manufacturer System Product Name,AMD Ryzen 9 5950X,TensorFlow Lite CPU,2168,2156,1856
543028,"Mon, 03 Aug 2026 14:01:52 +0000",OPPO CPH2863,ARM ARMv8,TensorFlow Lite GPU,1082,1379,1112
543029,"Mon, 03 Aug 2026 14:03:43 +0000",iPhone 17,Apple A19,Core ML CPU,4515,7438,6089
543030,"Mon, 03 Aug 2026 14:05:35 +0000",ZTE ZTE 8050,ARM Unisoc,TensorFlow Lite GPU,127,252,202
543031,"Mon, 03 Aug 2026 14:09:37 +0000",ASUS System Product Name,AMD Ryzen 5 8600G,ONNX CPU,3411,1697,7280
543032,"Mon, 03 Aug 2026 14:11:35 +0000",ASUS System Product Name,AMD Radeon 760M Graphics,ONNX DirectML,4814,8431,3538
543033,"Mon, 03 Aug 2026 14:19:45 +0000",Micro Computer (HK) Tech Limited AI Series,AMD Ryzen AI 9 HX 370,ONNX CPU,2938,1518,6915
543034,"Mon, 03 Aug 2026 14:22:37 +0000",Google Pixel 7,Google Tensor G2,TensorFlow Lite NNAPI,229,2264,7094
543035,"Mon, 03 Aug 2026 14:24:26 +0000",iPad Pro 11-inch (M4),Apple M4,Core ML CPU,4848,7944,6351
543036,"Mon, 03 Aug 2026 14:24:28 +0000",iPhone 17,Apple A19,Core ML Neural Engine,4364,36458,49721
543037,"Mon, 03 Aug 2026 14:25:25 +0000",Dell Inc. Dell Pro Max Tower T2 FCT2250,Intel(R) AI Boost,OpenVINO NPU,8296,10369,16188
543038,"Mon, 03 Aug 2026 14:25:44 +0000",Acer Aspire Lite  AL15-52H,Intel(R) Core(TM) 5 210H,ONNX CPU,2405,1224,5087
543039,"Mon, 03 Aug 2026 14:26:52 +0000",iPad Pro 11-inch (M4),Apple M4,Core ML GPU,9545,11100,10306
543040,"Mon, 03 Aug 2026 14:27:59 +0000",ILLEGEAR SDN BHD SAPPHIRE GX,Intel Core i9-13900HX,ONNX CPU,3422,1168,6020
543041,"Mon, 03 Aug 2026 14:28:24 +0000",Dell Inc. Dell Pro Max Tower T2 FCT2250,NVIDIA RTX 2000 Ada Generation,ONNX DirectML,15276,27586,11921
543042,"Mon, 03 Aug 2026 14:28:38 +0000",iPad Pro 11-inch (M4),Apple M4,Core ML Neural Engine,4840,36373,51458
543043,"Mon, 03 Aug 2026 14:31:49 +0000",ILLEGEAR SDN BHD SAPPHIRE GX,Intel Core i9-13900HX,ONNX CPU,2421,780,4191
543044,"Mon, 03 Aug 2026 14:36:44 +0000",ILLEGEAR SDN BHD SAPPHIRE GX,NVIDIA GeForce RTX 4080 Laptop GPU,ONNX DirectML,24782,38410,19407
543045,"Mon, 03 Aug 2026 14:38:25 +0000",GIGABYTE GIGABYTE AERO X16 1VH,NVIDIA GeForce RTX 5060 Laptop GPU,ONNX DirectML,16844,32739,13406
543046,"Mon, 03 Aug 2026 14:41:09 +0000",ILLEGEAR SDN BHD SAPPHIRE GX,NVIDIA GeForce RTX 4080 Laptop GPU,ONNX DirectML,26519,40565,20447
543047,"Mon, 03 Aug 2026 14:45:51 +0000","MacBook Pro (16-inch, 2021)",Apple M1 Max,Core ML Neural Engine,3857,16287,15988
543048,"Mon, 03 Aug 2026 14:53:40 +0000",ASRock X600M-STX,AMD Ryzen 5 8600G,ONNX CPU,2528,1278,6234
543049,"Mon, 03 Aug 2026 14:53:58 +0000","Micro-Star International Co., Ltd. MS-7E40",Intel(R) Core(TM) Ultra 5 245K,ONNX CPU,5376,2096,9126
543050,"Mon, 03 Aug 2026 14:56:50 +0000","Micro-Star International Co., Ltd. MS-7E40",Intel(R) Core(TM) Ultra 5 245K,OpenVINO CPU,5183,3631,13042
543051,"Mon, 03 Aug 2026 14:58:36 +0000",ASRock X600M-STX,AMD Radeon 760M Graphics,ONNX DirectML,6536,9956,4995
543052,"Mon, 03 Aug 2026 15:00:13 +0000",iPhone 14 Pro,Apple A16 Bionic,Core ML CPU,3664,6567,5355
543053,"Mon, 03 Aug 2026 15:00:27 +0000",ASRock X600M-STX,AMD Ryzen 5 8600G w/ Radeon 760M Graphics,OpenVINO CPU,4858,4891,13780
543054,"Mon, 03 Aug 2026 15:18:32 +0000",iPhone 14 Pro,Apple A16 Bionic,Core ML CPU,3664,6567,5355
543055,"Mon, 03 Aug 2026 15:21:42 +0000",iPhone 14 Pro,Apple A16 Bionic,Core ML GPU,4076,4392,3931
543056,"Mon, 03 Aug 2026 15:27:34 +0000",Acer Extensa 215-52,Intel Core i5-1035G1,ONNX CPU,680,376,1609
543057,"Mon, 03 Aug 2026 15:38:20 +0000",iPad (8th generation),Apple A12 Bionic,Core ML CPU,579,975,847
543058,"Mon, 03 Aug 2026 15:44:24 +0000",iPhone 14 Pro,Apple A16 Bionic,Core ML GPU,4076,4392,3931
543059,"Mon, 03 Aug 2026 15:45:28 +0000",Google Pixel 6 Pro,Google Tensor,TensorFlow Lite CPU,982,1818,1893
543060,"Mon, 03 Aug 2026 15:58:38 +0000",iPhone 14 Pro,Apple A16 Bionic,Core ML Neural Engine,3654,23128,26874
543061,"Mon, 03 Aug 2026 16:00:26 +0000",Google Pixel 6 Pro,Google Tensor,TensorFlow Lite GPU,853,1189,982
543062,"Mon, 03 Aug 2026 16:03:48 +0000",iPhone 14 Pro,Apple A16 Bionic,Core ML Neural Engine,3654,23128,26874
543063,"Mon, 03 Aug 2026 16:07:05 +0000",samsung SM-A376B,ARM ARMv8,TensorFlow Lite NNAPI,119,123,447
543064,"Mon, 03 Aug 2026 16:15:04 +0000",Google Pixel 6 Pro,Google Tensor,TensorFlow Lite GPU,865,1169,1011
543065,"Mon, 03 Aug 2026 16:20:58 +0000","Mac17,6",Apple M5 Max,Core ML CPU,5483,9472,7295
543066,"Mon, 03 Aug 2026 16:23:17 +0000","Mac17,6",Apple M5 Max,Core ML GPU,29446,46252,43476
543067,"Mon, 03 Aug 2026 16:25:10 +0000","Mac17,6",Apple M5 Max,Core ML Neural Engine,5446,47672,64557
543068,"Mon, 03 Aug 2026 16:28:15 +0000",Xiaomi 2407FPN8EG,ARM ARMv8,TensorFlow Lite NNAPI,771,4373,4231
543069,"Mon, 03 Aug 2026 16:31:12 +0000",iPhone 14 Pro Max,Apple A16 Bionic,Core ML CPU,3569,6535,5321
543070,"Mon, 03 Aug 2026 16:32:00 +0000",Google Pixel 6 Pro,Google Tensor,TensorFlow Lite NNAPI,200,1230,4512
543071,"Mon, 03 Aug 2026 16:32:54 +0000",iPhone 14 Pro Max,Apple A16 Bionic,Core ML CPU,3570,6510,5316
543072,"Mon, 03 Aug 2026 16:39:54 +0000",iPhone 17 Pro,Apple A19 Pro,Core ML Neural Engine,5338,38199,52861
543073,"Mon, 03 Aug 2026 16:40:24 +0000","iPad17,2",ARM,Core ML Neural Engine,5531,41609,59066
543074,"Mon, 03 Aug 2026 16:40:49 +0000",ASUS System Product Name,AMD Ryzen 7 9700X,ONNX CPU,8052,3281,14980
543075,"Mon, 03 Aug 2026 16:46:16 +0000",TOPC TS-12C,AMD Ryzen AI 9 HX 470 w/ Radeon 890M,ONNX CPU,4184,2072,8039
543076,"Mon, 03 Aug 2026 16:47:43 +0000",ASUS System Product Name,NVIDIA GeForce RTX 5070 Ti,ONNX DirectML,35510,62649,26767
543077,"Mon, 03 Aug 2026 16:48:50 +0000",iPhone SE (2nd generation),Apple A13 Bionic,Core ML CPU,1351,2483,2062
543078,"Mon, 03 Aug 2026 16:50:22 +0000",ASUS System Product Name,AMD Ryzen 7 9700X 8-Core Processor,OpenVINO CPU,12721,12821,34484
543079,"Mon, 03 Aug 2026 16:51:24 +0000",TOPC TS-12C,AMD Radeon(TM) 890M Graphics,ONNX DirectML,8695,14927,6394
543080,"Mon, 03 Aug 2026 16:52:05 +0000",samsung SM-A376B,ARM ARMv8,TensorFlow Lite CPU,962,1693,2035
543081,"Mon, 03 Aug 2026 16:53:22 +0000",GMKtec NucBox K13,Intel Core Ultra 7 256V,ONNX CPU,2466,1163,5206
543082,"Mon, 03 Aug 2026 16:53:23 +0000",iPhone 15 Pro Max,Apple A17 Pro,Core ML CPU,4024,7314,5942
543083,"Mon, 03 Aug 2026 16:53:37 +0000",iPhone 15 Pro Max,Apple A17 Pro,Core ML CPU,4024,7314,5942
543084,"Mon, 03 Aug 2026 16:56:37 +0000",ASUSTeK COMPUTER INC. ROG Ally RC71L_RC71L,AMD Ryzen Z1 Extreme,ONNX CPU,2165,1025,4106
543085,"Mon, 03 Aug 2026 17:04:29 +0000",Google Pixel 9,Google Tensor G4,TensorFlow Lite NNAPI,404,5585,11867
543086,"Mon, 03 Aug 2026 17:10:21 +0000",Google Pixel 7 Pro,Google Tensor G2,TensorFlow Lite CPU,758,1265,1335
543087,"Mon, 03 Aug 2026 17:21:59 +0000","MacBook Pro (14-inch, 2024)",Apple M4 Pro,Core ML CPU,6298,9937,7668
543088,"Mon, 03 Aug 2026 17:23:40 +0000","Mac17,6",Apple M5 Max,Core ML CPU,5413,9426,7327
543089,"Mon, 03 Aug 2026 17:25:18 +0000","Mac17,6",Apple M5 Max,Core ML CPU,5394,9389,7281
543090,"Mon, 03 Aug 2026 17:28:30 +0000","iPad17,3",ARM,Core ML CPU,5540,9022,6926
543091,"Mon, 03 Aug 2026 17:28:58 +0000","Mac17,6",Apple M5 Max,Core ML Neural Engine,5443,47217,63086
543092,"Mon, 03 Aug 2026 17:30:06 +0000","MacBook Pro (14-inch, 2024)",Apple M4 Pro,Core ML CPU,6223,9893,7609
543093,"Mon, 03 Aug 2026 17:30:28 +0000",Google Pixel 9,Google Tensor G4,TensorFlow Lite CPU,1992,2198,3186
543094,"Mon, 03 Aug 2026 17:31:31 +0000","Mac17,6",Apple M5 Max,Core ML GPU,29291,45897,43061
543095,"Mon, 03 Aug 2026 17:33:15 +0000","Mac17,6",Apple M5 Max,Core ML CPU,5438,9370,7303
543096,"Mon, 03 Aug 2026 17:35:56 +0000",ASRock A620M Pro RS WiFi,NVIDIA GeForce RTX 5060 Ti,ONNX DirectML,21824,39894,17205
543097,"Mon, 03 Aug 2026 17:38:51 +0000",Xiaomi Poco F7,Qualcomm Snapdragon 8s Gen 4,TensorFlow Lite CPU,1509,1873,2360
543098,"Mon, 03 Aug 2026 17:40:14 +0000","MacBook Pro (16-inch, 2021)",Apple M1 Pro,Core ML Neural Engine,3848,17645,17460
543099,"Mon, 03 Aug 2026 17:42:39 +0000","MacBook Pro (16-inch, 2021)",Apple M1 Pro,Core ML GPU,9922,10867,9759
543100,"Mon, 03 Aug 2026 17:48:47 +0000",Google Pixel 9,Google Tensor G4,TensorFlow Lite GPU,1462,2532,1971
543101,"Mon, 03 Aug 2026 17:52:52 +0000",System manufacturer System Product Name,Intel Core i7-7700,ONNX CPU,1957,958,2750
543102,"Mon, 03 Aug 2026 17:58:22 +0000",System manufacturer System Product Name,Radeon RX Vega,ONNX DirectML,6952,7818,5120
543103,"Mon, 03 Aug 2026 17:59:20 +0000",Xiaomi 2506BPN68G,ARM ARMv8,TensorFlow Lite CPU,916,1002,1334
543104,"Mon, 03 Aug 2026 18:00:13 +0000",System manufacturer System Product Name,Radeon RX 580 Series,ONNX DirectML,6709,6855,4825
543105,"Mon, 03 Aug 2026 18:02:26 +0000",Xiaomi 26021RN18I,ARM ARMv8,TensorFlow Lite GPU,206,341,274
543106,"Mon, 03 Aug 2026 18:03:33 +0000",Xiaomi 2506BPN68G,ARM ARMv8,TensorFlow Lite NNAPI,927,6898,9371
543107,"Mon, 03 Aug 2026 18:04:58 +0000",Xiaomi Poco F7,Qualcomm Snapdragon 8s Gen 4,TensorFlow Lite CPU,1352,1514,2091
543108,"Mon, 03 Aug 2026 18:10:56 +0000",System manufacturer System Product Name,Intel(R) HD Graphics 630,ONNX DirectML,1006,1164,825
543109,"Mon, 03 Aug 2026 18:13:40 +0000",System manufacturer System Product Name,Intel(R) Core(TM) i7-7700 CPU @ 3.60GHz,OpenVINO CPU,2694,2690,3781
543110,"Mon, 03 Aug 2026 18:21:23 +0000",LENOVO 90D7A00600,Intel(R) Pentium(R) CPU G3250 @ 3.20GHz,OpenVINO CPU,170,171,497
543111,"Mon, 03 Aug 2026 18:31:29 +0000",System manufacturer System Product Name,Intel(R) HD Graphics 630 (iGPU),OpenVINO GPU,1793,2574,2460
543112,"Mon, 03 Aug 2026 18:32:02 +0000",Xiaomi 26021RN18I,ARM ARMv8,TensorFlow Lite NNAPI,132,132,373
543113,"Mon, 03 Aug 2026 18:48:12 +0000",Xiaomi 2510ERA8BG,ARM ARMv8,TensorFlow Lite GPU,509,941,787
543114,"Mon, 03 Aug 2026 18:51:23 +0000",LENOVO 83DV,Intel Core i7-13650HX,ONNX CPU,3595,1439,6856
543115,"Mon, 03 Aug 2026 18:54:17 +0000",Nothing CMF Phone 1,MediaTek Dimensity 7300,TensorFlow Lite CPU,878,1602,2020
543116,"Mon, 03 Aug 2026 18:59:56 +0000",Nothing CMF Phone 1,MediaTek Dimensity 7300,TensorFlow Lite GPU,488,695,582
543117,"Mon, 03 Aug 2026 19:02:09 +0000",iPhone 17 Pro Max,Apple A19 Pro,Core ML CPU,5370,8452,6776
543118,"Mon, 03 Aug 2026 19:04:02 +0000","iPad16,8",ARM,Core ML CPU,5174,8506,6780
543119,"Mon, 03 Aug 2026 19:08:36 +0000",Nothing CMF Phone 1,MediaTek Dimensity 7300,TensorFlow Lite NNAPI,534,1312,2664
543120,"Mon, 03 Aug 2026 19:09:25 +0000",vivo V2562,Qualcomm ARMv8,TensorFlow Lite CPU,2051,3371,4705
543121,"Mon, 03 Aug 2026 19:13:54 +0000",Micro Computer (HK) Tech Limited MS-S1 MAX,AMD Ryzen AI Max+ 395,ONNX CPU,5329,2097,9809
543122,"Mon, 03 Aug 2026 19:20:25 +0000",Samsung Galaxy Note20 Ultra 5G,Qualcomm Snapdragon 865+,TensorFlow Lite CPU,415,745,750
543123,"Mon, 03 Aug 2026 19:30:31 +0000",iPad Pro 12.9-inch (4th generation),Apple A12Z Bionic,Core ML CPU,730,1152,1119
543124,"Mon, 03 Aug 2026 19:35:11 +0000","iPad17,4",ARM,Core ML CPU,5585,9065,6984
543125,"Mon, 03 Aug 2026 19:35:49 +0000","SAMSUNG ELECTRONICS CO., LTD. RC530/RC730",Intel Core i5-2410M,ONNX CPU,189,119,172
543126,"Mon, 03 Aug 2026 19:36:06 +0000","Gigabyte Technology Co., Ltd. B550 AORUS PRO AC",AMD Ryzen 5 5600,TensorFlow Lite CPU,2059,2062,1130
543127,"Mon, 03 Aug 2026 19:56:35 +0000",Mac mini (2024),Apple M4,Core ML Neural Engine,2270,31651,43196
543128,"Mon, 03 Aug 2026 19:58:41 +0000",Mac mini (2024),Apple M4,Core ML Neural Engine,2952,35907,48804
543129,"Mon, 03 Aug 2026 20:00:53 +0000",Mac mini (2024),Apple M4,Core ML GPU,10746,13049,12379
543130,"Mon, 03 Aug 2026 20:09:26 +0000","Gigabyte Technology Co., Ltd. Z390 AORUS ULTRA",Intel Core i9-9900K,TensorFlow Lite CPU,1747,1731,1300
543131,"Mon, 03 Aug 2026 20:14:06 +0000",Acer Swift SFG16-I71T,Intel(R) Core(TM) Ultra 5 322,OpenVINO CPU,1743,1201,4668
543132,"Mon, 03 Aug 2026 20:14:16 +0000",Dell Inc. XPS 13 DX13260,Intel(R) Core(TM) 5 320,OpenVINO CPU,1763,1248,4647
543133,"Mon, 03 Aug 2026 20:17:04 +0000",Dell Inc. XPS 13 DX13260,Intel(R) Graphics (iGPU),OpenVINO GPU,4843,15974,20434
543134,"Mon, 03 Aug 2026 20:17:10 +0000",Acer Swift SFG16-I71T,Intel(R) Graphics (iGPU),OpenVINO GPU,4895,16461,19711
543135,"Mon, 03 Aug 2026 20:18:13 +0000","MacBook Pro (14-inch, 2024)",Apple M4 Pro,Core ML Neural Engine,6350,40169,55872
543136,"Mon, 03 Aug 2026 20:29:40 +0000",HP HP ZBook 17 G6,NVIDIA Quadro RTX 4000,ONNX DirectML,9756,15770,7000
543137,"Mon, 03 Aug 2026 20:33:59 +0000",Mac mini (2024),Apple M4,Core ML CPU,4919,8211,6620
543138,"Mon, 03 Aug 2026 20:37:44 +0000","MacBook Pro (14-inch, 2024)",Apple M4,Core ML GPU,11455,13496,12871
543139,"Mon, 03 Aug 2026 20:43:20 +0000",Dell Inc. XPS 13 DX13260,Intel(R) AI Boost,OpenVINO NPU,1766,17875,28658
543140,"Mon, 03 Aug 2026 20:43:27 +0000",Acer Swift SFG16-I71T,Intel(R) AI Boost,OpenVINO NPU,1749,34131,50289
543141,"Mon, 03 Aug 2026 21:00:44 +0000",iPad Pro (11-inch),Apple A12X Bionic,Core ML CPU,1042,1603,1403
543142,"Mon, 03 Aug 2026 21:00:48 +0000",iPad Pro (11-inch),Apple A12X Bionic,Core ML CPU,1042,1603,1403
543143,"Mon, 03 Aug 2026 21:03:41 +0000",MacBook Air (2022),Apple M2,Core ML Neural Engine,3393,28175,31528
543144,"Mon, 03 Aug 2026 21:07:21 +0000",iPad Pro (11-inch),Apple A12X Bionic,Core ML GPU,1158,1411,397
543145,"Mon, 03 Aug 2026 21:10:29 +0000","Micro-Star International Co., Ltd. GL65 Leopard 10SFK",Intel Core i7-10750H,ONNX CPU,1353,711,2148
543146,"Mon, 03 Aug 2026 21:14:02 +0000",Microsoft Corporation Surface Pro for Business 13in 12th Ed Snapdragon,Snapdragon X2 Plus @ 4.03 GHz,ONNX CPU,1241,2711,5962
543147,"Mon, 03 Aug 2026 21:14:09 +0000",iPhone 14 Pro Max,Apple A16 Bionic,Core ML Neural Engine,3650,23065,26912
543148,"Mon, 03 Aug 2026 21:14:29 +0000",iPhone 14 Pro Max,Apple A16 Bionic,Core ML Neural Engine,3650,23065,26912
543149,"Mon, 03 Aug 2026 21:19:10 +0000","Micro-Star International Co., Ltd. GL65 Leopard 10SFK",NVIDIA GeForce RTX 2070,ONNX DirectML,9769,16781,6783
543150,"Mon, 03 Aug 2026 21:22:00 +0000",MacBook Air (2022),Apple M2,Core ML GPU,6633,7346,6796
543151,"Mon, 03 Aug 2026 21:22:15 +0000","Micro-Star International Co., Ltd. MS-7D22",NVIDIA GeForce RTX 3080,ONNX DirectML,19198,29114,11754
543152,"Mon, 03 Aug 2026 21:23:06 +0000",Mac mini (2024),Apple M4 Pro,Core ML Neural Engine,6248,40906,56612
543153,"Mon, 03 Aug 2026 21:30:12 +0000",Samsung Galaxy S24 Ultra,Qualcomm Snapdragon 8 Gen 3,TensorFlow Lite CPU,2235,2636,3614
543154,"Mon, 03 Aug 2026 21:32:12 +0000","MacPro7,1",AMD Radeon RX 6800 XT,Core ML GPU,8233,8765,2011
543155,"Mon, 03 Aug 2026 21:33:47 +0000",iPhone 17 Pro,Apple A19 Pro,Core ML CPU,5473,9986,7374
543156,"Mon, 03 Aug 2026 21:34:45 +0000",Dell Inc. Dell Pro Precision 5 16 PW516261,Intel(R) Core(TM) Ultra 7 366H,ONNX CPU,4715,1913,9021
543157,"Mon, 03 Aug 2026 21:40:52 +0000",Dell Inc. Dell Pro Precision 5 16 PW516261,Intel(R) Graphics,ONNX DirectML,6323,12071,4226
543158,"Mon, 03 Aug 2026 21:48:22 +0000",Dell Inc. Dell Pro Precision 7 16 PW716260,Intel(R) Core(TM) Ultra X7 368H,ONNX CPU,5054,1959,8642
543159,"Mon, 03 Aug 2026 21:56:00 +0000",Dell Inc. Dell Pro Precision 7 16 PW716260,Intel(R) Arc(TM) Pro B390 GPU,ONNX DirectML,12238,21882,8125
543160,"Mon, 03 Aug 2026 22:12:13 +0000",iPhone 17 Pro Max,Apple A19 Pro,Core ML Neural Engine,5298,38191,52739
543161,"Mon, 03 Aug 2026 22:12:53 +0000",iPhone 17 Pro Max,Apple A19 Pro,Core ML Neural Engine,5298,38191,52739
543162,"Mon, 03 Aug 2026 22:15:01 +0000",iPhone 17 Pro Max,Apple A19 Pro,Core ML CPU,5309,8549,6710
543163,"Mon, 03 Aug 2026 22:47:57 +0000",Dell Inc. Dell 14S DS14265,AMD Ryzen AI 7 445 w/ Radeon 840M,ONNX CPU,1555,905,3472
543164,"Mon, 03 Aug 2026 22:48:00 +0000","Micro-Star International Co., Ltd. MS-7E32",Intel(R) Core(TM) Ultra 7 265K,OpenVINO CPU,6847,4948,16925
543165,"Mon, 03 Aug 2026 22:48:16 +0000",LENOVO 20YS005NUS,Intel Core i7-11800H,ONNX CPU,3359,1444,6471
543166,"Mon, 03 Aug 2026 22:50:50 +0000","Micro-Star International Co., Ltd. MS-7E32",Intel(R) Graphics (iGPU),OpenVINO GPU,5596,9243,14206
543167,"Mon, 03 Aug 2026 22:51:24 +0000",Dell Inc. Dell 14S DS14265,AMD Radeon(TM) 840M Graphics,ONNX DirectML,3572,4303,3362
543168,"Mon, 03 Aug 2026 22:53:01 +0000","Micro-Star International Co., Ltd. MS-7E32",Intel(R) AI Boost,OpenVINO NPU,6842,10147,15976
543169,"Mon, 03 Aug 2026 22:57:56 +0000",Samsung Galaxy A55,Samsung Exynos 1480,TensorFlow Lite CPU,875,1520,1765
543170,"Mon, 03 Aug 2026 23:05:27 +0000","Micro-Star International Co., Ltd. MS-7D91",Intel Core i7-14700,ONNX CPU,5032,1786,7443
543171,"Mon, 03 Aug 2026 23:05:58 +0000",Samsung Galaxy A55,Samsung Exynos 1480,TensorFlow Lite GPU,416,598,490
543172,"Mon, 03 Aug 2026 23:11:48 +0000",iPad Pro (11-inch),Apple A12X Bionic,Core ML GPU,1158,1411,397
543173,"Mon, 03 Aug 2026 23:19:49 +0000",Samsung Galaxy A55,Samsung Exynos 1480,TensorFlow Lite NNAPI,119,122,445
543174,"Mon, 03 Aug 2026 23:31:09 +0000",vivo V2337A,ARM ARMv8,TensorFlow Lite QNN,283,20706,55097
543175,"Mon, 03 Aug 2026 23:36:10 +0000",ASUSTeK COMPUTER INC. ROG Xbox Ally RC73YA_RC73YA,AMD Ryzen Z2 A,ONNX CPU,1578,815,1886
543176,"Mon, 03 Aug 2026 23:45:57 +0000",samsung SM-F976U1,Qualcomm ARMv8,TensorFlow Lite CPU,2326,3852,5633
543177,"Mon, 03 Aug 2026 23:48:14 +0000",motorola moto g play - 2024,ARM ARMv8,TensorFlow Lite CPU,233,233,230
543178,"Mon, 03 Aug 2026 23:48:34 +0000","Gigabyte Technology Co., Ltd. X670E AORUS PRO X",NVIDIA GeForce RTX 5070 Ti,ONNX DirectML,31780,54070,24033
543179,"Mon, 03 Aug 2026 23:49:22 +0000",ASUS ROG Zephyrus G16 GU606AW,Intel(R) Core(TM) Ultra 9 386H,OpenVINO CPU,4626,4571,8977
543180,"Mon, 03 Aug 2026 23:49:31 +0000",Samsung Galaxy Z Flip5,Qualcomm Snapdragon 8 Gen 2,TensorFlow Lite CPU,1170,1306,1796
543181,"Mon, 03 Aug 2026 23:51:42 +0000",ASUS ROG Zephyrus G16 GU606AW,Intel(R) Graphics (iGPU),OpenVINO GPU,9566,28231,35800
543182,"Mon, 03 Aug 2026 23:54:30 +0000",ASUS ROG Zephyrus G16 GU606AW,Intel(R) AI Boost,OpenVINO NPU,4467,37758,59290
543183,"Mon, 03 Aug 2026 23:55:01 +0000","iPhone18,5",ARM,Core ML CPU,4724,7855,6276
543184,"Mon, 03 Aug 2026 23:55:11 +0000","iPhone18,5",ARM,Core ML CPU,4724,7855,6276
543185,"Mon, 03 Aug 2026 23:56:24 +0000",ASUS ROG Zephyrus G16 GU606AW,NVIDIA GeForce RTX 5080 Laptop GPU,ONNX DirectML,21517,35698,17029
543186,"Mon, 03 Aug 2026 23:58:16 +0000","iPhone18,5",ARM,Core ML GPU,7798,15890,16536
543187,"Mon, 03 Aug 2026 23:59:46 +0000","iPhone18,5",ARM,Core ML GPU,7798,15890,16536
543188,"Tue, 04 Aug 2026 00:00:42 +0000",iPad (6th generation),Apple A10 Fusion,Core ML CPU,394,18,18
543189,"Tue, 04 Aug 2026 00:01:46 +0000","iPhone18,5",ARM,Core ML Neural Engine,4637,36987,51318
543190,"Tue, 04 Aug 2026 00:03:11 +0000","iPhone18,5",ARM,Core ML Neural Engine,4637,36987,51318
543191,"Tue, 04 Aug 2026 00:06:01 +0000",iPhone 12,Apple A14 Bionic,Core ML CPU,2811,4979,4135
543192,"Tue, 04 Aug 2026 00:07:56 +0000",iPhone 12,Apple A14 Bionic,Core ML CPU,2811,4979,4135
543193,"Tue, 04 Aug 2026 00:09:37 +0000",motorola moto g play - 2024,ARM ARMv8,TensorFlow Lite GPU,146,220,198
543194,"Tue, 04 Aug 2026 00:11:39 +0000",iPhone 12,Apple A14 Bionic,Core ML GPU,2161,2416,2248
543195,"Tue, 04 Aug 2026 00:12:04 +0000",iPhone 12,Apple A14 Bionic,Core ML GPU,2161,2416,2248
543196,"Tue, 04 Aug 2026 00:13:10 +0000",Acer Aspire A16-52M,Intel(R) AI Boost,OpenVINO NPU,2630,29944,51537
543197,"Tue, 04 Aug 2026 00:14:27 +0000",iPhone 12,Apple A14 Bionic,Core ML Neural Engine,2877,12252,12488
543198,"Tue, 04 Aug 2026 00:15:05 +0000",iPad Air (3rd generation),Apple A12 Bionic,Core ML CPU,692,1165,1044
543199,"Tue, 04 Aug 2026 00:15:52 +0000",iPhone 12,Apple A14 Bionic,Core ML Neural Engine,2877,12252,12488
543200,"Tue, 04 Aug 2026 00:16:29 +0000",samsung SM-S948B,Qualcomm ARMv8,TensorFlow Lite CPU,2788,4672,6805
543201,"Tue, 04 Aug 2026 00:19:16 +0000",samsung SM-S948B,Qualcomm ARMv8,TensorFlow Lite GPU,3116,4796,4072
543202,"Tue, 04 Aug 2026 00:38:42 +0000",ASUSTeK COMPUTER INC. ROG Xbox Ally RC73YA_RC73YA,AMD Ryzen Z2 A,ONNX CPU,1584,804,1810
543203,"Tue, 04 Aug 2026 00:44:40 +0000",ASUSTeK COMPUTER INC. ROG Xbox Ally RC73YA_RC73YA,AMD Ryzen Z2 A,ONNX CPU,1626,806,1914
543204,"Tue, 04 Aug 2026 00:48:36 +0000",ASUSTeK COMPUTER INC. ROG Xbox Ally RC73YA_RC73YA,AMD Ryzen Z2 A,ONNX CPU,1549,794,1885
543205,"Tue, 04 Aug 2026 00:55:26 +0000",ASUSTeK COMPUTER INC. ASUS EXPERTCENTER P500SV,13th Gen Intel(R) Core(TM) i7-13620H,OpenVINO CPU,4891,4966,11288
543206,"Tue, 04 Aug 2026 00:56:43 +0000",ASUSTeK COMPUTER INC. ROG Xbox Ally RC73YA_RC73YA,AMD Ryzen Z2 A,ONNX CPU,1601,819,1954
543207,"Tue, 04 Aug 2026 01:05:14 +0000",ASUSTeK COMPUTER INC. ROG Xbox Ally RC73YA_RC73YA,AMD Ryzen Z2 A,ONNX CPU,1475,776,1824
543208,"Tue, 04 Aug 2026 01:08:54 +0000",ASUSTeK COMPUTER INC. ROG Xbox Ally RC73YA_RC73YA,AMD Ryzen Z2 A,ONNX CPU,1625,825,1916
543209,"Tue, 04 Aug 2026 01:21:58 +0000",iPhone 17,Apple A19,Core ML GPU,8568,16471,17437
543210,"Tue, 04 Aug 2026 01:23:41 +0000",iPhone 17,Apple A19,Core ML Neural Engine,4730,38068,54487
543211,"Tue, 04 Aug 2026 01:24:56 +0000",samsung SM-F976U1,Qualcomm ARMv8,TensorFlow Lite QNN,603,27519,66204
543212,"Tue, 04 Aug 2026 01:25:10 +0000",iPhone 17,Apple A19,Core ML CPU,4852,8988,6874
543213,"Tue, 04 Aug 2026 01:27:23 +0000",Acer Aspire A16-52M,Intel(R) AI Boost,OpenVINO NPU,2568,29668,50059
543214,"Tue, 04 Aug 2026 01:27:49 +0000",ASUS System Product Name,AMD Ryzen 5 5600G,ONNX CPU,1891,912,3244
543215,"Tue, 04 Aug 2026 01:39:31 +0000",HP HP ZBook 8 G2a 14 inch Mobile Workstation PC,AMD Ryzen AI 9 HX PRO 470 w/ Radeon 890M,ONNX CPU,3786,1829,7255
543216,"Tue, 04 Aug 2026 01:45:44 +0000",iPhone 13,Apple A15 Bionic,Core ML Neural Engine,3274,21726,25188
543217,"Tue, 04 Aug 2026 01:49:19 +0000",HP HP ZBook 8 G2a 14 inch Mobile Workstation PC,AMD Radeon(TM) 890M Graphics,ONNX DirectML,7001,12011,5497
543218,"Tue, 04 Aug 2026 01:54:08 +0000",HP HP ZBook 8 G2a 14 inch Mobile Workstation PC,AMD Ryzen AI 9 HX PRO 470 w/ Radeon 890M,OpenVINO CPU,5708,5708,14728
543219,"Tue, 04 Aug 2026 01:57:01 +0000",ASUSTeK COMPUTER INC. ROG Xbox Ally RC73YA_RC73YA,AMD Ryzen Z2 A,ONNX CPU,1666,841,1984
543220,"Tue, 04 Aug 2026 02:09:20 +0000",Shuttle Inc. SX79R,Radeon RX 560 XT,ONNX DirectML,5918,5968,4256
543221,"Tue, 04 Aug 2026 02:12:36 +0000",HP HP EliteBook X G2a 14 inch Notebook Next Gen AI PC,AMD Ryzen AI 7 PRO 450 w/ Radeon 860M,ONNX CPU,2778,1526,7418
543222,"Tue, 04 Aug 2026 02:16:07 +0000",GEEKOM IT13 Max,Intel(R) Core(TM) Ultra 9 185H,OpenVINO CPU,3390,3444,8144
543223,"Tue, 04 Aug 2026 02:20:07 +0000",Shuttle Inc. SX79R,Radeon RX 560 XT,ONNX DirectML,5852,5938,4290
543224,"Tue, 04 Aug 2026 02:20:13 +0000",HP HP EliteBook X G2a 14 inch Notebook Next Gen AI PC,AMD Radeon(TM) 860M Graphics,ONNX DirectML,5380,8892,4904
543225,"Tue, 04 Aug 2026 02:21:47 +0000",HP HP EliteBook X G2a 14 inch Notebook Next Gen AI PC,AMD Radeon(TM) 860M Graphics,ONNX DirectML,6392,10846,5062
543226,"Tue, 04 Aug 2026 02:24:58 +0000",HP HP EliteBook X G2a 14 inch Notebook Next Gen AI PC,AMD Ryzen AI 7 PRO 450 w/ Radeon 860M,OpenVINO CPU,2989,3193,9202
543227,"Tue, 04 Aug 2026 02:27:20 +0000",Mac Studio,Apple M1 Max,Core ML CPU,2962,5035,4073
543228,"Tue, 04 Aug 2026 02:47:25 +0000",GEEKOM IT13 Max,Intel(R) Arc(TM) Graphics (iGPU),OpenVINO GPU,8465,13899,21713
543229,"Tue, 04 Aug 2026 02:49:54 +0000",GEEKOM IT13 Max,Intel(R) AI Boost,OpenVINO NPU,3499,8776,13737
543230,"Tue, 04 Aug 2026 02:56:35 +0000",iPhone 17 Pro Max,Apple A19 Pro,Core ML CPU,5224,8358,6580
543231,"Tue, 04 Aug 2026 03:01:37 +0000",Shuttle Inc. SX79R,Radeon RX 560 XT,ONNX DirectML,5560,5666,3857
543232,"Tue, 04 Aug 2026 03:07:54 +0000",OPPO PMG110,ARM ARMv8,TensorFlow Lite CPU,1696,1954,2662
543233,"Tue, 04 Aug 2026 03:08:32 +0000",MouseComputer KMA7G7TB6AFD,NVIDIA GeForce RTX 5060 Ti,ONNX DirectML,23094,42789,18084
543234,"Tue, 04 Aug 2026 03:18:18 +0000",Shuttle Inc. SX79R,Intel Xeon E5-1650,ONNX CPU,757,441,1056
543235,"Tue, 04 Aug 2026 03:20:05 +0000",Shuttle Inc. SX79R,Radeon RX 560 XT,ONNX DirectML,6107,6316,4399
543236,"Tue, 04 Aug 2026 03:25:14 +0000",Mac Studio (2025),Apple M4 Max,Core ML CPU,6205,10225,7759
543237,"Tue, 04 Aug 2026 03:26:22 +0000",iPhone 12 Mini,Apple A14 Bionic,Core ML Neural Engine,2658,12895,12799
543238,"Tue, 04 Aug 2026 03:26:23 +0000",ACEMAGIC G3A,Intel Core i9-13900F,ONNX CPU,4082,1320,7316
543239,"Tue, 04 Aug 2026 03:29:16 +0000",ACEMAGIC G3A,13th Gen Intel(R) Core(TM) i9-13900F,OpenVINO CPU,3765,4094,10085
543240,"Tue, 04 Aug 2026 03:31:34 +0000",ACEMAGIC G3A,NVIDIA RTX 2000 Ada Generation,ONNX DirectML,14793,27134,11330
543241,"Tue, 04 Aug 2026 03:34:22 +0000",ASUSTeK COMPUTER INC. ROG Xbox Ally RC73YA_RC73YA,AMD Ryzen Z2 A,ONNX CPU,1655,847,1924
543242,"Tue, 04 Aug 2026 03:38:53 +0000",DTRI DT340TA,Intel(R) Arc(TM) 140T GPU (16GB),ONNX DirectML,7874,11219,5165
543243,"Tue, 04 Aug 2026 03:41:48 +0000",ASUSTeK COMPUTER INC. ASUS EXPERTCENTER P500SV,13th Gen Intel(R) Core(TM) i7-13620H,OpenVINO CPU,4987,4988,11388
543244,"Tue, 04 Aug 2026 03:48:53 +0000",Shuttle Inc. SX79R,Radeon RX 560 XT,ONNX DirectML,6042,6257,4271
543245,"Tue, 04 Aug 2026 03:55:07 +0000",LENOVO 21JK00HYJP,Intel Core i5-13420H,ONNX CPU,918,502,1806
543246,"Tue, 04 Aug 2026 03:57:40 +0000",OnePlus Nord 4,Qualcomm Snapdragon 7+ Gen 3,TensorFlow Lite CPU,1537,1712,2484
543247,"Tue, 04 Aug 2026 03:57:41 +0000",motorola motorola edge 60 fusion,ARM ARMv8,TensorFlow Lite CPU,907,1677,2189
543248,"Tue, 04 Aug 2026 03:59:40 +0000",iPhone 17 Pro Max,Apple A19 Pro,Core ML CPU,5423,8640,6850
543249,"Tue, 04 Aug 2026 04:00:07 +0000",iPhone 13 Pro Max,Apple A15 Bionic,Core ML CPU,3229,6006,4810
543250,"Tue, 04 Aug 2026 04:02:17 +0000",Firebat Computer A8,AMD Ryzen AI 9 365,ONNX CPU,3446,1785,5788
543251,"Tue, 04 Aug 2026 04:02:22 +0000",iPhone 17 Pro Max,Apple A19 Pro,Core ML GPU,9927,18698,20008
543252,"Tue, 04 Aug 2026 04:02:48 +0000",iPhone 13 Pro Max,Apple A15 Bionic,Core ML GPU,4341,4896,4594
543253,"Tue, 04 Aug 2026 04:03:12 +0000",OnePlus Nord 4,Qualcomm Snapdragon 7+ Gen 3,TensorFlow Lite GPU,1201,1875,1496
543254,"Tue, 04 Aug 2026 04:04:04 +0000",iPhone 17 Pro Max,Apple A19 Pro,Core ML Neural Engine,5310,38381,52324
543255,"Tue, 04 Aug 2026 04:04:20 +0000",Shuttle Inc. SX79R,Radeon RX 560 XT,ONNX DirectML,5760,5831,3990
543256,"Tue, 04 Aug 2026 04:04:42 +0000",motorola motorola edge 60 fusion,ARM ARMv8,TensorFlow Lite GPU,628,838,674
543257,"Tue, 04 Aug 2026 04:05:20 +0000",iPhone 13 Pro Max,Apple A15 Bionic,Core ML Neural Engine,3332,19727,22765
543258,"Tue, 04 Aug 2026 04:10:17 +0000",Shuttle Inc. SX79R,Intel Xeon E5-1650,ONNX CPU,1053,558,1123
543259,"Tue, 04 Aug 2026 04:12:14 +0000",Shuttle Inc. SX79R,Radeon RX 560 XT,ONNX DirectML,5692,5865,4040
543260,"Tue, 04 Aug 2026 04:12:19 +0000",motorola motorola edge 60 fusion,ARM ARMv8,TensorFlow Lite NNAPI,565,1373,2780
543261,"Tue, 04 Aug 2026 04:21:10 +0000",iPhone 17 Pro Max,Apple A19 Pro,Core ML CPU,5438,8615,6845
543262,"Tue, 04 Aug 2026 04:21:28 +0000",ASUS System Product Name,AMD Radeon RX 6950 XT,ONNX DirectML,32785,35578,24465
543263,"Tue, 04 Aug 2026 04:21:31 +0000",iPhone 13 Pro Max,Apple A15 Bionic,Core ML CPU,3293,6017,4902
543264,"Tue, 04 Aug 2026 04:21:43 +0000",iPhone 13 Pro Max,Apple A15 Bionic,Core ML CPU,3293,6017,4902
543265,"Tue, 04 Aug 2026 04:21:44 +0000",iPhone 17 Pro Max,Apple A19 Pro,Core ML CPU,5438,8615,6845
543266,"Tue, 04 Aug 2026 04:23:09 +0000",ASUSTeK COMPUTER INC. ROG Zephyrus G14 GA403UV_GA403UV,NVIDIA GeForce RTX 4060 Laptop GPU,ONNX DirectML,17272,30069,13679
543267,"Tue, 04 Aug 2026 04:23:15 +0000",iPhone 17 Pro Max,Apple A19 Pro,Core ML GPU,9978,18663,20147
543268,"Tue, 04 Aug 2026 04:23:44 +0000",Google Pixel 8,Google Tensor G3,TensorFlow Lite CPU,1541,1737,2469
543269,"Tue, 04 Aug 2026 04:23:53 +0000",iPhone 13 Pro Max,Apple A15 Bionic,Core ML GPU,4288,4874,4478
543270,"Tue, 04 Aug 2026 04:23:54 +0000",iPhone 17 Pro Max,Apple A19 Pro,Core ML GPU,9978,18663,20147
543271,"Tue, 04 Aug 2026 04:23:56 +0000",iPhone 13 Pro Max,Apple A15 Bionic,Core ML GPU,4288,4874,4478
543272,"Tue, 04 Aug 2026 04:24:36 +0000",ASUS System Product Name,AMD Ryzen 7 9800X3D 8-Core Processor,OpenVINO CPU,12841,12713,31107
543273,"Tue, 04 Aug 2026 04:24:55 +0000",MacBook Air (Late 2020),Apple M1,Core ML CPU,1520,2714,2174
543274,"Tue, 04 Aug 2026 04:25:21 +0000",ASUSTeK COMPUTER INC. ROG Zephyrus G14 GA403UV_GA403UV,AMD Ryzen 9 8945HS w/ Radeon 780M Graphics,OpenVINO CPU,4800,4681,12997
543275,"Tue, 04 Aug 2026 04:25:23 +0000",iPhone 17 Pro Max,Apple A19 Pro,Core ML Neural Engine,5439,38759,52764
543276,"Tue, 04 Aug 2026 04:25:31 +0000",iPhone 13 Pro Max,Apple A15 Bionic,Core ML Neural Engine,3296,18696,20786
543277,"Tue, 04 Aug 2026 04:27:25 +0000",iPhone 13 Pro Max,Apple A15 Bionic,Core ML Neural Engine,3296,18696,20786
543278,"Tue, 04 Aug 2026 04:27:27 +0000",iPhone 17 Pro Max,Apple A19 Pro,Core ML Neural Engine,5439,38759,52764
543279,"Tue, 04 Aug 2026 04:28:18 +0000",ASUS System Product Name,AMD Ryzen 7 9800X3D,ONNX CPU,7738,2940,14149
543280,"Tue, 04 Aug 2026 04:29:14 +0000",ASUSTeK COMPUTER INC. ROG Zephyrus G14 GA403UV_GA403UV,AMD Ryzen 9 8945HS,ONNX CPU,2876,1419,6565
543281,"Tue, 04 Aug 2026 04:30:09 +0000",ASUS System Product Name,AMD Radeon RX 6950 XT,ONNX DirectML,32821,35783,24438
543282,"Tue, 04 Aug 2026 04:32:07 +0000",Shuttle Inc. SX79R,Radeon RX 560 XT,ONNX DirectML,5448,5632,4136
543283,"Tue, 04 Aug 2026 04:33:16 +0000",Dell Inc. Latitude E6410,Intel Core i5-520M,TensorFlow Lite CPU,7,7,6
543284,"Tue, 04 Aug 2026 04:34:03 +0000",Google Pixel 8,Google Tensor G3,TensorFlow Lite NNAPI,294,3622,7566
543285,"Tue, 04 Aug 2026 04:36:09 +0000",HP HP ZBook 8 G1i 14 inch Mobile Workstation PC,NVIDIA RTX 500 Ada Generation Laptop GPU,ONNX DirectML,5827,12637,5691
543286,"Tue, 04 Aug 2026 04:37:06 +0000","Gigabyte Technology Co., Ltd. B860M GAMING X WIFI6E",Intel(R) AI Boost,OpenVINO NPU,4855,10362,16127
543287,"Tue, 04 Aug 2026 04:38:58 +0000",OnePlus Nord 4,Qualcomm Snapdragon 7+ Gen 3,TensorFlow Lite NNAPI,186,157,341
543288,"Tue, 04 Aug 2026 04:39:40 +0000",Samsung Galaxy S24,Samsung Exynos 2400,TensorFlow Lite ENN,3537,25409,47072
543289,"Tue, 04 Aug 2026 04:40:42 +0000",HP HP ZBook 8 G1i 14 inch Mobile Workstation PC,Intel(R) AI Boost,OpenVINO NPU,1704,9240,13810
543290,"Tue, 04 Aug 2026 04:40:55 +0000","Gigabyte Technology Co., Ltd. B860M GAMING X WIFI6E",NVIDIA GeForce RTX 5060,ONNX DirectML,21056,38419,16195
543291,"Tue, 04 Aug 2026 04:45:42 +0000",MacBook Air (Late 2020),Apple M1,Core ML CPU,3272,5751,4708
543292,"Tue, 04 Aug 2026 04:46:48 +0000",ASUS ROG Strix SCAR 18 G835LXG,NVIDIA GeForce RTX 5090 Laptop GPU,ONNX DirectML,29009,47214,21928
543293,"Tue, 04 Aug 2026 04:47:28 +0000",ASUSTeK COMPUTER INC. ROG Xbox Ally RC73YA_RC73YA,AMD Ryzen Z2 A,ONNX CPU,1603,798,1908
543294,"Tue, 04 Aug 2026 04:48:08 +0000",MacBook Air (Late 2020),Apple M1,Core ML GPU,5762,6725,6288
543295,"Tue, 04 Aug 2026 04:51:58 +0000",MacBook Air (Late 2020),Apple M1,Core ML Neural Engine,3272,16019,15712
543296,"Tue, 04 Aug 2026 04:53:07 +0000",ASUSTeK COMPUTER INC. ROG Xbox Ally RC73YA_RC73YA,AMD Ryzen Z2 A,ONNX CPU,1619,824,1950
543297,"Tue, 04 Aug 2026 05:06:07 +0000",iPad Pro 11-inch (M4),Apple M4,Core ML Neural Engine,5323,35324,49171
543298,"Tue, 04 Aug 2026 05:07:24 +0000",iPad Air (3rd generation),Apple A12 Bionic,Core ML CPU,573,972,889
543299,"Tue, 04 Aug 2026 05:11:37 +0000",Dell Inc. Latitude 7420,Intel Core i5-1135G7,ONNX CPU,2107,997,4414
543300,"Tue, 04 Aug 2026 05:13:46 +0000",Dell Inc. Latitude 7420,Intel Core i5-1135G7,ONNX CPU,2091,941,4507
543301,"Tue, 04 Aug 2026 05:16:43 +0000",DTRI DT340TA,Intel(R) Arc(TM) 140T GPU (16GB),ONNX DirectML,7728,11044,5174
543302,"Tue, 04 Aug 2026 05:29:36 +0000","Mac17,5",Apple A18 Pro,Core ML Neural Engine,4931,35147,48721
543303,"Tue, 04 Aug 2026 05:31:43 +0000",ASUSTeK COMPUTER INC. ASUS EXPERTCENTER P500SV,Intel(R) UHD Graphics (iGPU),OpenVINO GPU,3983,5681,8926
543304,"Tue, 04 Aug 2026 05:31:50 +0000","Mac17,5",Apple A18 Pro,Core ML Neural Engine,5016,35257,48273
543305,"Tue, 04 Aug 2026 05:34:36 +0000","Mac17,5",Apple A18 Pro,Core ML Neural Engine,5036,35430,48423
543306,"Tue, 04 Aug 2026 05:36:13 +0000","Mac17,5",Apple A18 Pro,Core ML Neural Engine,4774,35076,48893
543307,"Tue, 04 Aug 2026 05:37:56 +0000","Mac17,5",Apple A18 Pro,Core ML Neural Engine,4735,35170,49106
543308,"Tue, 04 Aug 2026 05:38:14 +0000",DTRI DT340TA,Intel(R) Arc(TM) 140T GPU (16GB) (iGPU),OpenVINO GPU,10135,22992,27292
543309,"Tue, 04 Aug 2026 05:39:36 +0000","Mac17,5",Apple A18 Pro,Core ML Neural Engine,4839,34909,48353
543310,"Tue, 04 Aug 2026 05:41:23 +0000","Mac17,5",Apple A18 Pro,Core ML Neural Engine,4870,35057,48167
543311,"Tue, 04 Aug 2026 05:43:02 +0000","Mac17,5",Apple A18 Pro,Core ML Neural Engine,4729,35213,48620
543312,"Tue, 04 Aug 2026 05:43:19 +0000",Dell Inc. Latitude 7420,Intel Core i5-1135G7,ONNX CPU,2071,941,4243
543313,"Tue, 04 Aug 2026 05:44:44 +0000","Mac17,5",Apple A18 Pro,Core ML Neural Engine,4731,34911,48780
543314,"Tue, 04 Aug 2026 05:46:30 +0000","Mac17,5",Apple A18 Pro,Core ML Neural Engine,4834,34956,48508
543315,"Tue, 04 Aug 2026 05:51:21 +0000",HONOR MRK-NX1,ARM SM4450,TensorFlow Lite CPU,572,1007,1155
543316,"Tue, 04 Aug 2026 05:52:43 +0000",HP HP EliteBook 8 G2a 14 inch Notebook Next Gen AI PC,AMD Ryzen AI 7 PRO 450 w/ Radeon 860M,ONNX CPU,3692,1957,8780
543317,"Tue, 04 Aug 2026 05:52:47 +0000",HP HP EliteBook 8 Flip G2i 13 inch Notebook Next Gen AI PC,Intel(R) Core(TM) Ultra 7 366H,ONNX CPU,4691,1846,8285
543318,"Tue, 04 Aug 2026 05:56:35 +0000","Micro-Star International Co., Ltd. Raider 16 HX B2WG",Intel Core Ultra 9 275HX,ONNX CPU,6521,2472,10979
543319,"Tue, 04 Aug 2026 06:00:35 +0000",Xiaomi Poco F7,Qualcomm Snapdragon 8s Gen 4,TensorFlow Lite CPU,1990,2488,3507
543320,"Tue, 04 Aug 2026 06:00:42 +0000",Dell Inc. Dell Pro 5 14 P514260,Intel(R) Core(TM) Ultra 7 365,ONNX CPU,2862,1188,5297
543321,"Tue, 04 Aug 2026 06:00:58 +0000",LENOVO 21WWS07400,AMD Ryzen AI 7 PRO 450 w/ Radeon 860M,ONNX CPU,3503,1798,8189
543322,"Tue, 04 Aug 2026 06:02:46 +0000",LENOVO 21WWS07400,AMD Radeon(TM) 860M Graphics,ONNX DirectML,6611,10564,5054
543323,"Tue, 04 Aug 2026 06:03:26 +0000",HP HP EliteBook 8 G2a 14 inch Notebook Next Gen AI PC,AMD Radeon(TM) 860M Graphics,ONNX DirectML,6475,10114,4784
543324,"Tue, 04 Aug 2026 06:03:51 +0000",HP HP EliteBook 8 Flip G2i 13 inch Notebook Next Gen AI PC,Intel(R) Graphics,ONNX DirectML,6620,12288,4262
543325,"Tue, 04 Aug 2026 06:04:16 +0000",Dell Inc. Dell Pro 5 14 P514265,AMD Ryzen AI 5 PRO 435 w/ Radeon 840M,ONNX CPU,1797,995,4586
543326,"Tue, 04 Aug 2026 06:06:21 +0000",HUANANZHI,Intel Xeon E5-2698B v3,ONNX CPU,2256,766,2248
543327,"Tue, 04 Aug 2026 06:09:20 +0000",HP HP EliteBook 8 G2a 14 inch Notebook Next Gen AI PC,AMD Ryzen AI 7 PRO 450 w/ Radeon 860M,OpenVINO CPU,5054,4959,13320
543328,"Tue, 04 Aug 2026 06:09:40 +0000",HP HP EliteBook 8 Flip G2i 13 inch Notebook Next Gen AI PC,Intel(R) Core(TM) Ultra 7 366H,OpenVINO CPU,4620,4295,8789
543329,"Tue, 04 Aug 2026 06:12:53 +0000",HP HP EliteBook 8 Flip G2i 13 inch Notebook Next Gen AI PC,Intel(R) AI Boost,OpenVINO NPU,4453,36064,54242
543330,"Tue, 04 Aug 2026 06:16:09 +0000",ASUS ROG Strix SCAR 18 G835LXG,NVIDIA GeForce RTX 5090 Laptop GPU,ONNX DirectML,28396,47253,22132
543331,"Tue, 04 Aug 2026 06:16:49 +0000",ASUSTeK COMPUTER INC. ROG Xbox Ally RC73YA_RC73YA,AMD Ryzen Z2 A,ONNX CPU,1678,841,1953
543332,"Tue, 04 Aug 2026 06:22:12 +0000",ASUSTeK COMPUTER INC. ASUS EXPERTCENTER P500SV,Intel(R) UHD Graphics (iGPU),OpenVINO GPU,3972,5676,8901
543333,"Tue, 04 Aug 2026 06:22:51 +0000",HP HP EliteBook X G2q 14 inch Notebook Next Gen AI PC,Snapdragon(R) X2 Plus - X2P42100 - Qualcomm Oryon(TM) CPU,ONNX QNN,2036,33061,91109
543334,"Tue, 04 Aug 2026 06:23:14 +0000",HP HP EliteBook X G2q 14 inch Notebook Next Gen AI PC,Snapdragon(R) X2 Plus - X2P42100 - Qualcomm Oryon(TM) CPU,ONNX QNN,1930,33372,87549
543335,"Tue, 04 Aug 2026 06:25:28 +0000",ASUSTeK COMPUTER INC. ROG Xbox Ally RC73YA_RC73YA,AMD Ryzen Z2 A,ONNX CPU,1715,867,1989
543336,"Tue, 04 Aug 2026 06:27:07 +0000",HP HP ProBook 4 G1q 14 inch Notebook Next Gen AI PC,Snapdragon(R) X - X126100 - Qualcomm(R) Oryon(TM) CPU,ONNX QNN,1418,19055,51610
543337,"Tue, 04 Aug 2026 06:27:09 +0000",HP HP ProBook 4 G1q 14 inch Notebook Next Gen AI PC,Snapdragon(R) X - X126100 - Qualcomm(R) Oryon(TM) CPU,ONNX QNN,1413,19077,51357
543338,"Tue, 04 Aug 2026 06:27:27 +0000",HP HP EliteBook X G2q 14 inch Notebook Next Gen AI PC,Snapdragon(R) X2 Elite - X2E84100 - Qualcomm Oryon(TM) CPU,ONNX QNN,1691,33776,92159
543339,"Tue, 04 Aug 2026 06:27:40 +0000",HP HP EliteBook 6 G2q 14 inch Notebook Next Gen AI PC,Snapdragon(R) X2 Elite - X2E84100 - Qualcomm Oryon(TM) CPU,ONNX QNN,1689,34279,93100
543340,"Tue, 04 Aug 2026 06:27:50 +0000","Mac17,5",Apple A18 Pro,Core ML Neural Engine,4807,34763,48587
543341,"Tue, 04 Aug 2026 06:28:12 +0000",HP HP EliteBook 6 G1q 14 inch Notebook Next Gen AI PC,Snapdragon(R) X Plus - X1P42100 - Qualcomm(R) Oryon(TM) CPU,ONNX QNN,1575,19234,52520
543342,"Tue, 04 Aug 2026 06:28:35 +0000",Default string Default string,Intel(R) Core(TM) Ultra 5 225U,ONNX CPU,1908,748,4309
543343,"Tue, 04 Aug 2026 06:28:51 +0000",HP HP EliteBook 6 G2q 14 inch Notebook Next Gen AI PC,Snapdragon(R) X2 Plus - X2P64100 - Qualcomm Oryon(TM) CPU,ONNX QNN,1565,32554,88167
543344,"Tue, 04 Aug 2026 06:29:41 +0000",HP HP EliteBook 6 G1q 14 inch Notebook Next Gen AI PC,Snapdragon(R) X Elite - X1E78100 - Qualcomm(R) Oryon(TM) CPU,ONNX QNN,1716,18992,51633
543345,"Tue, 04 Aug 2026 06:30:15 +0000",HP HP EliteBook X G2q 14 inch Notebook Next Gen AI PC,Snapdragon(R) X2 Plus - X2P42100 - Qualcomm Oryon(TM) CPU,ONNX QNN,1918,33352,90110
543346,"Tue, 04 Aug 2026 06:30:29 +0000",HP HP EliteBook 6 G1q 14 inch Notebook Next Gen AI PC,Snapdragon(R) X - X126100 - Qualcomm(R) Oryon(TM) CPU,ONNX QNN,1439,19157,51602
543347,"Tue, 04 Aug 2026 06:31:34 +0000",HP HP EliteBook 6 G2q 14 inch Notebook Next Gen AI PC,Snapdragon(R) X2 Plus - X2P64100 - Qualcomm Oryon(TM) CPU,ONNX QNN,1591,33075,87856
543348,"Tue, 04 Aug 2026 06:32:15 +0000",ASUSTeK COMPUTER INC. ROG Xbox Ally RC73YA_RC73YA,AMD Ryzen Z2 A,ONNX CPU,1729,859,1899
543349,"Tue, 04 Aug 2026 06:32:24 +0000",HP HP EliteBook 6 G2q 14 inch Notebook Next Gen AI PC,Snapdragon(R) X2 Elite - X2E84100 - Qualcomm Oryon(TM) CPU,ONNX QNN,1690,32817,89168
543350,"Tue, 04 Aug 2026 06:32:48 +0000",Default string Default string,Intel(R) Core(TM) Ultra 5 225U,OpenVINO CPU,1981,2094,4995
543351,"Tue, 04 Aug 2026 06:33:19 +0000",HP HP EliteBook 6 G2q 14 inch Notebook Next Gen AI PC,Snapdragon(R) X2 Plus - X2P64100 - Qualcomm Oryon(TM) CPU,ONNX QNN,1563,28972,83234
543352,"Tue, 04 Aug 2026 06:34:01 +0000",ASUS System Product Name,AMD Ryzen 7 9700X,ONNX CPU,7017,3008,13389
543353,"Tue, 04 Aug 2026 06:34:57 +0000",ASUSTeK COMPUTER INC. ASUS EXPERTCENTER P500SV,Intel(R) UHD Graphics (iGPU),OpenVINO GPU,3985,5665,8889
543354,"Tue, 04 Aug 2026 06:36:30 +0000",ASUS System Product Name,NVIDIA GeForce RTX 5070,ONNX DirectML,30878,55586,23659
543355,"Tue, 04 Aug 2026 06:36:49 +0000",HP HP EliteBook 6 G2q 14 inch Notebook Next Gen AI PC,Snapdragon(R) X2 Plus - X2P64100 - Qualcomm Oryon(TM) CPU,ONNX CPU,1617,3165,6871
543356,"Tue, 04 Aug 2026 06:37:18 +0000",HP HP EliteBook X G2q 14 inch Notebook Next Gen AI PC,Snapdragon(R) X2 Plus - X2P42100 - Qualcomm Oryon(TM) CPU,ONNX CPU,2086,3361,7802
543357,"Tue, 04 Aug 2026 06:37:59 +0000",HP HP EliteBook X G2q 14 inch Notebook Next Gen AI PC,Snapdragon(R) X2 Plus - X2P42100 - Qualcomm Oryon(TM) CPU,ONNX CPU,1957,3307,7752
543358,"Tue, 04 Aug 2026 06:38:30 +0000",HP HP ProBook 4 G1q 14 inch Notebook Next Gen AI PC,Snapdragon(R) X - X126100 - Qualcomm(R) Oryon(TM) CPU,ONNX CPU,1417,2580,5320
543359,"Tue, 04 Aug 2026 06:38:41 +0000",HP HP EliteBook 6 G2q 14 inch Notebook Next Gen AI PC,Snapdragon(R) X2 Plus - X2P64100 - Qualcomm Oryon(TM) CPU,ONNX CPU,1691,3345,6999
543360,"Tue, 04 Aug 2026 06:38:48 +0000",HP HP ProBook 4 G1q 14 inch Notebook Next Gen AI PC,Snapdragon(R) X - X126100 - Qualcomm(R) Oryon(TM) CPU,ONNX CPU,1423,2516,5344
543361,"Tue, 04 Aug 2026 06:38:51 +0000",GEEKOM IT13 Max,Intel Core Ultra 9 185H,ONNX CPU,3297,1324,6161
543362,"Tue, 04 Aug 2026 06:38:54 +0000",HP HP EliteBook 6 G1q 14 inch Notebook Next Gen AI PC,Snapdragon(R) X Plus - X1P42100 - Qualcomm(R) Oryon(TM) CPU,ONNX CPU,1531,2782,5816
543363,"Tue, 04 Aug 2026 06:38:57 +0000","Gigabyte Technology Co., Ltd. Z890M AORUS ELITE WIFI7",Intel Core Ultra 7 265K,ONNX CPU,7096,2520,9933
543364,"Tue, 04 Aug 2026 06:39:00 +0000",HP HP EliteBook 6 G1q 14 inch Notebook Next Gen AI PC,Snapdragon(R) X Elite - X1E78100 - Qualcomm(R) Oryon(TM) CPU,ONNX CPU,1728,3087,6029
543365,"Tue, 04 Aug 2026 06:39:31 +0000",HP HP EliteBook 6 G1q 14 inch Notebook Next Gen AI PC,Snapdragon(R) X - X126100 - Qualcomm(R) Oryon(TM) CPU,ONNX CPU,1426,2533,5332
543366,"Tue, 04 Aug 2026 06:39:43 +0000",iPhone 14 Plus,Apple A15 Bionic,Core ML CPU,3320,6055,4875
543367,"Tue, 04 Aug 2026 06:39:54 +0000",HP HP EliteBook 6 G2q 14 inch Notebook Next Gen AI PC,Snapdragon(R) X2 Elite - X2E84100 - Qualcomm Oryon(TM) CPU,ONNX CPU,1681,3227,6388
543368,"Tue, 04 Aug 2026 06:40:00 +0000",Samsung Galaxy S25,Qualcomm Snapdragon 8 Elite,TensorFlow Lite CPU,2780,3898,5273
543369,"Tue, 04 Aug 2026 06:40:14 +0000",HP HP EliteBook 6 G2q 14 inch Notebook Next Gen AI PC,Snapdragon(R) X2 Plus - X2P64100 - Qualcomm Oryon(TM) CPU,ONNX CPU,1564,3210,6860
543370,"Tue, 04 Aug 2026 06:40:53 +0000",HP HP EliteBook 6 G2q 14 inch Notebook Next Gen AI PC,Snapdragon(R) X2 Elite - X2E84100 - Qualcomm Oryon(TM) CPU,ONNX CPU,1746,3263,6834
543371,"Tue, 04 Aug 2026 06:42:18 +0000",Samsung Galaxy S25,Qualcomm Snapdragon 8 Elite,TensorFlow Lite CPU,2705,3720,4833
543372,"Tue, 04 Aug 2026 06:43:32 +0000",HP HP EliteBook X G2q 14 inch Notebook Next Gen AI PC,Snapdragon(R) X2 Elite - X2E84100 - Qualcomm Oryon(TM) CPU,ONNX CPU,1675,3253,6487
543373,"Tue, 04 Aug 2026 06:44:42 +0000",Samsung Galaxy S25,Qualcomm Snapdragon 8 Elite,TensorFlow Lite GPU,2606,4073,3360
543374,"Tue, 04 Aug 2026 06:45:32 +0000",iPhone 14 Plus,Apple A15 Bionic,Core ML GPU,3961,3979,3819
543375,"Tue, 04 Aug 2026 06:46:10 +0000",Default string Default string,Intel(R) Graphics (iGPU),OpenVINO GPU,4884,8561,13119
543376,"Tue, 04 Aug 2026 06:48:10 +0000",GEEKOM IT13 Max,Intel(R) AI Boost,OpenVINO NPU,2063,8903,13677
543377,"Tue, 04 Aug 2026 06:50:43 +0000",GEEKOM IT13 Max,Intel(R) AI Boost,OpenVINO NPU,3129,8967,13779
543378,"Tue, 04 Aug 2026 06:56:47 +0000",GEEKOM IT13 Max,Intel(R) Arc(TM) Graphics (iGPU),OpenVINO GPU,7673,12868,20450
543379,"Tue, 04 Aug 2026 06:57:46 +0000",Panasonic Corporation FZG2-1,Intel Core i5-10310U,ONNX CPU,475,263,672
543380,"Tue, 04 Aug 2026 07:12:26 +0000",HUANANZHI,NVIDIA Tesla V100-SXM2-16GB,ONNX DirectML,13674,15816,8125
543381,"Tue, 04 Aug 2026 07:21:03 +0000","Shanghai Zhaoxin Semiconductor Co., Ltd. ZXE CRB",ZX C-1190,ONNX DirectML,111,118,105
543382,"Tue, 04 Aug 2026 07:23:10 +0000",Samsung Galaxy S22 Ultra,Qualcomm Snapdragon 8 Gen 1,TensorFlow Lite GPU,1425,2346,2123
543383,"Tue, 04 Aug 2026 07:24:51 +0000",Micro Computer (HK) Tech Limited MS-02-Ultra,Intel(R) Core(TM) Ultra 9 285HX,ONNX CPU,6710,2429,10634
543384,"Tue, 04 Aug 2026 07:26:23 +0000",ASUS System Product Name,AMD Ryzen 7 9800X3D,ONNX CPU,7550,2778,13754
543385,"Tue, 04 Aug 2026 07:32:49 +0000",ASUSTeK COMPUTER INC. ROG Xbox Ally RC73YA_RC73YA,AMD Ryzen Z2 A,ONNX CPU,1644,840,1922
543386,"Tue, 04 Aug 2026 07:32:56 +0000",ASUS ROG Strix SCAR 18 G835LXG,NVIDIA GeForce RTX 5090 Laptop GPU,ONNX DirectML,27764,45876,21381
543387,"Tue, 04 Aug 2026 07:32:56 +0000","MacBook Pro (14-inch, Nov 2023)",Apple M3 Pro,Core ML CPU,4028,7248,5808
543388,"Tue, 04 Aug 2026 07:39:50 +0000",ASUS All Series,NVIDIA GeForce GTX 1080,ONNX DirectML,8908,8778,6562
543389,"Tue, 04 Aug 2026 07:42:10 +0000",HP HP Z6 G5 A Workstation Desktop PC,Intel(R) Arc(TM) Pro B70 Graphics,ONNX DirectML,27276,43181,16434
543390,"Tue, 04 Aug 2026 07:42:26 +0000",Google Pixel 10 Pro XL,Google Tensor G5,TensorFlow Lite CPU,1572,1827,2327
543391,"Tue, 04 Aug 2026 07:44:56 +0000",ASUS All Series,Intel Core i7-4770K,ONNX CPU,1261,631,1351
543392,"Tue, 04 Aug 2026 07:48:18 +0000",Mac mini (2024),Apple M4,Core ML GPU,11485,13507,12123
543393,"Tue, 04 Aug 2026 07:48:48 +0000","iPad17,1",ARM,Core ML GPU,14381,25546,26970
543394,"Tue, 04 Aug 2026 07:49:04 +0000",iPhone 14 Pro Max,Apple A16 Bionic,Core ML GPU,4433,4900,4598
543395,"Tue, 04 Aug 2026 07:49:50 +0000",Mac mini (2024),Apple M4,Core ML GPU,11495,13495,12099
543396,"Tue, 04 Aug 2026 07:50:51 +0000",Google Pixel 8,Google Tensor G3,TensorFlow Lite CPU,1259,1370,2007
543397,"Tue, 04 Aug 2026 07:53:35 +0000",MacBook Pro (13-inch Mid 2020),Intel(R) Iris(TM) Plus Graphics,Core ML GPU,838,811,443
543398,"Tue, 04 Aug 2026 07:54:01 +0000","iPad17,1",ARM,Core ML Neural Engine,5565,41869,59244
543399,"Tue, 04 Aug 2026 07:54:11 +0000",iPhone 14 Pro Max,Apple A16 Bionic,Core ML Neural Engine,3538,23095,26959
543400,"Tue, 04 Aug 2026 07:54:23 +0000",iPhone 14 Pro,Apple A16 Bionic,Core ML CPU,3528,6477,5246
543401,"Tue, 04 Aug 2026 07:58:42 +0000",HP HP ZBook 8 G2a 16 inch Mobile Workstation PC,AMD Ryzen AI 9 HX PRO 470 w/ Radeon 890M,ONNX CPU,3620,1724,7319
543402,"Tue, 04 Aug 2026 07:59:03 +0000",HP HP ZBook X G2i 16 inch Mobile Workstation PC,Intel(R) Core(TM) Ultra 7 356H,ONNX CPU,4366,1764,7568
543403,"Tue, 04 Aug 2026 07:59:19 +0000",HP HP ZBook X G2i 16 inch Mobile Workstation PC,Intel(R) Core(TM) Ultra 9 386H,ONNX CPU,4684,1687,8179
543404,"Tue, 04 Aug 2026 08:04:28 +0000",OPPO CPH2841,Qualcomm ARMv8,TensorFlow Lite CPU,2244,3782,5647
543405,"Tue, 04 Aug 2026 08:06:34 +0000",ASUSTeK COMPUTER INC. ASUS Zenbook 14 UX3405CA_UX3405CA,Intel(R) AI Boost,OpenVINO NPU,3985,9834,14869
543406,"Tue, 04 Aug 2026 08:07:59 +0000",HP HP ZBook Ultra G1a 14 inch Mobile Workstation PC,AMD RYZEN AI MAX+ PRO 395 w/ Radeon 8060S,ONNX CPU,5438,1966,9380
543407,"Tue, 04 Aug 2026 08:08:06 +0000","Gigabyte Technology Co., Ltd. Z790 UD AX",Intel Core i9-14900K,ONNX CPU,6071,1873,10508
543408,"Tue, 04 Aug 2026 08:09:47 +0000","Gigabyte Technology Co., Ltd. Z790 UD AX",NVIDIA GeForce RTX 5070,ONNX DirectML,29735,54856,22812
543409,"Tue, 04 Aug 2026 08:09:53 +0000",ASUSTeK COMPUTER INC. ASUS Zenbook 14 UX3405CA_UX3405CA,Intel(R) Arc(TM) 130T GPU (8GB) (iGPU),OpenVINO GPU,7536,18138,25632
543410,"Tue, 04 Aug 2026 08:10:54 +0000",Mac Studio (2025),Apple M4 Max,Core ML CPU,6250,10196,7736
543411,"Tue, 04 Aug 2026 08:11:51 +0000",HP HP ZBook 8 G2a 16 inch Mobile Workstation PC,AMD Ryzen AI 9 HX PRO 470 w/ Radeon 890M,OpenVINO CPU,5664,5580,14553
543412,"Tue, 04 Aug 2026 08:12:16 +0000",HP HP ZBook X G2i 16 inch Mobile Workstation PC,Intel(R) Core(TM) Ultra 7 356H,OpenVINO CPU,4531,4335,8786
543413,"Tue, 04 Aug 2026 08:12:16 +0000",HP HP ZBook Ultra G1a 14 inch Mobile Workstation PC,AMD RYZEN AI MAX+ PRO 395 w/ Radeon 8060S,OpenVINO CPU,5034,5620,13757
543414,"Tue, 04 Aug 2026 08:12:20 +0000",HP HP ZBook X G2i 16 inch Mobile Workstation PC,Intel(R) Core(TM) Ultra 9 386H,OpenVINO CPU,4597,4453,8801
543415,"Tue, 04 Aug 2026 08:14:46 +0000",MacBook Pro (15-inch Mid 2018),Intel Core i7-8850H,Core ML CPU,773,104,84
543416,"Tue, 04 Aug 2026 08:15:41 +0000",HP HP ZBook Ultra G1a 14 inch Mobile Workstation PC,AMD Radeon(TM) 8060S Graphics,ONNX DirectML,19422,27843,15416
543417,"Tue, 04 Aug 2026 08:16:36 +0000",HP HP ZBook 8 G2a 16 inch Mobile Workstation PC,AMD Radeon(TM) 890M Graphics,ONNX DirectML,6896,11736,5447
543418,"Tue, 04 Aug 2026 08:17:06 +0000",HP HP ZBook X G2i 16 inch Mobile Workstation PC,Intel(R) Graphics (iGPU),OpenVINO GPU,8313,25828,33054
543419,"Tue, 04 Aug 2026 08:17:22 +0000",HP HP ZBook X G2i 16 inch Mobile Workstation PC,Intel(R) Graphics (iGPU),OpenVINO GPU,8234,24883,32032
543420,"Tue, 04 Aug 2026 08:17:48 +0000",HP HP ZBook Ultra G1a 14 inch Mobile Workstation PC,AMD Radeon(TM) 8060S Graphics,ONNX DirectML,19875,26991,15323
543421,"Tue, 04 Aug 2026 08:20:55 +0000",HP HP ZBook X G2i 16 inch Mobile Workstation PC,Intel(R) AI Boost,OpenVINO NPU,4222,33122,51194
543422,"Tue, 04 Aug 2026 08:20:59 +0000",HP HP ZBook X G2i 16 inch Mobile Workstation PC,Intel(R) AI Boost,OpenVINO NPU,4544,33895,52255
543423,"Tue, 04 Aug 2026 08:21:41 +0000",Mac mini (2024),Apple M4,Core ML CPU,4795,8122,6511
543424,"Tue, 04 Aug 2026 08:23:39 +0000",Mac mini (2024),Apple M4,Core ML GPU,11296,13272,12003
543425,"Tue, 04 Aug 2026 08:27:13 +0000",Mac mini (2024),Apple M4,Core ML Neural Engine,4846,37439,52905
543426,"Tue, 04 Aug 2026 08:28:55 +0000",iPad (11th generation),Apple A16,Core ML CPU,3380,6222,5082
543427,"Tue, 04 Aug 2026 08:36:39 +0000",HP HP EliteBook 6 G1q 14 inch Notebook Next Gen AI PC,Snapdragon(R) X Elite - X1E78100 - Qualcomm(R) Oryon(TM) CPU,ONNX CPU,1733,3049,6039
543428,"Tue, 04 Aug 2026 08:39:37 +0000",HP HP EliteBook 6 G1q 14 inch Notebook Next Gen AI PC,Snapdragon(R) X Elite - X1E78100 - Qualcomm(R) Oryon(TM) CPU,ONNX QNN,1722,19025,51652
543429,"Tue, 04 Aug 2026 08:39:42 +0000",iPad (11th generation),Apple A16,Core ML GPU,3012,3260,3129
543430,"Tue, 04 Aug 2026 08:42:19 +0000",iPad (11th generation),Apple A16,Core ML Neural Engine,3434,23177,26093
543431,"Tue, 04 Aug 2026 08:45:39 +0000",GEEKOM IT13 Max,Intel Core Ultra 9 185H,ONNX CPU,3519,1414,6688
543432,"Tue, 04 Aug 2026 08:48:41 +0000",GEEKOM IT13 Max,Intel(R) Arc(TM) Graphics,ONNX DirectML,4907,7967,3504
543433,"Tue, 04 Aug 2026 08:49:54 +0000",CUBOT KINGKONG ES 5,ARM ARMv8,TensorFlow Lite CPU,227,411,344
543434,"Tue, 04 Aug 2026 08:50:51 +0000",iPhone 15 Pro,Apple A17 Pro,Core ML CPU,3925,7176,5918
543435,"Tue, 04 Aug 2026 08:51:14 +0000",GEEKOM IT13 Max,Intel(R) Arc(TM) Graphics,ONNX DirectML,4797,7806,3491
543436,"Tue, 04 Aug 2026 08:53:45 +0000",iPhone 17 Pro Max,Apple A19 Pro,Core ML GPU,9733,17754,19455
543437,"Tue, 04 Aug 2026 08:54:44 +0000",GEEKOM IT13 Max,Intel(R) AI Boost,OpenVINO NPU,3100,8664,13462
543438,"Tue, 04 Aug 2026 08:54:58 +0000",iPhone 15 Pro,Apple A17 Pro,Core ML GPU,5509,6397,6224
543439,"Tue, 04 Aug 2026 08:57:26 +0000","MacBookPro16,3",Intel Core i5-10310U,Core ML CPU,650,424,303
543440,"Tue, 04 Aug 2026 08:59:14 +0000",GEEKOM IT13 Max,Intel Core Ultra 9 185H,ONNX CPU,3377,1354,6055
543441,"Tue, 04 Aug 2026 09:01:17 +0000",GEEKOM IT13 Max,Intel(R) Arc(TM) Graphics,ONNX DirectML,4733,7690,3375
543442,"Tue, 04 Aug 2026 09:05:27 +0000",HUAWEI SGT-AL00,HUAWEI,TensorFlow Lite CPU,648,1055,1128
543443,"Tue, 04 Aug 2026 09:07:56 +0000",Shuttle Inc. SX79R,Radeon RX 560 XT,ONNX DirectML,5979,6156,4289
543444,"Tue, 04 Aug 2026 09:11:25 +0000","Gigabyte Technology Co., Ltd. B850M FORCE WIFI6E V2",AMD Ryzen 5 9600X,ONNX CPU,7198,3051,12663
543445,"Tue, 04 Aug 2026 09:12:58 +0000",Dell Inc. Latitude 7420,Intel Core i5-1135G7,ONNX CPU,1987,978,4222
543446,"Tue, 04 Aug 2026 09:13:00 +0000","Gigabyte Technology Co., Ltd. B850M FORCE WIFI6E V2",AMD Radeon RX 9070,ONNX DirectML,32944,48847,28013
543447,"Tue, 04 Aug 2026 09:13:47 +0000",ASUSTeK COMPUTER INC. ROG Xbox Ally RC73YA_RC73YA,AMD Ryzen Z2 A,ONNX CPU,1600,808,1906
543448,"Tue, 04 Aug 2026 09:14:53 +0000",GEEKOM IT13 Max,Intel(R) AI Boost,OpenVINO NPU,3152,8050,12165
543449,"Tue, 04 Aug 2026 09:15:20 +0000",ASUS ROG Strix SCAR 18 G835LXG,NVIDIA GeForce RTX 5090 Laptop GPU,ONNX DirectML,27770,47187,21681
543450,"Tue, 04 Aug 2026 09:17:34 +0000",ASUSTeK COMPUTER INC. ROG Xbox Ally RC73YA_RC73YA,AMD Ryzen Z2 A,ONNX CPU,1549,817,1940
543451,"Tue, 04 Aug 2026 09:21:58 +0000",Acer Nitro ANV16-A71,AMD Ryzen AI 7 450 w/ Radeon 860M,ONNX CPU,2885,1550,7201
543452,"Tue, 04 Aug 2026 09:26:06 +0000",HP HP Z6 G5 A Workstation Desktop PC,Intel(R) Arc(TM) Pro B70 Graphics,ONNX DirectML,27207,43064,16243
543453,"Tue, 04 Aug 2026 09:26:08 +0000",Acer Nitro ANV16-A71,AMD Ryzen AI 7 450 w/ Radeon 860M,ONNX CPU,3159,1684,7878
543454,"Tue, 04 Aug 2026 09:29:58 +0000",ASUS System Product Name,Intel(R) Core(TM) Ultra 5 245K,ONNX CPU,5404,2235,10092
543455,"Tue, 04 Aug 2026 09:30:56 +0000",Alienware Alienware 15 DA15260,NVIDIA GeForce RTX 5050 Laptop GPU,ONNX DirectML,13300,24652,10719
543456,"Tue, 04 Aug 2026 09:31:40 +0000",Dell Inc. Latitude 7420,Intel Core i5-1135G7,ONNX CPU,2271,1079,4609
543457,"Tue, 04 Aug 2026 09:31:52 +0000",Dell Inc. Dell Pro 7 14 2-in-1 P704265,AMD Ryzen AI 7 PRO 450 w/ Radeon 860M,ONNX CPU,3079,1558,7951
543458,"Tue, 04 Aug 2026 09:32:31 +0000",ASUS System Product Name,NVIDIA GeForce RTX 5060 Ti,ONNX DirectML,21514,38237,16743
543459,"Tue, 04 Aug 2026 09:33:59 +0000",Dell Inc. Dell Pro 7 14 2-in-1 P704265,AMD Ryzen AI 7 PRO 450 w/ Radeon 860M,OpenVINO CPU,4466,4465,12514
543460,"Tue, 04 Aug 2026 09:35:05 +0000",Shuttle Inc. SX79R,Radeon RX 560 XT,ONNX DirectML,5997,6193,4314
543461,"Tue, 04 Aug 2026 09:41:13 +0000",Shuttle Inc. SX79R,Intel Xeon E5-1650,ONNX CPU,1046,547,1155
543462,"Tue, 04 Aug 2026 09:45:40 +0000",Acer Nitro ANV16-A71,AMD Radeon(TM) 860M Graphics,ONNX DirectML,4648,8401,3334
543463,"Tue, 04 Aug 2026 09:46:49 +0000","Gigabyte Technology Co., Ltd. B850M FORCE WIFI6E V2",AMD Ryzen 5 9600X,ONNX CPU,7340,3091,12717
543464,"Tue, 04 Aug 2026 09:47:31 +0000",LENOVO 21WWS07400,AMD Ryzen AI 7 PRO 450 w/ Radeon 860M,OpenVINO CPU,5170,5171,14587
543465,"Tue, 04 Aug 2026 09:47:33 +0000",Acer Nitro ANV16-A71,AMD Radeon(TM) 860M Graphics,ONNX DirectML,4727,8980,3419
543466,"Tue, 04 Aug 2026 09:48:02 +0000",ASUS System Product Name,Intel(R) Core(TM) Ultra 5 225F,ONNX CPU,4121,1939,8270
543467,"Tue, 04 Aug 2026 09:48:09 +0000",iPhone 16 Pro Max,Apple A18 Pro,Core ML Neural Engine,3867,28125,38833
543468,"Tue, 04 Aug 2026 09:48:22 +0000",Shuttle Inc. SX79R,Intel Xeon E5-1650,ONNX CPU,942,493,1069
543469,"Tue, 04 Aug 2026 09:48:22 +0000","Gigabyte Technology Co., Ltd. B850M FORCE WIFI6E V2",AMD Radeon RX 9070,ONNX DirectML,35130,53404,28709
543470,"Tue, 04 Aug 2026 09:50:18 +0000",Shuttle Inc. SX79R,Radeon RX 560 XT,ONNX DirectML,5968,6149,4284
543471,"Tue, 04 Aug 2026 09:50:28 +0000",ASUS System Product Name,NVIDIA GeForce RTX 5060 Ti,ONNX DirectML,21514,38407,17068
543472,"Tue, 04 Aug 2026 09:50:29 +0000",Acer Nitro ANV16-A71,NVIDIA GeForce RTX 5060 Laptop GPU,ONNX DirectML,17379,33261,13773
543473,"Tue, 04 Aug 2026 09:50:38 +0000",iPhone 16 Pro Max,Apple A18 Pro,Core ML CPU,3883,6625,5270
543474,"Tue, 04 Aug 2026 09:50:39 +0000",LENOVO 21WWS07400,AMD Ryzen AI 7 PRO 450 w/ Radeon 860M,ONNX CPU,3884,2002,8977
543475,"Tue, 04 Aug 2026 09:52:28 +0000",iPhone 16 Pro Max,Apple A18 Pro,Core ML Neural Engine,3827,28136,38916
543476,"Tue, 04 Aug 2026 09:53:35 +0000",Acer Nitro ANV16-A71,AMD Ryzen AI 7 450 w/ Radeon 860M,OpenVINO CPU,4670,4714,13594
543477,"Tue, 04 Aug 2026 09:58:35 +0000",iPhone 16 Pro Max,Apple A18 Pro,Core ML Neural Engine,3808,28363,38965
543478,"Tue, 04 Aug 2026 09:59:23 +0000",LENOVO 21WWS07400,AMD Radeon(TM) 860M Graphics,ONNX DirectML,6750,11341,4928
543479,"Tue, 04 Aug 2026 10:01:36 +0000",iPhone 16 Pro Max,Apple A18 Pro,Core ML Neural Engine,3867,28178,38921
543480,"Tue, 04 Aug 2026 10:03:15 +0000","Gigabyte Technology Co., Ltd. B360 AORUS GAMING 3 WIFI",AMD Radeon RX 7600,ONNX DirectML,15551,19174,12287
543481,"Tue, 04 Aug 2026 10:04:12 +0000",LENOVO 21WWS07400,AMD Ryzen AI 7 PRO 450 w/ Radeon 860M,ONNX CPU,3844,1992,8818
543482,"Tue, 04 Aug 2026 10:06:47 +0000",iPhone 16 Pro Max,Apple A18 Pro,Core ML Neural Engine,3871,28364,38918
543483,"Tue, 04 Aug 2026 10:08:34 +0000",iPhone 16 Pro Max,Apple A18 Pro,Core ML Neural Engine,3862,28178,39065
543484,"Tue, 04 Aug 2026 10:10:07 +0000",iPhone 16 Pro Max,Apple A18 Pro,Core ML Neural Engine,3872,28334,38756
543485,"Tue, 04 Aug 2026 10:17:56 +0000",motorola motorola signature,Qualcomm ARMv8,TensorFlow Lite CPU,1803,2624,3462
543486,"Tue, 04 Aug 2026 10:19:28 +0000",ASUSTeK COMPUTER INC. ROG Xbox Ally RC73YA_RC73YA,AMD Ryzen Z2 A,ONNX CPU,1675,834,1963
543487,"Tue, 04 Aug 2026 10:19:47 +0000","Micro-Star International Co., Ltd. MS-7E32",Intel(R) Core(TM) Ultra 7 270K Plus,ONNX CPU,6839,2317,11716
543488,"Tue, 04 Aug 2026 10:19:48 +0000",ASUS ROG Strix SCAR 18 G835LXG,NVIDIA GeForce RTX 5090 Laptop GPU,ONNX DirectML,28281,47564,22155
543489,"Tue, 04 Aug 2026 10:31:39 +0000","Micro-Star International Co., Ltd. MS-7E32",Intel(R) Core(TM) Ultra 7 270K Plus,OpenVINO CPU,9506,9880,17069
543490,"Tue, 04 Aug 2026 10:35:35 +0000",iPhone Air,Apple A19 Pro,Core ML CPU,5049,8261,6574
543491,"Tue, 04 Aug 2026 10:41:09 +0000",Shuttle Inc. SX79R,Radeon RX 560 XT,ONNX DirectML,5777,5874,3961
543492,"Tue, 04 Aug 2026 10:43:07 +0000",samsung SM-F971B,Qualcomm ARMv8,TensorFlow Lite QNN,586,28140,70518
543493,"Tue, 04 Aug 2026 10:46:15 +0000",iMac (21.5-inch Retina Early 2019),Intel Core i7-8700,Core ML CPU,930,117,93
543494,"Tue, 04 Aug 2026 10:48:24 +0000",Samsung Galaxy S24+,Samsung Exynos 2400,TensorFlow Lite CPU,2215,2391,3422
543495,"Tue, 04 Aug 2026 10:48:38 +0000",Samsung Galaxy S25,Qualcomm Snapdragon 8 Elite,TensorFlow Lite CPU,2612,3581,4813
543496,"Tue, 04 Aug 2026 10:49:00 +0000",iPhone 16 Pro Max,Apple A18 Pro,Core ML Neural Engine,3807,28184,39142
543497,"Tue, 04 Aug 2026 10:50:35 +0000",iPhone 16 Pro Max,Apple A18 Pro,Core ML Neural Engine,3843,28366,39187
543498,"Tue, 04 Aug 2026 10:51:11 +0000",Samsung Galaxy S25,Qualcomm Snapdragon 8 Elite,TensorFlow Lite GPU,2586,3990,3382
543499,"Tue, 04 Aug 2026 10:51:43 +0000",Samsung Galaxy S24+,Samsung Exynos 2400,TensorFlow Lite GPU,1348,2460,1849
543500,"Tue, 04 Aug 2026 10:51:48 +0000",Shuttle Inc. SX79R,Intel Xeon E5-1650,ONNX CPU,1155,568,1154
543501,"Tue, 04 Aug 2026 10:52:11 +0000",iPhone 16 Pro Max,Apple A18 Pro,Core ML Neural Engine,3845,28328,38709
543502,"Tue, 04 Aug 2026 10:54:51 +0000",Shuttle Inc. SX79R,Radeon RX 560 XT,ONNX DirectML,5986,6183,4307
543503,"Tue, 04 Aug 2026 10:56:06 +0000",iPhone 16 Pro Max,Apple A18 Pro,Core ML Neural Engine,3833,28194,38877
543504,"Tue, 04 Aug 2026 10:59:52 +0000",Samsung Galaxy S24+,Samsung Exynos 2400,TensorFlow Lite NNAPI,252,272,752
543505,"Tue, 04 Aug 2026 11:01:11 +0000",Samsung Galaxy S25,Qualcomm Snapdragon 8 Elite,TensorFlow Lite NNAPI,570,548,1199
543506,"Tue, 04 Aug 2026 11:01:41 +0000",Dell Inc. Latitude 5411,Intel Core i7-10850H,ONNX CPU,1633,820,2637
543507,"Tue, 04 Aug 2026 11:01:47 +0000","Gigabyte Technology Co., Ltd. Z890 D PLUS",Intel Core Ultra 7 265K,ONNX CPU,6786,2556,10946
543508,"Tue, 04 Aug 2026 11:03:21 +0000",ASUS System Product Name,AMD Ryzen 5 8600G,ONNX CPU,3659,1744,7587
543509,"Tue, 04 Aug 2026 11:03:25 +0000","Gigabyte Technology Co., Ltd. Z890 D PLUS",Intel(R) Core(TM) Ultra 7 265K,OpenVINO CPU,6905,4970,16941
543510,"Tue, 04 Aug 2026 11:03:31 +0000","Micro-Star International Co., Ltd. MS-7E32",Intel(R) AI Boost,OpenVINO NPU,8695,10558,16478
543511,"Tue, 04 Aug 2026 11:03:45 +0000",Shuttle Inc. SX79R,Intel Xeon E5-1650,ONNX CPU,1068,553,1160
543512,"Tue, 04 Aug 2026 11:04:51 +0000","MacBook Pro (13-inch, 2022)",Apple M2,Core ML CPU,2095,3793,3028
543513,"Tue, 04 Aug 2026 11:05:34 +0000","Micro-Star International Co., Ltd. Vector 18 HX AI A2XWIG",Intel(R) AI Boost,OpenVINO NPU,6555,10327,16144
543514,"Tue, 04 Aug 2026 11:05:45 +0000",Shuttle Inc. SX79R,Radeon RX 560 XT,ONNX DirectML,5866,5944,4013
543515,"Tue, 04 Aug 2026 11:06:19 +0000",LENOVO 83GS,Intel Core i5-12450HX,ONNX CPU,2414,1165,4199
543516,"Tue, 04 Aug 2026 11:08:47 +0000","Gigabyte Technology Co., Ltd. Z890M AORUS ELITE WIFI7",Intel Core Ultra 7 265K,ONNX CPU,7152,2637,9916
543517,"Tue, 04 Aug 2026 11:11:02 +0000","Gigabyte Technology Co., Ltd. Z890 D PLUS",Intel(R) AI Boost,OpenVINO NPU,6675,297,468
543518,"Tue, 04 Aug 2026 11:11:10 +0000",iPhone 16 Pro Max,Apple A18 Pro,Core ML GPU,6522,7938,7296
543519,"Tue, 04 Aug 2026 11:11:17 +0000",Samsung Galaxy S25,Qualcomm Snapdragon 8 Elite,TensorFlow Lite NNAPI,663,645,1328
543520,"Tue, 04 Aug 2026 11:11:39 +0000",ASUS System Product Name,Intel(R) AI Boost,OpenVINO NPU,10517,10613,16639
543521,"Tue, 04 Aug 2026 11:13:08 +0000",Shuttle Inc. SX79R,Intel Xeon E5-1650,ONNX CPU,1180,577,1206
543522,"Tue, 04 Aug 2026 11:14:58 +0000",Shuttle Inc. SX79R,Radeon RX 560 XT,ONNX DirectML,5783,6114,4202
543523,"Tue, 04 Aug 2026 11:15:00 +0000",ASUSTeK COMPUTER INC. ASUS V16 V3607VM_V3607VM,Intel(R) Core(TM) 7 240H,ONNX CPU,3476,1483,6665
543524,"Tue, 04 Aug 2026 11:16:15 +0000",Samsung Galaxy S25,Qualcomm Snapdragon 8 Elite,TensorFlow Lite QNN,604,27784,67386
543525,"Tue, 04 Aug 2026 11:18:50 +0000","Micro-Star International Co., Ltd. MS-7E32",Intel(R) AI Boost,OpenVINO NPU,9250,10527,16449
543526,"Tue, 04 Aug 2026 11:19:10 +0000","Gigabyte Technology Co., Ltd. Z890 D PLUS",Intel(R) AI Boost,OpenVINO NPU,7015,294,456
543527,"Tue, 04 Aug 2026 11:19:38 +0000",ASUSTeK COMPUTER INC. ASUS V16 V3607VM_V3607VM,NVIDIA GeForce RTX 5060 Laptop GPU,ONNX DirectML,14274,26641,11165
543528,"Tue, 04 Aug 2026 11:19:40 +0000",Dell Inc. Latitude 7420,Intel Core i5-1135G7,ONNX CPU,1033,580,2556
543529,"Tue, 04 Aug 2026 11:20:45 +0000","Micro-Star International Co., Ltd. MS-7D98",Intel(R) Core(TM) i7-14700KF,OpenVINO CPU,7342,7295,16021
543530,"Tue, 04 Aug 2026 11:20:52 +0000","Gigabyte Technology Co., Ltd. Z890 D PLUS",Intel(R) Core(TM) Ultra 7 265K,OpenVINO CPU,6996,4960,17093
543531,"Tue, 04 Aug 2026 11:22:04 +0000","Gigabyte Technology Co., Ltd. B550M AORUS ELITE",AMD Ryzen 7 5800X,ONNX CPU,3400,1568,5680
543532,"Tue, 04 Aug 2026 11:22:50 +0000","Gigabyte Technology Co., Ltd. Z890 D PLUS",Intel Core Ultra 7 265K,ONNX CPU,6931,2539,11567
543533,"Tue, 04 Aug 2026 11:22:52 +0000",Shuttle Inc. SX79R,Radeon RX 560 XT,ONNX DirectML,5692,5997,4035
543534,"Tue, 04 Aug 2026 11:22:59 +0000",iPhone 13 Pro Max,Apple A15 Bionic,Core ML CPU,3240,5985,4823
543535,"Tue, 04 Aug 2026 11:23:26 +0000",iPhone 13 Pro Max,Apple A15 Bionic,Core ML CPU,3240,5985,4823
543536,"Tue, 04 Aug 2026 11:23:27 +0000",iPhone 13 Pro Max,Apple A15 Bionic,Core ML CPU,3240,5985,4823
543537,"Tue, 04 Aug 2026 11:26:47 +0000","Gigabyte Technology Co., Ltd. TRX40 AORUS XTREME",AMD Ryzen Threadripper 3990X,ONNX CPU,2288,726,3526
543538,"Tue, 04 Aug 2026 11:26:56 +0000",iPhone 13 Pro Max,Apple A15 Bionic,Core ML GPU,4118,4702,4561
543539,"Tue, 04 Aug 2026 11:27:58 +0000",iPad Air (3rd generation),Apple A12 Bionic,Core ML CPU,646,1124,992
543540,"Tue, 04 Aug 2026 11:28:40 +0000",ASUS System Product Name,Intel(R) Core(TM) Ultra 7 270K Plus,OpenVINO CPU,10478,11409,18248
543541,"Tue, 04 Aug 2026 11:29:16 +0000",iPhone 13 Pro Max,Apple A15 Bionic,Core ML Neural Engine,3183,19605,21783
543542,"Tue, 04 Aug 2026 11:29:28 +0000",B550 Steel Legend,Intel(R) Arc(TM) B580 Graphics,ONNX DirectML,20979,33540,13851
543543,"Tue, 04 Aug 2026 11:30:25 +0000",iPad Pro 13-inch (M4),Apple M4,Core ML Neural Engine,4823,36382,51620
543544,"Tue, 04 Aug 2026 11:38:29 +0000",iPad Air (3rd generation),Apple A12 Bionic,Core ML Neural Engine,52,816,43
543545,"Tue, 04 Aug 2026 11:44:27 +0000",Dell Inc. Latitude 7420,Intel Core i5-1135G7,ONNX CPU,1084,645,2579
543546,"Tue, 04 Aug 2026 11:47:48 +0000","MacBook Pro (13-inch, 2022)",Apple M2,Core ML GPU,6927,7967,7160
543547,"Tue, 04 Aug 2026 11:51:32 +0000",HP HP Z6 G5 A Workstation Desktop PC,NVIDIA GeForce RTX 5090,ONNX DirectML,47290,69666,33783
543548,"Tue, 04 Aug 2026 11:53:49 +0000",HP HP Z6 G5 A Workstation Desktop PC,NVIDIA GeForce RTX 5090,ONNX DirectML,47415,69568,33793
543549,"Tue, 04 Aug 2026 11:56:07 +0000","MacBook Pro (14-inch, 2021)",Apple M1 Pro,Core ML CPU,3831,6317,5053
543550,"Tue, 04 Aug 2026 11:57:23 +0000",Dell Inc. Latitude 7420,Intel Core i5-1135G7,ONNX CPU,2237,1055,4510
543551,"Tue, 04 Aug 2026 12:11:45 +0000",samsung SM-S918B,ARM Qualcomm,TensorFlow Lite GPU,1140,1865,1694
543552,"Tue, 04 Aug 2026 12:12:09 +0000","iPad16,8",ARM,Core ML CPU,5149,8476,6764
543553,"Tue, 04 Aug 2026 12:15:34 +0000",samsung SM-S918B,ARM Qualcomm,TensorFlow Lite CPU,1103,1959,2156
543554,"Tue, 04 Aug 2026 12:16:45 +0000",Dell Inc. Latitude 7420,Intel Core i5-1135G7,ONNX CPU,2215,1059,4568
543555,"Tue, 04 Aug 2026 12:21:59 +0000",LENOVO 83SE,Intel(R) Core(TM) Ultra 7 355,ONNX CPU,3508,1446,6795
543556,"Tue, 04 Aug 2026 12:24:17 +0000",Sony XQ-FS54,Qualcomm ARMv8,TensorFlow Lite CPU,2310,3120,3945
543557,"Tue, 04 Aug 2026 12:26:56 +0000",Sony XQ-FS54,Qualcomm ARMv8,TensorFlow Lite GPU,2440,3677,3097
543558,"Tue, 04 Aug 2026 12:30:35 +0000",iPhone 12,Apple A14 Bionic,Core ML CPU,2567,4617,3797
543559,"Tue, 04 Aug 2026 12:35:12 +0000","iPad17,4",ARM,Core ML CPU,5617,9052,6981
543560,"Tue, 04 Aug 2026 12:37:38 +0000",iPhone 15,Apple A16 Bionic,Core ML Neural Engine,3168,22972,26482
543561,"Tue, 04 Aug 2026 12:37:50 +0000",iPad Pro 12.9-inch (4th generation),Apple A12Z Bionic,Core ML CPU,1054,1635,1410
543562,"Tue, 04 Aug 2026 12:48:42 +0000",MacBook Pro (16-inch Late 2019),AMD Radeon Pro 5500M,Core ML GPU,3067,3468,938
543563,"Tue, 04 Aug 2026 12:55:14 +0000",HP HP OmniDesk Desktop M03-0xxx,Intel(R) AI Boost,OpenVINO NPU,6882,10108,15899
543564,"Tue, 04 Aug 2026 13:09:13 +0000",samsung SM-A176U,ARM ARMv8,TensorFlow Lite CPU,493,892,1035
543565,"Tue, 04 Aug 2026 13:10:35 +0000",Google Pixel 7 Pro,Google Tensor G2,TensorFlow Lite CPU,733,1184,1278
543566,"Tue, 04 Aug 2026 13:10:55 +0000",MacBook Pro (16-inch Late 2019),AMD Radeon Pro 5500M,Core ML GPU,2966,3172,868
543567,"Tue, 04 Aug 2026 13:11:53 +0000",HP HP ProDesk 400 G6 SFF,Intel Core i5-9500,ONNX CPU,2245,1035,3302
543568,"Tue, 04 Aug 2026 13:17:05 +0000",samsung SM-A176U,ARM ARMv8,TensorFlow Lite GPU,305,524,419
543569,"Tue, 04 Aug 2026 13:24:16 +0000",iPad Pro (11-inch 3rd generation),Apple M1,Core ML CPU,3151,5583,4560
543570,"Tue, 04 Aug 2026 13:30:40 +0000",MacBook Pro (16-inch Late 2019),Intel Core i9-9880H,Core ML CPU,769,548,367
543571,"Tue, 04 Aug 2026 13:31:27 +0000",Acer Predator PHN16S-I51,Intel(R) Core(TM) Ultra 7 356H,ONNX CPU,4183,1690,7668
543572,"Tue, 04 Aug 2026 13:33:18 +0000",Acer Predator PHN16S-I51,NVIDIA GeForce RTX 5070 Laptop GPU,ONNX DirectML,18750,32637,15073
543573,"Tue, 04 Aug 2026 13:35:14 +0000",Acer Predator PHN16S-I51,Intel(R) Core(TM) Ultra 7 356H,OpenVINO CPU,4376,4002,8753
543574,"Tue, 04 Aug 2026 13:37:34 +0000",HP OMEN Gaming Laptop 16-ap0xxx,AMD Ryzen AI 7 350,ONNX CPU,1317,676,3099
543575,"Tue, 04 Aug 2026 13:37:56 +0000",motorola motorola razr ultra 2025,Qualcomm ARMv8,TensorFlow Lite CPU,2494,3287,3937
543576,"Tue, 04 Aug 2026 13:38:28 +0000",Acer Predator PHN16S-I51,Intel(R) Graphics (iGPU),OpenVINO GPU,8471,25710,32503
543577,"Tue, 04 Aug 2026 13:40:21 +0000",Mac mini (Late 2018),Intel Core i7-8700B,Core ML CPU,877,108,89
543578,"Tue, 04 Aug 2026 13:40:34 +0000",Acer Predator PHN16S-I51,Intel(R) AI Boost,OpenVINO NPU,4207,34738,53057
543579,"Tue, 04 Aug 2026 13:47:01 +0000",Mac mini (Late 2018),AMD Radeon RX 5700,Core ML GPU,1878,1967,1083
543580,"Tue, 04 Aug 2026 14:00:42 +0000",Dell Inc. Dell 14S DS14260,Intel(R) Core(TM) Ultra 9 386H,ONNX CPU,4369,1575,7566
543581,"Tue, 04 Aug 2026 14:01:29 +0000","Mac17,6",Apple M5 Max,Core ML CPU,5406,9393,7268
543582,"Tue, 04 Aug 2026 14:03:26 +0000",HP HP OmniBook 5 Laptop 16-bf0xxx,Snapdragon(R) X - X126100 - Qualcomm(R) Oryon(TM) CPU,ONNX CPU,1121,1990,4264
543583,"Tue, 04 Aug 2026 14:05:20 +0000","Mac17,6",Apple M5 Max,Core ML GPU,29370,46141,43188
543584,"Tue, 04 Aug 2026 14:06:38 +0000",HP HP OmniBook 5 Laptop 16-bf0xxx,Snapdragon(R) X - X126100 - Qualcomm(R) Oryon(TM) CPU,ONNX CPU,1370,2455,5085
543585,"Tue, 04 Aug 2026 14:07:19 +0000",Google Pixel 7 Pro,Google Tensor G2,TensorFlow Lite GPU,954,1548,1203
543586,"Tue, 04 Aug 2026 14:07:51 +0000","Mac17,6",Apple M5 Max,Core ML Neural Engine,5392,48942,66664
543587,"Tue, 04 Aug 2026 14:08:27 +0000",Dell Inc. Dell 14S DS14260,Intel(R) AI Boost,OpenVINO NPU,4416,36063,53704
543588,"Tue, 04 Aug 2026 14:16:20 +0000","Gigabyte Technology Co., Ltd. H510M H",Intel Core i3-10100F,ONNX CPU,1336,719,1846
543589,"Tue, 04 Aug 2026 14:17:53 +0000",samsung SM-S731B,ARM ARMv8,TensorFlow Lite CPU,2407,2569,3549
543590,"Tue, 04 Aug 2026 14:26:25 +0000",samsung SM-S731B,ARM ARMv8,TensorFlow Lite GPU,1344,2509,1892
543591,"Tue, 04 Aug 2026 14:30:19 +0000","Micro-Star International Co., Ltd. MS-7D96",NVIDIA GeForce RTX 3070 Ti,ONNX DirectML,21156,35445,13474
543592,"Tue, 04 Aug 2026 14:34:19 +0000",Google Pixel 7 Pro,Google Tensor G2,TensorFlow Lite NNAPI,166,1855,6024
543593,"Tue, 04 Aug 2026 14:36:10 +0000",HP HP ZBook Fury 16 G11 Mobile Workstation PC,Intel Core i7-13850HX,ONNX CPU,4609,1521,6523
543594,"Tue, 04 Aug 2026 14:42:37 +0000",iPad Air (3rd generation),Apple A12 Bionic,Core ML GPU,596,694,240
543595,"Tue, 04 Aug 2026 14:48:04 +0000",samsung SM-S948U,Qualcomm ARMv8,TensorFlow Lite QNN,806,32453,82252
543596,"Tue, 04 Aug 2026 14:50:26 +0000",samsung SM-S948U,Qualcomm ARMv8,TensorFlow Lite CPU,2636,4458,6422
543597,"Tue, 04 Aug 2026 14:53:00 +0000",LENOVO 83E0,Intel Core i5-13500H,ONNX CPU,2080,861,3759
543598,"Tue, 04 Aug 2026 14:53:44 +0000",samsung SM-S948U,Qualcomm ARMv8,TensorFlow Lite GPU,2698,4014,3212
543599,"Tue, 04 Aug 2026 14:55:55 +0000","MacBook Pro (16-inch, 2021)",Apple M1 Pro,Core ML CPU,3680,5805,4687
543600,"Tue, 04 Aug 2026 14:57:20 +0000","QEMU Standard PC (Q35 + ICH9, 2009)",Intel Xeon E5-2640 v4,TensorFlow Lite CPU,1022,1008,802
543601,"Tue, 04 Aug 2026 14:57:43 +0000",samsung SM-S948U,Qualcomm ARMv8,TensorFlow Lite QNN,687,31481,79946
543602,"Tue, 04 Aug 2026 14:57:53 +0000",Shuttle Inc. SX79R,Radeon RX 560 XT,ONNX DirectML,5697,5968,4060
543603,"Tue, 04 Aug 2026 14:58:27 +0000","MacBook Pro (16-inch, 2021)",Apple M1 Pro,Core ML GPU,8728,9800,9049
543604,"Tue, 04 Aug 2026 15:00:25 +0000","Micro-Star International Co., Ltd. MS-7E32",Intel(R) AI Boost,OpenVINO NPU,8379,10490,16467
543605,"Tue, 04 Aug 2026 15:02:16 +0000","MacBook Pro (16-inch, 2021)",Apple M1 Pro,Core ML Neural Engine,3683,16442,16425
543606,"Tue, 04 Aug 2026 15:02:43 +0000","Micro-Star International Co., Ltd. MS-7E32",Intel(R) Core(TM) Ultra 7 270K Plus,OpenVINO CPU,8480,8414,16308
543607,"Tue, 04 Aug 2026 15:09:30 +0000",Shuttle Inc. SX79R,Radeon RX 560 XT,ONNX DirectML,5755,6075,4180
543608,"Tue, 04 Aug 2026 15:13:04 +0000",LENOVO 83CV,Intel(R) AI Boost,OpenVINO NPU,1421,8130,12919
543609,"Tue, 04 Aug 2026 15:13:59 +0000","iMac20,1",Intel Core i7-7700K,Core ML CPU,1001,667,469
543610,"Tue, 04 Aug 2026 15:17:20 +0000",OPPO CPH2607,ARM ARMv8,TensorFlow Lite CPU,830,1479,1712
543611,"Tue, 04 Aug 2026 15:19:14 +0000","Micro-Star International Co., Ltd. MS-7E13",NVIDIA GeForce RTX 5070,ONNX DirectML,26396,45501,20189
543612,"Tue, 04 Aug 2026 15:21:19 +0000",LENOVO 83CV,Intel(R) AI Boost,OpenVINO NPU,1736,8424,13394
543613,"Tue, 04 Aug 2026 15:21:52 +0000","Micro-Star International Co., Ltd. MS-7C79",NVIDIA GeForce RTX 3060 Ti,ONNX DirectML,16095,25746,10980
543614,"Tue, 04 Aug 2026 15:22:30 +0000",ASUS ROG Zephyrus G14 GU405AR,Intel(R) AI Boost,OpenVINO NPU,4262,38482,60019
543615,"Tue, 04 Aug 2026 15:23:45 +0000","Micro-Star International Co., Ltd. MS-7C79",NVIDIA GeForce RTX 3060 Ti,ONNX DirectML,16169,25992,10962
543616,"Tue, 04 Aug 2026 15:28:01 +0000",Xiaomi 2506BPN68G,ARM ARMv8,TensorFlow Lite NNAPI,979,7574,10369
543617,"Tue, 04 Aug 2026 15:28:23 +0000",ASUS ROG Zephyrus G14 GU405AR,Intel(R) Core(TM) Ultra 9 386H,OpenVINO CPU,4483,4162,9017
543618,"Tue, 04 Aug 2026 15:28:31 +0000",LENOVO 83F3,Intel(R) Core(TM) Ultra 7 251HX,ONNX CPU,5028,1961,8538
543619,"Tue, 04 Aug 2026 15:28:56 +0000","Apple Inc. MacPro7,1",AMD Radeon RX 9060 XT,ONNX DirectML,20016,28439,16661
543620,"Tue, 04 Aug 2026 15:30:49 +0000",ASUS ROG Zephyrus G14 GU405AR,Intel(R) Graphics (iGPU),OpenVINO GPU,8870,26472,32530
543621,"Tue, 04 Aug 2026 15:31:13 +0000",LENOVO 83F3,NVIDIA GeForce RTX 5060 Laptop GPU,ONNX DirectML,17723,33613,14166
543622,"Tue, 04 Aug 2026 15:33:18 +0000",LENOVO 83F3,Intel(R) AI Boost,OpenVINO NPU,6729,9346,14726
543623,"Tue, 04 Aug 2026 15:40:41 +0000",Samsung Galaxy S25 Ultra,Qualcomm Snapdragon 8 Elite,TensorFlow Lite QNN,685,28569,71912
543624,"Tue, 04 Aug 2026 15:41:09 +0000",ASUSTeK COMPUTER INC. ASUS TUF Gaming A17 FA706IU_TUF706IU,NVIDIA GeForce GTX 1660 Ti,ONNX DirectML,8844,7181,6592
543625,"Tue, 04 Aug 2026 15:47:08 +0000",ASUSTeK COMPUTER INC. ASUS TUF Gaming A17 FA706IU_TUF706IU,AMD Ryzen 7 4800H,ONNX CPU,1134,617,1690
543626,"Tue, 04 Aug 2026 15:50:11 +0000",Samsung Galaxy S25 Ultra,Qualcomm Snapdragon 8 Elite,TensorFlow Lite GPU,2789,4384,3466
543627,"Tue, 04 Aug 2026 16:06:18 +0000","MacPro7,1",AMD Ryzen 9 9950X,Core ML CPU,1863,1419,1037
543628,"Tue, 04 Aug 2026 16:08:18 +0000","Gigabyte Technology Co., Ltd. B650M K",NVIDIA GeForce RTX 4070 Ti,ONNX DirectML,32266,48576,24875
543629,"Tue, 04 Aug 2026 16:09:41 +0000","MacPro7,1",AMD Radeon RX 6950 XT,Core ML GPU,10011,9871,2295
543630,"Tue, 04 Aug 2026 16:17:42 +0000",Xiaomi 2506BPN68G,ARM ARMv8,TensorFlow Lite GPU,1125,1601,1272
543631,"Tue, 04 Aug 2026 16:18:11 +0000",iPhone 12,Apple A14 Bionic,Core ML Neural Engine,2623,12930,12994
543632,"Tue, 04 Aug 2026 16:18:15 +0000",iPhone 12,Apple A14 Bionic,Core ML Neural Engine,2623,12930,12994
543633,"Tue, 04 Aug 2026 16:21:10 +0000",LENOVO 83DF,NVIDIA GeForce RTX 4070 Laptop GPU,ONNX DirectML,16399,25582,13585
543634,"Tue, 04 Aug 2026 16:25:43 +0000","Apple Inc. MacPro7,1",AMD Radeon RX 9070 XT,ONNX DirectML,26444,34930,22114
543635,"Tue, 04 Aug 2026 16:27:12 +0000",Nothing A024,ARM ARMv8,TensorFlow Lite CPU,2371,2891,3898
543636,"Tue, 04 Aug 2026 16:28:43 +0000",LENOVO 83DF,Intel Core i9-14900HX,ONNX CPU,3526,688,4422
543637,"Tue, 04 Aug 2026 16:30:23 +0000","iMac20,1",Intel Core i5-13400,Core ML CPU,1571,1061,705
543638,"Tue, 04 Aug 2026 16:31:16 +0000",LENOVO 83DF,Intel Core i9-14900HX,ONNX CPU,4198,1292,6758
543639,"Tue, 04 Aug 2026 16:31:50 +0000","MacPro7,1",AMD Radeon RX 6950 XT,Core ML GPU,10096,10059,2246
543640,"Tue, 04 Aug 2026 16:32:54 +0000",DIALN PRODUCTS INC X10ULTRA,ARM Unisoc,TensorFlow Lite GPU,40,40,39
543641,"Tue, 04 Aug 2026 16:33:49 +0000",LENOVO 83DF,Intel Core i9-14900HX,ONNX CPU,4443,1410,7245
543642,"Tue, 04 Aug 2026 16:36:55 +0000",Nothing A024,ARM ARMv8,TensorFlow Lite NNAPI,410,413,913
543643,"Tue, 04 Aug 2026 16:37:23 +0000","Apple Inc. MacPro7,1",NVIDIA GeForce RTX 5070,ONNX DirectML,23839,37702,19335
543644,"Tue, 04 Aug 2026 16:38:13 +0000","iMac20,1",AMD Radeon RX 570,Core ML GPU,2892,2710,1003
543645,"Tue, 04 Aug 2026 16:39:56 +0000","Apple Inc. MacPro7,1",NVIDIA GeForce RTX 5070,ONNX DirectML,23641,37521,19242
543646,"Tue, 04 Aug 2026 17:01:32 +0000",LENOVO 83DF,NVIDIA GeForce RTX 4070 Laptop GPU,ONNX DirectML,20306,32361,15792
543647,"Tue, 04 Aug 2026 17:08:13 +0000",OnePlus CPH2723,Qualcomm ARMv8,TensorFlow Lite QNN,274,25648,62281
543648,"Tue, 04 Aug 2026 17:14:09 +0000",OnePlus CPH2723,Qualcomm ARMv8,TensorFlow Lite GPU,2644,4175,3497
543649,"Tue, 04 Aug 2026 17:17:32 +0000",MacBook Pro (16-inch Late 2019),Intel Core i9-9880H,Core ML CPU,978,630,399
543650,"Tue, 04 Aug 2026 17:20:26 +0000",LENOVO 83F2,AMD Ryzen 9 9955HX 16-Core Processor,TensorFlow Lite CPU,2564,2585,2232
543651,"Tue, 04 Aug 2026 17:21:33 +0000",ASUSTeK COMPUTER INC. X756UXK,Intel Core i7-7500U,ONNX CPU,668,407,865
543652,"Tue, 04 Aug 2026 17:25:25 +0000",OnePlus CPH2723,Qualcomm ARMv8,TensorFlow Lite NNAPI,507,504,1322
543653,"Tue, 04 Aug 2026 17:27:37 +0000","MacPro7,1",Intel Core i9-7980XE,Core ML CPU,1337,907,534
543654,"Tue, 04 Aug 2026 17:33:02 +0000",HP HP Laptop 15s-du1xxx,Intel Core i5-10210U,ONNX CPU,874,405,1102
543655,"Tue, 04 Aug 2026 17:35:08 +0000","MacPro7,1",AMD Radeon VII,Core ML GPU,4654,4800,1219
543656,"Tue, 04 Aug 2026 17:35:12 +0000",Samsung Galaxy S25+,Qualcomm Snapdragon 8 Elite,TensorFlow Lite CPU,2722,3778,4860
543657,"Tue, 04 Aug 2026 17:38:03 +0000",Samsung Galaxy S25+,Qualcomm Snapdragon 8 Elite,TensorFlow Lite GPU,2891,4551,3906
543658,"Tue, 04 Aug 2026 17:40:30 +0000",samsung SM-F976B,Qualcomm ARMv8,TensorFlow Lite CPU,2313,3933,5652
543659,"Tue, 04 Aug 2026 17:45:57 +0000",Xiaomi M2102J20SG,Qualcomm Qualcomm,TensorFlow Lite CPU,283,519,562
543660,"Tue, 04 Aug 2026 17:47:13 +0000",Samsung Galaxy S25+,Qualcomm Snapdragon 8 Elite,TensorFlow Lite NNAPI,731,734,1668
543661,"Tue, 04 Aug 2026 17:47:17 +0000",Shuttle Inc. SX79R,Radeon RX 560 XT,ONNX DirectML,5998,6186,4222
543662,"Tue, 04 Aug 2026 17:47:58 +0000",Samsung Galaxy Tab A7,Qualcomm Snapdragon 662,TensorFlow Lite CPU,293,298,346
543663,"Tue, 04 Aug 2026 17:52:03 +0000",Samsung Galaxy S25+,Qualcomm Snapdragon 8 Elite,TensorFlow Lite QNN,745,28680,72196
543664,"Tue, 04 Aug 2026 17:53:19 +0000","MacPro7,1",Intel Core i3-8100,Core ML CPU,807,519,364
543665,"Tue, 04 Aug 2026 17:55:10 +0000","iMacPro1,1",Intel Core i5-13400F,Core ML CPU,1377,153,120
543666,"Tue, 04 Aug 2026 17:56:03 +0000",Shuttle Inc. SX79R,Radeon RX 560 XT,ONNX DirectML,5939,6103,4215
543667,"Tue, 04 Aug 2026 18:01:09 +0000","iPad17,3",ARM,Core ML CPU,5764,10257,7532
543668,"Tue, 04 Aug 2026 18:05:02 +0000","iMacPro1,1",Intel Core i5-13400F,Core ML CPU,1356,153,120
543669,"Tue, 04 Aug 2026 18:06:18 +0000",ASUS System Product Name,AMD Ryzen 7 5700X,ONNX CPU,2904,1380,4915
543670,"Tue, 04 Aug 2026 18:22:24 +0000",LENOVO 83CV,Intel Core Ultra 7 155H,ONNX CPU,1133,561,1639
543671,"Tue, 04 Aug 2026 18:31:15 +0000",Shuttle Inc. SX79R,Radeon RX 560 XT,ONNX DirectML,5794,5930,4028
543672,"Tue, 04 Aug 2026 18:33:06 +0000",Shuttle Inc. SX79R,Radeon RX 560 XT,ONNX DirectML,5715,6166,4063
543673,"Tue, 04 Aug 2026 18:33:28 +0000","Gigabyte Technology Co., Ltd. Z890M AORUS ELITE WIFI7 ICE",NVIDIA GeForce RTX 3060 Ti,ONNX DirectML,17783,31164,11368
543674,"Tue, 04 Aug 2026 18:33:59 +0000",Acer Aspire A14-52MT,Intel(R) AI Boost,OpenVINO NPU,539,27224,39203
543675,"Tue, 04 Aug 2026 18:34:39 +0000",vivo V2437,ARM ARMv8,TensorFlow Lite CPU,856,1543,1928
543676,"Tue, 04 Aug 2026 18:39:28 +0000","Micro-Star International Co., Ltd. MS-7E32",NVIDIA GeForce GTX 980 Ti,ONNX DirectML,7200,6949,5008
543677,"Tue, 04 Aug 2026 18:40:19 +0000",Blackview ROCK 3,ARM ARMv8,TensorFlow Lite CPU,481,866,989
543678,"Tue, 04 Aug 2026 18:42:42 +0000",samsung SM-F976U1,Qualcomm ARMv8,TensorFlow Lite QNN,711,27708,69858
543679,"Tue, 04 Aug 2026 18:48:46 +0000",HP HP Laptop 15-fd2xxx,Intel(R) Core(TM) Ultra 5 225U,ONNX CPU,2314,1052,5129
543680,"Tue, 04 Aug 2026 18:52:13 +0000",HP HP Laptop 15-fd2xxx,Intel(R) Core(TM) Ultra 5 225U,ONNX CPU,2355,1059,5182
543681,"Tue, 04 Aug 2026 19:00:00 +0000","Microsoft Corporation Microsoft Surface Laptop, 7th Edition",Snapdragon(R) X 12-core X1E80100 @ 3.40 GHz,ONNX CPU,1762,2493,5905
543682,"Tue, 04 Aug 2026 19:00:45 +0000",iPhone 17 Pro Max,Apple A19 Pro,Core ML Neural Engine,5459,38624,53171
543683,"Tue, 04 Aug 2026 19:03:30 +0000",ASUSTeK COMPUTER INC. ROG Strix G18 G815LR_G815LR,NVIDIA GeForce RTX 5070 Ti Laptop GPU,ONNX DirectML,24245,43867,18738
543684,"Tue, 04 Aug 2026 19:06:47 +0000","MacPro7,1",AMD Radeon RX 6600,Core ML GPU,5626,5790,1439
543685,"Tue, 04 Aug 2026 19:06:53 +0000",Nothing A009P,ARM ARMv8,TensorFlow Lite QNN,218,219,10754
543686,"Tue, 04 Aug 2026 19:09:44 +0000",OnePlus 12,Qualcomm Snapdragon 8 Gen 3,TensorFlow Lite CPU,2681,3278,4263
543687,"Tue, 04 Aug 2026 19:11:54 +0000",Xiaomi 24117RK2CG,ARM ARMv8,TensorFlow Lite CPU,1344,1457,1959
543688,"Tue, 04 Aug 2026 19:11:57 +0000",Xiaomi 2506BPN68G,ARM ARMv8,TensorFlow Lite CPU,933,1000,1318
543689,"Tue, 04 Aug 2026 19:12:35 +0000",Xiaomi 2506BPN68G,ARM ARMv8,TensorFlow Lite CPU,1019,1105,1437
543690,"Tue, 04 Aug 2026 19:18:53 +0000","Mac17,4",Apple M5,Core ML Neural Engine,5494,41777,59187
543691,"Tue, 04 Aug 2026 19:19:42 +0000",ASUSTeK COMPUTER INC. NUC15CRHV7,Intel(R) Core(TM) Ultra 7 265H,ONNX CPU,4647,1899,8411
543692,"Tue, 04 Aug 2026 19:22:29 +0000",ASUSTeK COMPUTER INC. NUC15CRHV7,Intel(R) AI Boost,OpenVINO NPU,4848,9193,14171
543693,"Tue, 04 Aug 2026 19:23:56 +0000","Micro-Star International Co., Ltd. MS-7B79",AMD Radeon RX 9070 XT,ONNX DirectML,24419,32132,21392
543694,"Tue, 04 Aug 2026 19:24:25 +0000",ASUSTeK COMPUTER INC. NUC15CRHV7,Intel(R) Core(TM) Ultra 7 265H,OpenVINO CPU,5066,5701,12883
543695,"Tue, 04 Aug 2026 19:24:46 +0000",GMKtec EVO-X3,AMD Ryzen AI Max+ 395,ONNX CPU,6370,2340,10926
543696,"Tue, 04 Aug 2026 19:26:38 +0000",ASUSTeK COMPUTER INC. NUC15CRHV7,Intel(R) Arc(TM) 140T GPU (64GB) (iGPU),OpenVINO GPU,10067,23458,29209
543697,"Tue, 04 Aug 2026 19:31:33 +0000",GMKtec EVO-X3,AMD Radeon(TM) 8060S Graphics,ONNX DirectML,25126,35087,21143
543698,"Tue, 04 Aug 2026 19:37:30 +0000",iPad Air (4th generation),Apple A14 Bionic,Core ML CPU,2768,4976,4125
543699,"Tue, 04 Aug 2026 19:59:08 +0000","QEMU Standard PC (Q35 + ICH9, 2009)",AMD Ryzen AI Max+ 395,ONNX CPU,4043,975,9189
543700,"Tue, 04 Aug 2026 20:00:20 +0000","QEMU Standard PC (Q35 + ICH9, 2009)",AMD RYZEN AI MAX+ 395 w/ Radeon 8060S,OpenVINO CPU,8803,8787,20860
543701,"Tue, 04 Aug 2026 20:06:16 +0000",ASUS System Product Name,AMD Ryzen Threadripper PRO 5975WX,ONNX CPU,4692,1606,7292
543702,"Tue, 04 Aug 2026 20:08:21 +0000",ASRock A620M-C WiFi 6 R2.0,AMD Ryzen 5 9600X,ONNX CPU,3210,1415,6771
543703,"Tue, 04 Aug 2026 20:09:38 +0000",iPhone 13 Pro Max,Apple A15 Bionic,Core ML CPU,2897,5765,4558
543704,"Tue, 04 Aug 2026 20:12:22 +0000",ASRock A620M-C WiFi 6 R2.0,AMD Ryzen 5 9600X,ONNX CPU,3218,1429,7017
543705,"Tue, 04 Aug 2026 20:14:42 +0000","QEMU Standard PC (Q35 + ICH9, 2009)",AMD Ryzen AI Max+ 395,TensorFlow Lite CPU,2344,2351,1920
543706,"Tue, 04 Aug 2026 20:15:19 +0000",Dell Inc. OptiPlex Tower Plus 7020,Intel Core i7-14700,ONNX CPU,4666,1536,7824
543707,"Tue, 04 Aug 2026 20:23:53 +0000",iPhone 16e,Apple A18,Core ML CPU,4284,7158,5753
543708,"Tue, 04 Aug 2026 20:25:01 +0000","Micro-Star International Co., Ltd. MS-7C91",AMD Ryzen 9 5950X,ONNX CPU,3788,1423,5648
543709,"Tue, 04 Aug 2026 20:28:49 +0000",HP HP Pavilion x360 Convertible 14-dh1xxx,Intel(R) Core(TM) i5-10210U CPU @ 1.60GHz,OpenVINO CPU,1203,1225,1989
543710,"Tue, 04 Aug 2026 20:29:50 +0000",ASUS System Product Name,Intel Core i5-13400F,ONNX CPU,3230,1349,6119
543711,"Tue, 04 Aug 2026 20:34:03 +0000",ASUS System Product Name,13th Gen Intel(R) Core(TM) i5-13400F,OpenVINO CPU,4345,4360,10001
543712,"Tue, 04 Aug 2026 20:34:34 +0000",iPhone 17 Pro Max,Apple A19 Pro,Core ML CPU,5454,9832,7356
543713,"Tue, 04 Aug 2026 20:37:22 +0000",iPhone Air,Apple A19 Pro,Core ML CPU,5195,8319,6596
543714,"Tue, 04 Aug 2026 20:37:39 +0000",iPhone Air,Apple A19 Pro,Core ML CPU,5195,8319,6596
543715,"Tue, 04 Aug 2026 20:39:57 +0000",ASUS System Product Name,AMD Radeon RX 6600,ONNX DirectML,13917,16537,10009
543716,"Tue, 04 Aug 2026 20:45:54 +0000",HONOR VKP-NX9,Qualcomm SM8750,TensorFlow Lite GPU,1154,1769,1487
543717,"Tue, 04 Aug 2026 20:46:44 +0000","iMac20,2",Intel Core i9-13900K,Core ML CPU,2087,1382,845
543718,"Tue, 04 Aug 2026 20:47:56 +0000",INFINIX Infinix X6528B,ARM Unisoc,TensorFlow Lite CPU,240,440,402
543719,"Tue, 04 Aug 2026 20:49:10 +0000",Dell Inc. OptiPlex 3090 UFF,Intel Core i5-1145G7,ONNX CPU,1389,775,2740
543720,"Tue, 04 Aug 2026 20:49:46 +0000",ASUS System Product Name,NVIDIA GeForce RTX 4090,ONNX DirectML,36206,48801,27491
543721,"Tue, 04 Aug 2026 20:58:09 +0000","iMacPro1,1",Intel Core i5-13400F,Core ML CPU,1597,1048,681
543722,"Tue, 04 Aug 2026 20:58:41 +0000","iMac20,2",AMD Radeon RX 6900 XT,Core ML GPU,9004,8975,2061
543723,"Tue, 04 Aug 2026 21:01:28 +0000",System manufacturer System Product Name,Intel Core i7-7700K,ONNX CPU,2164,1105,2636
543724,"Tue, 04 Aug 2026 21:03:22 +0000","iMacPro1,1",AMD Radeon RX 6600,Core ML GPU,6335,6431,1662
543725,"Tue, 04 Aug 2026 21:04:07 +0000",System manufacturer System Product Name,AMD Radeon RX 6600 XT,ONNX DirectML,14575,16242,10998
543726,"Tue, 04 Aug 2026 21:04:33 +0000",Mac Studio,Apple M1 Max,Core ML CPU,3710,6135,4892
543727,"Tue, 04 Aug 2026 21:07:20 +0000",Mac Studio,Apple M1 Max,Core ML GPU,13188,14563,13427
543728,"Tue, 04 Aug 2026 21:13:59 +0000",Mac Studio,Apple M1 Max,Core ML Neural Engine,3808,16403,16143
543729,"Tue, 04 Aug 2026 21:15:34 +0000",System manufacturer System Product Name,Intel Core i7-7700K,ONNX CPU,1584,858,2133
543730,"Tue, 04 Aug 2026 21:16:57 +0000",ASUS System Product Name,AMD Ryzen Threadripper 7970X,ONNX CPU,4346,1528,8351
543731,"Tue, 04 Aug 2026 21:18:23 +0000",HP HP EliteBook 8 G1a 16 inch Notebook AI PC,AMD Ryzen 5 230 w/ Radeon 760M Graphics,ONNX CPU,1791,929,4496
543732,"Tue, 04 Aug 2026 21:18:40 +0000",ASUS System Product Name,AMD Ryzen Threadripper 7970X 32-Cores,OpenVINO CPU,11297,11348,24237
543733,"Tue, 04 Aug 2026 21:20:48 +0000",ASUS System Product Name,NVIDIA GeForce RTX 4080,ONNX DirectML,35511,53600,27089
543734,"Tue, 04 Aug 2026 21:27:19 +0000","iMacPro1,1",AMD Radeon RX 6600,Core ML GPU,6508,6581,1718
543735,"Tue, 04 Aug 2026 21:29:20 +0000",iPhone 16e,Apple A18,Core ML CPU,4284,7158,5753
543736,"Tue, 04 Aug 2026 21:31:06 +0000",Xiaomi 2510DRK44C,Qualcomm ARMv8,TensorFlow Lite NNAPI,550,481,934
543737,"Tue, 04 Aug 2026 21:33:06 +0000",Shuttle Inc. SX79R,Radeon RX 560 XT,ONNX DirectML,5919,6124,4203
543738,"Tue, 04 Aug 2026 21:33:21 +0000",Dell Inc. Dell Pro 7 14 P714265,AMD Ryzen AI 7 PRO 450 w/ Radeon 860M,ONNX CPU,3080,1299,7172
543739,"Tue, 04 Aug 2026 21:36:05 +0000","Micro-Star International Co., Ltd. MS-7E47",AMD Ryzen 5 9600X,ONNX CPU,4752,2130,10530
543740,"Tue, 04 Aug 2026 21:43:41 +0000",ASUS System Product Name,AMD Radeon RX 6600,ONNX DirectML,13194,15972,10166
543741,"Tue, 04 Aug 2026 21:45:08 +0000",samsung SM-A576B,ARM ARMv8,TensorFlow Lite CPU,1760,2374,3705
543742,"Tue, 04 Aug 2026 21:47:51 +0000",iPhone 15 Pro Max,Apple A17 Pro,Core ML GPU,5380,6431,6114
543743,"Tue, 04 Aug 2026 21:49:36 +0000",iPhone 15 Pro Max,Apple A17 Pro,Core ML GPU,5459,6420,6085
543744,"Tue, 04 Aug 2026 21:49:41 +0000",samsung SM-A576B,ARM ARMv8,TensorFlow Lite CPU,1737,2365,3664
543745,"Tue, 04 Aug 2026 21:50:26 +0000","MacPro7,1",AMD Radeon RX 5700,Core ML GPU,4497,4359,1165
543746,"Tue, 04 Aug 2026 21:51:15 +0000",iPhone 15 Pro Max,Apple A17 Pro,Core ML GPU,5417,6368,6017
543747,"Tue, 04 Aug 2026 21:51:23 +0000",OPPO CPH2113,Qualcomm Qualcomm,TensorFlow Lite CPU,481,835,924
543748,"Tue, 04 Aug 2026 21:52:56 +0000",iPhone 15 Pro Max,Apple A17 Pro,Core ML GPU,5436,6431,6138
543749,"Tue, 04 Aug 2026 21:54:34 +0000",iPhone 15 Pro Max,Apple A17 Pro,Core ML GPU,5411,6337,6248
543750,"Tue, 04 Aug 2026 21:55:23 +0000",samsung SM-A576B,ARM ARMv8,TensorFlow Lite CPU,1736,2359,3709
543751,"Tue, 04 Aug 2026 21:56:08 +0000",Dell Inc. Latitude 9440 2-in-1,Intel Core i7-1365U,ONNX CPU,1222,559,2384
543752,"Tue, 04 Aug 2026 21:56:12 +0000",iPhone 15 Pro Max,Apple A17 Pro,Core ML GPU,5428,6371,6077
543753,"Tue, 04 Aug 2026 21:56:48 +0000","MacPro7,1",Intel Core i7-9700K,Core ML CPU,1138,135,106
543754,"Tue, 04 Aug 2026 22:00:31 +0000",samsung SM-A576B,ARM ARMv8,TensorFlow Lite CPU,1757,2390,3656
543755,"Tue, 04 Aug 2026 22:01:52 +0000",OPPO CPH2113,Qualcomm Qualcomm,TensorFlow Lite GPU,289,463,414
543756,"Tue, 04 Aug 2026 22:04:41 +0000",System manufacturer System Product Name,AMD Radeon RX 6700 XT,ONNX DirectML,18999,21236,13936
543757,"Tue, 04 Aug 2026 22:05:43 +0000",samsung SM-A576B,ARM ARMv8,TensorFlow Lite CPU,1742,2350,3676
543758,"Tue, 04 Aug 2026 22:07:55 +0000",System manufacturer System Product Name,AMD Ryzen 7 5800X,ONNX CPU,4224,1829,6052
543759,"Tue, 04 Aug 2026 22:13:06 +0000",ASRock B650M PG Riptide WiFi,AMD Ryzen 7 9800X3D,ONNX CPU,5485,2171,10639
543760,"Tue, 04 Aug 2026 22:13:10 +0000",samsung SM-A576B,ARM ARMv8,TensorFlow Lite GPU,753,1095,840
543761,"Tue, 04 Aug 2026 22:19:54 +0000",samsung SM-A576B,ARM ARMv8,TensorFlow Lite GPU,710,1101,847
543762,"Tue, 04 Aug 2026 22:25:53 +0000",samsung SM-A576B,ARM ARMv8,TensorFlow Lite GPU,739,1124,859
543763,"Tue, 04 Aug 2026 22:31:25 +0000",samsung SM-A576B,ARM ARMv8,TensorFlow Lite GPU,738,1090,875
543764,"Tue, 04 Aug 2026 22:34:36 +0000",samsung SM-A576B,ARM ARMv8,TensorFlow Lite CPU,1713,2278,3528
543765,"Tue, 04 Aug 2026 22:44:33 +0000",iPhone 16 Pro,Apple A18 Pro,Core ML CPU,4745,8129,6491
543766,"Tue, 04 Aug 2026 22:49:16 +0000",iPhone 16 Pro,Apple A18 Pro,Core ML GPU,7297,8539,7817
543767,"Tue, 04 Aug 2026 22:49:52 +0000",samsung SM-A576B,ARM ARMv8,TensorFlow Lite NNAPI,282,283,632
543768,"Tue, 04 Aug 2026 22:51:39 +0000",iPhone 16 Pro,Apple A18 Pro,Core ML Neural Engine,4766,35201,48756
543769,"Tue, 04 Aug 2026 23:06:38 +0000",iPhone 17 Pro Max,Apple A19 Pro,Core ML Neural Engine,5429,38467,53185
543770,"Tue, 04 Aug 2026 23:06:56 +0000",iPhone 15 Pro Max,Apple A17 Pro,Core ML Neural Engine,3971,27930,38750
543771,"Tue, 04 Aug 2026 23:13:27 +0000","Micro-Star International Co., Ltd. Prestige 16 AI+ C3MTG",Intel(R) AI Boost,OpenVINO NPU,4284,38333,57604
543772,"Tue, 04 Aug 2026 23:15:50 +0000","Micro-Star International Co., Ltd. Prestige 16 AI+ C3MTG",Intel(R) Arc(TM) B390 GPU (iGPU),OpenVINO GPU,18484,47989,59383
543773,"Tue, 04 Aug 2026 23:17:25 +0000","Micro-Star International Co., Ltd. Prestige 16 AI+ C3MTG",Intel(R) Arc(TM) B390 GPU (iGPU),OpenVINO GPU,18831,47937,58644
543774,"Tue, 04 Aug 2026 23:36:56 +0000",ASUS ROG Strix SCAR 18 G835LXG,NVIDIA GeForce RTX 5090 Laptop GPU,ONNX DirectML,27465,46383,21507
543775,"Tue, 04 Aug 2026 23:37:09 +0000",ASUSTeK COMPUTER INC. ROG Xbox Ally RC73YA_RC73YA,AMD Ryzen Z2 A,ONNX CPU,1552,795,1881
543776,"Tue, 04 Aug 2026 23:48:19 +0000",Dell Inc. Latitude 9440 2-in-1,Intel(R) Iris(R) Xe Graphics (iGPU),OpenVINO GPU,3841,5461,7876
543777,"Tue, 04 Aug 2026 23:52:48 +0000",HP HP EliteBook 840 14 inch G11 Notebook PC,Intel Core Ultra 5 135U,ONNX CPU,2259,943,4774
543778,"Tue, 04 Aug 2026 23:56:03 +0000",HP HP EliteBook 840 14 inch G11 Notebook PC,Intel(R) AI Boost,OpenVINO NPU,1931,8350,12916
543779,"Tue, 04 Aug 2026 23:56:11 +0000","Micro-Star International Co., Ltd. Prestige 16 AI+ C3MTG",Intel(R) Arc(TM) B390 GPU,ONNX DirectML,12176,21031,7996
543780,"Tue, 04 Aug 2026 23:57:51 +0000","Micro-Star International Co., Ltd. Prestige 16 AI+ C3MTG",Intel(R) Arc(TM) B390 GPU (iGPU),OpenVINO GPU,18883,47507,57360
543781,"Wed, 05 Aug 2026 00:00:00 +0000","Micro-Star International Co., Ltd. Prestige 16 AI+ C3MTG",Intel(R) AI Boost,OpenVINO NPU,4262,37902,57450
543782,"Wed, 05 Aug 2026 00:00:19 +0000",Xiaomi Poco F7,Qualcomm Snapdragon 8s Gen 4,TensorFlow Lite CPU,2342,2936,3965
543783,"Wed, 05 Aug 2026 00:04:52 +0000",OPPO CPH2825,ARM ARMv8,TensorFlow Lite CPU,1635,2075,3038
543784,"Wed, 05 Aug 2026 00:29:57 +0000","Mac17,9",Apple M5 Pro,Core ML GPU,21677,36218,35185
543785,"Wed, 05 Aug 2026 00:30:50 +0000",OPPO CPH2825,ARM ARMv8,TensorFlow Lite NNAPI,148,155,333
543786,"Wed, 05 Aug 2026 00:33:24 +0000","Mac17,9",Apple M5 Pro,Core ML Neural Engine,6105,47344,63875
543787,"Wed, 05 Aug 2026 00:38:55 +0000",ASUSTeK COMPUTER INC. ROG Xbox Ally RC73YA_RC73YA,AMD Ryzen Z2 A,ONNX CPU,1661,840,1946
543788,"Wed, 05 Aug 2026 00:42:49 +0000",iPhone 17 Pro Max,Apple A19 Pro,Core ML GPU,9711,17835,19450
543789,"Wed, 05 Aug 2026 00:43:54 +0000","Micro-Star International Co., Ltd. MS-7C90",AMD Ryzen 5 5600X,ONNX CPU,2310,1119,3568
543790,"Wed, 05 Aug 2026 00:45:05 +0000",iPhone 17 Pro Max,Apple A19 Pro,Core ML Neural Engine,5657,40523,57523
543791,"Wed, 05 Aug 2026 00:46:03 +0000","Micro-Star International Co., Ltd. MS-7C90",NVIDIA GeForce RTX 3060,ONNX DirectML,14479,25166,9961
543792,"Wed, 05 Aug 2026 00:49:07 +0000",iPad Air (3rd generation),Apple A12 Bionic,Core ML CPU,615,1011,954
543793,"Wed, 05 Aug 2026 00:52:26 +0000","iPad16,8",ARM,Core ML GPU,10501,12147,11026
543794,"Wed, 05 Aug 2026 00:53:52 +0000","Micro-Star International Co., Ltd. MS-7E42",Intel(R) Core(TM) Ultra 5 245K,ONNX CPU,5792,2303,10361
543795,"Wed, 05 Aug 2026 00:55:06 +0000",LENOVO 83D6,Intel Core i7-13700H,ONNX CPU,3676,1446,6820
543796,"Wed, 05 Aug 2026 00:56:11 +0000","Micro-Star International Co., Ltd. MS-7E42",Intel(R) Graphics,ONNX DirectML,4444,6268,3048
543797,"Wed, 05 Aug 2026 00:56:29 +0000",ASUS System Product Name,Intel(R) Arc(TM) A770 Graphics (dGPU),OpenVINO GPU,15692,27217,28483
543798,"Wed, 05 Aug 2026 00:57:59 +0000",ASUS System Product Name,Intel(R) Arc(TM) A770 Graphics (dGPU),OpenVINO GPU,15730,27505,28729
543799,"Wed, 05 Aug 2026 00:58:02 +0000","Micro-Star International Co., Ltd. MS-7E42",Intel(R) Core(TM) Ultra 5 245K,OpenVINO CPU,5225,3799,13561
543800,"Wed, 05 Aug 2026 00:58:58 +0000",LENOVO 83D6,Intel(R) Iris(R) Xe Graphics,ONNX DirectML,3526,3535,2160
543801,"Wed, 05 Aug 2026 00:59:45 +0000",ASUS System Product Name,Intel(R) Arc(TM) Pro B70 Graphics (dGPU),OpenVINO GPU,33704,74147,82178
543802,"Wed, 05 Aug 2026 01:00:16 +0000","Micro-Star International Co., Ltd. MS-7E42",Intel(R) Graphics (iGPU),OpenVINO GPU,5547,9049,13970
543803,"Wed, 05 Aug 2026 01:00:35 +0000",LENOVO 83D6,NVIDIA GeForce RTX 4050 Laptop GPU,ONNX DirectML,14660,25226,11443
543804,"Wed, 05 Aug 2026 01:01:58 +0000",ASUS System Product Name,Intel(R) Arc(TM) A770 Graphics (dGPU),OpenVINO GPU,16474,30239,31357
543805,"Wed, 05 Aug 2026 01:02:36 +0000",LENOVO 83D6,13th Gen Intel(R) Core(TM) i7-13700H,OpenVINO CPU,3928,3501,9378
543806,"Wed, 05 Aug 2026 01:02:48 +0000","Micro-Star International Co., Ltd. MS-7E42",Intel(R) AI Boost,OpenVINO NPU,5305,10292,15892
543807,"Wed, 05 Aug 2026 01:07:10 +0000",LENOVO 83D6,Intel(R) Iris(R) Xe Graphics (iGPU),OpenVINO GPU,5430,7319,10824
543808,"Wed, 05 Aug 2026 01:08:13 +0000",samsung SM-S948B,Qualcomm ARMv8,TensorFlow Lite CPU,2883,4769,6982
543809,"Wed, 05 Aug 2026 01:11:14 +0000",LENOVO 21QDS9B200,Intel(R) Core(TM) Ultra 5 235U,ONNX CPU,2712,1184,5762
543810,"Wed, 05 Aug 2026 01:13:54 +0000","Gigabyte Technology Co., Ltd. Z890M AORUS ELITE WIFI7",Intel Core Ultra 7 265K,ONNX CPU,5533,2131,8470
543811,"Wed, 05 Aug 2026 01:16:09 +0000",Arquimedes Automacao e Informatica Ltda Arquimedes Corporativo-A,Intel Core i5-14400,ONNX CPU,1926,827,3691
543812,"Wed, 05 Aug 2026 01:18:13 +0000",OPPO CPH2825,ARM ARMv8,TensorFlow Lite QNN,147,145,28726
543813,"Wed, 05 Aug 2026 01:19:09 +0000","Gigabyte Technology Co., Ltd. Z890M AORUS ELITE WIFI7",NVIDIA GeForce GTX 1070 Ti,ONNX DirectML,7843,7672,5923
543814,"Wed, 05 Aug 2026 01:28:38 +0000",OPPO CPH2211,ARM MT6853V/TNZA,TensorFlow Lite CPU,471,816,907
543815,"Wed, 05 Aug 2026 01:29:42 +0000","Mac17,2",Apple M5,Core ML Neural Engine,5645,43213,61182
543816,"Wed, 05 Aug 2026 01:32:06 +0000","Mac17,2",Apple M5,Core ML GPU,14872,27836,28324
543817,"Wed, 05 Aug 2026 01:35:12 +0000",ASUSTeK COMPUTER INC. ROG Xbox Ally RC73YA_RC73YA,AMD Radeon(TM) Graphics,ONNX DirectML,3270,3438,2538
543818,"Wed, 05 Aug 2026 01:35:55 +0000",OPPO CPH2211,ARM MT6853V/TNZA,TensorFlow Lite GPU,360,604,456
543819,"Wed, 05 Aug 2026 01:41:26 +0000",OPPO CPH2825,ARM ARMv8,TensorFlow Lite GPU,1032,1648,1347
543820,"Wed, 05 Aug 2026 01:42:50 +0000","MacBook Pro (14-inch, 2021)",Apple M1 Max,Core ML CPU,3857,6336,5055
543821,"Wed, 05 Aug 2026 01:56:42 +0000",OPPO CPH2825,ARM ARMv8,TensorFlow Lite GPU,1016,1601,1307
543822,"Wed, 05 Aug 2026 01:59:41 +0000",Dell Inc. Precision 7920 Tower,NVIDIA GeForce GTX 1080 Ti,ONNX DirectML,9137,8742,6707
543823,"Wed, 05 Aug 2026 02:35:57 +0000",iPhone 13 Pro Max,Apple A15 Bionic,Core ML CPU,3248,5923,4802
543824,"Wed, 05 Aug 2026 02:38:38 +0000",Mac Studio (2025),Apple M4 Max,Core ML GPU,24277,27319,25251
543825,"Wed, 05 Aug 2026 02:38:40 +0000",iPhone 13 Pro Max,Apple A15 Bionic,Core ML GPU,4210,4678,4387
543826,"Wed, 05 Aug 2026 02:40:16 +0000",DTRI DT360PA,Intel Core Ultra 7 255H,ONNX CPU,3679,1559,6648
543827,"Wed, 05 Aug 2026 02:40:44 +0000",Mac Studio (2025),Apple M4 Max,Core ML Neural Engine,6586,40147,55744
543828,"Wed, 05 Aug 2026 02:40:47 +0000",iPhone 13 Pro Max,Apple A15 Bionic,Core ML Neural Engine,3200,19873,22158
543829,"Wed, 05 Aug 2026 02:44:18 +0000",ASUSTeK COMPUTER INC. ROG Xbox Ally RC73YA_RC73YA,AMD Radeon(TM) Graphics,ONNX DirectML,3266,3438,2465
543830,"Wed, 05 Aug 2026 02:55:52 +0000",HONOR DNP-NX9,ARM ARMv8,TensorFlow Lite CPU,1529,1790,2248
543831,"Wed, 05 Aug 2026 02:57:24 +0000",samsung SM-A125M,ARM MT6765V/CB,TensorFlow Lite CPU,227,216,264
543832,"Wed, 05 Aug 2026 03:02:31 +0000",iPhone 17 Pro Max,Apple A19 Pro,Core ML CPU,4931,8109,6319
543833,"Wed, 05 Aug 2026 03:03:24 +0000",ASUSTeK COMPUTER INC. ROG Xbox Ally RC73YA_RC73YA,AMD Radeon(TM) Graphics,ONNX DirectML,3422,3715,2589
543834,"Wed, 05 Aug 2026 03:04:37 +0000",ASUS System Product Name,AMD Ryzen 9 9950X3D2 16-Core Processor,ONNX CPU,8617,3380,14790
543835,"Wed, 05 Aug 2026 03:08:04 +0000",Microsoft Corporation Surface Laptop for Business 13.8in 8th Ed Intel,Intel(R) Graphics,ONNX DirectML,6572,12484,4419
543836,"Wed, 05 Aug 2026 03:08:09 +0000",ASUSTeK COMPUTER INC. ROG Xbox Ally RC73YA_RC73YA,AMD Radeon(TM) Graphics,ONNX DirectML,3229,3506,2425
543837,"Wed, 05 Aug 2026 03:12:58 +0000",ASUSTeK COMPUTER INC. ROG Xbox Ally RC73YA_RC73YA,AMD Radeon(TM) Graphics,ONNX DirectML,3205,3440,2512
543838,"Wed, 05 Aug 2026 03:14:54 +0000",Mac mini (2024),Apple M4,Core ML CPU,5029,8381,6714
543839,"Wed, 05 Aug 2026 03:15:16 +0000",ASUSTeK COMPUTER INC. ROG Xbox Ally RC73YA_RC73YA,AMD Radeon(TM) Graphics,ONNX DirectML,3322,3607,2562
543840,"Wed, 05 Aug 2026 03:15:35 +0000",GEEKOM NX14CM,Intel Core Ultra 9 185H,ONNX CPU,2859,1120,5604
543841,"Wed, 05 Aug 2026 03:15:53 +0000",HONOR ANN-AN00,ARM SM7325,TensorFlow Lite QNN,161,164,10695
543842,"Wed, 05 Aug 2026 03:16:17 +0000",HP HP OmniBook 3 Laptop 17-df0xxx,Intel(R) Core(TM) Ultra 7 355,ONNX CPU,2303,1041,4406
543843,"Wed, 05 Aug 2026 03:16:53 +0000",Mac mini (2024),Apple M4,Core ML GPU,11513,13573,12231
543844,"Wed, 05 Aug 2026 03:18:50 +0000",ASUSTeK COMPUTER INC. ROG Xbox Ally RC73YA_RC73YA,AMD Radeon(TM) Graphics,ONNX DirectML,3196,3615,2487
543845,"Wed, 05 Aug 2026 03:19:26 +0000",Mac mini (2024),Apple M4,Core ML Neural Engine,5033,39433,56818
543846,"Wed, 05 Aug 2026 03:20:52 +0000",ASUSTeK COMPUTER INC. ROG Xbox Ally RC73YA_RC73YA,AMD Radeon(TM) Graphics,ONNX DirectML,3249,3546,2492
543847,"Wed, 05 Aug 2026 03:25:23 +0000",HP HP OmniBook 3 Laptop 17-df0xxx,Intel(R) Core(TM) Ultra 7 355,ONNX CPU,2388,1116,5275
543848,"Wed, 05 Aug 2026 03:26:17 +0000","Colorful Technology And Development Co.,LTD ECO H610M-E1",Intel Core i5-13400F,ONNX CPU,3030,1299,5429
543849,"Wed, 05 Aug 2026 03:26:30 +0000","Colorful Technology And Development Co.,LTD ECO H610M-E1",Intel Core i5-14400F,ONNX CPU,2929,1290,5347
543850,"Wed, 05 Aug 2026 03:26:56 +0000",iPhone 15 Pro Max,Apple A17 Pro,Core ML Neural Engine,3952,28117,39445
543851,"Wed, 05 Aug 2026 03:29:32 +0000","Colorful Technology And Development Co.,LTD ECO H610M-E1",NVIDIA GeForce RTX 3050,ONNX DirectML,8889,17541,6107
543852,"Wed, 05 Aug 2026 03:31:43 +0000","Colorful Technology And Development Co.,LTD ECO H610M-E1",NVIDIA GeForce RTX 3050,ONNX DirectML,10727,19671,7353
543853,"Wed, 05 Aug 2026 03:32:46 +0000","Colorful Technology And Development Co.,LTD ECO H610M-E1",Intel(R) Core(TM) i5-14400F,OpenVINO CPU,3947,3966,9263
543854,"Wed, 05 Aug 2026 03:34:38 +0000","Colorful Technology And Development Co.,LTD ECO H610M-E1",13th Gen Intel(R) Core(TM) i5-13400F,OpenVINO CPU,3801,3625,9508
543855,"Wed, 05 Aug 2026 03:35:22 +0000",DTRI DT360PA,Intel(R) Arc(TM) 140T GPU (8GB),ONNX DirectML,5752,7522,4107
543856,"Wed, 05 Aug 2026 03:38:58 +0000",ASUSTeK COMPUTER INC. ASUS TUF Gaming A15 FA506NCG_FA506NCG,AMD Ryzen 7 8845HS,ONNX CPU,2142,1072,4522
543857,"Wed, 05 Aug 2026 03:40:39 +0000","Gigabyte Technology Co., Ltd. Z890M AORUS ELITE WIFI7",NVIDIA GeForce RTX 5060 Ti,ONNX DirectML,15668,24240,13114
543858,"Wed, 05 Aug 2026 03:41:52 +0000",ASUS System Product Name,Intel Core Ultra 7 265K,ONNX CPU,6848,2607,11483
543859,"Wed, 05 Aug 2026 03:43:31 +0000",ASUSTeK COMPUTER INC. ASUS EXPERTBOOK PM1403CDA,AMD Ryzen 7 7735HS,ONNX CPU,2548,1307,4485
543860,"Wed, 05 Aug 2026 03:45:22 +0000",ASUSTeK COMPUTER INC. ASUS TUF Gaming A15 FA506NCG_FA506NCG,AMD Radeon 780M Graphics,ONNX DirectML,2870,4478,2072
543861,"Wed, 05 Aug 2026 03:50:43 +0000",ASUS System Product Name,NVIDIA GeForce RTX 5070,ONNX DirectML,28281,49232,22016
543862,"Wed, 05 Aug 2026 03:55:08 +0000","Gigabyte Technology Co., Ltd. Z890M AORUS ELITE WIFI7",NVIDIA GeForce RTX 5060 Ti,ONNX DirectML,15677,23902,12986
543863,"Wed, 05 Aug 2026 03:57:10 +0000","Mac17,4",Apple M5,Core ML CPU,5543,9009,6960
543864,"Wed, 05 Aug 2026 03:59:54 +0000","Mac17,4",Apple M5,Core ML GPU,14411,25653,27102
543865,"Wed, 05 Aug 2026 04:04:28 +0000",ASUSTeK COMPUTER INC. ROG Xbox Ally RC73YA_RC73YA,AMD Radeon(TM) Graphics,ONNX DirectML,3221,3541,2548
543866,"Wed, 05 Aug 2026 04:10:58 +0000","Gigabyte Technology Co., Ltd. Z890M AORUS ELITE WIFI7",NVIDIA GeForce RTX 5060 Ti,ONNX DirectML,15489,23907,12987
543867,"Wed, 05 Aug 2026 04:13:59 +0000","iPad17,4",ARM,Core ML Neural Engine,5775,41299,58504
543868,"Wed, 05 Aug 2026 04:16:53 +0000","iPad17,4",ARM,Core ML GPU,12704,20751,20400
543869,"Wed, 05 Aug 2026 04:16:53 +0000","iPad17,4",ARM,Core ML GPU,12031,22558,19595
543870,"Wed, 05 Aug 2026 04:19:17 +0000",iPhone 17 Pro Max,Apple A19 Pro,Core ML CPU,5571,10056,7430
543871,"Wed, 05 Aug 2026 04:21:02 +0000",iPhone 17 Pro Max,Apple A19 Pro,Core ML Neural Engine,5483,40123,57988
543872,"Wed, 05 Aug 2026 04:23:38 +0000",iPhone 17 Pro Max,Apple A19 Pro,Core ML GPU,9782,18236,19892
543873,"Wed, 05 Aug 2026 04:38:15 +0000",Dell Inc. Latitude 7420,Intel Core i5-1135G7,ONNX CPU,2084,941,4389
543874,"Wed, 05 Aug 2026 04:46:27 +0000",LENOVO 21XFS0F800,Intel(R) AI Boost,OpenVINO NPU,4176,36277,54193
543875,"Wed, 05 Aug 2026 04:46:46 +0000",LENOVO 21XHS02H00,AMD Ryzen AI 7 PRO 450 w/ Radeon 860M,OpenVINO CPU,5253,5210,14575
543876,"Wed, 05 Aug 2026 04:48:04 +0000",iPad Air 11-inch (7th generation),Apple M3,Core ML CPU,4272,7510,6075
543877,"Wed, 05 Aug 2026 04:58:40 +0000",HP HP OmniBook 5 Laptop 16-bf0xxx,Snapdragon(R) X - X126100 - Qualcomm(R) Oryon(TM) CPU,ONNX CPU,418,789,1251
543878,"Wed, 05 Aug 2026 04:59:04 +0000",ASUSTeK COMPUTER INC. ASUS EXPERTCENTER P470VA_V470VA,Intel(R) Core(TM) 7 240H,ONNX CPU,3577,1517,6544
543879,"Wed, 05 Aug 2026 05:00:14 +0000",ASUS TUF Gaming A14 FA401EA,AMD RYZEN AI MAX+ 392 w/ Radeon 8060S,ONNX CPU,5215,2107,9938
543880,"Wed, 05 Aug 2026 05:01:50 +0000",ASUSTeK COMPUTER INC. ROG Strix G18 G815LP_G815LP,Intel Core Ultra 9 275HX,ONNX CPU,6950,2537,11323
543881,"Wed, 05 Aug 2026 05:03:44 +0000",ASUSTeK COMPUTER INC. ROG Xbox Ally RC73YA_RC73YA,AMD Radeon(TM) Graphics,ONNX DirectML,3345,3588,2576
543882,"Wed, 05 Aug 2026 05:03:50 +0000",ASUSTeK COMPUTER INC. ASUS EXPERTBOOK PM1403CDA,AMD Ryzen 7 7735HS,ONNX CPU,2679,1299,4623
543883,"Wed, 05 Aug 2026 05:07:32 +0000",MacBook Pro (16-inch Late 2019),AMD Radeon Pro 5500M,Core ML GPU,2859,2907,902
543884,"Wed, 05 Aug 2026 05:15:58 +0000",Dell Inc. Inspiron 14 Plus 7440,Intel(R) AI Boost,OpenVINO NPU,2085,8698,13479
543885,"Wed, 05 Aug 2026 05:16:12 +0000",ASRock B650M-HDV/M.2,AMD Ryzen 7 9700X 8-Core Processor,OpenVINO CPU,13903,13869,33434
543886,"Wed, 05 Aug 2026 05:18:45 +0000",ASRock B650M-HDV/M.2,AMD Ryzen 7 9700X 8-Core Processor,OpenVINO CPU,13856,13886,33229
543887,"Wed, 05 Aug 2026 05:18:51 +0000",Dell Inc. Inspiron 14 Plus 7440,Intel(R) Arc(TM) Graphics (iGPU),OpenVINO GPU,8554,13675,20815
543888,"Wed, 05 Aug 2026 05:20:28 +0000","MacBook Air (13-inch, 2025)",Apple M4,Core ML CPU,2281,2977,2504
543889,"Wed, 05 Aug 2026 05:22:44 +0000","Gigabyte Technology Co., Ltd. B850 GAMING X WIFI6E",AMD Ryzen 7 9700X,ONNX CPU,8137,3181,13897
543890,"Wed, 05 Aug 2026 05:24:25 +0000","Gigabyte Technology Co., Ltd. B850 GAMING X WIFI6E",NVIDIA GeForce RTX 5070,ONNX DirectML,31390,57531,24110
543891,"Wed, 05 Aug 2026 05:26:37 +0000","MacBook Air (13-inch, 2025)",Apple M4,Core ML Neural Engine,1490,18358,26340
543892,"Wed, 05 Aug 2026 05:27:11 +0000",ASUS System Product Name,Intel(R) Core(TM) Ultra 5 245K,ONNX CPU,4199,1951,8155
543893,"Wed, 05 Aug 2026 05:28:13 +0000",samsung SM-S948U,Qualcomm ARMv8,TensorFlow Lite CPU,2930,4749,6983
543894,"Wed, 05 Aug 2026 05:29:23 +0000",ASUS System Product Name,Intel(R) Core(TM) Ultra 5 245K,ONNX CPU,5425,2267,10191
543895,"Wed, 05 Aug 2026 05:31:42 +0000",ASUS System Product Name,NVIDIA GeForce RTX 5060 Ti,ONNX DirectML,21445,38371,16920
543896,"Wed, 05 Aug 2026 05:37:28 +0000",MacBook Pro (16-inch Late 2019),Intel Core i9-9880H,Core ML CPU,1075,716,468
543897,"Wed, 05 Aug 2026 05:40:41 +0000","MacBook Pro (14-inch, 2021)",Apple M1 Pro,Core ML GPU,9202,10054,9079
543898,"Wed, 05 Aug 2026 05:41:07 +0000","iPad17,1",ARM,Core ML GPU,14307,24789,25867
543899,"Wed, 05 Aug 2026 05:41:52 +0000","iPad17,1",ARM,Core ML GPU,14307,24789,25867
543900,"Wed, 05 Aug 2026 05:43:15 +0000","MacBook Pro (14-inch, 2021)",Apple M1 Pro,Core ML Neural Engine,3814,17597,17534
543901,"Wed, 05 Aug 2026 05:43:50 +0000","iPad17,1",ARM,Core ML Neural Engine,5792,36867,51711
543902,"Wed, 05 Aug 2026 05:44:30 +0000","iPad17,1",ARM,Core ML Neural Engine,5792,36867,51711
543903,"Wed, 05 Aug 2026 05:47:22 +0000","iPad17,1",ARM,Core ML CPU,5839,10239,7516
543904,"Wed, 05 Aug 2026 05:47:22 +0000","MacBook Pro (14-inch, 2021)",Apple M1 Pro,Core ML CPU,3843,6321,5063
543905,"Wed, 05 Aug 2026 05:48:01 +0000","iPad17,1",ARM,Core ML CPU,5839,10239,7516
543906,"Wed, 05 Aug 2026 05:49:53 +0000",Hewlett-Packard HP Compaq Pro 6305 SFF,AMD A4-5300B,ONNX CPU,119,104,212
543907,"Wed, 05 Aug 2026 05:51:02 +0000",Dell Inc. Latitude 7420,Intel Core i5-1135G7,ONNX CPU,2067,944,4455
543908,"Wed, 05 Aug 2026 05:51:04 +0000","Gigabyte Technology Co., Ltd. Z890M AORUS ELITE WIFI7",NVIDIA GeForce RTX 5060 Ti,ONNX DirectML,15696,24081,13084
543909,"Wed, 05 Aug 2026 05:53:33 +0000","MacBook Air (13-inch, 2025)",Apple M4,Core ML GPU,5903,6978,6712
543910,"Wed, 05 Aug 2026 05:54:37 +0000","Micro-Star International Co., Ltd. MS-7C91",NVIDIA GeForce RTX 5090,ONNX DirectML,41966,59125,32170
543911,"Wed, 05 Aug 2026 05:57:39 +0000",samsung SM-F971B,Qualcomm ARMv8,TensorFlow Lite CPU,2519,4168,6447
543912,"Wed, 05 Aug 2026 05:59:31 +0000",samsung SM-F971B,Qualcomm ARMv8,TensorFlow Lite GPU,2883,4612,3891
543913,"Wed, 05 Aug 2026 05:59:54 +0000",OPPO CPH2825,ARM ARMv8,TensorFlow Lite QNN,244,260,31398
543914,"Wed, 05 Aug 2026 06:05:20 +0000",OPPO CPH2825,ARM ARMv8,TensorFlow Lite CPU,1780,2321,3452
543915,"Wed, 05 Aug 2026 06:07:08 +0000",HONOR GLO-GXXX,Intel(R) Iris(R) Xe Graphics,ONNX DirectML,2724,2742,1755
543916,"Wed, 05 Aug 2026 06:07:44 +0000",samsung SM-F971B,Qualcomm ARMv8,TensorFlow Lite NNAPI,669,630,1218
543917,"Wed, 05 Aug 2026 06:07:48 +0000",samsung SM-F971B,Qualcomm ARMv8,TensorFlow Lite QNN,770,29018,72601
543918,"Wed, 05 Aug 2026 06:08:08 +0000","Gigabyte Technology Co., Ltd. B650M GAMING WIFI6E",AMD Ryzen 5 7600X,ONNX CPU,4537,2120,9000
543919,"Wed, 05 Aug 2026 06:09:59 +0000",HONOR GLO-GXXX,Intel Core i5-13500H,ONNX CPU,2876,1249,5507
543920,"Wed, 05 Aug 2026 06:10:31 +0000",OPPO CPH2825,ARM ARMv8,TensorFlow Lite GPU,1154,1964,1552
543921,"Wed, 05 Aug 2026 06:10:49 +0000","Gigabyte Technology Co., Ltd. B650M GAMING WIFI6E",AMD Radeon RX 9060 XT,ONNX DirectML,23933,36084,20773
543922,"Wed, 05 Aug 2026 06:15:08 +0000",samsung SM-F971B,Qualcomm ARMv8,TensorFlow Lite QNN,533,27575,69116
543923,"Wed, 05 Aug 2026 06:15:35 +0000",ASUS System Product Name,AMD Ryzen 7 5800X,ONNX CPU,3376,1464,4796
543924,"Wed, 05 Aug 2026 06:16:11 +0000",ASUSTeK COMPUTER INC. ASUS EXPERTBOOK PM1403CDA,AMD Ryzen 7 7735HS,ONNX CPU,2726,1287,4591
543925,"Wed, 05 Aug 2026 06:17:18 +0000",ASUSTeK COMPUTER INC. ROG Xbox Ally RC73YA_RC73YA,AMD Radeon(TM) Graphics,ONNX DirectML,3323,3581,2578
543926,"Wed, 05 Aug 2026 06:17:36 +0000",ERAZER ERAZER P15H-N,Intel Celeron N5100,ONNX CPU,356,208,583
543927,"Wed, 05 Aug 2026 06:17:54 +0000",ASUS TUF Gaming A14 FA401EA,AMD RYZEN AI MAX+ 392 w/ Radeon 8060S,ONNX CPU,5193,2186,10029
543928,"Wed, 05 Aug 2026 06:18:17 +0000",Google Pixel 6a,Google Tensor,TensorFlow Lite CPU,715,1256,1294
543929,"Wed, 05 Aug 2026 06:18:48 +0000",ASUSTeK COMPUTER INC. ROG Strix G18 G815LP_G815LP,Intel Core Ultra 9 275HX,ONNX CPU,6814,2544,11324
543930,"Wed, 05 Aug 2026 06:19:51 +0000",ASUS System Product Name,NVIDIA GeForce RTX 3060,ONNX DirectML,15168,27166,10288
543931,"Wed, 05 Aug 2026 06:19:58 +0000",ASUSTeK COMPUTER INC. ASUS EXPERTCENTER P470VA_V470VA,Intel(R) Core(TM) 7 240H,ONNX CPU,3535,1498,6386
543932,"Wed, 05 Aug 2026 06:24:41 +0000",HONOR ALI-NX1,ARM ARMv8,TensorFlow Lite CPU,279,498,547
543933,"Wed, 05 Aug 2026 06:29:56 +0000",OPPO CPH2825,ARM ARMv8,TensorFlow Lite NNAPI,257,258,593
543934,"Wed, 05 Aug 2026 06:30:27 +0000",Hewlett-Packard HP 255R 15.6 inch G10 Notebook PC,AMD Ryzen 7 7735U,TensorFlow Lite CPU,1311,1372,1071
543935,"Wed, 05 Aug 2026 06:32:22 +0000",iPhone 17,Apple A19,Core ML Neural Engine,4912,38697,56009
543936,"Wed, 05 Aug 2026 06:37:15 +0000",samsung SM-A075F,ARM ARMv8,TensorFlow Lite GPU,293,464,413
543937,"Wed, 05 Aug 2026 06:40:38 +0000",samsung SM-S948B,Qualcomm ARMv8,TensorFlow Lite CPU,2971,5004,7298
543938,"Wed, 05 Aug 2026 06:41:10 +0000",ALLDOCUBE iPlay80miniUltra,ARM ARMv8,TensorFlow Lite CPU,1803,2259,3328
543939,"Wed, 05 Aug 2026 06:41:41 +0000",iPad Air (3rd generation),Apple A12 Bionic,Core ML CPU,593,972,938
543940,"Wed, 05 Aug 2026 06:41:45 +0000",ASUS System Product Name,NVIDIA GeForce RTX 4070 Ti,ONNX DirectML,31057,48093,23796
543941,"Wed, 05 Aug 2026 06:43:11 +0000",samsung SM-S948B,Qualcomm ARMv8,TensorFlow Lite GPU,3076,4738,4084
543942,"Wed, 05 Aug 2026 06:43:39 +0000",Samsung Galaxy S25 Ultra,Qualcomm Snapdragon 8 Elite,TensorFlow Lite CPU,2933,4180,5500
543943,"Wed, 05 Aug 2026 06:43:47 +0000",Samsung Galaxy S24 Ultra,Qualcomm Snapdragon 8 Gen 3,TensorFlow Lite CPU,2723,3162,4325
543944,"Wed, 05 Aug 2026 06:45:23 +0000",ALLDOCUBE iPlay80miniUltra,ARM ARMv8,TensorFlow Lite GPU,988,1213,1003
543945,"Wed, 05 Aug 2026 06:50:02 +0000",ALLDOCUBE iPlay80miniUltra,ARM ARMv8,TensorFlow Lite NNAPI,1152,4626,4659
543946,"Wed, 05 Aug 2026 06:50:58 +0000",samsung SM-S948B,Qualcomm ARMv8,TensorFlow Lite QNN,641,32275,80397
543947,"Wed, 05 Aug 2026 06:51:10 +0000",samsung SM-A075F,ARM ARMv8,TensorFlow Lite CPU,518,905,999
543948,"Wed, 05 Aug 2026 06:54:06 +0000",ASUS System Product Name,Intel Core i5-11600K,ONNX CPU,4162,1856,7010
543949,"Wed, 05 Aug 2026 06:55:03 +0000",Dell Inc. Dell Pro Max Tower T2 FCT2250,NVIDIA RTX A1000,ONNX DirectML,9503,18989,6726
543950,"Wed, 05 Aug 2026 06:55:53 +0000",FUJITSU CLIENT COMPUTING LIMITED FMVUH06001,NVIDIA GeForce RTX 5070 Ti,ONNX DirectML,19772,27955,16306
543951,"Wed, 05 Aug 2026 06:59:44 +0000",Dell Inc. Dell Pro Max Tower T2 FCT2250,Intel(R) Core(TM) Ultra 9 285K,OpenVINO CPU,8324,7929,11447
543952,"Wed, 05 Aug 2026 07:03:39 +0000",DTRI DT360PA,Intel(R) Core(TM) Ultra 7 255H,OpenVINO CPU,3095,3030,7797
543953,"Wed, 05 Aug 2026 07:06:29 +0000",realme RMX5366,ARM ARMv8,TensorFlow Lite NNAPI,165,187,202
543954,"Wed, 05 Aug 2026 07:06:36 +0000",DTRI DT360PA,Intel(R) Arc(TM) 140T GPU (8GB) (iGPU),OpenVINO GPU,9190,21675,26565
543955,"Wed, 05 Aug 2026 07:09:41 +0000","QEMU Standard PC (Q35 + ICH9, 2009)",AMD Ryzen AI Max+ 395,TensorFlow Lite CPU,2276,2316,1837
543956,"Wed, 05 Aug 2026 07:11:09 +0000","MacBook Pro (14-inch, 2021)",Apple M1 Pro,Core ML CPU,3720,6220,4955
543957,"Wed, 05 Aug 2026 07:12:02 +0000","QEMU Standard PC (Q35 + ICH9, 2009)",AMD Ryzen AI Max+ 395,ONNX CPU,4142,981,8801
543958,"Wed, 05 Aug 2026 07:12:55 +0000",HP HP OmniBook 7 Laptop 17-dc0xxx,Intel(R) AI Boost,OpenVINO NPU,3091,29082,49010
543959,"Wed, 05 Aug 2026 07:13:19 +0000","QEMU Standard PC (Q35 + ICH9, 2009)",AMD RYZEN AI MAX+ 395 w/ Radeon 8060S,OpenVINO CPU,8760,8818,21303
543960,"Wed, 05 Aug 2026 07:13:41 +0000","MacBook Pro (14-inch, 2021)",Apple M1 Pro,Core ML GPU,10021,10922,10149
543961,"Wed, 05 Aug 2026 07:14:35 +0000",samsung SM-S942B,ARM ARMv8,TensorFlow Lite CPU,2422,3381,3150
543962,"Wed, 05 Aug 2026 07:15:56 +0000","MacBook Pro (14-inch, 2021)",Apple M1 Pro,Core ML Neural Engine,3744,17111,17206
543963,"Wed, 05 Aug 2026 07:16:52 +0000",ASUSTeK COMPUTER INC. ASUS EXPERTBOOK PM1403CDA,AMD Ryzen 7 7735HS,ONNX CPU,2716,1318,4602
543964,"Wed, 05 Aug 2026 07:17:12 +0000",ASUS TUF Gaming A14 FA401EA,AMD RYZEN AI MAX+ 392 w/ Radeon 8060S,ONNX CPU,5427,2146,10153
543965,"Wed, 05 Aug 2026 07:17:48 +0000",ASUSTeK COMPUTER INC. ROG Xbox Ally RC73YA_RC73YA,AMD Ryzen Z2 A,OpenVINO CPU,1893,1886,2219
543966,"Wed, 05 Aug 2026 07:19:48 +0000",ASUSTeK COMPUTER INC. ROG Strix G18 G815LP_G815LP,Intel Core Ultra 9 275HX,ONNX CPU,6832,2534,11320
543967,"Wed, 05 Aug 2026 07:21:18 +0000",ASUSTeK COMPUTER INC. ASUS EXPERTCENTER P470VA_V470VA,Intel(R) Core(TM) 7 240H,ONNX CPU,3599,1495,6450
543968,"Wed, 05 Aug 2026 07:23:19 +0000","Gigabyte Technology Co., Ltd. B650 AERO G",NVIDIA GeForce RTX 4070,ONNX DirectML,26670,41041,20221
543969,"Wed, 05 Aug 2026 07:24:09 +0000",motorola motorola edge 70 max,Qualcomm ARMv8,TensorFlow Lite CPU,1838,3080,4382
543970,"Wed, 05 Aug 2026 07:25:13 +0000",Xiaomi 23124RN87G,ARM ARMv8,TensorFlow Lite CPU,487,862,986
543971,"Wed, 05 Aug 2026 07:27:20 +0000",motorola motorola edge 70 max,Qualcomm ARMv8,TensorFlow Lite GPU,1515,2413,1990
543972,"Wed, 05 Aug 2026 07:30:32 +0000",ASUS System Product Name,Intel(R) Core(TM) Ultra 5 245K,ONNX CPU,5228,2231,9939
543973,"Wed, 05 Aug 2026 07:32:13 +0000",ASUS System Product Name,NVIDIA GeForce RTX 5070,ONNX DirectML,27358,46711,21456
543974,"Wed, 05 Aug 2026 07:32:48 +0000","Gigabyte Technology Co., Ltd. Z890 GAMING X WIFI7",Intel Core Ultra 7 265K,ONNX CPU,6732,2629,11848
543975,"Wed, 05 Aug 2026 07:34:28 +0000",ASRock X870E Taichi,AMD Radeon AI PRO R9700,ONNX DirectML,37513,55135,32399
543976,"Wed, 05 Aug 2026 07:35:08 +0000","Gigabyte Technology Co., Ltd. Z890 GAMING X WIFI7",NVIDIA GeForce RTX 5060 Ti,ONNX DirectML,23435,44365,18050
543977,"Wed, 05 Aug 2026 07:37:00 +0000",MacBook Air (Late 2020),Apple M1,Core ML GPU,5256,6010,5667
543978,"Wed, 05 Aug 2026 07:39:33 +0000",Acer Aspire A16-61MT,AMD Ryzen AI 5 340 w/ Radeon 840M,ONNX CPU,1781,1003,4458
543979,"Wed, 05 Aug 2026 07:40:14 +0000",HUAWEI GEM-W00,HUAWEI,TensorFlow Lite GPU,457,495,439
543980,"Wed, 05 Aug 2026 07:40:24 +0000",MacBook Air (Late 2020),Apple M1,Core ML GPU,5164,5935,5570
543981,"Wed, 05 Aug 2026 07:43:40 +0000",Acer Extensa 215-52,Intel Core i5-1035G1,ONNX CPU,824,450,2005
543982,"Wed, 05 Aug 2026 07:45:32 +0000",MacBook Air (Late 2020),Apple M1,Core ML Neural Engine,3198,15983,15785
543983,"Wed, 05 Aug 2026 07:46:16 +0000",ASUS System Product Name,NVIDIA GeForce RTX 5090,ONNX DirectML,54235,80766,39290
543984,"Wed, 05 Aug 2026 07:46:17 +0000",ASUS System Product Name,Intel Core Ultra 7 265K,ONNX CPU,6350,2496,10764
543985,"Wed, 05 Aug 2026 07:46:55 +0000",ERAZER ERAZER P15H-N,Intel Celeron N5100,ONNX CPU,302,180,505
543986,"Wed, 05 Aug 2026 07:49:11 +0000",ASUS System Product Name,NVIDIA GeForce RTX 5060 Ti,ONNX DirectML,22565,41700,17598
543987,"Wed, 05 Aug 2026 07:51:59 +0000",Dell Inc. Latitude 7420,Intel Core i5-1135G7,ONNX CPU,2050,928,4463
543988,"Wed, 05 Aug 2026 07:52:25 +0000",ASUS System Product Name,NVIDIA GeForce RTX 5090,ONNX DirectML,54546,81461,39566
543989,"Wed, 05 Aug 2026 08:06:20 +0000",DTRI DT360PA,Intel(R) AI Boost,OpenVINO NPU,3156,7149,11157
543990,"Wed, 05 Aug 2026 08:07:52 +0000",GEEKOM GT1 Mega,Intel Core Ultra 9 185H,ONNX CPU,3141,1286,6095
543991,"Wed, 05 Aug 2026 08:09:52 +0000",ASUS System Product Name,NVIDIA GeForce RTX 4080 SUPER,ONNX DirectML,18619,32536,14844
543992,"Wed, 05 Aug 2026 08:10:33 +0000","Gigabyte Technology Co., Ltd. Z890 EAGLE",Intel Core Ultra 7 265K,ONNX CPU,4966,2147,9940
543993,"Wed, 05 Aug 2026 08:13:02 +0000","Gigabyte Technology Co., Ltd. Z890 EAGLE",Intel(R) Graphics,ONNX DirectML,4763,6540,3246
543994,"Wed, 05 Aug 2026 08:13:48 +0000",OPPO CPH2865,ARM ARMv8,TensorFlow Lite CPU,1295,1568,2248
543995,"Wed, 05 Aug 2026 08:14:09 +0000",Google Pixel 10 Pro,Google Tensor G5,TensorFlow Lite NNAPI,475,938,3834
543996,"Wed, 05 Aug 2026 08:14:33 +0000",Google Pixel 8,Google Tensor G3,TensorFlow Lite NNAPI,245,3809,7087
543997,"Wed, 05 Aug 2026 08:17:40 +0000",OPPO CPH2865,ARM ARMv8,TensorFlow Lite GPU,996,1651,1267
543998,"Wed, 05 Aug 2026 08:18:57 +0000",ASUSTeK COMPUTER INC. ASUS EXPERTBOOK PM1403CDA,AMD Ryzen 7 7735HS,ONNX CPU,2580,1273,4496
543999,"Wed, 05 Aug 2026 08:19:09 +0000",ASUS TUF Gaming A14 FA401EA,AMD RYZEN AI MAX+ 392 w/ Radeon 8060S,ONNX CPU,5294,2139,9968
544000,"Wed, 05 Aug 2026 08:19:47 +0000",ASUSTeK COMPUTER INC. ROG Xbox Ally RC73YA_RC73YA,AMD Ryzen Z2 A,OpenVINO CPU,1827,1818,2191
544001,"Wed, 05 Aug 2026 08:20:14 +0000","Gigabyte Technology Co., Ltd. B450 AORUS M",AMD Radeon Pro VII,ONNX DirectML,8853,9655,6727
544002,"Wed, 05 Aug 2026 08:20:28 +0000",ASUSTeK COMPUTER INC. ROG Strix G18 G815LP_G815LP,Intel(R) Graphics,ONNX DirectML,4394,6048,2952
544003,"Wed, 05 Aug 2026 08:21:01 +0000",Google Pixel 10 Pro,Google Tensor G5,TensorFlow Lite CPU,2255,2703,3638
544004,"Wed, 05 Aug 2026 08:22:46 +0000",Google Pixel 8,Google Tensor G3,TensorFlow Lite GPU,924,1353,1051
544005,"Wed, 05 Aug 2026 08:23:13 +0000",ASUS System Product Name,Intel Core i9-14900F,ONNX CPU,4933,1426,8957
544006,"Wed, 05 Aug 2026 08:25:03 +0000",ASUSTeK COMPUTER INC. ASUS EXPERTCENTER P470VA_V470VA,Intel(R) Graphics,ONNX DirectML,2628,2648,1693
544007,"Wed, 05 Aug 2026 08:25:43 +0000",Shuttle Inc. SX79R,Radeon RX 560 XT,ONNX DirectML,5990,6206,4273
544008,"Wed, 05 Aug 2026 08:26:10 +0000",Google Pixel 8,Google Tensor G3,TensorFlow Lite CPU,1531,1691,2355
544009,"Wed, 05 Aug 2026 08:30:44 +0000",Google Pixel 10 Pro,Google Tensor G5,TensorFlow Lite GPU,484,476,410
544010,"Wed, 05 Aug 2026 08:31:14 +0000",DTRI DT360PA,Intel(R) Core(TM) Ultra 7 255H,OpenVINO CPU,3192,3161,7973
544011,"Wed, 05 Aug 2026 08:31:16 +0000",HP HP EliteBook X Flip G2i 14 inch Notebook Next Gen AI PC,Intel(R) Core(TM) Ultra X7 358H,ONNX CPU,4644,1880,8588
544012,"Wed, 05 Aug 2026 08:34:18 +0000",HP HP EliteBook X Flip G2i 14 inch Notebook Next Gen AI PC,Intel(R) Arc(TM) B390 GPU,ONNX DirectML,11312,21593,8341
544013,"Wed, 05 Aug 2026 08:37:16 +0000","Gigabyte Technology Co., Ltd. B650 AERO G",NVIDIA GeForce RTX 4070,ONNX DirectML,27426,42237,21056
544014,"Wed, 05 Aug 2026 08:39:10 +0000","Gigabyte Technology Co., Ltd. B650 AERO G",NVIDIA GeForce RTX 4070,ONNX DirectML,27563,42885,21074
544015,"Wed, 05 Aug 2026 08:43:33 +0000",iPhone 17,Apple A19,Core ML CPU,4174,6706,5399
544016,"Wed, 05 Aug 2026 08:46:46 +0000",iPhone 17,Apple A19,Core ML GPU,8463,16328,16939
544017,"Wed, 05 Aug 2026 08:50:17 +0000",iPhone 17 Pro Max,Apple A19 Pro,Core ML CPU,5612,10109,7464
544018,"Wed, 05 Aug 2026 08:52:11 +0000",OPPO CPH2607,ARM ARMv8,TensorFlow Lite GPU,761,1040,917
544019,"Wed, 05 Aug 2026 08:53:33 +0000",iPhone 17,Apple A19,Core ML Neural Engine,4064,32303,44805
544020,"Wed, 05 Aug 2026 08:54:45 +0000",OPPO CPH2865,ARM ARMv8,TensorFlow Lite NNAPI,128,127,293
544021,"Wed, 05 Aug 2026 08:54:47 +0000",Samsung Galaxy S25,Qualcomm Snapdragon 8 Elite,TensorFlow Lite CPU,1969,2615,3288
544022,"Wed, 05 Aug 2026 08:57:55 +0000",LENOVO 82B1,NVIDIA GeForce RTX 2060,ONNX DirectML,9911,16403,7100
544023,"Wed, 05 Aug 2026 08:58:44 +0000","Gigabyte Technology Co., Ltd. B850 GAMING X WIFI6E",AMD Ryzen 7 9700X,ONNX CPU,7931,3237,14102
544024,"Wed, 05 Aug 2026 08:59:49 +0000",Alienware Alienware 18 Area-51 AA18250,Intel(R) Core(TM) Ultra 9 290HX Plus,ONNX CPU,5779,2149,8615
544025,"Wed, 05 Aug 2026 09:01:01 +0000",Acer Swift SFG16-I71,Intel(R) Graphics,ONNX DirectML,6643,12895,4398
544026,"Wed, 05 Aug 2026 09:01:08 +0000",LENOVO 82B1,AMD Ryzen 7 4800H,ONNX CPU,1897,926,2630
544027,"Wed, 05 Aug 2026 09:02:04 +0000","Gigabyte Technology Co., Ltd. B850 GAMING X WIFI6E",NVIDIA GeForce RTX 5070,ONNX DirectML,31678,57637,24329
544028,"Wed, 05 Aug 2026 09:03:37 +0000",Acer Swift SFG16-I71,Intel(R) Graphics,ONNX DirectML,6485,12714,4379
544029,"Wed, 05 Aug 2026 09:03:59 +0000",Dell Inc. Latitude 7420,Intel Core i5-1135G7,ONNX CPU,2124,983,4563
544030,"Wed, 05 Aug 2026 09:05:54 +0000",Acer Swift SFG16-I71,Intel(R) Graphics,ONNX DirectML,6582,12714,4407
544031,"Wed, 05 Aug 2026 09:07:39 +0000",Acer Swift SFG16-I71,Intel(R) Graphics,ONNX DirectML,6548,12866,4395
544032,"Wed, 05 Aug 2026 09:14:23 +0000",Acer Swift SFG16-I71,Intel(R) Graphics,ONNX DirectML,6648,12990,4410
544033,"Wed, 05 Aug 2026 09:17:15 +0000",Acer Swift SFG16-I71,Intel(R) AI Boost,OpenVINO NPU,3311,34233,51526
544034,"Wed, 05 Aug 2026 09:19:32 +0000","MacBook Pro (16-inch, 2023)",Apple M2 Max,Core ML CPU,4353,7295,5772
544035,"Wed, 05 Aug 2026 09:20:34 +0000",Acer Swift SFG16-I71,Intel(R) AI Boost,OpenVINO NPU,3292,33884,50663
544036,"Wed, 05 Aug 2026 09:21:32 +0000",LENOVO 82H8,Intel Core i5-1155G7,ONNX CPU,2222,1071,4022
544037,"Wed, 05 Aug 2026 09:21:41 +0000","MacBook Pro (16-inch, 2023)",Apple M2 Max,Core ML GPU,17845,19573,18437
544038,"Wed, 05 Aug 2026 09:23:33 +0000",Acer Swift SFG16-I71,Intel(R) AI Boost,OpenVINO NPU,3314,34287,50804
544039,"Wed, 05 Aug 2026 09:23:37 +0000","MacBook Pro (16-inch, 2023)",Apple M2 Max,Core ML Neural Engine,4371,27754,30431
544040,"Wed, 05 Aug 2026 09:26:44 +0000",ASUSTeK COMPUTER INC. ASUS Vivobook S 14 M5406WA_M5406WA,AMD Ryzen AI 9 HX 370,ONNX CPU,2346,1146,4811
544041,"Wed, 05 Aug 2026 09:28:44 +0000","Micro-Star International Co., Ltd. MS-7E66",AMD Ryzen 7 7800X3D,ONNX CPU,3356,1438,6953
544042,"Wed, 05 Aug 2026 09:30:22 +0000","Micro-Star International Co., Ltd. MS-7E66",AMD Radeon RX 9070 XT,ONNX DirectML,36172,50084,31526
544043,"Wed, 05 Aug 2026 09:30:29 +0000",Micro Computer (HK) Tech Limited AI Series,AMD Ryzen AI 9 HX 470 w/ Radeon 890M,ONNX CPU,3661,1727,7120
544044,"Wed, 05 Aug 2026 09:33:12 +0000",Micro Computer (HK) Tech Limited AI Series,AMD Radeon(TM) 890M Graphics,ONNX DirectML,6684,11832,5060
544045,"Wed, 05 Aug 2026 09:40:36 +0000",Only_For_Test!!! Only_For_Test!!!,NVIDIA RTX PRO 2000 Blackwell Embedded GPU,ONNX DirectML,16812,33610,13228
544046,"Wed, 05 Aug 2026 09:42:21 +0000",ASUSTeK COMPUTER INC. ROG Xbox Ally RC73YA_RC73YA,AMD Ryzen Z2 A,OpenVINO CPU,1889,1869,2273
544047,"Wed, 05 Aug 2026 09:42:49 +0000",ASUSTeK COMPUTER INC. ASUS EXPERTBOOK PM1403CDA,AMD Ryzen 7 7735HS,ONNX CPU,2615,1258,4479
544048,"Wed, 05 Aug 2026 09:42:51 +0000",ASUS TUF Gaming A14 FA401EA,AMD RYZEN AI MAX+ 392 w/ Radeon 8060S,ONNX CPU,5362,2192,10268
544049,"Wed, 05 Aug 2026 09:44:28 +0000",ASUSTeK COMPUTER INC. ROG Strix G18 G815LP_G815LP,Intel(R) Graphics,ONNX DirectML,4461,6046,2973
544050,"Wed, 05 Aug 2026 09:46:22 +0000",ASUSTeK COMPUTER INC. ASUS EXPERTCENTER P470VA_V470VA,Intel(R) Graphics,ONNX DirectML,2624,2648,1695
544051,"Wed, 05 Aug 2026 09:49:02 +0000","Mac17,3",Apple M5,Core ML CPU,5515,8889,6938
544052,"Wed, 05 Aug 2026 09:50:37 +0000",ASUS System Product Name,NVIDIA GeForce RTX 5060 Ti,ONNX DirectML,13055,18821,11179
544053,"Wed, 05 Aug 2026 09:50:42 +0000",ASUSTeK COMPUTER INC. ROG Xbox Ally RC73YA_RC73YA,AMD Ryzen Z2 A,OpenVINO CPU,1908,1893,2217
544054,"Wed, 05 Aug 2026 09:50:55 +0000",ASUSTeK COMPUTER INC. ASUS Vivobook S 14 M5406WA_M5406WA,AMD Ryzen AI 9 HX 370 w/ Radeon 890M,OpenVINO CPU,2957,2950,6827
544055,"Wed, 05 Aug 2026 09:51:06 +0000","iPad17,4",ARM,Core ML CPU,5612,9132,7035
544056,"Wed, 05 Aug 2026 09:53:20 +0000",ASUS System Product Name,NVIDIA GeForce RTX 5060 Ti,ONNX DirectML,13059,18767,11216
544057,"Wed, 05 Aug 2026 09:53:45 +0000",X570S PG Riptide,AMD Ryzen 7 5700G,ONNX CPU,2607,1258,4435
544058,"Wed, 05 Aug 2026 09:55:11 +0000",ASUSTeK COMPUTER INC. ASUS Vivobook S 14 M5406WA_M5406WA,AMD Radeon(TM) 890M Graphics,ONNX DirectML,5989,9335,4772
544059,"Wed, 05 Aug 2026 09:56:05 +0000","Gigabyte Technology Co., Ltd. B850 GAMING X WIFI6E",AMD Ryzen 7 7800X3D,ONNX CPU,5712,2264,10408
544060,"Wed, 05 Aug 2026 09:56:53 +0000",ASUSTeK COMPUTER INC. ROG Xbox Ally RC73YA_RC73YA,AMD Ryzen Z2 A,OpenVINO CPU,1885,1871,2226
544061,"Wed, 05 Aug 2026 09:58:53 +0000","Gigabyte Technology Co., Ltd. B850 GAMING X WIFI6E",NVIDIA GeForce RTX 5080,ONNX DirectML,37840,63439,28626
544062,"Wed, 05 Aug 2026 10:08:47 +0000",ASUS System Product Name,NVIDIA GeForce RTX 5060 Ti,ONNX DirectML,12984,18726,11121
544063,"Wed, 05 Aug 2026 10:14:16 +0000",Acer Predator PHN18-71,Intel Core i7-14650HX,ONNX CPU,2879,1108,4233
544064,"Wed, 05 Aug 2026 10:23:12 +0000",HP HP ProBook 4 G1i 16 inch Notebook AI PC,Intel Core Ultra 7 255H,ONNX CPU,4355,1845,8120
544065,"Wed, 05 Aug 2026 10:25:17 +0000",HP HP ProBook 4 G1i 16 inch Notebook AI PC,Intel(R) Core(TM) Ultra 7 255H,OpenVINO CPU,5083,5384,12878
544066,"Wed, 05 Aug 2026 10:28:18 +0000",HP HP ProBook 4 G1i 16 inch Notebook AI PC,Intel(R) Graphics,ONNX DirectML,5427,8858,3550
544067,"Wed, 05 Aug 2026 10:32:22 +0000",HP HP ProBook 4 G1i 16 inch Notebook AI PC,Intel(R) Core(TM) Ultra 7 255H,OpenVINO CPU,4946,5090,12506
544068,"Wed, 05 Aug 2026 10:34:26 +0000",HP HP ProBook 4 G1i 16 inch Notebook AI PC,Intel(R) Graphics (iGPU),OpenVINO GPU,7221,18244,25041
544069,"Wed, 05 Aug 2026 10:40:50 +0000",HP HP ProBook 4 G1i 16 inch Notebook AI PC,Intel(R) AI Boost,OpenVINO NPU,5123,8588,13712
544070,"Wed, 05 Aug 2026 10:42:30 +0000",HP HyperX OMEN Gaming Laptop 15-ga0xxx,Intel(R) Core(TM) Ultra 9 386H,OpenVINO CPU,4695,4347,8992
544071,"Wed, 05 Aug 2026 10:45:34 +0000",ASUS System Product Name,AMD Ryzen 5 9600X,ONNX CPU,5359,2449,10342
544072,"Wed, 05 Aug 2026 10:46:01 +0000",HP HyperX OMEN Gaming Laptop 15-ga0xxx,Intel(R) Core(TM) Ultra 9 386H,OpenVINO CPU,4681,4273,9046
544073,"Wed, 05 Aug 2026 10:48:19 +0000",ASUS System Product Name,NVIDIA GeForce RTX 5070,ONNX DirectML,28533,50343,22195
544074,"Wed, 05 Aug 2026 10:49:35 +0000","Micro-Star International Co., Ltd. MS-7E45",Intel(R) Core(TM) Ultra 5 225F,ONNX CPU,4502,2037,8738
544075,"Wed, 05 Aug 2026 10:52:37 +0000",Shuttle Inc. SX79R,Radeon RX 560 XT,ONNX DirectML,6016,6214,4292
544076,"Wed, 05 Aug 2026 10:52:38 +0000","Micro-Star International Co., Ltd. MS-7E45",NVIDIA GeForce RTX 5060 Ti,ONNX DirectML,22700,41901,17730
544077,"Wed, 05 Aug 2026 10:56:04 +0000",Default string Default string,Intel(R) AI Boost,OpenVINO NPU,2248,7693,12195
544078,"Wed, 05 Aug 2026 10:56:24 +0000",Dell Inc. Latitude 7420,Intel Core i5-1135G7,ONNX CPU,1807,891,3810
544079,"Wed, 05 Aug 2026 11:02:10 +0000",Dell Inc. Latitude 7420,Intel Core i5-1135G7,ONNX CPU,1380,734,3138
544080,"Wed, 05 Aug 2026 11:12:32 +0000",Dell Inc. Latitude 7420,Intel Core i5-1135G7,ONNX CPU,1727,861,3677
544081,"Wed, 05 Aug 2026 11:12:57 +0000",iPhone 16e,Apple A18,Core ML Neural Engine,4472,35523,48791
544082,"Wed, 05 Aug 2026 11:14:07 +0000",ASUS System Product Name,NVIDIA GeForce RTX 5090,ONNX DirectML,56235,83122,40532
544083,"Wed, 05 Aug 2026 11:14:33 +0000",iPhone 16e,Apple A18,Core ML CPU,4402,7083,5621
544084,"Wed, 05 Aug 2026 11:16:01 +0000",iPhone 16e,Apple A18,Core ML Neural Engine,3956,33412,46191
544085,"Wed, 05 Aug 2026 11:16:36 +0000",ASUS System Product Name,NVIDIA GeForce RTX 5090,ONNX DirectML,56926,83485,40667
544086,"Wed, 05 Aug 2026 11:16:39 +0000",ASUS Zenbook A16 UX3607OA,Snapdragon(R) X2 Elite Extreme - X2E94100 - Qualcomm Oryon(TM) CPU,ONNX QNN,2128,33448,91761
544087,"Wed, 05 Aug 2026 11:17:59 +0000",iPhone 16e,Apple A18,Core ML GPU,4570,5161,4928
544088,"Wed, 05 Aug 2026 11:19:21 +0000",iPhone 16e,Apple A18,Core ML Neural Engine,4486,35213,49292
544089,"Wed, 05 Aug 2026 11:19:58 +0000",ASUS Zenbook A16 UX3607OA,Snapdragon(R) X2 Elite Extreme - X2E94100 - Qualcomm Oryon(TM) CPU,ONNX QNN,2105,33483,92656
544090,"Wed, 05 Aug 2026 11:24:30 +0000",ASUS Zenbook A16 UX3607OA,Snapdragon(R) X2 Elite Extreme - X2E94100 - Qualcomm Oryon(TM) CPU,ONNX QNN,2141,33621,92624
544091,"Wed, 05 Aug 2026 11:26:29 +0000",iPhone Air,Apple A19 Pro,Core ML Neural Engine,5309,37400,51541
544092,"Wed, 05 Aug 2026 11:27:03 +0000",Shuttle Inc. SX79R,Radeon RX 560 XT,ONNX DirectML,5905,6099,4181
544093,"Wed, 05 Aug 2026 11:28:10 +0000",iPhone 16e,Apple A18,Core ML Neural Engine,4296,35316,48942
544094,"Wed, 05 Aug 2026 11:28:33 +0000",ASUS Zenbook A16 UX3607OA,Snapdragon(R) X2 Elite Extreme - X2E94100 - Qualcomm Oryon(TM) CPU,ONNX CPU,2136,4008,8173
544095,"Wed, 05 Aug 2026 11:30:47 +0000",Dell Inc. Latitude 7420,Intel Core i5-1135G7,ONNX CPU,2098,996,4373
544096,"Wed, 05 Aug 2026 11:31:15 +0000",ASUS Zenbook A16 UX3607OA,Snapdragon(R) X2 Elite Extreme - X2E94100 - Qualcomm Oryon(TM) CPU,ONNX CPU,2100,3960,8191
544097,"Wed, 05 Aug 2026 11:33:17 +0000",ASUS Zenbook A16 UX3607OA,Snapdragon(R) X2 Elite Extreme - X2E94100 - Qualcomm Oryon(TM) CPU,ONNX CPU,2116,4010,8216
544098,"Wed, 05 Aug 2026 11:37:59 +0000",MOTOROLA XT2575-4,ARM ARMv8,TensorFlow Lite CPU,514,886,1096
544099,"Wed, 05 Aug 2026 11:43:42 +0000",samsung SM-X218U,ARM ARMv8,TensorFlow Lite CPU,442,779,857
544100,"Wed, 05 Aug 2026 11:44:34 +0000",Acer Swift SFG14-72,Intel(R) AI Boost,OpenVINO NPU,2775,7328,11494
544101,"Wed, 05 Aug 2026 11:46:24 +0000",samsung SM-S948B,Qualcomm ARMv8,TensorFlow Lite CPU,2786,4611,6793
544102,"Wed, 05 Aug 2026 11:46:34 +0000",Acer Aspire A715-59G,NVIDIA GeForce RTX 3050 6GB Laptop GPU,ONNX DirectML,9984,18477,6911
544103,"Wed, 05 Aug 2026 11:50:48 +0000",ASUSTeK COMPUTER INC. NUC14RVH-B,Intel Core Ultra 7 155H,ONNX CPU,3040,1242,5818
544104,"Wed, 05 Aug 2026 11:51:02 +0000",Acer Swift SFG14-72,Intel(R) Arc(TM) Graphics,ONNX DirectML,4969,8042,3612
544105,"Wed, 05 Aug 2026 11:53:38 +0000",ASUSTeK COMPUTER INC. NUC14RVH-B,Intel(R) Core(TM) Ultra 7 155H,OpenVINO CPU,2635,2636,6110
544106,"Wed, 05 Aug 2026 11:54:26 +0000",Acer Swift SFG14-72,Intel Core Ultra 7 155H,ONNX CPU,2700,1115,4765
544107,"Wed, 05 Aug 2026 11:55:16 +0000",motorola moto g stylus - 2025,ARM ARMv8,TensorFlow Lite CPU,298,544,594
544108,"Wed, 05 Aug 2026 11:55:46 +0000",Default string Default string,13th Gen Intel(R) CoreT i7-1360P,OpenVINO CPU,2096,2134,6441
544109,"Wed, 05 Aug 2026 11:56:23 +0000",ASUSTeK COMPUTER INC. NUC14RVH-B,Intel(R) AI Boost,OpenVINO NPU,2676,8919,13865
544110,"Wed, 05 Aug 2026 11:57:06 +0000","Gigabyte Technology Co., Ltd. X870E AORUS ELITE X3D",AMD Ryzen 9 9950X3D,ONNX CPU,7482,2936,13431
544111,"Wed, 05 Aug 2026 11:59:02 +0000","Gigabyte Technology Co., Ltd. X870E AORUS ELITE X3D",NVIDIA GeForce RTX 5070 Ti,ONNX DirectML,36133,64023,27175
544112,"Wed, 05 Aug 2026 11:59:28 +0000",HP HP OmniBook 3 Laptop 14-ht0xxx,Intel(R) Core(TM) Ultra 5 225U,ONNX CPU,1762,727,4178
544113,"Wed, 05 Aug 2026 12:00:30 +0000",Default string Default string,Intel(R) Iris(R) Xe Graphics (iGPU),OpenVINO GPU,4253,5906,8821
544114,"Wed, 05 Aug 2026 12:01:27 +0000",ASUSTeK COMPUTER INC. NUC14RVH-B,Intel(R) Arc(TM) Graphics,ONNX DirectML,5027,8144,3622
544115,"Wed, 05 Aug 2026 12:04:35 +0000",ASUSTeK COMPUTER INC. NUC14RVH-B,Intel(R) Arc(TM) Graphics (iGPU),OpenVINO GPU,8535,13539,21123
544116,"Wed, 05 Aug 2026 12:07:03 +0000",ASUSTeK COMPUTER INC. NUC14RVH-B,NVIDIA GeForce RTX 5060,ONNX DirectML,12803,19530,10646
544117,"Wed, 05 Aug 2026 12:08:38 +0000",Dell Inc. Latitude 7420,Intel Core i5-1135G7,ONNX CPU,2104,926,4423
544118,"Wed, 05 Aug 2026 12:11:49 +0000",ASUS System Product Name,Intel(R) Core(TM) Ultra 5 245K,ONNX CPU,5294,2235,10113
544119,"Wed, 05 Aug 2026 12:13:08 +0000",Alienware Alienware 18 Area-51 AA18250,Intel(R) Core(TM) Ultra 9 290HX Plus,OpenVINO CPU,7058,5356,15555
544120,"Wed, 05 Aug 2026 12:13:37 +0000",ASUS System Product Name,NVIDIA GeForce RTX 3050,ONNX DirectML,9560,18730,6605
544121,"Wed, 05 Aug 2026 12:22:28 +0000",System manufacturer System Product Name,AMD Ryzen 9 5950X,TensorFlow Lite CPU,2165,2144,1853
544122,"Wed, 05 Aug 2026 12:25:14 +0000",Alienware Alienware 18 Area-51 AA18250,Intel(R) Core(TM) Ultra 9 290HX Plus,OpenVINO CPU,7241,5458,15554
544123,"Wed, 05 Aug 2026 12:25:53 +0000","Gigabyte Technology Co., Ltd. H610M K DDR4",Intel(R) Core(TM) i5-14400F,OpenVINO CPU,4193,4098,9353
544124,"Wed, 05 Aug 2026 12:27:04 +0000",HP HP ProBook 460 16 inch G11 Notebook PC,Intel Core Ultra 7 155U,ONNX CPU,2068,949,4500
544125,"Wed, 05 Aug 2026 12:34:17 +0000",Alienware Alienware 18 Area-51 AA18250,Intel(R) Core(TM) Ultra 9 290HX Plus,OpenVINO CPU,7307,5244,15638
544126,"Wed, 05 Aug 2026 12:57:00 +0000",HONOR PNM-N49,Qualcomm SM8850,TensorFlow Lite GPU,2889,4426,3517
544127,"Wed, 05 Aug 2026 13:03:22 +0000",HONOR PNM-N49,Qualcomm SM8850,TensorFlow Lite QNN,771,31733,81574
544128,"Wed, 05 Aug 2026 13:05:33 +0000",HP HyperX OMEN Gaming Laptop 15-ga0xxx,NVIDIA GeForce RTX 5070 Laptop GPU,ONNX DirectML,18141,31297,14180
544129,"Wed, 05 Aug 2026 13:05:34 +0000",Samsung Galaxy S23 Plus,Qualcomm Snapdragon 8 Gen 2,TensorFlow Lite CPU,1632,1896,2727
544130,"Wed, 05 Aug 2026 13:23:55 +0000",Samsung Galaxy S24 FE,Samsung Exynos 2400e,TensorFlow Lite CPU,2128,2268,3065
544131,"Wed, 05 Aug 2026 13:24:04 +0000",Acer Aspire A715-75G,NVIDIA GeForce GTX 1650,ONNX DirectML,6043,4639,4609
544132,"Wed, 05 Aug 2026 13:28:21 +0000",iPhone 17 Pro Max,Apple A19 Pro,Core ML CPU,3029,5710,4194
544133,"Wed, 05 Aug 2026 13:31:56 +0000",iPhone 17 Pro Max,Apple A19 Pro,Core ML GPU,8507,15073,14860
544134,"Wed, 05 Aug 2026 13:33:51 +0000",Dell Inc. Latitude 7420,Intel Core i5-1135G7,ONNX CPU,2077,931,4429
544135,"Wed, 05 Aug 2026 13:33:58 +0000",Acer Aspire A715-75G,Intel(R) UHD Graphics 630,ONNX DirectML,377,409,637
544136,"Wed, 05 Aug 2026 13:33:59 +0000",iPhone 17 Pro Max,Apple A19 Pro,Core ML Neural Engine,2965,23367,31758
544137,"Wed, 05 Aug 2026 13:37:22 +0000",Samsung Galaxy S25 Ultra,Qualcomm Snapdragon 8 Elite,TensorFlow Lite CPU,2684,3832,4807
544138,"Wed, 05 Aug 2026 13:38:06 +0000",Acer Aspire A715-75G,Intel Core i5-9300H,ONNX CPU,1719,847,2426
544139,"Wed, 05 Aug 2026 13:38:41 +0000",samsung SM-S948B,Qualcomm ARMv8,TensorFlow Lite CPU,2169,3880,5576
544140,"Wed, 05 Aug 2026 13:38:58 +0000","iPhone18,5",ARM,Core ML Neural Engine,4475,36495,50796
544141,"Wed, 05 Aug 2026 13:39:28 +0000","Mac17,2",Apple M5,Core ML CPU,5895,10499,7668
544142,"Wed, 05 Aug 2026 13:39:28 +0000",ASUS System Product Name,AMD Ryzen 5 9600X,ONNX CPU,6329,2743,11656
544143,"Wed, 05 Aug 2026 13:39:37 +0000",Samsung Galaxy S25 Ultra,Qualcomm Snapdragon 8 Elite,TensorFlow Lite GPU,2479,3810,3382
544144,"Wed, 05 Aug 2026 13:40:14 +0000","Micro-Star International Co., Ltd. Vector 16 HX A14VGG",Intel Core i9-14900HX,ONNX CPU,5107,1535,8549
544145,"Wed, 05 Aug 2026 13:41:07 +0000",ASUS System Product Name,NVIDIA GeForce RTX 5060 Ti,ONNX DirectML,23414,43368,18272
544146,"Wed, 05 Aug 2026 13:41:54 +0000","Mac17,2",Apple M5,Core ML GPU,14743,26874,26853
544147,"Wed, 05 Aug 2026 13:42:09 +0000","iPhone18,5",ARM,Core ML GPU,7150,14882,16041
544148,"Wed, 05 Aug 2026 13:43:07 +0000","MacBook Air (13-inch, 2025)",Apple M4,Core ML CPU,4962,8051,6412
544149,"Wed, 05 Aug 2026 13:43:12 +0000",Acer Aspire A715-75G,Intel(R) Core(TM) i5-9300H CPU @ 2.40GHz,OpenVINO CPU,1964,1975,2856
544150,"Wed, 05 Aug 2026 13:43:46 +0000","Mac17,2",Apple M5,Core ML Neural Engine,5813,40785,58206
544151,"Wed, 05 Aug 2026 13:45:10 +0000","MacBook Air (13-inch, 2025)",Apple M4,Core ML GPU,10239,11643,11832
544152,"Wed, 05 Aug 2026 13:46:36 +0000",Samsung Galaxy S25 Ultra,Qualcomm Snapdragon 8 Elite,TensorFlow Lite NNAPI,614,616,1343
544153,"Wed, 05 Aug 2026 13:47:07 +0000","MacBook Air (13-inch, 2025)",Apple M4,Core ML Neural Engine,4982,38310,51219
544154,"Wed, 05 Aug 2026 13:47:36 +0000","Micro-Star International Co., Ltd. Vector 16 HX A14VGG",Intel(R) UHD Graphics,ONNX DirectML,1764,1807,1165
544155,"Wed, 05 Aug 2026 13:49:53 +0000",OnePlus Nord 4,Qualcomm Snapdragon 7+ Gen 3,TensorFlow Lite CPU,1288,1523,1779
544156,"Wed, 05 Aug 2026 13:51:04 +0000",Samsung Galaxy S25 Ultra,Qualcomm Snapdragon 8 Elite,TensorFlow Lite QNN,624,27046,67331
544157,"Wed, 05 Aug 2026 13:51:07 +0000",Samsung Galaxy S25 Ultra,Qualcomm Snapdragon 8 Elite,TensorFlow Lite CPU,2868,2834,5159
544158,"Wed, 05 Aug 2026 13:53:49 +0000",OnePlus Nord 4,Qualcomm Snapdragon 7+ Gen 3,TensorFlow Lite GPU,1153,1751,1349
544159,"Wed, 05 Aug 2026 13:58:05 +0000",DIALN PRODUCTS INC X10ULTRA,ARM Unisoc,TensorFlow Lite CPU,116,220,169
544160,"Wed, 05 Aug 2026 14:02:36 +0000",Samsung Galaxy S24 FE,Samsung Exynos 2400e,TensorFlow Lite GPU,1416,2618,1955
544161,"Wed, 05 Aug 2026 14:04:52 +0000",ASUSTeK COMPUTER INC. ASUS Zenbook 14 UX3405CA_UX3405CA,Intel(R) Arc(TM) 140T GPU (16GB),ONNX DirectML,7925,11315,5272
544162,"Wed, 05 Aug 2026 14:07:22 +0000",ASUSTeK COMPUTER INC. ASUS Zenbook 14 UX3405CA_UX3405CA,Intel(R) Core(TM) Ultra 9 285H,OpenVINO CPU,5252,5598,12694
544163,"Wed, 05 Aug 2026 14:09:24 +0000",ASUSTeK COMPUTER INC. ASUS Zenbook 14 UX3405CA_UX3405CA,Intel(R) AI Boost,OpenVINO NPU,5274,9733,14668
544164,"Wed, 05 Aug 2026 14:11:09 +0000",Xiaomi Pad 5,Qualcomm Snapdragon 860,TensorFlow Lite CPU,316,579,669
544165,"Wed, 05 Aug 2026 14:11:21 +0000",LENOVO 20SM,Intel Core i5-1035G1,ONNX CPU,1059,518,2619
544166,"Wed, 05 Aug 2026 14:12:42 +0000",Samsung Galaxy S24 FE,Samsung Exynos 2400e,TensorFlow Lite NNAPI,291,308,1021
544167,"Wed, 05 Aug 2026 14:13:58 +0000",iPhone 14,Apple A15 Bionic,Core ML CPU,2997,5373,4262
544168,"Wed, 05 Aug 2026 14:15:09 +0000","iPad16,8",ARM,Core ML CPU,5166,8504,6777
544169,"Wed, 05 Aug 2026 14:18:37 +0000","Gigabyte Technology Co., Ltd. B650M AORUS ELITE AX ICE",NVIDIA GeForce RTX 5060 Ti,ONNX DirectML,22017,39601,17503
544170,"Wed, 05 Aug 2026 14:18:42 +0000",Samsung Galaxy S24 FE,Samsung Exynos 2400e,TensorFlow Lite ENN,3545,24395,44139
544171,"Wed, 05 Aug 2026 14:19:34 +0000",PcComponentes 31046,AMD Ryzen 7 9700X,ONNX CPU,5804,2467,12128
544172,"Wed, 05 Aug 2026 14:20:31 +0000","Micro-Star International Co., Ltd. Claw A1M",Intel(R) AI Boost,OpenVINO NPU,1390,8810,13550
544173,"Wed, 05 Aug 2026 14:25:20 +0000",Samsung Galaxy Tab S9 FE,Samsung Exynos 1380,TensorFlow Lite CPU,732,1271,1646
544174,"Wed, 05 Aug 2026 14:26:11 +0000",LENOVO 20SM,Intel(R) UHD Graphics,ONNX DirectML,546,903,433
544175,"Wed, 05 Aug 2026 14:27:13 +0000",iPhone 16 Pro,Apple A18 Pro,Core ML CPU,4726,8185,6506
544176,"Wed, 05 Aug 2026 14:27:26 +0000",samsung SM-S731B,ARM ARMv8,TensorFlow Lite CPU,1757,1965,2709
544177,"Wed, 05 Aug 2026 14:30:10 +0000",DIALN PRODUCTS INC X10ULTRA,ARM Unisoc,TensorFlow Lite CPU,126,235,176
544178,"Wed, 05 Aug 2026 14:30:46 +0000",samsung SM-S731B,ARM ARMv8,TensorFlow Lite GPU,1122,2051,1496
544179,"Wed, 05 Aug 2026 14:32:50 +0000",Samsung Galaxy Tab S9 FE,Samsung Exynos 1380,TensorFlow Lite GPU,520,797,596
544180,"Wed, 05 Aug 2026 14:39:55 +0000",LENOVO 20SM,Intel(R) Core(TM) i5-1035G1 CPU @ 1.00GHz,OpenVINO CPU,1476,1469,4120
544181,"Wed, 05 Aug 2026 14:40:19 +0000","iPad Pro (12.9-inch, 6th generation)",Apple M2,Core ML CPU,3505,6317,5124
544182,"Wed, 05 Aug 2026 14:44:12 +0000",Google Pixel 9a,Google Tensor G4,TensorFlow Lite CPU,1389,1347,2103
544183,"Wed, 05 Aug 2026 14:44:53 +0000","iPad Pro (12.9-inch, 6th generation)",Apple M2,Core ML Neural Engine,3506,27703,31561
544184,"Wed, 05 Aug 2026 14:46:50 +0000","Micro-Star International Co., Ltd. Stealth A16 AI+ A3XWJG",AMD Ryzen AI 9 HX 370,TensorFlow Lite CPU,2464,2441,1970
544185,"Wed, 05 Aug 2026 14:49:14 +0000","Mac17,8",Apple M5 Pro,Core ML CPU,5324,9302,7203
544186,"Wed, 05 Aug 2026 14:51:03 +0000","Mac17,8",Apple M5 Pro,Core ML Neural Engine,5278,47832,64652
544187,"Wed, 05 Aug 2026 14:53:30 +0000",Samsung Galaxy Tab S9 FE,Samsung Exynos 1380,TensorFlow Lite NNAPI,194,359,515
544188,"Wed, 05 Aug 2026 14:53:43 +0000","Mac17,8",Apple M5 Pro,Core ML GPU,21672,37028,36490
544189,"Wed, 05 Aug 2026 14:54:10 +0000",ASUSTeK COMPUTER INC. X756UXK,Intel Core i7-7500U,ONNX CPU,520,299,657
544190,"Wed, 05 Aug 2026 14:56:38 +0000","Mac17,8",Apple M5 Pro,Core ML Neural Engine,5361,47536,63931
544191,"Wed, 05 Aug 2026 14:58:19 +0000",iPhone 14,Apple A15 Bionic,Core ML CPU,3164,5596,4484
544192,"Wed, 05 Aug 2026 15:06:05 +0000",iPhone 16,Apple A18,Core ML CPU,4477,7674,6083
544193,"Wed, 05 Aug 2026 15:08:45 +0000",Micro Computer (HK) Tech Limited AI Series,AMD Ryzen AI 9 HX 470 w/ Radeon 890M,ONNX CPU,3129,1441,6537
544194,"Wed, 05 Aug 2026 15:09:08 +0000",iPhone 16,Apple A18,Core ML GPU,5696,6372,5689
544195,"Wed, 05 Aug 2026 15:10:20 +0000",Dell Inc. Dell Pro Max 16 Plus MB16250,NVIDIA RTX PRO 4000 Blackwell Generation Laptop GPU,ONNX DirectML,28613,49690,22142
544196,"Wed, 05 Aug 2026 15:11:22 +0000",iPhone 16,Apple A18,Core ML Neural Engine,4419,35212,48768
544197,"Wed, 05 Aug 2026 15:12:53 +0000",motorola moto g play - 2024,ARM ARMv8,TensorFlow Lite CPU,352,352,488
544198,"Wed, 05 Aug 2026 15:14:50 +0000",X-Plus.tech X+ Piccolo,Intel(R) N150,TensorFlow Lite CPU,495,493,359
544199,"Wed, 05 Aug 2026 15:18:12 +0000",Samsung Galaxy S22 Ultra,Qualcomm Snapdragon 8 Gen 1,TensorFlow Lite CPU,1485,1704,2341
544200,"Wed, 05 Aug 2026 15:21:11 +0000",Google Pixel 9a,Google Tensor G4,TensorFlow Lite NNAPI,256,3765,7135
544201,"Wed, 05 Aug 2026 15:23:38 +0000",Samsung Galaxy S10,Qualcomm Snapdragon 855,TensorFlow Lite CPU,294,529,598
544202,"Wed, 05 Aug 2026 15:24:03 +0000",X-Plus.tech X+ Piccolo,Intel(R) Graphics (iGPU),OpenVINO GPU,1222,2034,3128
544203,"Wed, 05 Aug 2026 15:25:46 +0000",ASUSTeK COMPUTER INC. ELM_PN54,AMD Ryzen AI 7 350,ONNX CPU,2965,1629,7059
544204,"Wed, 05 Aug 2026 15:26:57 +0000",Micro Computer (HK) Tech Limited AI Series,AMD Radeon(TM) 890M Graphics,ONNX DirectML,7762,12961,5950
544205,"Wed, 05 Aug 2026 15:28:36 +0000",ASUSTeK COMPUTER INC. ELM_PN54,AMD Ryzen AI 7 350 w/ Radeon 860M,OpenVINO CPU,4930,4862,13375
544206,"Wed, 05 Aug 2026 15:29:53 +0000","MacPro7,1",Intel Core i5-6600K,Core ML CPU,698,467,349
544207,"Wed, 05 Aug 2026 15:32:09 +0000",iPad Pro 12.9-inch (4th generation),Apple A12Z Bionic,Core ML CPU,1015,1603,1378
544208,"Wed, 05 Aug 2026 15:34:32 +0000",System manufacturer System Product Name,AMD Ryzen 9 5950X,TensorFlow Lite CPU,2355,2324,1870
544209,"Wed, 05 Aug 2026 15:37:30 +0000",ASUS System Product Name,Intel Core i5-12400F,ONNX CPU,2316,1214,5596
544210,"Wed, 05 Aug 2026 15:37:50 +0000",Mac mini (2024),Apple M4 Pro,Core ML Neural Engine,6282,40081,55575
544211,"Wed, 05 Aug 2026 15:38:37 +0000",Google Pixel 10 Pro XL,Google Tensor G5,TensorFlow Lite NNAPI,522,1050,3586
544212,"Wed, 05 Aug 2026 15:39:56 +0000",Mac mini (2024),Apple M4 Pro,Core ML GPU,16517,18338,17155
544213,"Wed, 05 Aug 2026 15:42:34 +0000",iPhone 16 Pro Max,Apple A18 Pro,Core ML CPU,4651,8085,6478
544214,"Wed, 05 Aug 2026 15:47:03 +0000",iPhone SE (3rd generation),Apple A15 Bionic,Core ML Neural Engine,3176,19694,22623
544215,"Wed, 05 Aug 2026 15:47:59 +0000","Mac17,8",Apple M5 Pro,Core ML GPU,21674,36096,34961
544216,"Wed, 05 Aug 2026 15:48:05 +0000",iPhone 14 Pro,Apple A16 Bionic,Core ML CPU,3466,6416,5291
544217,"Wed, 05 Aug 2026 15:48:16 +0000",ASUSTeK COMPUTER INC. ELM_PN54,AMD Ryzen AI 7 350,ONNX CPU,2731,1492,6909
544218,"Wed, 05 Aug 2026 15:50:27 +0000",iPhone SE (3rd generation),Apple A15 Bionic,Core ML GPU,3030,3469,3273
544219,"Wed, 05 Aug 2026 15:50:51 +0000",iPhone 14 Pro,Apple A16 Bionic,Core ML GPU,4424,4876,4648
544220,"Wed, 05 Aug 2026 15:52:00 +0000",Shuttle Inc. SX79R,Radeon RX 560 XT,ONNX DirectML,5867,6075,4204
544221,"Wed, 05 Aug 2026 15:52:27 +0000",ASUSTeK COMPUTER INC. X756UXK,Intel Core i7-7500U,ONNX CPU,707,399,869
544222,"Wed, 05 Aug 2026 15:53:07 +0000",LENOVO INVALID,Intel Core i7-9750H,ONNX CPU,1790,783,2417
544223,"Wed, 05 Aug 2026 15:53:20 +0000",iPhone 14 Pro,Apple A16 Bionic,Core ML Neural Engine,3566,23320,27288
544224,"Wed, 05 Aug 2026 15:54:13 +0000",Dell Inc. XPS 13 9345,Snapdragon(R) X Elite - X1E80100 - Qualcomm(R) Oryon(TM) CPU,ONNX CPU,1642,2839,5669
544225,"Wed, 05 Aug 2026 15:55:04 +0000",iPhone 14 Pro,Apple A16 Bionic,Core ML CPU,3524,6438,5257
544226,"Wed, 05 Aug 2026 15:56:31 +0000",Dell Inc. XPS 13 9345,Snapdragon(R) X Elite - X1E80100 - Qualcomm(R) Oryon(TM) CPU,ONNX QNN,1678,18814,51646
544227,"Wed, 05 Aug 2026 16:01:34 +0000",ASUS System Product Name,Intel(R) AI Boost,OpenVINO NPU,7117,10458,16402
544228,"Wed, 05 Aug 2026 16:03:48 +0000",ASUS System Product Name,AMD Radeon RX 9070 XT,ONNX DirectML,36567,52292,31520
544229,"Wed, 05 Aug 2026 16:05:37 +0000",Micro Computer (HK) Tech Limited AI Series,AMD Ryzen AI 9 HX 370,ONNX CPU,2857,1281,5607
544230,"Wed, 05 Aug 2026 16:05:38 +0000","Mac17,9",Apple M5 Pro,Core ML CPU,5378,9356,7328
544231,"Wed, 05 Aug 2026 16:08:20 +0000",Google Pixel 6 Pro,Google Tensor,TensorFlow Lite CPU,603,1070,1072
544232,"Wed, 05 Aug 2026 16:14:53 +0000",Google Pixel 6 Pro,Google Tensor,TensorFlow Lite GPU,851,1184,979
544233,"Wed, 05 Aug 2026 16:15:06 +0000",samsung SM-S942B,ARM ARMv8,TensorFlow Lite CPU,2268,3126,2993
544234,"Wed, 05 Aug 2026 16:15:55 +0000",Dell Inc. Dell Pro 5 14 P514260,Intel(R) Core(TM) Ultra 7 366H,ONNX CPU,4678,1718,8793
544235,"Wed, 05 Aug 2026 16:26:38 +0000","Mac17,9",Apple M5 Pro,Core ML GPU,21584,37018,36544
544236,"Wed, 05 Aug 2026 16:28:08 +0000",Blackview MEGA 1,ARM ARMv8,TensorFlow Lite CPU,479,862,983
544237,"Wed, 05 Aug 2026 16:28:22 +0000","Mac17,9",Apple M5 Pro,Core ML Neural Engine,5374,47125,63148
544238,"Wed, 05 Aug 2026 16:28:24 +0000",Shuttle Inc. SX79R,Radeon RX 560 XT,ONNX DirectML,5893,6002,4144
544239,"Wed, 05 Aug 2026 16:36:37 +0000",Hewlett-Packard HP Z440 Workstation,Intel Xeon E5-2695 v3,ONNX CPU,2327,828,2489
544240,"Wed, 05 Aug 2026 16:39:59 +0000",iPhone 16e,Apple A18,Core ML Neural Engine,4597,36623,52849
544241,"Wed, 05 Aug 2026 16:41:45 +0000",Hewlett-Packard HP Z440 Workstation,NVIDIA RTX A400,ONNX DirectML,4697,8886,3517
544242,"Wed, 05 Aug 2026 16:41:50 +0000",iPhone 15 Pro Max,Apple A17 Pro,Core ML CPU,3741,6948,5709
544243,"Wed, 05 Aug 2026 16:44:45 +0000",Hewlett-Packard HP Z440 Workstation,NVIDIA GeForce RTX 5070,ONNX DirectML,21837,33601,17883
544244,"Wed, 05 Aug 2026 16:45:13 +0000",ERYING,Intel Core i9-14900HX,ONNX CPU,5098,1713,8630
544245,"Wed, 05 Aug 2026 16:47:43 +0000",ERYING,NVIDIA GeForce RTX 5080,ONNX DirectML,33105,53962,25560
544246,"Wed, 05 Aug 2026 16:55:31 +0000",ASUSTeK COMPUTER INC. ROG Flow Z13 GZ302EA_GZ302EA,AMD Ryzen AI Max+ 395,ONNX CPU,5873,2089,10077
544247,"Wed, 05 Aug 2026 16:57:28 +0000",ASUSTeK COMPUTER INC. ROG Flow Z13 GZ302EA_GZ302EA,AMD Radeon(TM) 8060S Graphics,ONNX DirectML,20010,28270,17199
544248,"Wed, 05 Aug 2026 16:58:49 +0000",ASUSTeK COMPUTER INC. ROG Flow Z13 GZ302EA_GZ302EA,AMD Radeon(TM) 8060S Graphics,ONNX DirectML,22182,30960,17598
544249,"Wed, 05 Aug 2026 17:00:34 +0000",Dell Inc. Dell Pro Micro QCM1250,Intel(R) AI Boost,OpenVINO NPU,5086,10288,16024
544250,"Wed, 05 Aug 2026 17:01:23 +0000",ASUSTeK COMPUTER INC. ROG Flow Z13 GZ302EA_GZ302EA,AMD RYZEN AI MAX+ 395 w/ Radeon 8060S,OpenVINO CPU,5962,5955,16669
544251,"Wed, 05 Aug 2026 17:10:44 +0000",samsung SM-S942B,ARM ARMv8,TensorFlow Lite NNAPI,606,582,1200
544252,"Wed, 05 Aug 2026 17:14:04 +0000",ASUS System Product Name,AMD Ryzen 7 9850X3D 8-Core Processor,ONNX CPU,6601,2617,12472
544253,"Wed, 05 Aug 2026 17:14:50 +0000",Shuttle Inc. SX79R,Radeon RX 560 XT,ONNX DirectML,5907,6042,4260
544254,"Wed, 05 Aug 2026 17:16:39 +0000","MacBook Pro (14-inch, Nov 2023)",Apple M3 Pro,Core ML CPU,4313,7554,6181
544255,"Wed, 05 Aug 2026 17:16:40 +0000",ASUS System Product Name,AMD Ryzen 7 9850X3D 8-Core Processor,ONNX CPU,7341,2787,13946
544256,"Wed, 05 Aug 2026 17:18:35 +0000",ASUS System Product Name,AMD Ryzen 7 9850X3D 8-Core Processor,ONNX CPU,6765,2742,13061
544257,"Wed, 05 Aug 2026 17:19:32 +0000","MacBook Pro (14-inch, Nov 2023)",Apple M3 Pro,Core ML GPU,13061,14939,13956
544258,"Wed, 05 Aug 2026 17:23:31 +0000",Xiaomi Poco X7 Pro,Mediatek Dimensity 8400 Ultra,TensorFlow Lite CPU,789,779,1165
544259,"Wed, 05 Aug 2026 17:25:01 +0000",Dell Inc. Dell Pro Micro QCM1250,Intel(R) Graphics (iGPU),OpenVINO GPU,5031,8097,12238
544260,"Wed, 05 Aug 2026 17:25:36 +0000",Dell Inc. OptiPlex Micro Plus 7020,Intel(R) UHD Graphics 770 (iGPU),OpenVINO GPU,2787,4082,6326
544261,"Wed, 05 Aug 2026 17:27:49 +0000",LENOVO TB373FU,ARM ARMv8,TensorFlow Lite CPU,1819,2195,3263
544262,"Wed, 05 Aug 2026 17:28:45 +0000",ASUS System Product Name,AMD Ryzen 9 9950X,ONNX CPU,6574,2813,12665
544263,"Wed, 05 Aug 2026 17:32:15 +0000",ASUS System Product Name,AMD Radeon RX 9070 XT,ONNX DirectML,36951,53236,31704
544264,"Wed, 05 Aug 2026 17:33:22 +0000",Shuttle Inc. SX79R,Radeon RX 560 XT,ONNX DirectML,5825,6049,4136
544265,"Wed, 05 Aug 2026 17:36:29 +0000","iPad16,8",ARM,Core ML Neural Engine,5335,38380,55162
544266,"Wed, 05 Aug 2026 17:39:16 +0000","iPad16,8",ARM,Core ML GPU,7277,7479,7253
544267,"Wed, 05 Aug 2026 17:39:16 +0000","iPad16,8",ARM,Core ML GPU,8155,7343,8028
544268,"Wed, 05 Aug 2026 17:41:17 +0000","iPad16,8",ARM,Core ML CPU,5043,7965,6309
544269,"Wed, 05 Aug 2026 17:45:50 +0000",samsung SM-S942B,ARM ARMv8,TensorFlow Lite CPU,2472,3647,3450
544270,"Wed, 05 Aug 2026 17:48:37 +0000",samsung SM-S942B,ARM ARMv8,TensorFlow Lite CPU,2138,3128,3031
544271,"Wed, 05 Aug 2026 17:51:03 +0000",samsung SM-S942B,ARM ARMv8,TensorFlow Lite CPU,2238,3273,3049
544272,"Wed, 05 Aug 2026 18:01:31 +0000",samsung SM-S942B,ARM ARMv8,TensorFlow Lite GPU,2070,3559,2892
544273,"Wed, 05 Aug 2026 18:02:38 +0000",ASUSTeK COMPUTER INC. ROG Strix GL10CS_GL10CS,Intel Core i7-9700K,ONNX CPU,2891,1238,4196
544274,"Wed, 05 Aug 2026 18:04:25 +0000","Micro-Star International Co., Ltd. MS-7D25",NVIDIA GeForce RTX 5060 Ti,ONNX DirectML,23514,42218,17949
544275,"Wed, 05 Aug 2026 18:08:42 +0000",Xiaomi 2602BPC18G,ARM ARMv8,TensorFlow Lite GPU,1285,1726,1424
544276,"Wed, 05 Aug 2026 18:09:28 +0000",samsung SM-S942B,ARM ARMv8,TensorFlow Lite ENN,3774,46164,47313
544277,"Wed, 05 Aug 2026 18:16:57 +0000",iPhone 17 Pro Max,Apple A19 Pro,Core ML CPU,5130,8344,6577
544278,"Wed, 05 Aug 2026 18:24:30 +0000",iPhone 16 Pro,Apple A18 Pro,Core ML Neural Engine,4803,35435,48425
544279,"Wed, 05 Aug 2026 18:24:55 +0000",iPhone 16 Pro,Apple A18 Pro,Core ML Neural Engine,4803,35435,48425
544280,"Wed, 05 Aug 2026 18:25:03 +0000",iPhone 16 Pro,Apple A18 Pro,Core ML Neural Engine,4803,35435,48425
544281,"Wed, 05 Aug 2026 18:25:18 +0000",iPhone 16 Pro,Apple A18 Pro,Core ML Neural Engine,4803,35435,48425
544282,"Wed, 05 Aug 2026 18:25:26 +0000",iPhone 16 Pro,Apple A18 Pro,Core ML Neural Engine,4803,35435,48425
544283,"Wed, 05 Aug 2026 18:25:38 +0000",Samsung Galaxy A73,Qualcomm Snapdragon 778G,TensorFlow Lite CPU,842,1452,1845
544284,"Wed, 05 Aug 2026 18:32:12 +0000",Samsung Galaxy A73,Qualcomm Snapdragon 778G,TensorFlow Lite GPU,512,844,782
544285,"Wed, 05 Aug 2026 18:46:36 +0000",Shuttle Inc. SX79R,Radeon RX 470 Series,ONNX DirectML,3706,3043,2937
544286,"Wed, 05 Aug 2026 18:55:41 +0000",Samsung Galaxy A73,Qualcomm Snapdragon 778G,TensorFlow Lite NNAPI,165,165,402
544287,"Wed, 05 Aug 2026 19:01:26 +0000",Dell Inc. Dell Pro Precision 5 14 PW514261,Intel(R) Core(TM) Ultra 7 366H,ONNX CPU,4927,1944,9197
544288,"Wed, 05 Aug 2026 19:01:28 +0000","MacBook Pro (14-inch, Nov 2023)",Apple M3 Pro,Core ML CPU,4271,7477,6013
544289,"Wed, 05 Aug 2026 19:01:28 +0000",Dell Inc. Dell Pro Precision 5 14S PW514260,Intel(R) Core(TM) Ultra X7 368H,ONNX CPU,4965,1881,9166
544290,"Wed, 05 Aug 2026 19:01:52 +0000",Dell Inc. Dell Pro 14 Premium PA14260,Intel(R) Core(TM) Ultra 7 365,ONNX CPU,3482,1513,6890
544291,"Wed, 05 Aug 2026 19:06:14 +0000",Dell Inc. Dell Pro Precision 5 14 PW514261,Intel(R) Core(TM) Ultra 7 366H,ONNX CPU,4657,1862,9208
544292,"Wed, 05 Aug 2026 19:07:00 +0000",Dell Inc. Dell Pro Precision 5 14S PW514260,Intel(R) Core(TM) Ultra X7 368H,OpenVINO CPU,4645,4179,9145
544293,"Wed, 05 Aug 2026 19:08:22 +0000",Dell Inc. Dell Pro 5 14 P514260,Intel(R) Core(TM) Ultra 7 365,ONNX CPU,3248,1252,6419
544294,"Wed, 05 Aug 2026 19:14:39 +0000",Dell Inc. Dell Pro 5 14 P514260,Intel(R) Core(TM) Ultra 7 365,ONNX CPU,3195,1243,6366
544295,"Wed, 05 Aug 2026 19:16:09 +0000",Samsung Galaxy S24 Ultra,Qualcomm Snapdragon 8 Gen 3,TensorFlow Lite CPU,2162,2375,3149
544296,"Wed, 05 Aug 2026 19:19:07 +0000",Samsung Galaxy A73,Qualcomm Snapdragon 778G,TensorFlow Lite QNN,177,178,10444
544297,"Wed, 05 Aug 2026 19:19:47 +0000",Dell Inc. Dell Pro Precision 5 14 PW514261,Intel(R) Core(TM) Ultra 7 366H,ONNX CPU,4896,1891,9116
544298,"Wed, 05 Aug 2026 19:19:50 +0000",Dell Inc. Dell Pro Precision 5 14S PW514260,Intel(R) Core(TM) Ultra X7 368H,ONNX CPU,5131,1860,9203
544299,"Wed, 05 Aug 2026 19:20:13 +0000",Dell Inc. Dell Pro 14 Premium PA14260,Intel(R) Core(TM) Ultra 7 365,ONNX CPU,3480,1525,6915
544300,"Wed, 05 Aug 2026 19:22:57 +0000",Dell Inc. Dell Pro Precision 5 14S PW514260,Intel(R) Core(TM) Ultra X7 368H,ONNX CPU,4907,1850,9051
544301,"Wed, 05 Aug 2026 19:23:03 +0000",Dell Inc. Dell Pro Precision 5 14 PW514261,Intel(R) Core(TM) Ultra 7 366H,ONNX CPU,4921,1887,8994
544302,"Wed, 05 Aug 2026 19:23:11 +0000",Dell Inc. Dell Pro 14 Premium PA14260,Intel(R) Core(TM) Ultra 7 365,ONNX CPU,3462,1503,6743
544303,"Wed, 05 Aug 2026 19:26:38 +0000",Dell Inc. Dell Pro Precision 5 14 PW514261,Intel(R) Core(TM) Ultra 7 366H,ONNX CPU,4962,1965,8778
544304,"Wed, 05 Aug 2026 19:28:28 +0000",iPhone 17 Pro Max,Apple A19 Pro,Core ML CPU,5332,8487,6663
544305,"Wed, 05 Aug 2026 19:30:31 +0000",Acer Predator PT516-51s,Intel Core i9-11900H,ONNX CPU,2996,1269,6046
544306,"Wed, 05 Aug 2026 19:31:07 +0000",Dell Inc. Dell Pro Precision 5 14S PW514260,Intel(R) Core(TM) Ultra X7 368H,OpenVINO CPU,4613,4270,9122
544307,"Wed, 05 Aug 2026 19:31:08 +0000",Dell Inc. Dell Pro Precision 5 14 PW514261,Intel(R) Core(TM) Ultra 7 366H,OpenVINO CPU,4513,4234,8976
544308,"Wed, 05 Aug 2026 19:31:37 +0000",Dell Inc. Dell Pro 14 Premium PA14260,Intel(R) Core(TM) Ultra 7 365,OpenVINO CPU,3187,2325,8260
544309,"Wed, 05 Aug 2026 19:32:04 +0000",Dell Inc. Dell Pro 7 14 P714265,AMD Ryzen AI 7 PRO 450 w/ Radeon 860M,ONNX CPU,3356,1427,7822
544310,"Wed, 05 Aug 2026 19:32:26 +0000",iPhone 17 Pro Max,Apple A19 Pro,Core ML GPU,9903,18592,20093
544311,"Wed, 05 Aug 2026 19:33:46 +0000",Dell Inc. Dell Pro Precision 5 14S PW514260,Intel(R) Core(TM) Ultra X7 368H,OpenVINO CPU,4628,4287,9204
544312,"Wed, 05 Aug 2026 19:33:54 +0000",Dell Inc. Dell Pro Precision 5 14 PW514261,Intel(R) Core(TM) Ultra 7 366H,OpenVINO CPU,4526,4131,8851
544313,"Wed, 05 Aug 2026 19:34:07 +0000",Dell Inc. Dell Pro 14 Premium PA14260,Intel(R) Core(TM) Ultra 7 365,OpenVINO CPU,3135,2304,8154
544314,"Wed, 05 Aug 2026 19:37:11 +0000",Dell Inc. Dell Pro Precision 5 14S PW514260,Intel(R) Core(TM) Ultra X7 368H,OpenVINO CPU,4704,4393,9155
544315,"Wed, 05 Aug 2026 19:37:16 +0000",Dell Inc. Dell Pro Precision 5 14 PW514261,Intel(R) Core(TM) Ultra 7 366H,OpenVINO CPU,4580,4172,9012
544316,"Wed, 05 Aug 2026 19:37:37 +0000",Dell Inc. Dell Pro 14 Premium PA14260,Intel(R) Core(TM) Ultra 7 365,OpenVINO CPU,3191,2303,8209
544317,"Wed, 05 Aug 2026 19:41:13 +0000",Dell Inc. Dell Pro 14 Premium PA14260,Intel(R) Graphics (iGPU),OpenVINO GPU,9281,28087,35458
544318,"Wed, 05 Aug 2026 19:41:14 +0000",Dell Inc. Dell Pro Precision 5 14S PW514260,Intel(R) Arc(TM) Pro B390 GPU (iGPU),OpenVINO GPU,18815,47692,59109
544319,"Wed, 05 Aug 2026 19:41:19 +0000",Dell Inc. Dell Pro Precision 5 14 PW514261,Intel(R) Graphics (iGPU),OpenVINO GPU,9518,27991,36008
544320,"Wed, 05 Aug 2026 19:42:38 +0000","Gigabyte Technology Co., Ltd. GA-MA790X-UD3P",AMD Phenom II X2 555 Black Edition,ONNX CPU,243,190,279
544321,"Wed, 05 Aug 2026 19:47:24 +0000",ASUS System Product Name,AMD Ryzen 7 9700X,ONNX CPU,5856,2397,11516
544322,"Wed, 05 Aug 2026 19:47:49 +0000",Dell Inc. Dell Pro Precision 5 14 PW514261,NVIDIA RTX PRO 500 Blackwell Generation Laptop GPU,ONNX DirectML,11156,21398,8586
544323,"Wed, 05 Aug 2026 19:51:56 +0000",Dell Inc. Dell Pro Precision 5 14 PW514261,Intel(R) Graphics (iGPU),OpenVINO GPU,9687,28835,35390
544324,"Wed, 05 Aug 2026 19:55:05 +0000",Dell Inc. Dell Pro Precision 5 14S PW514260,Intel(R) Arc(TM) Pro B390 GPU (iGPU),OpenVINO GPU,19049,47240,60307
544325,"Wed, 05 Aug 2026 19:55:12 +0000",Dell Inc. Dell Pro 14 Premium PA14260,Intel(R) Graphics (iGPU),OpenVINO GPU,9342,28106,35210
544326,"Wed, 05 Aug 2026 19:55:17 +0000",Dell Inc. Dell Pro Precision 5 14 PW514261,NVIDIA RTX PRO 500 Blackwell Generation Laptop GPU,ONNX DirectML,11003,21034,8372
544327,"Wed, 05 Aug 2026 19:57:46 +0000",Dell Inc. Dell Pro Precision 5 14 PW514261,Intel(R) Core(TM) Ultra 7 366H,OpenVINO CPU,4647,4213,9006
544328,"Wed, 05 Aug 2026 19:59:13 +0000",samsung SM-A125M,ARM MT6765V/CB,TensorFlow Lite CPU,226,217,261
544329,"Wed, 05 Aug 2026 19:59:42 +0000",Dell Inc. Dell Pro Precision 5 14 PW514261,Intel(R) Graphics (iGPU),OpenVINO GPU,9585,27483,35822
544330,"Wed, 05 Aug 2026 20:03:48 +0000",Dell Inc. Dell Pro 14 Premium PA14260,Intel(R) Graphics (iGPU),OpenVINO GPU,9268,27996,35467
544331,"Wed, 05 Aug 2026 20:03:51 +0000",Dell Inc. Dell Pro Precision 5 14S PW514260,Intel(R) Arc(TM) Pro B390 GPU (iGPU),OpenVINO GPU,19141,48252,59608
544332,"Wed, 05 Aug 2026 20:04:00 +0000",Dell Inc. Dell Pro Precision 5 14 PW514261,Intel(R) Graphics (iGPU),OpenVINO GPU,9593,28511,35094
544333,"Wed, 05 Aug 2026 20:05:05 +0000","Mac17,3",Apple M5,Core ML CPU,5600,9013,6920
544334,"Wed, 05 Aug 2026 20:05:10 +0000","Mac15,12",Apple M3,Core ML CPU,4190,7526,6061
544335,"Wed, 05 Aug 2026 20:06:28 +0000","Gigabyte Technology Co., Ltd. B850 AORUS ELITE WIFI7",NVIDIA GeForce RTX 5080,ONNX DirectML,38466,65521,29113
544336,"Wed, 05 Aug 2026 20:06:30 +0000",vivo X300,Mediatek Dimensity 9500,TensorFlow Lite CPU,1896,2826,2867
544337,"Wed, 05 Aug 2026 20:07:23 +0000",Dell Inc. Dell Pro Precision 5 14S PW514260,Intel(R) AI Boost,OpenVINO NPU,4533,39229,60756
544338,"Wed, 05 Aug 2026 20:07:27 +0000",Dell Inc. Dell Pro Precision 5 14 PW514261,Intel(R) AI Boost,OpenVINO NPU,4339,38782,60606
544339,"Wed, 05 Aug 2026 20:07:30 +0000",Dell Inc. Dell Pro 14 Premium PA14260,Intel(R) AI Boost,OpenVINO NPU,3334,37902,59388
544340,"Wed, 05 Aug 2026 20:10:24 +0000","Mac15,12",Apple M3,Core ML GPU,8215,9348,8832
544341,"Wed, 05 Aug 2026 20:10:32 +0000",iPhone 17,Apple A19,Core ML Neural Engine,4514,35732,48706
544342,"Wed, 05 Aug 2026 20:10:35 +0000","Mac17,3",Apple M5,Core ML GPU,13107,24262,25012
544343,"Wed, 05 Aug 2026 20:12:10 +0000",Dell Inc. Dell Pro Precision 5 14S PW514260,Intel(R) AI Boost,OpenVINO NPU,4617,39153,60920
544344,"Wed, 05 Aug 2026 20:12:10 +0000",Dell Inc. Dell Pro 14 Premium PA14260,Intel(R) AI Boost,OpenVINO NPU,3330,37899,60328
544345,"Wed, 05 Aug 2026 20:12:18 +0000",Dell Inc. Dell Pro Precision 5 14 PW514261,Intel(R) AI Boost,OpenVINO NPU,4505,38857,60119
544346,"Wed, 05 Aug 2026 20:13:46 +0000","Mac17,3",Apple M5,Core ML Neural Engine,5580,41565,59203
544347,"Wed, 05 Aug 2026 20:13:55 +0000",iPhone 15,Apple A16 Bionic,Core ML Neural Engine,3576,22917,26828
544348,"Wed, 05 Aug 2026 20:14:00 +0000",iPhone 17,Apple A19,Core ML GPU,7287,14146,16206
544349,"Wed, 05 Aug 2026 20:14:05 +0000","Mac15,12",Apple M3,Core ML Neural Engine,4178,32056,36588
544350,"Wed, 05 Aug 2026 20:15:31 +0000",Dell Inc. Dell Pro Max 16 MC16250,Intel(R) Core(TM) Ultra 7 265H,ONNX CPU,3988,1631,8301
544351,"Wed, 05 Aug 2026 20:15:47 +0000",iPhone 17,Apple A19,Core ML Neural Engine,4527,36629,51945
544352,"Wed, 05 Aug 2026 20:16:06 +0000",Dell Inc. Dell Pro 7 14 2-in-1 P704265,AMD Ryzen AI 7 PRO 450 w/ Radeon 860M,ONNX CPU,2494,1165,6457
544353,"Wed, 05 Aug 2026 20:16:25 +0000",iPhone 15,Apple A16 Bionic,Core ML CPU,3454,6359,5135
544354,"Wed, 05 Aug 2026 20:17:00 +0000",samsung SM-A125M,ARM MT6765V/CB,TensorFlow Lite CPU,212,205,243
544355,"Wed, 05 Aug 2026 20:17:20 +0000",Dell Inc. Dell Pro Precision 5 14S PW514260,Intel(R) AI Boost,OpenVINO NPU,4630,39122,60618
544356,"Wed, 05 Aug 2026 20:17:24 +0000",Dell Inc. Dell Pro 14 Premium PA14260,Intel(R) AI Boost,OpenVINO NPU,3343,37562,60246
544357,"Wed, 05 Aug 2026 20:17:26 +0000",Dell Inc. Dell Pro Precision 5 14 PW514261,Intel(R) AI Boost,OpenVINO NPU,4635,38756,60294
544358,"Wed, 05 Aug 2026 20:17:52 +0000",iPhone 17,Apple A19,Core ML CPU,4509,7275,6079
544359,"Wed, 05 Aug 2026 20:22:06 +0000",iPhone 17 Pro,Apple A19 Pro,Core ML CPU,5404,9778,7206
544360,"Wed, 05 Aug 2026 20:22:37 +0000",ASUS NUC16JNK9XX11,Intel(R) Core(TM) Ultra 9 290HX Plus,ONNX CPU,7103,2562,11878
544361,"Wed, 05 Aug 2026 20:24:40 +0000",ASUS NUC16JNK9XX11,NVIDIA GeForce RTX 5090 Laptop GPU,ONNX DirectML,31895,56385,24845
544362,"Wed, 05 Aug 2026 20:25:08 +0000",iPhone 17 Pro,Apple A19 Pro,Core ML GPU,9791,17978,19677
544363,"Wed, 05 Aug 2026 20:26:55 +0000",ASUS NUC16JNK9XX11,Intel(R) Graphics,ONNX DirectML,4567,6332,3130
544364,"Wed, 05 Aug 2026 20:27:13 +0000",iPhone 17 Pro,Apple A19 Pro,Core ML Neural Engine,5226,40275,58574
544365,"Wed, 05 Aug 2026 20:28:38 +0000",ASUS NUC16JNK9XX11,Intel(R) Core(TM) Ultra 9 290HX Plus,OpenVINO CPU,8859,9840,17102
544366,"Wed, 05 Aug 2026 20:28:57 +0000",Mac mini (2024),Apple M4 Pro,Core ML GPU,16166,17969,15769
544367,"Wed, 05 Aug 2026 20:30:13 +0000",ASUS NUC16JNK9XX11,Intel(R) Core(TM) Ultra 9 290HX Plus,OpenVINO CPU,8773,9803,17291
544368,"Wed, 05 Aug 2026 20:33:53 +0000",ASUS NUC16JNK9XX11,Intel(R) Graphics (iGPU),OpenVINO GPU,6105,9530,14395
544369,"Wed, 05 Aug 2026 20:35:58 +0000",ASUS NUC16JNK9XX11,Intel(R) AI Boost,OpenVINO NPU,9006,10211,15697
544370,"Wed, 05 Aug 2026 20:35:59 +0000",iPhone 17 Pro Max,Apple A19 Pro,Core ML GPU,9875,18155,19792
544371,"Wed, 05 Aug 2026 20:36:05 +0000",iPhone 17 Pro Max,Apple A19 Pro,Core ML GPU,9875,18155,19792
544372,"Wed, 05 Aug 2026 20:51:26 +0000","SAMSUNG ELECTRONICS CO., LTD. Galaxy Book2",Snapdragon (TM) 850 @ 2.96 GHz,ONNX CPU,54,39,79
544373,"Wed, 05 Aug 2026 20:53:18 +0000","Micro-Star International Co., Ltd. MS-7D43",AMD Radeon RX 6800,ONNX DirectML,23529,26564,17288
544374,"Wed, 05 Aug 2026 20:53:31 +0000",Dell Inc. Dell Pro 16 PC16255,AMD Ryzen 5 220,ONNX CPU,2367,1231,5340
544375,"Wed, 05 Aug 2026 20:55:31 +0000",Dell Inc. Dell Pro 16 PC16255,AMD Radeon 740M Graphics,ONNX DirectML,3286,5112,2462
544376,"Wed, 05 Aug 2026 20:57:30 +0000",Dell Inc. Dell Pro 16 PC16255,AMD Ryzen 5 220 w/ Radeon 740M Graphics,OpenVINO CPU,3042,3073,9329
544377,"Wed, 05 Aug 2026 21:00:04 +0000",ASUSTeK COMPUTER INC. NUC14RVH-B,Intel(R) AI Boost,OpenVINO NPU,2542,9029,13988
544378,"Wed, 05 Aug 2026 21:02:40 +0000",ASUSTeK COMPUTER INC. NUC14RVH-B,Intel(R) AI Boost,OpenVINO NPU,2803,9036,14071
544379,"Wed, 05 Aug 2026 21:22:32 +0000",Samsung Galaxy S25,Qualcomm Snapdragon 8 Elite,TensorFlow Lite CPU,2468,3219,4211
544380,"Wed, 05 Aug 2026 21:31:14 +0000",Google Pixel 7,Google Tensor G2,TensorFlow Lite CPU,1115,1947,2161
544381,"Wed, 05 Aug 2026 21:31:14 +0000",Google Spacecraft,ARM ARMv8,TensorFlow Lite CPU,2128,2443,3078
544382,"Wed, 05 Aug 2026 21:54:05 +0000",ASUSTeK COMPUTER INC. NUC14RVH-B,Intel(R) AI Boost,OpenVINO NPU,2584,9020,14111
544383,"Wed, 05 Aug 2026 21:57:53 +0000",ASUSTeK COMPUTER INC. NUC14RVH-B,Intel(R) Arc(TM) Graphics (iGPU),OpenVINO GPU,8118,12851,20147
544384,"Wed, 05 Aug 2026 22:11:34 +0000",HP HP ZBook Fury 15 G7 Mobile Workstation,Intel Core i7-10850H,ONNX CPU,2137,1076,3370
544385,"Wed, 05 Aug 2026 22:13:01 +0000",iPhone Air,Apple A19 Pro,Core ML CPU,5159,8302,6604
544386,"Wed, 05 Aug 2026 22:13:22 +0000",iPhone Air,Apple A19 Pro,Core ML CPU,5159,8302,6604
544387,"Wed, 05 Aug 2026 22:17:51 +0000",Xiaomi 25010PN30G,Qualcomm ARMv8,TensorFlow Lite CPU,2533,3310,4237
544388,"Wed, 05 Aug 2026 22:21:16 +0000",ASUSTeK COMPUTER INC. ROG Xbox Ally X RC73XA_RC73XA,AMD Ryzen AI Z2 Extreme,ONNX CPU,1135,614,2673
544389,"Wed, 05 Aug 2026 23:03:04 +0000","Gigabyte Technology Co., Ltd. B650M AORUS ELITE AX",NVIDIA GeForce RTX 3090,ONNX DirectML,26021,40342,15708
544390,"Wed, 05 Aug 2026 23:06:28 +0000","Gigabyte Technology Co., Ltd. B650M AORUS ELITE AX",NVIDIA GeForce RTX 3090,ONNX DirectML,26322,39953,15722
544391,"Wed, 05 Aug 2026 23:21:27 +0000",iPhone 17 Pro Max,Apple A19 Pro,Core ML Neural Engine,5632,40256,57392
544392,"Wed, 05 Aug 2026 23:28:03 +0000",ASUS System Product Name,Intel(R) Core(TM) Ultra 7 270K Plus,ONNX CPU,7518,2753,12121
544393,"Wed, 05 Aug 2026 23:30:38 +0000",ASUS System Product Name,Intel(R) Core(TM) Ultra 7 270K Plus,OpenVINO CPU,10085,11215,17787
544394,"Wed, 05 Aug 2026 23:32:06 +0000",ASUSTeK COMPUTER INC. ASUS EXPERTCENTER P470VA_V470VA,Intel(R) Core(TM) 7 240H,OpenVINO CPU,4160,4451,10079
544395,"Wed, 05 Aug 2026 23:33:06 +0000",ASUS TUF Gaming A14 FA401EA,AMD Radeon(TM) 8060S Graphics,ONNX DirectML,22419,32877,17819
544396,"Wed, 05 Aug 2026 23:34:45 +0000",ASUSTeK COMPUTER INC. ROG Strix G18 G815LP_G815LP,Intel(R) Core(TM) Ultra 9 275HX,OpenVINO CPU,8780,9429,16278
544397,"Wed, 05 Aug 2026 23:41:58 +0000",ASUSTeK COMPUTER INC. ASUS EXPERTBOOK PM1403CDA,AMD Ryzen 7 7735HS,ONNX CPU,2633,1270,4477
544398,"Thu, 06 Aug 2026 00:08:44 +0000",Oppo Find X8 Ultra,Qualcomm Snapdragon 8 Elite,TensorFlow Lite GPU,2642,4219,3284
544399,"Thu, 06 Aug 2026 00:14:39 +0000","iPhone18,5",ARM,Core ML CPU,4664,7783,6097
544400,"Thu, 06 Aug 2026 00:14:48 +0000","iPhone18,5",ARM,Core ML CPU,4664,7783,6097
544401,"Thu, 06 Aug 2026 00:24:21 +0000",samsung SM-F976U,Qualcomm ARMv8,TensorFlow Lite CPU,2336,3589,5238
544402,"Thu, 06 Aug 2026 00:35:58 +0000",LENOVO 83EU,Intel Core i5-12450H,ONNX CPU,1982,993,4205
544403,"Thu, 06 Aug 2026 00:37:18 +0000",NEC PC-N1585AAL,AMD Ryzen 7 Extreme Edition,ONNX CPU,1382,711,1773
544404,"Thu, 06 Aug 2026 00:41:08 +0000",Microsoft Corporation Virtual Machine,Intel Core i5-12450H,ONNX CPU,1558,927,2987
544405,"Thu, 06 Aug 2026 00:42:53 +0000",NEC PC-N1585AAL,AMD Ryzen 7 Extreme Edition,OpenVINO CPU,1158,1014,1118
544406,"Thu, 06 Aug 2026 00:44:10 +0000",ASUS TUF Gaming A14 FA401EA,AMD Radeon(TM) 8060S Graphics,ONNX DirectML,22564,32934,18102
544407,"Thu, 06 Aug 2026 00:44:12 +0000",ASUSTeK COMPUTER INC. ASUS EXPERTBOOK PM1403CDA,AMD Ryzen 7 7735HS,ONNX CPU,2664,1247,4446
544408,"Thu, 06 Aug 2026 00:45:19 +0000",ASUSTeK COMPUTER INC. ROG Strix G18 G815LP_G815LP,Intel(R) Core(TM) Ultra 9 275HX,OpenVINO CPU,8782,9324,16182
544409,"Thu, 06 Aug 2026 00:46:12 +0000",ASUSTeK COMPUTER INC. ASUS EXPERTCENTER P470VA_V470VA,Intel(R) Core(TM) 7 240H,OpenVINO CPU,4495,4410,10588
544410,"Thu, 06 Aug 2026 00:49:11 +0000",NEC PC-N1585AAL,AMD Radeon(TM) Graphics,ONNX DirectML,1910,2213,1572
544411,"Thu, 06 Aug 2026 00:56:26 +0000",LENOVO 21TK,AMD Radeon RX 6800 XT,ONNX DirectML,20744,23010,15267
544412,"Thu, 06 Aug 2026 00:59:42 +0000",LENOVO 21TK,Intel(R) AI Boost,OpenVINO NPU,5279,10113,15511
544413,"Thu, 06 Aug 2026 01:01:44 +0000",LENOVO 21TK,Intel(R) Arc(TM) 140T GPU (16GB) (iGPU),OpenVINO GPU,11663,28325,34661
544414,"Thu, 06 Aug 2026 01:03:43 +0000",LENOVO 21TK,AMD Radeon RX 6800 XT,ONNX DirectML,20930,22991,15331
544415,"Thu, 06 Aug 2026 01:05:27 +0000",Only_For_Test!!! Only_For_Test!!!,NVIDIA RTX PRO 2000 Blackwell Embedded GPU,ONNX DirectML,16792,33126,13238
544416,"Thu, 06 Aug 2026 01:11:50 +0000",samsung SM-S731B,ARM ARMv8,TensorFlow Lite CPU,2369,2566,3507
544417,"Thu, 06 Aug 2026 01:12:22 +0000",Nothing Phone (2a),MediaTek Dimensity 7200 Pro,TensorFlow Lite CPU,700,848,1340
544418,"Thu, 06 Aug 2026 01:15:40 +0000",samsung SM-S731B,ARM ARMv8,TensorFlow Lite GPU,1014,1856,1322
544419,"Thu, 06 Aug 2026 01:16:15 +0000","Mac17,9",Apple M5 Pro,Core ML Neural Engine,5290,48872,66789
544420,"Thu, 06 Aug 2026 01:17:36 +0000",DTRI DT360PA,Intel(R) Core(TM) Ultra 7 255H,OpenVINO CPU,2796,2705,6622
544421,"Thu, 06 Aug 2026 01:18:00 +0000",realme RMX5210,Qualcomm ARMv8,TensorFlow Lite CPU,2128,3513,5010
544422,"Thu, 06 Aug 2026 01:19:14 +0000",Microsoft Corporation Surface Laptop for Business 13.8in 8th Ed Intel,Intel(R) Core(TM) Ultra 7 366H,ONNX CPU,4217,1621,7634
544423,"Thu, 06 Aug 2026 01:19:36 +0000",iPad Pro 11-inch (M4),Apple M4,Core ML Neural Engine,5138,38472,54851
544424,"Thu, 06 Aug 2026 01:19:41 +0000","Mac17,9",Apple M5 Pro,Core ML GPU,19623,34600,33715
544425,"Thu, 06 Aug 2026 01:19:49 +0000",iPad Pro 11-inch (M4),Apple M4,Core ML Neural Engine,5138,38472,54851
544426,"Thu, 06 Aug 2026 01:24:55 +0000","Mac17,9",Apple M5 Pro,Core ML CPU,5354,9271,7222
544427,"Thu, 06 Aug 2026 01:24:57 +0000",iPad Pro 11-inch (M4),Apple M4,Core ML GPU,10991,12882,12236
544428,"Thu, 06 Aug 2026 01:25:03 +0000",iPad Pro 11-inch (M4),Apple M4,Core ML GPU,10991,12882,12236
544429,"Thu, 06 Aug 2026 01:26:40 +0000",ASUS System Product Name,Intel(R) Core(TM) Ultra 7 270K Plus,ONNX CPU,7614,2830,12674
544430,"Thu, 06 Aug 2026 01:27:30 +0000",iPad Pro 11-inch (M4),Apple M4,Core ML CPU,5166,8496,6754
544431,"Thu, 06 Aug 2026 01:27:34 +0000",iPad Pro 11-inch (M4),Apple M4,Core ML CPU,5166,8496,6754
544432,"Thu, 06 Aug 2026 01:33:04 +0000",Google Pixel 10 Pro XL,Google Tensor G5,TensorFlow Lite NNAPI,485,1001,4211
544433,"Thu, 06 Aug 2026 01:33:07 +0000",iPhone 14 Pro,Apple A16 Bionic,Core ML CPU,3448,6379,5158
544434,"Thu, 06 Aug 2026 01:36:47 +0000",iPhone 14 Pro,Apple A16 Bionic,Core ML GPU,4411,4831,4693
544435,"Thu, 06 Aug 2026 01:37:16 +0000",DTRI DT360PA,Intel(R) Arc(TM) 140T GPU (8GB) (iGPU),OpenVINO GPU,9297,21606,25186
544436,"Thu, 06 Aug 2026 01:39:41 +0000",INFINIX Infinix X6878,ARM ARMv8,TensorFlow Lite NNAPI,255,256,581
544437,"Thu, 06 Aug 2026 01:41:39 +0000",DTRI DT360PA,Intel(R) AI Boost,OpenVINO NPU,2818,7112,10688
544438,"Thu, 06 Aug 2026 01:43:46 +0000",Microsoft Corporation Surface Laptop for Business 13.8in 8th Ed Intel,Intel(R) Graphics,ONNX DirectML,6771,13011,4479
544439,"Thu, 06 Aug 2026 01:46:39 +0000",Microsoft Corporation Surface Laptop for Business 13.8in 8th Ed Intel,Intel(R) AI Boost,OpenVINO NPU,4154,39361,61244
544440,"Thu, 06 Aug 2026 01:47:10 +0000",DTRI DT360PA,Intel Core Ultra 7 255H,ONNX CPU,2853,1259,5427
544441,"Thu, 06 Aug 2026 01:50:23 +0000",DTRI DT360PA,Intel(R) Arc(TM) 140T GPU (8GB),ONNX DirectML,5132,7121,3586
544442,"Thu, 06 Aug 2026 01:52:52 +0000",DTRI DT360PA,Intel(R) Arc(TM) 140T GPU (8GB),ONNX DirectML,5322,6958,3641
544443,"Thu, 06 Aug 2026 02:04:39 +0000",ASUSTeK COMPUTER INC. ASUS EXPERTBOOK PM1403CDA,AMD Ryzen 7 7735HS,ONNX CPU,2592,1247,4443
544444,"Thu, 06 Aug 2026 02:05:33 +0000",ASUS TUF Gaming A14 FA401EA,AMD Radeon(TM) 8060S Graphics,ONNX DirectML,22501,32529,17809
544445,"Thu, 06 Aug 2026 02:07:58 +0000",ASUSTeK COMPUTER INC. ROG Strix G18 G815LP_G815LP,Intel(R) Core(TM) Ultra 9 275HX,OpenVINO CPU,8916,9708,16404
544446,"Thu, 06 Aug 2026 02:08:51 +0000",ASUSTeK COMPUTER INC. ASUS EXPERTCENTER P470VA_V470VA,Intel(R) Core(TM) 7 240H,OpenVINO CPU,4610,4640,10549
544447,"Thu, 06 Aug 2026 02:11:09 +0000",Google Pixel 9 Pro XL,Google Tensor G4,TensorFlow Lite CPU,1901,2069,3065
544448,"Thu, 06 Aug 2026 02:12:31 +0000",iPad Air 11-inch (7th generation),Apple M3,Core ML GPU,8626,10053,9413
544449,"Thu, 06 Aug 2026 02:21:41 +0000",Google Pixel 9 Pro XL,Google Tensor G4,TensorFlow Lite NNAPI,354,4751,9554
544450,"Thu, 06 Aug 2026 02:36:03 +0000",System manufacturer System Product Name,AMD Processor model unknown,ONNX CPU,457,295,492
544451,"Thu, 06 Aug 2026 02:42:44 +0000",LENOVO 83KA,AMD Ryzen 7 8840HS,ONNX CPU,2171,1164,5569
544452,"Thu, 06 Aug 2026 02:47:05 +0000","Micro-Star International Co., Ltd. MS-7C35",AMD Ryzen 9 5900X,ONNX CPU,4211,1700,6403
544453,"Thu, 06 Aug 2026 02:50:12 +0000","Micro-Star International Co., Ltd. MS-7C35",NVIDIA GeForce GTX 1070,ONNX DirectML,8269,8363,6052
544454,"Thu, 06 Aug 2026 02:54:13 +0000",B450 Steel Legend,NVIDIA GeForce RTX 3060,ONNX DirectML,10260,17702,7014
544455,"Thu, 06 Aug 2026 02:55:14 +0000",System manufacturer System Product Name,AMD Ryzen 5 1600,ONNX CPU,1072,560,1204
544456,"Thu, 06 Aug 2026 03:08:40 +0000",System manufacturer System Product Name,AMD Processor model unknown,ONNX CPU,477,307,519
544457,"Thu, 06 Aug 2026 03:17:15 +0000",samsung SM-F976U1,Qualcomm ARMv8,TensorFlow Lite QNN,595,28184,69519
544458,"Thu, 06 Aug 2026 03:21:25 +0000",LENOVO 30FRS0D300,Intel(R) UHD Graphics 770 (iGPU),OpenVINO GPU,2408,3421,5394
544459,"Thu, 06 Aug 2026 03:23:52 +0000",LENOVO 30FRS0D300,NVIDIA GeForce RTX 3050,ONNX DirectML,9279,17830,6297
544460,"Thu, 06 Aug 2026 03:26:20 +0000",iPad (11th generation),Apple A16,Core ML CPU,1862,3387,2678
544461,"Thu, 06 Aug 2026 03:29:09 +0000",iPad (11th generation),Apple A16,Core ML Neural Engine,1845,13023,14842
544462,"Thu, 06 Aug 2026 03:29:16 +0000",ASUS TUF Gaming A14 FA401EA,AMD RYZEN AI MAX+ 392 w/ Radeon 8060S,OpenVINO CPU,5820,5665,14533
544463,"Thu, 06 Aug 2026 03:30:25 +0000",ASUSTeK COMPUTER INC. ROG Strix G18 G815LP_G815LP,Intel(R) Core(TM) Ultra 9 275HX,OpenVINO CPU,8887,9441,16539
544464,"Thu, 06 Aug 2026 03:31:28 +0000",ASUSTeK COMPUTER INC. ASUS EXPERTCENTER P470VA_V470VA,Intel(R) Core(TM) 7 240H,OpenVINO CPU,4590,4583,10480
544465,"Thu, 06 Aug 2026 03:31:38 +0000",LENOVO 21TK,NVIDIA GeForce RTX 5060 Ti,ONNX DirectML,14090,22261,11696
544466,"Thu, 06 Aug 2026 03:35:58 +0000",HONOR ALI-NX1,ARM ARMv8,TensorFlow Lite CPU,310,571,581
544467,"Thu, 06 Aug 2026 03:37:14 +0000",Xiaomi Redmi Note 9 Pro,Qualcomm Snapdragon 720G,TensorFlow Lite CPU,524,899,1054
544468,"Thu, 06 Aug 2026 03:46:43 +0000",HP HP EliteBook 8 G2a 14 inch Notebook Next Gen AI PC,AMD Ryzen AI 7 PRO 450 w/ Radeon 860M,ONNX CPU,3140,1798,8035
544469,"Thu, 06 Aug 2026 03:47:05 +0000",HP HP ZBook 8 G2a 14 inch Mobile Workstation PC,AMD Ryzen AI 7 PRO 450 w/ Radeon 860M,ONNX CPU,3499,1850,8201
544470,"Thu, 06 Aug 2026 03:47:52 +0000",ASUS System Product Name,Intel Core i9-14900KS,ONNX CPU,6920,2098,12117
544471,"Thu, 06 Aug 2026 03:52:24 +0000",ASUS System Product Name,NVIDIA GeForce RTX 5090,ONNX DirectML,50073,71237,37237
544472,"Thu, 06 Aug 2026 03:55:53 +0000",HP HP EliteBook 8 G2a 14 inch Notebook Next Gen AI PC,AMD Radeon(TM) 860M Graphics,ONNX DirectML,4309,8155,3131
544473,"Thu, 06 Aug 2026 03:56:00 +0000",HP HP ZBook 8 G2a 14 inch Mobile Workstation PC,AMD Radeon(TM) 860M Graphics,ONNX DirectML,4499,8660,3190
544474,"Thu, 06 Aug 2026 03:58:10 +0000",HP HP EliteBook 8 G2a 14 inch Notebook Next Gen AI PC,AMD Ryzen AI 7 PRO 450 w/ Radeon 860M,OpenVINO CPU,4605,4527,12963
544475,"Thu, 06 Aug 2026 03:58:21 +0000",HP HP ZBook 8 G2a 14 inch Mobile Workstation PC,AMD Ryzen AI 7 PRO 450 w/ Radeon 860M,OpenVINO CPU,4789,4764,13562
544476,"Thu, 06 Aug 2026 04:04:54 +0000","Gigabyte Technology Co., Ltd. X670E AORUS MASTER",NVIDIA RTX PRO 6000 Blackwell Max-Q Workstation Edition,ONNX DirectML,26338,34285,21197
544477,"Thu, 06 Aug 2026 04:06:14 +0000",samsung SM-X730,ARM ARMv8,TensorFlow Lite NNAPI,1171,9165,12593
544478,"Thu, 06 Aug 2026 04:07:44 +0000","Gigabyte Technology Co., Ltd. X670E AORUS MASTER",NVIDIA RTX PRO 6000 Blackwell Max-Q Workstation Edition,ONNX DirectML,50858,76222,37600
544479,"Thu, 06 Aug 2026 04:14:45 +0000",iPhone 17 Pro,Apple A19 Pro,Core ML Neural Engine,5360,38424,52797
544480,"Thu, 06 Aug 2026 04:15:47 +0000",Samsung Galaxy S21 5G,Samsung Exynos 2100,TensorFlow Lite CPU,655,1129,1242
544481,"Thu, 06 Aug 2026 04:30:58 +0000",iPhone 17 Pro Max,Apple A19 Pro,Core ML CPU,2919,5713,4260
544482,"Thu, 06 Aug 2026 04:31:14 +0000",iPhone 17 Pro Max,Apple A19 Pro,Core ML CPU,2919,5713,4260
544483,"Thu, 06 Aug 2026 04:31:54 +0000",GEEKOM IT13 Max,Intel Core Ultra 9 185H,ONNX CPU,3150,1268,5871
544484,"Thu, 06 Aug 2026 04:34:56 +0000",iPhone 17 Pro Max,Apple A19 Pro,Core ML CPU,5662,10079,7508
544485,"Thu, 06 Aug 2026 04:38:25 +0000",Dell Inc. Latitude 7420,Intel Core i5-1135G7,ONNX CPU,2021,934,4315
544486,"Thu, 06 Aug 2026 04:38:56 +0000",GEEKOM IT13 Max,Intel(R) Arc(TM) Graphics,ONNX DirectML,4920,7904,3555
544487,"Thu, 06 Aug 2026 04:43:27 +0000",Dell Inc. Latitude 7420,Intel Core i5-1135G7,ONNX CPU,1993,896,4281
544488,"Thu, 06 Aug 2026 04:43:33 +0000",GEEKOM IT13 Max,Intel(R) Core(TM) Ultra 9 185H,OpenVINO CPU,2776,2701,6561
544489,"Thu, 06 Aug 2026 04:47:06 +0000",GEEKOM IT13 Max,Intel(R) Arc(TM) Graphics (iGPU),OpenVINO GPU,7306,12091,18757
544490,"Thu, 06 Aug 2026 04:49:42 +0000",GEEKOM IT13 Max,Intel(R) AI Boost,OpenVINO NPU,2794,8895,13669
544491,"Thu, 06 Aug 2026 04:51:21 +0000",iPhone 16 Plus,Apple A18,Core ML CPU,4606,7580,5890
544492,"Thu, 06 Aug 2026 04:53:27 +0000",Dell Inc. Latitude 7420,Intel Core i5-1135G7,ONNX CPU,2073,928,4287
544493,"Thu, 06 Aug 2026 04:54:15 +0000",GEEKOM IT13 Max,Intel(R) AI Boost,OpenVINO NPU,2771,8920,13671
544494,"Thu, 06 Aug 2026 04:57:26 +0000",GEEKOM IT13 Max,Intel Core Ultra 9 185H,ONNX CPU,3102,1260,5893
544495,"Thu, 06 Aug 2026 04:58:21 +0000",Alienware Alienware 18 Area-51 AA18250,Intel(R) Graphics (iGPU),OpenVINO GPU,5772,8939,13222
544496,"Thu, 06 Aug 2026 04:59:53 +0000",GEEKOM IT13 Max,Intel Core Ultra 9 185H,ONNX CPU,3128,1282,5868
544497,"Thu, 06 Aug 2026 05:02:27 +0000",ZTE ZTE A2023,ARM Qualcomm,TensorFlow Lite CPU,1067,1082,1936
544498,"Thu, 06 Aug 2026 05:09:06 +0000",iPhone 16e,Apple A18,Core ML Neural Engine,4662,35385,49819
544499,"Thu, 06 Aug 2026 05:10:28 +0000",iPhone 16e,Apple A18,Core ML Neural Engine,4627,35387,49498
544500,"Thu, 06 Aug 2026 05:11:03 +0000",Alienware Alienware 18 Area-51 AA18250,Intel(R) Graphics (iGPU),OpenVINO GPU,5711,8863,13034
544501,"Thu, 06 Aug 2026 05:12:00 +0000",ZTE ZTE A2023,ARM Qualcomm,TensorFlow Lite GPU,376,633,656
544502,"Thu, 06 Aug 2026 05:12:35 +0000",ASUSTeK COMPUTER INC. ASUS EXPERTCENTER P470VA_V470VA,Intel(R) Core(TM) 7 240H,OpenVINO CPU,4127,4286,9677
544503,"Thu, 06 Aug 2026 05:13:17 +0000",ASUS TUF Gaming A14 FA401EA,AMD RYZEN AI MAX+ 392 w/ Radeon 8060S,OpenVINO CPU,5933,5378,13792
544504,"Thu, 06 Aug 2026 05:14:04 +0000",ASUSTeK COMPUTER INC. ROG Strix G18 G815LP_G815LP,Intel(R) Core(TM) Ultra 9 275HX,OpenVINO CPU,9032,9635,16340
544505,"Thu, 06 Aug 2026 05:16:26 +0000",ASUSTeK COMPUTER INC. ASUS EXPERTBOOK PM1403CDA,AMD Ryzen 7 7735HS,ONNX CPU,2592,1275,4453
544506,"Thu, 06 Aug 2026 05:17:11 +0000",Google Pixel 10 Pro XL,Google Tensor G5,TensorFlow Lite CPU,2492,3242,4222
544507,"Thu, 06 Aug 2026 05:20:34 +0000",ASUSTeK COMPUTER INC. ASUS EXPERTBOOK PM1403CDA,AMD Ryzen 7 7735HS,ONNX CPU,2646,1289,4524
544508,"Thu, 06 Aug 2026 05:22:48 +0000",Alienware Alienware 18 Area-51 AA18250,Intel(R) Graphics (iGPU),OpenVINO GPU,5784,8986,13252
544509,"Thu, 06 Aug 2026 05:28:40 +0000",iPad Pro 13-inch (M4),Apple M4,Core ML GPU,10970,12737,12104
544510,"Thu, 06 Aug 2026 05:30:15 +0000",iPad Pro 13-inch (M4),Apple M4,Core ML Neural Engine,5341,35209,48741
544511,"Thu, 06 Aug 2026 05:31:14 +0000",Alienware Alienware 18 Area-51 AA18250,Intel(R) Graphics (iGPU),OpenVINO GPU,5784,8958,13232
544512,"Thu, 06 Aug 2026 05:37:42 +0000",Dell Inc. Latitude 7420,Intel Core i5-1135G7,ONNX CPU,2097,952,4441
544513,"Thu, 06 Aug 2026 05:40:57 +0000",ASUS System Product Name,AMD Ryzen 9 7900X,ONNX CPU,4751,1986,9930
544514,"Thu, 06 Aug 2026 05:43:17 +0000",Alienware Alienware 18 Area-51 AA18250,Intel(R) AI Boost,OpenVINO NPU,6431,9591,14196
544515,"Thu, 06 Aug 2026 05:44:44 +0000",ASUS System Product Name,NVIDIA GeForce RTX 5060 Ti,ONNX DirectML,24595,46353,18810
544516,"Thu, 06 Aug 2026 05:45:48 +0000",ASUS System Product Name,NVIDIA GeForce RTX 5090,ONNX DirectML,51232,72473,38113
544517,"Thu, 06 Aug 2026 05:48:39 +0000",Alienware Alienware 18 Area-51 AA18250,Intel(R) AI Boost,OpenVINO NPU,6667,9523,14300
544518,"Thu, 06 Aug 2026 06:00:05 +0000",LENOVO 21MMSBJD03,Intel Core Ultra 7 165U,TensorFlow Lite CPU,1140,1135,820
544519,"Thu, 06 Aug 2026 06:02:14 +0000",Alienware Alienware 18 Area-51 AA18250,Intel(R) AI Boost,OpenVINO NPU,6795,9570,14172
544520,"Thu, 06 Aug 2026 06:04:18 +0000",samsung SM-F776B,ARM ARMv8,TensorFlow Lite CPU,1744,2567,2294
544521,"Thu, 06 Aug 2026 06:04:25 +0000",Shuttle Inc. SX79R,Radeon RX 470 Series,ONNX DirectML,5036,3981,3883
544522,"Thu, 06 Aug 2026 06:11:39 +0000",iPhone 16 Pro Max,Apple A18 Pro,Core ML CPU,4169,7443,5954
544523,"Thu, 06 Aug 2026 06:13:22 +0000","SAMSUNG ELECTRONICS CO., LTD. Galaxy Book4 Edge",Snapdragon(R) X Elite - X1E84100 - Qualcomm(R) Oryon(TM) CPU,ONNX CPU,985,1775,3555
544524,"Thu, 06 Aug 2026 06:17:12 +0000","Micro-Star International Co., Ltd. MS-7E59",NVIDIA GeForce RTX 5060 Ti,ONNX DirectML,24760,47651,19115
544525,"Thu, 06 Aug 2026 06:18:39 +0000","Micro-Star International Co., Ltd. MS-7E59",AMD Ryzen 7 9800X3D 8-Core Processor,OpenVINO CPU,13242,13114,33796
544526,"Thu, 06 Aug 2026 06:18:44 +0000",samsung SM-F776B,ARM ARMv8,TensorFlow Lite GPU,2089,3760,2491
544527,"Thu, 06 Aug 2026 06:19:19 +0000","SAMSUNG ELECTRONICS CO., LTD. Galaxy Book4 Edge",Snapdragon(R) X Elite - X1E84100 - Qualcomm(R) Oryon(TM) CPU,ONNX QNN,956,18718,50749
544528,"Thu, 06 Aug 2026 06:19:41 +0000",HP HP ZBook 8 G2a 14 inch Mobile Workstation PC,AMD Ryzen AI 7 PRO 450 w/ Radeon 860M,ONNX CPU,3454,1897,8223
544529,"Thu, 06 Aug 2026 06:19:45 +0000",HP HP EliteBook 8 G2a 14 inch Notebook Next Gen AI PC,AMD Ryzen AI 7 PRO 450 w/ Radeon 860M,ONNX CPU,3540,1854,8392
544530,"Thu, 06 Aug 2026 06:22:46 +0000",HP HP EliteBook 8 G2a 14 inch Notebook Next Gen AI PC,AMD Radeon(TM) 860M Graphics,ONNX DirectML,4630,8763,3295
544531,"Thu, 06 Aug 2026 06:22:48 +0000",ASUSTeK COMPUTER INC. ASUS EXPERTBOOK PM1403CDA,AMD Ryzen 7 7735HS,ONNX CPU,2571,1284,4614
544532,"Thu, 06 Aug 2026 06:23:20 +0000",HP HP ZBook 8 G2a 14 inch Mobile Workstation PC,AMD Radeon(TM) 860M Graphics,ONNX DirectML,4613,8691,3267
544533,"Thu, 06 Aug 2026 06:23:34 +0000",ASUS TUF Gaming A14 FA401EA,AMD RYZEN AI MAX+ 392 w/ Radeon 8060S,OpenVINO CPU,5791,5865,16502
544534,"Thu, 06 Aug 2026 06:24:11 +0000",ASUSTeK COMPUTER INC. ROG Strix G18 G815LP_G815LP,Intel(R) Core(TM) Ultra 9 275HX,OpenVINO CPU,8778,9693,16519
544535,"Thu, 06 Aug 2026 06:25:00 +0000",ASUSTeK COMPUTER INC. ASUS EXPERTCENTER P470VA_V470VA,Intel(R) Core(TM) 7 240H,OpenVINO CPU,4620,4597,10359
544536,"Thu, 06 Aug 2026 06:25:25 +0000",samsung SM-F776B,ARM ARMv8,TensorFlow Lite NNAPI,642,634,1298
544537,"Thu, 06 Aug 2026 06:25:46 +0000",HP HP EliteBook 8 G2a 14 inch Notebook Next Gen AI PC,AMD Ryzen AI 7 PRO 450 w/ Radeon 860M,OpenVINO CPU,4736,4711,13638
544538,"Thu, 06 Aug 2026 06:25:52 +0000",HP HP ZBook 8 G2a 14 inch Mobile Workstation PC,AMD Ryzen AI 7 PRO 450 w/ Radeon 860M,OpenVINO CPU,4538,4532,12973
544539,"Thu, 06 Aug 2026 06:26:07 +0000",ASUSTeK COMPUTER INC. ROG Strix G18 G815LP_G815LP,Intel(R) Core(TM) Ultra 9 275HX,OpenVINO CPU,8874,9562,16174
544540,"Thu, 06 Aug 2026 06:27:38 +0000",ASUSTeK COMPUTER INC. ROG Strix G18 G815LP_G815LP,Intel(R) Core(TM) Ultra 9 275HX,OpenVINO CPU,8834,9640,15882
544541,"Thu, 06 Aug 2026 06:27:41 +0000",ASUSTeK COMPUTER INC. ASUS EXPERTBOOK PM1403CDA,AMD Ryzen 7 7735HS,ONNX CPU,2770,1319,4633
544542,"Thu, 06 Aug 2026 06:28:24 +0000","Mac17,5",Apple A18 Pro,Core ML GPU,7377,8779,7896
544543,"Thu, 06 Aug 2026 06:30:18 +0000",ASUSTeK COMPUTER INC. ROG Strix G18 G815LP_G815LP,Intel(R) Core(TM) Ultra 9 275HX,OpenVINO CPU,8805,9697,16446
544544,"Thu, 06 Aug 2026 06:35:55 +0000","MacBook Air (13-inch, 2025)",Apple M4,Core ML GPU,9950,11424,9657
544545,"Thu, 06 Aug 2026 06:38:48 +0000","MacBook Air (13-inch, 2025)",Apple M4,Core ML Neural Engine,5044,39150,55881
544546,"Thu, 06 Aug 2026 06:40:56 +0000",Dell Inc. Dell Pro Precision 5 14 PW514261,Intel(R) Core(TM) Ultra 9 386H,OpenVINO CPU,4290,3364,7068
544547,"Thu, 06 Aug 2026 06:42:26 +0000","MacBook Air (13-inch, 2025)",Apple M4,Core ML CPU,5131,8540,6815
544548,"Thu, 06 Aug 2026 06:45:38 +0000",Dell Inc. Dell Pro Precision 5 14 PW514261,Intel(R) Core(TM) Ultra 9 386H,OpenVINO CPU,4477,3390,8381
544549,"Thu, 06 Aug 2026 06:47:19 +0000",samsung SM-A075F,ARM ARMv8,TensorFlow Lite GPU,265,490,384
544550,"Thu, 06 Aug 2026 06:48:40 +0000",Dell Inc. Dell Pro Precision 5 14 PW514261,Intel(R) Core(TM) Ultra 9 386H,OpenVINO CPU,4734,3361,8184
544551,"Thu, 06 Aug 2026 06:50:54 +0000",HP HP Laptop 14-ep0xxx,Intel Core i3-N305,ONNX CPU,823,422,1374
544552,"Thu, 06 Aug 2026 06:58:19 +0000","Mac15,12",Apple M3,Core ML CPU,3877,7000,5729
544553,"Thu, 06 Aug 2026 07:00:00 +0000",samsung SM-A075F,ARM ARMv8,TensorFlow Lite CPU,517,905,999
544554,"Thu, 06 Aug 2026 07:03:22 +0000",ASUS Zenbook S14 UX5406AA_001752499,Intel(R) Core(TM) Ultra 9 386H,ONNX CPU,4437,1610,7956
544555,"Thu, 06 Aug 2026 07:03:24 +0000",Default string Default string,13th Gen Intel(R) CoreT i7-1360P,OpenVINO CPU,2093,2090,5896
544556,"Thu, 06 Aug 2026 07:06:07 +0000","Micro-Star International Co., Ltd. MS-7E70",AMD Ryzen 7 9850X3D 8-Core Processor,ONNX CPU,9296,3386,15191
544557,"Thu, 06 Aug 2026 07:09:43 +0000",ASRock B760M Steel Legend WiFi,NVIDIA GeForce RTX 5060,ONNX DirectML,19653,35389,15163
544558,"Thu, 06 Aug 2026 07:10:29 +0000",Xiaomi Redmi Note 13 Pro,Qualcomm Snapdragon 7s Gen 2,TensorFlow Lite QNN,177,178,11160
544559,"Thu, 06 Aug 2026 07:10:29 +0000","Micro-Star International Co., Ltd. MS-7E70",AMD Ryzen 7 9850X3D 8-Core Processor,ONNX CPU,9259,3419,15310
544560,"Thu, 06 Aug 2026 07:10:52 +0000",ASUSTeK COMPUTER INC. ROG Strix G513RM_G513RM,AMD Ryzen 7 6800H,ONNX CPU,2766,1364,4972
544561,"Thu, 06 Aug 2026 07:18:37 +0000","Micro-Star International Co., Ltd. MS-7E70",AMD Ryzen 7 9850X3D 8-Core Processor,ONNX CPU,9050,3466,15352
544562,"Thu, 06 Aug 2026 07:21:12 +0000","Micro-Star International Co., Ltd. MS-7E70",AMD Ryzen 7 9850X3D 8-Core Processor,ONNX CPU,9030,3391,15481
544563,"Thu, 06 Aug 2026 07:21:16 +0000",Default string Default string,Intel(R) Iris(R) Xe Graphics (iGPU),OpenVINO GPU,4180,5679,8555
544564,"Thu, 06 Aug 2026 07:22:57 +0000",iPhone 15 Pro Max,Apple A17 Pro,Core ML CPU,3652,6925,5642
544565,"Thu, 06 Aug 2026 07:23:01 +0000",iPhone 15 Pro,Apple A17 Pro,Core ML CPU,3825,7090,5783
544566,"Thu, 06 Aug 2026 07:28:20 +0000",OEM OEM,Intel(R) AI Boost,OpenVINO NPU,4845,8745,14965
544567,"Thu, 06 Aug 2026 07:29:59 +0000","Micro-Star International Co., Ltd. MS-7E70",AMD Ryzen 7 9850X3D 8-Core Processor,ONNX CPU,8858,3358,15295
544568,"Thu, 06 Aug 2026 07:31:50 +0000","Micro-Star International Co., Ltd. MS-7E70",AMD Ryzen 7 9850X3D 8-Core Processor,ONNX CPU,9325,3397,15343
544569,"Thu, 06 Aug 2026 07:35:26 +0000",ASUS System Product Name,AMD Ryzen 5 7600X,ONNX CPU,3622,1765,8650
544570,"Thu, 06 Aug 2026 07:37:57 +0000",ASUS System Product Name,AMD Ryzen 5 7600X,ONNX CPU,3954,1796,8853
544571,"Thu, 06 Aug 2026 07:40:59 +0000",ASUS System Product Name,AMD Ryzen 5 7600X 6-Core Processor,OpenVINO CPU,5933,5952,16531
544572,"Thu, 06 Aug 2026 07:41:09 +0000",ASUSTeK COMPUTER INC. ASUS EXPERTCENTER P470VA_V470VA,Intel(R) Core(TM) 7 240H,OpenVINO CPU,4608,4500,10395
544573,"Thu, 06 Aug 2026 07:41:31 +0000","Micro-Star International Co., Ltd. MS-7E70",AMD Ryzen 7 9850X3D 8-Core Processor,ONNX CPU,8669,3308,15200
544574,"Thu, 06 Aug 2026 07:42:56 +0000",ASUS TUF Gaming A14 FA401EA,AMD RYZEN AI MAX+ 392 w/ Radeon 8060S,OpenVINO CPU,5664,5261,14486
544575,"Thu, 06 Aug 2026 07:43:40 +0000",ASUSTeK COMPUTER INC. ROG Strix G18 G815LP_G815LP,Intel(R) Core(TM) Ultra 9 275HX,OpenVINO CPU,8776,9695,16365
544576,"Thu, 06 Aug 2026 07:45:21 +0000",HP HP ZBook Fury G1i 16 inch Mobile Workstation PC,Intel(R) Core(TM) Ultra 9 285HX,ONNX CPU,5060,1826,7948
544577,"Thu, 06 Aug 2026 07:45:46 +0000","Gigabyte Technology Co., Ltd. B850 GAMING X WIFI6E",NVIDIA GeForce RTX 5070 Ti,ONNX DirectML,36440,64301,27514
544578,"Thu, 06 Aug 2026 07:45:53 +0000",ASUSTeK COMPUTER INC. ASUS EXPERTBOOK PM1403CDA,AMD Radeon(TM) Graphics,ONNX DirectML,4190,6951,3069
544579,"Thu, 06 Aug 2026 07:46:04 +0000",ASUSTeK COMPUTER INC. ROG Strix G18 G815LP_G815LP,Intel(R) Core(TM) Ultra 9 275HX,OpenVINO CPU,8854,9124,16492
544580,"Thu, 06 Aug 2026 07:47:33 +0000","Gigabyte Technology Co., Ltd. B850 GAMING X WIFI6E",AMD Ryzen 7 9800X3D,ONNX CPU,9701,3494,15085
544581,"Thu, 06 Aug 2026 07:49:17 +0000","Gigabyte Technology Co., Ltd. B850 GAMING X WIFI6E",AMD Ryzen 7 9800X3D 8-Core Processor,OpenVINO CPU,13701,13776,33320
544582,"Thu, 06 Aug 2026 07:50:09 +0000",ASUSTeK COMPUTER INC. ROG Strix G18 G815LP_G815LP,Intel(R) Core(TM) Ultra 9 275HX,OpenVINO CPU,9097,9657,16546
544583,"Thu, 06 Aug 2026 07:50:26 +0000",Dell Inc. Latitude 7420,Intel Core i5-1135G7,ONNX CPU,2237,1048,4608
544584,"Thu, 06 Aug 2026 07:53:48 +0000","Micro-Star International Co., Ltd. MS-7E70",AMD Ryzen 7 9850X3D 8-Core Processor,ONNX CPU,9464,3475,15342
544585,"Thu, 06 Aug 2026 07:56:59 +0000",iPhone 15 Pro Max,Apple A17 Pro,Core ML CPU,3975,7240,5868
544586,"Thu, 06 Aug 2026 07:59:14 +0000",iPhone 15 Pro Max,Apple A17 Pro,Core ML Neural Engine,3960,27691,38779
544587,"Thu, 06 Aug 2026 08:13:42 +0000","iMac (24-inch, 2024)",Apple M4,Core ML Neural Engine,5060,38969,55783
544588,"Thu, 06 Aug 2026 08:19:03 +0000","iMac (24-inch, 2024)",Apple M4,Core ML CPU,5087,8423,6682
544589,"Thu, 06 Aug 2026 08:23:31 +0000","iMac (24-inch, 2024)",Apple M4,Core ML GPU,10030,11424,9619
544590,"Thu, 06 Aug 2026 08:23:48 +0000","MacBook Pro (14-inch, 2024)",Apple M4 Max,Core ML GPU,25750,28462,26760
544591,"Thu, 06 Aug 2026 08:24:55 +0000",Dell Inc. Latitude 7420,Intel Core i5-1135G7,ONNX CPU,2269,1047,4642
544592,"Thu, 06 Aug 2026 08:26:20 +0000","MacBook Pro (14-inch, 2024)",Apple M4 Max,Core ML CPU,5587,9270,6936
544593,"Thu, 06 Aug 2026 08:28:05 +0000",iPhone 17 Pro Max,Apple A19 Pro,Core ML CPU,5248,8376,6662
544594,"Thu, 06 Aug 2026 08:28:20 +0000",LENOVO 21V70005TW,Intel(R) Core(TM) Ultra 7 356H,ONNX CPU,4450,1637,8133
544595,"Thu, 06 Aug 2026 08:28:53 +0000","MacBook Pro (14-inch, 2024)",Apple M4 Max,Core ML Neural Engine,6043,42036,58107
544596,"Thu, 06 Aug 2026 08:29:38 +0000",Acer S40-53,Intel Core i5-1135G7,ONNX CPU,1143,635,2792
544597,"Thu, 06 Aug 2026 08:30:52 +0000",ASUS TUF Gaming A14 FA401EA,AMD RYZEN AI MAX+ 392 w/ Radeon 8060S,OpenVINO CPU,6199,5552,15306
544598,"Thu, 06 Aug 2026 08:31:28 +0000",LENOVO 21V70005TW,Intel(R) Graphics,ONNX DirectML,6424,11874,4254
544599,"Thu, 06 Aug 2026 08:31:38 +0000",ASUSTeK COMPUTER INC. ROG Strix G18 G815LP_G815LP,Intel(R) Graphics (iGPU),OpenVINO GPU,5711,9020,13626
544600,"Thu, 06 Aug 2026 08:32:28 +0000",ASUSTeK COMPUTER INC. ASUS EXPERTCENTER P470VA_V470VA,Intel(R) Graphics (iGPU),OpenVINO GPU,4106,5781,9089
544601,"Thu, 06 Aug 2026 08:33:21 +0000",ASUSTeK COMPUTER INC. ROG Strix G16 G614FM_G614FM,AMD Ryzen 9 9955HX 16-Core Processor,ONNX CPU,6232,2578,10762
544602,"Thu, 06 Aug 2026 08:34:18 +0000",ASUSTeK COMPUTER INC. ASUS TUF Gaming A15 FA506NC_FA506NC,AMD Ryzen 5 7535HS,ONNX CPU,2021,1068,3496
544603,"Thu, 06 Aug 2026 08:35:23 +0000",LENOVO 21V70005TW,Intel(R) Core(TM) Ultra 7 356H,OpenVINO CPU,4381,3997,8243
544604,"Thu, 06 Aug 2026 08:39:22 +0000",LENOVO 21V70005TW,Intel(R) Graphics (iGPU),OpenVINO GPU,9480,28431,35360
544605,"Thu, 06 Aug 2026 08:39:23 +0000","SAMSUNG ELECTRONICS CO., LTD. 750XFG",Intel Core i7-1355U,ONNX CPU,2183,897,4064
544606,"Thu, 06 Aug 2026 08:42:52 +0000",ASUSTeK COMPUTER INC. ASUS EXPERTBOOK PM1403CDA,AMD Radeon(TM) Graphics,ONNX DirectML,4181,6878,3048
544607,"Thu, 06 Aug 2026 08:43:04 +0000",ASUS System Product Name,Intel Core i9-13900K,ONNX CPU,1145,541,1840
544608,"Thu, 06 Aug 2026 08:47:01 +0000",ASUSTeK COMPUTER INC. ASUS EXPERTBOOK PM1403CDA,AMD Radeon(TM) Graphics,ONNX DirectML,4205,6922,3090
544609,"Thu, 06 Aug 2026 08:47:16 +0000",nubia NX809J,Qualcomm ARMv8,TensorFlow Lite GPU,1896,2745,2372
544610,"Thu, 06 Aug 2026 08:47:24 +0000",ASUS System Product Name,Intel Core i9-13900K,ONNX CPU,5594,1865,9967
544611,"Thu, 06 Aug 2026 08:49:13 +0000",LENOVO 21V70005TW,Intel(R) AI Boost,OpenVINO NPU,4257,36163,53959
544612,"Thu, 06 Aug 2026 08:53:21 +0000",Dell Inc. Dell Pro 5 14 P514260,Intel(R) Core(TM) Ultra 5 336H,ONNX CPU,3466,1484,6464
544613,"Thu, 06 Aug 2026 08:55:18 +0000",Nothing Phone (2),Qualcomm Snapdragon 8+ Gen 1,TensorFlow Lite CPU,1239,2083,2965
544614,"Thu, 06 Aug 2026 09:01:10 +0000",ASUS System Product Name,Intel Core i9-13900K,ONNX CPU,3929,1277,5393
544615,"Thu, 06 Aug 2026 09:02:07 +0000","Micro-Star International Co., Ltd. MS-7B09",AMD Ryzen Threadripper 2950X,ONNX CPU,2072,836,2134
544616,"Thu, 06 Aug 2026 09:04:28 +0000",Nothing Phone (2),Qualcomm Snapdragon 8+ Gen 1,TensorFlow Lite QNN,266,11822,32837
544617,"Thu, 06 Aug 2026 09:05:18 +0000",ASUS System Product Name,Intel Core i9-13900K,ONNX CPU,5400,1871,9778
544618,"Thu, 06 Aug 2026 09:07:19 +0000",iPhone 17 Pro Max,Apple A19 Pro,Core ML CPU,5338,9969,7251
544619,"Thu, 06 Aug 2026 09:07:30 +0000",iPhone 17 Pro Max,Apple A19 Pro,Core ML CPU,5338,9969,7251
544620,"Thu, 06 Aug 2026 09:08:24 +0000",Google Pixel 9 Pro XL,Google Tensor G4,TensorFlow Lite CPU,1990,2306,3236
544621,"Thu, 06 Aug 2026 09:09:05 +0000",HP HP ProBook 4 G1i 16 inch Notebook AI PC,Intel(R) Core(TM) Ultra 5 225U,ONNX CPU,2123,859,4283
544622,"Thu, 06 Aug 2026 09:10:10 +0000",iPhone 17 Pro Max,Apple A19 Pro,Core ML GPU,9400,17183,18934
544623,"Thu, 06 Aug 2026 09:13:48 +0000",samsung SM-F776B,ARM ARMv8,TensorFlow Lite CPU,2296,3139,2982
544624,"Thu, 06 Aug 2026 09:15:04 +0000",HP HP ProBook 4 G1i 16 inch Notebook AI PC,Intel(R) Graphics,ONNX DirectML,3114,4924,2145
544625,"Thu, 06 Aug 2026 09:18:08 +0000",MECHREVO JIGUANG Series,Intel Core i7-13700HX,ONNX CPU,723,381,1032
544626,"Thu, 06 Aug 2026 09:19:54 +0000",iPhone 17 Pro Max,Apple A19 Pro,Core ML GPU,9400,17183,18934
544627,"Thu, 06 Aug 2026 09:26:51 +0000",Microsoft Corporation Surface Laptop for Business 7th Edition with Intel,Intel(R) AI Boost,OpenVINO NPU,3035,28394,48388
544628,"Thu, 06 Aug 2026 09:26:53 +0000",iPhone 12,Apple A14 Bionic,Core ML CPU,1696,3114,2580
544629,"Thu, 06 Aug 2026 09:31:48 +0000",iPhone 12,Apple A14 Bionic,Core ML GPU,2060,1991,1962
544630,"Thu, 06 Aug 2026 09:32:46 +0000",Microsoft Corporation Surface Laptop 6 for Business,Intel(R) AI Boost,OpenVINO NPU,2755,8830,13651
544631,"Thu, 06 Aug 2026 09:34:44 +0000",iPhone 12,Apple A14 Bionic,Core ML Neural Engine,2010,9820,9781
544632,"Thu, 06 Aug 2026 09:36:26 +0000","Micro-Star International Co., Ltd. MS-7E42",Intel Core Ultra 7 265K,ONNX CPU,6605,2472,11249
544633,"Thu, 06 Aug 2026 09:37:58 +0000","Micro-Star International Co., Ltd. MS-7E42",NVIDIA GeForce RTX 5060 Ti,ONNX DirectML,23228,43622,18016
544634,"Thu, 06 Aug 2026 09:40:47 +0000",HP HP ProBook 4 G1i 16 inch Notebook AI PC,Intel(R) AI Boost,OpenVINO NPU,1701,8282,12979
544635,"Thu, 06 Aug 2026 09:45:08 +0000",ASUSTeK COMPUTER INC. ASUS EXPERTBOOK PM1403CDA,AMD Ryzen 7 7735HS with Radeon Graphics,OpenVINO CPU,3267,3310,5709
544636,"Thu, 06 Aug 2026 09:46:51 +0000",ASUS TUF Gaming A14 FA401EA,AMD RYZEN AI MAX+ 392 w/ Radeon 8060S,OpenVINO CPU,6523,6539,16460
544637,"Thu, 06 Aug 2026 09:47:36 +0000",ASUSTeK COMPUTER INC. ROG Strix G18 G815LP_G815LP,Intel(R) Graphics (iGPU),OpenVINO GPU,5667,9040,13721
544638,"Thu, 06 Aug 2026 09:48:03 +0000",ASUSTeK COMPUTER INC. ASUS EXPERTBOOK PM1403CDA,AMD Ryzen 7 7735HS with Radeon Graphics,OpenVINO CPU,3449,3440,6141
544639,"Thu, 06 Aug 2026 09:49:43 +0000",ASUSTeK COMPUTER INC. ASUS EXPERTCENTER P470VA_V470VA,Intel(R) Graphics (iGPU),OpenVINO GPU,4090,5783,9071
544640,"Thu, 06 Aug 2026 09:56:33 +0000",Samsung Galaxy A34,MediaTek Dimensity 1080,TensorFlow Lite CPU,568,985,1146
544641,"Thu, 06 Aug 2026 09:57:55 +0000",ASUS TUF Gaming A14 FA401EA,AMD RYZEN AI MAX+ 392 w/ Radeon 8060S,OpenVINO CPU,5750,5379,14167
544642,"Thu, 06 Aug 2026 10:02:07 +0000",Samsung Galaxy A34,MediaTek Dimensity 1080,TensorFlow Lite GPU,480,757,612
544643,"Thu, 06 Aug 2026 10:02:42 +0000",ASUS TUF Gaming A14 FA401EA,AMD RYZEN AI MAX+ 392 w/ Radeon 8060S,OpenVINO CPU,5768,5417,15653
544644,"Thu, 06 Aug 2026 10:04:27 +0000",Acer Aspire A715-79G,NVIDIA GeForce RTX 3050 6GB Laptop GPU,ONNX DirectML,9219,17477,6484
544645,"Thu, 06 Aug 2026 10:05:12 +0000",ASUS TUF Gaming A14 FA401EA,AMD RYZEN AI MAX+ 392 w/ Radeon 8060S,OpenVINO CPU,5649,5665,14597
544646,"Thu, 06 Aug 2026 10:05:28 +0000",LENOVO 22C9,Intel(R) Core(TM) Ultra 7 251HX,ONNX CPU,6078,2344,10391
544647,"Thu, 06 Aug 2026 10:11:25 +0000",iPhone 16 Plus,Apple A18,Core ML CPU,4754,7767,6156
544648,"Thu, 06 Aug 2026 10:28:48 +0000",Microsoft Corporation Surface Pro for Business 13in 12th Ed Intel,Intel(R) AI Boost,OpenVINO NPU,4664,37960,59118
544649,"Thu, 06 Aug 2026 10:29:09 +0000",Microsoft Corporation Surface Laptop for Business 13.8in 8th Ed Intel,Intel(R) AI Boost,OpenVINO NPU,4515,38482,59252
544650,"Thu, 06 Aug 2026 10:32:15 +0000","Micro-Star International Co., Ltd. Katana 15 HX B14WEK",Intel Core i7-14650HX,ONNX CPU,3529,1384,6677
544651,"Thu, 06 Aug 2026 10:34:12 +0000","Micro-Star International Co., Ltd. Katana 15 HX B14WEK",NVIDIA GeForce RTX 5050 Laptop GPU,ONNX DirectML,15511,31150,12356
544652,"Thu, 06 Aug 2026 10:42:34 +0000","Mac17,3",Apple M5,Core ML CPU,5545,8966,6899
544653,"Thu, 06 Aug 2026 10:43:59 +0000",TIMI Mi  NoteBook 14,Intel Core i3-10110U,ONNX CPU,773,444,1179
544654,"Thu, 06 Aug 2026 10:45:22 +0000","Mac17,3",Apple M5,Core ML GPU,13078,23898,25078
544655,"Thu, 06 Aug 2026 10:47:33 +0000","Mac17,3",Apple M5,Core ML Neural Engine,5530,41422,58800
544656,"Thu, 06 Aug 2026 10:48:54 +0000","Mac17,3",Apple M5,Core ML Neural Engine,5543,41506,58581
544657,"Thu, 06 Aug 2026 10:50:59 +0000","Gigabyte Technology Co., Ltd. Z890 GAMING X WIFI7",Intel(R) Core(TM) Ultra 7 270K Plus,ONNX CPU,7338,2638,12443
544658,"Thu, 06 Aug 2026 10:51:29 +0000",TIMI Mi  NoteBook 14,Intel(R) Core(TM) i3-10110U CPU @ 2.10GHz,OpenVINO CPU,871,843,1274
544659,"Thu, 06 Aug 2026 10:52:28 +0000",System manufacturer System Product Name,Intel Core i9-10920X,ONNX CPU,2921,963,5394
544660,"Thu, 06 Aug 2026 10:52:46 +0000","Gigabyte Technology Co., Ltd. Z890 GAMING X WIFI7",NVIDIA GeForce RTX 5070,ONNX DirectML,29377,52884,22522
544661,"Thu, 06 Aug 2026 10:53:30 +0000",Dell Inc. Precision 7680,Intel Core i7-13850HX,ONNX CPU,4630,1502,6371
544662,"Thu, 06 Aug 2026 10:54:45 +0000",LENOVO 21NSCTO1WW,Intel Core Ultra 7 268V,ONNX CPU,1345,638,2771
544663,"Thu, 06 Aug 2026 10:56:17 +0000",Dell Inc. Precision 7680,NVIDIA RTX 2000 Ada Generation Laptop GPU,ONNX DirectML,15587,28628,12162
544664,"Thu, 06 Aug 2026 10:58:25 +0000","Micro-Star International Co., Ltd. MS-7D99",Intel Core i7-14700F,ONNX CPU,5682,1822,9738
544665,"Thu, 06 Aug 2026 11:00:32 +0000","Micro-Star International Co., Ltd. MS-7D99",NVIDIA GeForce RTX 5060 Ti,ONNX DirectML,21850,39962,17005
544666,"Thu, 06 Aug 2026 11:02:10 +0000",Dell Inc. Precision 7680,Intel(R) RaptorLake-S Mobile Graphics Controller (iGPU),OpenVINO GPU,2784,4067,6334
544667,"Thu, 06 Aug 2026 11:03:05 +0000",ASUS System Product Name,AMD Ryzen 9 7900X 12-Core Processor,OpenVINO CPU,8515,8576,21589
544668,"Thu, 06 Aug 2026 11:03:42 +0000",LENOVO 82K2,NVIDIA GeForce RTX 3050 Ti Laptop GPU,ONNX DirectML,9828,17746,7012
544669,"Thu, 06 Aug 2026 11:04:04 +0000",Default string Default string,Intel Celeron J6413,ONNX CPU,164,95,233
544670,"Thu, 06 Aug 2026 11:07:20 +0000",iPhone 13,Apple A15 Bionic,Core ML Neural Engine,3365,20056,22588
544671,"Thu, 06 Aug 2026 11:08:11 +0000",Dell Inc. Dell Pro 5 14 P514260,Intel(R) Core(TM) Ultra 7 365,ONNX CPU,2604,1245,5914
544672,"Thu, 06 Aug 2026 11:14:08 +0000",iPad (10th generation),Apple A14 Bionic,Core ML CPU,2653,4830,3998
544673,"Thu, 06 Aug 2026 11:17:06 +0000",ASUSTeK COMPUTER INC. TX Gaming FA608FP_FA608FP,NVIDIA GeForce RTX 5070 Laptop GPU,ONNX DirectML,23039,44003,17872
544674,"Thu, 06 Aug 2026 11:23:04 +0000",motorola motorola razr fold,Qualcomm ARMv8,TensorFlow Lite CPU,2263,3178,4179
544675,"Thu, 06 Aug 2026 11:23:07 +0000",OPPO CPH2765,Qualcomm ARMv8,TensorFlow Lite CPU,2006,2880,4095
544676,"Thu, 06 Aug 2026 11:23:47 +0000",vivo V2545A,ARM ARMv8,TensorFlow Lite CPU,1559,2365,2281
544677,"Thu, 06 Aug 2026 11:23:54 +0000",HONOR PNM-N49,Qualcomm SM8850,TensorFlow Lite CPU,1404,1721,2388
544678,"Thu, 06 Aug 2026 11:27:27 +0000",Fairphone Fairphone 6,ARM ARMv8,TensorFlow Lite CPU,822,1120,1378
544679,"Thu, 06 Aug 2026 11:29:05 +0000",motorola motorola razr fold,Qualcomm ARMv8,TensorFlow Lite CPU,2355,3078,4165
544680,"Thu, 06 Aug 2026 11:29:17 +0000",OPPO CPH2765,Qualcomm ARMv8,TensorFlow Lite CPU,1824,2659,3890
544681,"Thu, 06 Aug 2026 11:29:46 +0000",vivo V2545A,ARM ARMv8,TensorFlow Lite CPU,1546,2236,2271
544682,"Thu, 06 Aug 2026 11:30:12 +0000",HONOR PNM-N49,Qualcomm SM8850,TensorFlow Lite CPU,1314,1646,2200
544683,"Thu, 06 Aug 2026 11:31:47 +0000",HP HP EliteBook 860 16 inch G11 Notebook PC,Intel Core Ultra 7 155H,ONNX CPU,1374,554,2816
544684,"Thu, 06 Aug 2026 11:31:57 +0000",Fairphone Fairphone 6,ARM ARMv8,TensorFlow Lite CPU,706,1114,1228
544685,"Thu, 06 Aug 2026 11:32:37 +0000",samsung SM-A576B,ARM ARMv8,TensorFlow Lite CPU,1558,1915,2922
544686,"Thu, 06 Aug 2026 11:36:46 +0000",Fairphone Fairphone 6,ARM ARMv8,TensorFlow Lite CPU,775,1173,1505
544687,"Thu, 06 Aug 2026 11:39:18 +0000",samsung SM-A576B,ARM ARMv8,TensorFlow Lite GPU,807,1264,939
544688,"Thu, 06 Aug 2026 11:41:44 +0000",Dell Inc. Dell Pro 5 Micro P5M1260,Intel(R) Core(TM) Ultra 7 366H,OpenVINO CPU,4401,3558,8035
544689,"Thu, 06 Aug 2026 11:52:53 +0000",Dell Inc. Latitude 7420,Intel Core i5-1135G7,ONNX CPU,2149,977,4369
544690,"Thu, 06 Aug 2026 11:53:51 +0000","Mac17,7",Apple M5 Max,Core ML GPU,29412,46430,43138
544691,"Thu, 06 Aug 2026 11:54:15 +0000",Dell Inc. Dell Pro 5 Micro P5M1260,Intel(R) Core(TM) Ultra 7 366H,OpenVINO CPU,4280,3281,7558
544692,"Thu, 06 Aug 2026 11:55:00 +0000",iPhone 16 Pro,Apple A18 Pro,Core ML CPU,4811,7991,6277
544693,"Thu, 06 Aug 2026 11:57:42 +0000",LENOVO 21QJS0HJ00,AMD Ryzen AI 5 PRO 340 w/ Radeon 840M,ONNX CPU,2897,1443,7034
544694,"Thu, 06 Aug 2026 12:01:02 +0000",Acer Predator PHN16-73,Intel(R) AI Boost,OpenVINO NPU,6635,9767,14945
544695,"Thu, 06 Aug 2026 12:01:24 +0000",LENOVO 21QJS0HJ00,AMD Radeon(TM) 840M Graphics,ONNX DirectML,4232,5717,3657
544696,"Thu, 06 Aug 2026 12:04:27 +0000",iPhone 15 Pro Max,Apple A17 Pro,Core ML CPU,3656,6880,5522
544697,"Thu, 06 Aug 2026 12:06:12 +0000",LENOVO 21QJS0HJ00,AMD Ryzen AI 5 PRO 340 w/ Radeon 840M,OpenVINO CPU,3639,3651,9975
544698,"Thu, 06 Aug 2026 12:13:22 +0000",GIADA AIO,Intel Core Ultra 5 125U,ONNX CPU,2231,1062,4937
544699,"Thu, 06 Aug 2026 12:14:17 +0000",iPhone 15 Pro,Apple A17 Pro,Core ML CPU,2304,4278,3379
544700,"Thu, 06 Aug 2026 12:17:38 +0000",LENOVO 21QJS0HJ00,AMD Radeon(TM) 840M Graphics,ONNX DirectML,4645,6687,3758
544701,"Thu, 06 Aug 2026 12:29:00 +0000",X570 Pro4,AMD Ryzen 9 5900XT 16-Core Processor,ONNX CPU,3114,1285,5046
544702,"Thu, 06 Aug 2026 12:47:51 +0000",Dell Inc. Dell Pro 5 Micro P5M1260,Intel(R) Core(TM) Ultra 7 366H,OpenVINO CPU,4267,3294,7801
544703,"Thu, 06 Aug 2026 12:55:04 +0000",Dell Inc. Latitude 7420,Intel Core i5-1135G7,ONNX CPU,1416,748,3225
544704,"Thu, 06 Aug 2026 12:55:36 +0000",Dell Inc. Dell Pro 5 Micro P5M1260,Intel(R) Graphics (iGPU),OpenVINO GPU,7858,20076,25182
544705,"Thu, 06 Aug 2026 12:56:42 +0000",iPhone 14,Apple A15 Bionic,Core ML CPU,3271,5774,4665
544706,"Thu, 06 Aug 2026 12:57:22 +0000",iPhone 17 Pro Max,Apple A19 Pro,Core ML CPU,5317,8440,6728
544707,"Thu, 06 Aug 2026 12:58:29 +0000","iPad16,8",ARM,Core ML CPU,5163,8493,6771
544708,"Thu, 06 Aug 2026 12:59:44 +0000",Dell Inc. Latitude 7420,Intel Core i5-1135G7,ONNX CPU,1981,918,4271
544709,"Thu, 06 Aug 2026 13:03:28 +0000",LENOVO 21QJS0HJ00,AMD Ryzen AI 5 PRO 340 w/ Radeon 840M,OpenVINO CPU,3597,3549,10089
544710,"Thu, 06 Aug 2026 13:06:07 +0000",iPad Pro 12.9-inch (4th generation),Apple A12Z Bionic,Core ML CPU,1025,1610,1384
544711,"Thu, 06 Aug 2026 13:09:18 +0000",Dell Inc. Dell Pro 5 Micro P5M1260,Intel(R) Graphics (iGPU),OpenVINO GPU,7979,20786,25281
544712,"Thu, 06 Aug 2026 13:16:23 +0000",ASUS System Product Name,AMD Ryzen 9 9950X3D 16-Core Processor,OpenVINO CPU,14201,14221,33750
544713,"Thu, 06 Aug 2026 13:17:06 +0000",Dell Inc. Dell Pro 5 Micro P5M1260,Intel(R) Graphics (iGPU),OpenVINO GPU,8100,20734,24943
544714,"Thu, 06 Aug 2026 13:20:27 +0000","Gigabyte Technology Co., Ltd. Z890 AORUS MASTER AI TOP",Intel Core Ultra 9 285K,ONNX CPU,7966,2936,13185
544715,"Thu, 06 Aug 2026 13:21:25 +0000","Gigabyte Technology Co., Ltd. B850 GAMING X WIFI6E",AMD Ryzen 7 9700X 8-Core Processor,ONNX CPU,5623,2404,9922
544716,"Thu, 06 Aug 2026 13:24:42 +0000",HONOR PNM-N49,Qualcomm SM8850,TensorFlow Lite CPU,1247,1695,2297
544717,"Thu, 06 Aug 2026 13:27:04 +0000",Dell Inc. Dell Pro 5 Micro P5M1260,Intel(R) AI Boost,OpenVINO NPU,4314,25085,38776
544718,"Thu, 06 Aug 2026 13:27:48 +0000",LENOVO 83NN,NVIDIA GeForce RTX 5060 Laptop GPU,ONNX DirectML,18693,34543,14799
544719,"Thu, 06 Aug 2026 13:32:30 +0000",LENOVO 83NN,NVIDIA GeForce RTX 5060 Laptop GPU,ONNX DirectML,18481,34459,14463
544720,"Thu, 06 Aug 2026 13:34:21 +0000",Dell Inc. Dell Pro 5 Micro P5M1260,Intel(R) AI Boost,OpenVINO NPU,4443,24098,37928
544721,"Thu, 06 Aug 2026 13:36:10 +0000","Micro-Star International Co., Ltd. Crosshair 18 HX AI A2XWGKG",Intel Core Ultra 9 275HX,ONNX CPU,4974,1905,8604
544722,"Thu, 06 Aug 2026 13:38:20 +0000","Micro-Star International Co., Ltd. Crosshair 18 HX AI A2XWGKG",Intel(R) AI Boost,OpenVINO NPU,6764,10236,15988
544723,"Thu, 06 Aug 2026 13:39:00 +0000",motorola motorola signature,Qualcomm ARMv8,TensorFlow Lite CPU,2115,3500,4800
544724,"Thu, 06 Aug 2026 13:41:55 +0000",Dell Inc. Dell Pro 5 Micro P5M1260,Intel(R) AI Boost,OpenVINO NPU,4474,24122,38194
544725,"Thu, 06 Aug 2026 13:41:56 +0000","iPad17,4",ARM,Core ML CPU,5612,9058,6973
544726,"Thu, 06 Aug 2026 13:46:35 +0000",Xiaomi 2603ARP14G,ARM ARMv8,TensorFlow Lite CPU,220,218,249
544727,"Thu, 06 Aug 2026 13:48:02 +0000",HANNspree HSG1501,ARM ARMv8,TensorFlow Lite CPU,189,304,305
544728,"Thu, 06 Aug 2026 13:52:44 +0000",iPhone XS Max,Apple A12 Bionic,Core ML Neural Engine,490,2090,364
544729,"Thu, 06 Aug 2026 14:02:22 +0000",Dell Inc. Dell Pro Max 16 MC16250,Intel(R) Core(TM) Ultra 7 265H,ONNX CPU,4720,2025,9242
544730,"Thu, 06 Aug 2026 14:02:34 +0000",Dell Inc. Dell Pro 5 16 P516260,Intel(R) Core(TM) Ultra 7 366H,ONNX CPU,4210,1524,8021
544731,"Thu, 06 Aug 2026 14:03:00 +0000",MacBook Pro (16-inch Late 2019),Intel Core i7-9750H,Core ML CPU,825,722,496
544732,"Thu, 06 Aug 2026 14:04:41 +0000",Dell Inc. Dell Pro Max 16 MC16250,Intel(R) Core(TM) Ultra 7 265H,OpenVINO CPU,5441,5681,13570
544733,"Thu, 06 Aug 2026 14:04:52 +0000",Dell Inc. Dell Pro 5 16 P516260,Intel(R) Core(TM) Ultra 7 366H,OpenVINO CPU,4514,4194,8831
544734,"Thu, 06 Aug 2026 14:23:58 +0000",ASUS System Product Name,AMD Ryzen Threadripper PRO 5975WX,ONNX CPU,4208,1341,6209
544735,"Thu, 06 Aug 2026 14:25:13 +0000",Dell Inc. Dell Pro Max 16 MC16250,Intel(R) Arc(TM) Pro 140T GPU (16GB),ONNX DirectML,7771,11664,5089
544736,"Thu, 06 Aug 2026 14:25:16 +0000",Dell Inc. Dell Pro 5 16 P516260,Intel(R) Graphics,ONNX DirectML,4797,9910,3501
544737,"Thu, 06 Aug 2026 14:26:09 +0000",MacBook Pro (16-inch Late 2019),AMD Radeon Pro 5300M,Core ML GPU,2870,2924,378
544738,"Thu, 06 Aug 2026 14:29:22 +0000",Dell Inc. Dell Pro 5 14 P514260,Intel(R) Core(TM) Ultra 5 335,ONNX CPU,2709,1019,5437
544739,"Thu, 06 Aug 2026 14:32:32 +0000",ASUS System Product Name,AMD Ryzen Threadripper PRO 5975WX,ONNX CPU,4688,1559,7049
544740,"Thu, 06 Aug 2026 14:32:56 +0000","Micro-Star International Co., Ltd. MS-7E70",AMD Ryzen 9 9950X3D,ONNX CPU,7775,3093,13783
544741,"Thu, 06 Aug 2026 14:33:09 +0000",LENOVO 82NW,AMD Radeon RX 6600M,ONNX DirectML,13226,15372,10466
544742,"Thu, 06 Aug 2026 14:33:17 +0000",ASUS System Product Name,Intel(R) Core(TM) Ultra 7 270K Plus,ONNX CPU,7686,2771,12872
544743,"Thu, 06 Aug 2026 14:34:30 +0000","iPad16,8",ARM,Core ML CPU,4971,7973,6696
544744,"Thu, 06 Aug 2026 14:34:49 +0000","iPad16,8",ARM,Core ML CPU,4940,8261,6520
544745,"Thu, 06 Aug 2026 14:48:26 +0000","MacBook Air (13-inch, 2025)",Apple M4,Core ML CPU,4776,8106,6518
544746,"Thu, 06 Aug 2026 14:48:35 +0000",iPhone 17 Pro,Apple A19 Pro,Core ML CPU,5351,8469,6731
544747,"Thu, 06 Aug 2026 14:49:49 +0000",iPhone 12 Mini,Apple A14 Bionic,Core ML CPU,2701,4611,3825
544748,"Thu, 06 Aug 2026 14:50:12 +0000",Acer Nitro AN515-46,AMD Ryzen 7 6800H,ONNX CPU,2416,1171,4306
544749,"Thu, 06 Aug 2026 14:50:35 +0000",iPhone 12 Mini,Apple A14 Bionic,Core ML CPU,2701,4611,3825
544750,"Thu, 06 Aug 2026 14:53:36 +0000",Acer Nitro AN515-46,AMD Ryzen 7 6800H with Radeon Graphics,OpenVINO CPU,3416,3395,5720
544751,"Thu, 06 Aug 2026 14:55:06 +0000",iPhone 12 Mini,Apple A14 Bionic,Core ML GPU,1931,2167,2069
544752,"Thu, 06 Aug 2026 14:56:30 +0000","MacBook Air (13-inch, 2025)",Apple M4,Core ML Neural Engine,3753,31189,47632
544753,"Thu, 06 Aug 2026 15:19:01 +0000",ASUS System Product Name,Intel(R) AI Boost,OpenVINO NPU,10160,10540,16518
544754,"Thu, 06 Aug 2026 15:20:36 +0000",ASUS System Product Name,Intel(R) AI Boost,OpenVINO NPU,10570,10533,16417
544755,"Thu, 06 Aug 2026 15:30:15 +0000",iPhone 12 Mini,Apple A14 Bionic,Core ML GPU,1931,2167,2069
544756,"Thu, 06 Aug 2026 15:32:34 +0000",iPhone 12 Mini,Apple A14 Bionic,Core ML Neural Engine,2759,13070,13058
544757,"Thu, 06 Aug 2026 15:32:36 +0000",iPad Pro 11-inch (M4),Apple M4,Core ML Neural Engine,5109,38899,54715
544758,"Thu, 06 Aug 2026 15:42:28 +0000",iPhone 12 Mini,Apple A14 Bionic,Core ML Neural Engine,2759,13070,13058
544759,"Thu, 06 Aug 2026 15:50:47 +0000",ASUS System Product Name,AMD Ryzen 9 5950X,ONNX CPU,4155,1654,7123
544760,"Thu, 06 Aug 2026 15:54:13 +0000",Samsung Galaxy S23,Qualcomm Snapdragon 8 Gen 2,TensorFlow Lite CPU,1802,2082,2936
544761,"Thu, 06 Aug 2026 15:59:09 +0000",ASUS System Product Name,AMD Ryzen 9 5950X 16-Core Processor,OpenVINO CPU,6019,6728,9485
544762,"Thu, 06 Aug 2026 16:01:09 +0000",Dell Inc. Latitude 7420,Intel Core i5-1135G7,ONNX CPU,2238,1073,4562
544763,"Thu, 06 Aug 2026 16:07:19 +0000",iPhone 17,Apple A19,Core ML Neural Engine,4772,37552,51581
544764,"Thu, 06 Aug 2026 16:07:47 +0000","MacBook Pro (14-inch, 2024)",Apple M4 Pro,Core ML CPU,6038,9975,7634
544765,"Thu, 06 Aug 2026 16:37:32 +0000","iPad16,8",ARM,Core ML Neural Engine,5374,38116,54354
544766,"Thu, 06 Aug 2026 16:38:11 +0000","iPad17,3",ARM,Core ML CPU,5630,8979,7010
544767,"Thu, 06 Aug 2026 16:38:30 +0000",ASUS System Product Name,NVIDIA GeForce RTX 5080,ONNX DirectML,36424,59465,28249
544768,"Thu, 06 Aug 2026 16:40:43 +0000",Samsung Galaxy Tab S9 Ultra,Qualcomm Snapdragon 8 Gen 2,TensorFlow Lite GPU,1802,2808,2340
544769,"Thu, 06 Aug 2026 16:44:41 +0000",LENOVO 21V7006EUS,Intel(R) Core(TM) Ultra 7 355,ONNX CPU,3600,1535,6923
544770,"Thu, 06 Aug 2026 16:46:28 +0000","Gigabyte Technology Co., Ltd. B860M AORUS ELITE WIFI6E",Intel(R) Core(TM) Ultra 7 270K Plus,ONNX CPU,7215,2673,12117
544771,"Thu, 06 Aug 2026 16:50:15 +0000",iPhone Air,Apple A19 Pro,Core ML CPU,5017,8384,6477
544772,"Thu, 06 Aug 2026 16:50:46 +0000","Gigabyte Technology Co., Ltd. B860M AORUS ELITE WIFI6E",AMD Radeon RX 9070 XT,ONNX DirectML,34910,47001,29720
544773,"Thu, 06 Aug 2026 17:03:10 +0000","SAMSUNG ELECTRONICS CO., LTD. 750QHA",Intel Core Ultra 7 258V,ONNX CPU,676,351,1066
544774,"Thu, 06 Aug 2026 17:14:15 +0000",Google Pixel 10a,ARM ARMv8,TensorFlow Lite CPU,1418,1473,2173
544775,"Thu, 06 Aug 2026 17:17:40 +0000",LENOVO 21V7006EUS,Intel(R) Graphics,ONNX DirectML,6472,12021,4398
544776,"Thu, 06 Aug 2026 17:42:20 +0000","iPhone18,5",ARM,Core ML CPU,4664,7754,6218
544777,"Thu, 06 Aug 2026 17:45:40 +0000",HP HyperX OMEN Gaming Laptop 15-ga0xxx,NVIDIA GeForce RTX 5060 Laptop GPU,ONNX DirectML,17493,33670,14057
544778,"Thu, 06 Aug 2026 17:47:12 +0000","iPhone18,5",ARM,Core ML GPU,7709,15704,16476
544779,"Thu, 06 Aug 2026 17:54:51 +0000","iPhone18,5",ARM,Core ML Neural Engine,4563,37198,51750
544780,"Thu, 06 Aug 2026 17:59:41 +0000",LENOVO 21V7006EUS,Intel(R) Core(TM) Ultra 7 355,OpenVINO CPU,3367,2354,8709
544781,"Thu, 06 Aug 2026 17:59:58 +0000","iPad Pro (11-inch, 4th generation)",Apple M2,Core ML GPU,8684,9672,8587
544782,"Thu, 06 Aug 2026 18:01:00 +0000",Dell Inc. Dell Pro 7 14 2-in-1 P704260,Intel(R) Core(TM) Ultra 7 366H,ONNX CPU,3574,1381,6257
544783,"Thu, 06 Aug 2026 18:01:31 +0000",Dell Inc. Latitude 9440 2-in-1,Intel Core i7-1365U,ONNX CPU,2199,921,4485
544784,"Thu, 06 Aug 2026 18:01:52 +0000",LENOVO 21V7006EUS,Intel(R) Graphics (iGPU),OpenVINO GPU,9272,27311,34653
544785,"Thu, 06 Aug 2026 18:03:52 +0000",Dell Inc. Dell Pro 7 14 2-in-1 P704260,Intel(R) Graphics,ONNX DirectML,6756,13208,4527
544786,"Thu, 06 Aug 2026 18:05:07 +0000",LENOVO 21V7006EUS,Intel(R) AI Boost,OpenVINO NPU,3307,35116,52755
544787,"Thu, 06 Aug 2026 18:06:05 +0000",Dell Inc. Latitude 9440 2-in-1,Intel(R) Iris(R) Xe Graphics,ONNX DirectML,2912,2870,1795
544788,"Thu, 06 Aug 2026 18:06:57 +0000",LENOVO 21V7006EUS,Intel(R) AI Boost,OpenVINO NPU,3202,35381,53824
544789,"Thu, 06 Aug 2026 18:28:08 +0000",HUANANZHI Default string,Intel Xeon E5-2696 v3,ONNX CPU,2744,938,3397
544790,"Thu, 06 Aug 2026 18:29:02 +0000",ASUSTeK COMPUTER INC. ASUS TUF Gaming A14 FA401WV_FA401WV,AMD Ryzen AI 9 HX 370,ONNX CPU,3378,1529,7392
544791,"Thu, 06 Aug 2026 18:30:15 +0000",HUANANZHI Default string,NVIDIA GeForce RTX 3090,ONNX DirectML,21141,30493,13546
544792,"Thu, 06 Aug 2026 18:31:21 +0000",ASUSTeK COMPUTER INC. ASUS TUF Gaming A14 FA401WV_FA401WV,AMD Ryzen AI 9 HX 370 w/ Radeon 890M,OpenVINO CPU,5913,5843,15235
544793,"Thu, 06 Aug 2026 18:35:43 +0000",Dell Inc. Inspiron 16 5645,AMD Ryzen 7 8840U,ONNX CPU,1536,718,3482
544794,"Thu, 06 Aug 2026 18:38:49 +0000",Dell Inc. Inspiron 16 5645,AMD Radeon 780M Graphics,ONNX DirectML,6180,8795,4744
544795,"Thu, 06 Aug 2026 18:38:54 +0000",DIALN PRODUCTS INC X10ULTRA,ARM Unisoc,TensorFlow Lite CPU,126,233,177
544796,"Thu, 06 Aug 2026 18:40:20 +0000",ASRock B850I Lightning WiFi,NVIDIA GeForce RTX 5060 Ti,ONNX DirectML,19402,42332,17794
544797,"Thu, 06 Aug 2026 18:41:13 +0000",ASUSTeK COMPUTER INC. ASUS TUF Gaming A14 FA401WV_FA401WV,AMD Radeon(TM) 890M Graphics,ONNX DirectML,9429,15211,6873
544798,"Thu, 06 Aug 2026 18:42:03 +0000",ASUS System Product Name,NVIDIA RTX PRO 6000 Blackwell Workstation Edition,ONNX DirectML,6901,14014,4909
544799,"Thu, 06 Aug 2026 18:42:47 +0000",Dell Inc. Inspiron 16 5645,AMD Ryzen 7 8840U w/ Radeon 780M Graphics,OpenVINO CPU,1222,1352,3498
544800,"Thu, 06 Aug 2026 18:43:35 +0000",ASRock B850I Lightning WiFi,AMD Ryzen 7 9700X,ONNX CPU,5328,2209,10867
544801,"Thu, 06 Aug 2026 18:44:32 +0000",ASUSTeK COMPUTER INC. ASUS TUF Gaming A14 FA401WV_FA401WV,AMD Ryzen AI 9 HX 370,ONNX CPU,2817,1301,5701
544802,"Thu, 06 Aug 2026 18:48:57 +0000",samsung SM-A376U,ARM ARMv8,TensorFlow Lite CPU,918,1526,1979
544803,"Thu, 06 Aug 2026 19:03:50 +0000",HP HP EliteBook X G2q 14 inch Notebook Next Gen AI PC,Snapdragon(R) X2 Elite - X2E84100 - Qualcomm Oryon(TM) CPU,ONNX CPU,1583,3170,6537
544804,"Thu, 06 Aug 2026 19:08:54 +0000",Xiaomi 2604FRK1EC,ARM ARMv8,TensorFlow Lite NNAPI,397,401,840
544805,"Thu, 06 Aug 2026 19:12:28 +0000",DIALN PRODUCTS INC X10ULTRA,ARM Unisoc,TensorFlow Lite CPU,126,236,177
544806,"Thu, 06 Aug 2026 19:16:29 +0000","SAMSUNG ELECTRONICS CO., LTD. 350V5C/350V5X/350V4C/350V4X/351V5C/351V5X/351V4C/351V4X/3540VC/3540VX/3440VC/3440VX",Intel Core i3-3110M,TensorFlow Lite CPU,8,8,6
544807,"Thu, 06 Aug 2026 19:24:23 +0000","Microsoft Corporation Microsoft Surface Laptop, 7th Edition",Snapdragon(R) X 12-core X1E80100 @ 3.40 GHz,ONNX QNN,993,17960,47967
544808,"Thu, 06 Aug 2026 19:29:46 +0000",HP HP Laptop 15-hr1xxx,Intel Core Ultra 5 125H,TensorFlow Lite CPU,1523,1486,953
544809,"Thu, 06 Aug 2026 19:36:50 +0000",LGE LM-F100N,Qualcomm Qualcomm,TensorFlow Lite CPU,536,914,994
544810,"Thu, 06 Aug 2026 19:39:57 +0000",HONOR ELA-LX3,ARM ARMv8,TensorFlow Lite CPU,220,399,324
544811,"Thu, 06 Aug 2026 19:41:57 +0000",ASUSTeK COMPUTER INC. ASUS Vivobook 16 X1607CA_X1607CA,Intel Core Ultra 5 225H,ONNX CPU,2653,1089,4695
544812,"Thu, 06 Aug 2026 19:44:12 +0000",Shuttle Inc. SX79R,Radeon RX 560 XT,ONNX DirectML,5590,5780,4053
544813,"Thu, 06 Aug 2026 19:53:12 +0000",HONOR ELA-LX3,ARM ARMv8,TensorFlow Lite GPU,155,287,235
544814,"Thu, 06 Aug 2026 19:57:34 +0000","Gigabyte Technology Co., Ltd. X870E AORUS ELITE WIFI7",AMD Ryzen 9 9950X3D 16-Core Processor,OpenVINO CPU,14043,14043,33592
544815,"Thu, 06 Aug 2026 20:05:24 +0000","QEMU Standard PC (Q35 + ICH9, 2009)",Intel Core Ultra 7 255H,ONNX CPU,3251,1686,6988
544816,"Thu, 06 Aug 2026 20:06:18 +0000","Micro-Star International Co., Ltd. MS-7D70",AMD Ryzen 9 7950X,ONNX CPU,4184,1590,8744
544817,"Thu, 06 Aug 2026 20:12:00 +0000","MacBook Pro (16-inch, 2023)",Apple M2 Max,Core ML CPU,4251,7362,5743
544818,"Thu, 06 Aug 2026 20:12:54 +0000",HP HP Laptop 15-hr1xxx,Intel(R) Arc(TM) Graphics (iGPU),OpenVINO GPU,3927,6504,9522
544819,"Thu, 06 Aug 2026 20:17:52 +0000","MacBook Pro (16-inch, 2023)",Apple M2 Max,Core ML GPU,17859,19739,18278
544820,"Thu, 06 Aug 2026 20:23:41 +0000",Micro Computer (HK) Tech Limited MS-A1,AMD Radeon 760M Graphics,ONNX DirectML,7001,10367,5290
544821,"Thu, 06 Aug 2026 20:28:12 +0000",ASRock B650M-HDV/M.2,AMD Ryzen 7 9700X 8-Core Processor,OpenVINO CPU,13922,13925,33238
544822,"Thu, 06 Aug 2026 20:43:29 +0000","iPhone18,5",ARM,Core ML CPU,4911,8046,6509
544823,"Thu, 06 Aug 2026 20:45:11 +0000",HP HP Z4 G4 Workstation,Intel Xeon W-2225,ONNX CPU,2200,942,4490
544824,"Thu, 06 Aug 2026 20:47:47 +0000","iPhone18,5",ARM,Core ML GPU,7798,15990,16565
544825,"Thu, 06 Aug 2026 20:53:20 +0000","MacBook Pro (14-inch, Nov 2023)",Apple M3 Pro,Core ML CPU,2991,5450,4401
544826,"Thu, 06 Aug 2026 20:53:37 +0000",HP HP Z4 G4 Workstation,NVIDIA Quadro RTX 4000,ONNX DirectML,12066,20690,8711
544827,"Thu, 06 Aug 2026 20:54:03 +0000","iPhone18,5",ARM,Core ML Neural Engine,4967,37771,51390
544828,"Thu, 06 Aug 2026 20:55:44 +0000","MacBook Pro (14-inch, Nov 2023)",Apple M3 Pro,Core ML GPU,11380,13406,12032
544829,"Thu, 06 Aug 2026 20:58:34 +0000","MacBook Pro (14-inch, Nov 2023)",Apple M3 Pro,Core ML Neural Engine,2995,25907,28853
544830,"Thu, 06 Aug 2026 21:07:35 +0000",Dell Inc. Precision 3930 Rack,Intel Core i9-9900K,ONNX CPU,2854,1170,4135
544831,"Thu, 06 Aug 2026 21:09:35 +0000","MacBook Pro (14-inch, Nov 2023)",Apple M3 Pro,Core ML CPU,4319,7473,6136
544832,"Thu, 06 Aug 2026 21:11:02 +0000","MacBook Pro (14-inch, Nov 2023)",Apple M3 Pro,Core ML GPU,12861,14800,13897
544833,"Thu, 06 Aug 2026 21:15:17 +0000","MacBook Pro (14-inch, Nov 2023)",Apple M3 Pro,Core ML Neural Engine,4301,32444,37121
544834,"Thu, 06 Aug 2026 21:28:56 +0000",iPhone 14 Pro,Apple A16 Bionic,Core ML CPU,3655,6572,5344
544835,"Thu, 06 Aug 2026 21:34:03 +0000",HUANANZHI Default string,Intel Xeon E5-2696 v3,ONNX CPU,3351,1094,3497
544836,"Thu, 06 Aug 2026 21:36:10 +0000",HUANANZHI Default string,Intel(R) Xeon(R) CPU E5-2696 v3 @ 2.30GHz,OpenVINO CPU,5115,5122,4479
544837,"Thu, 06 Aug 2026 21:47:46 +0000",HUANANZHI Default string,Intel Xeon E5-2696 v3,ONNX CPU,3403,1101,3568
544838,"Thu, 06 Aug 2026 21:49:39 +0000",B550 Taichi,NVIDIA Quadro M6000 24GB,ONNX DirectML,6864,6597,4710
544839,"Thu, 06 Aug 2026 21:49:47 +0000",HUANANZHI Default string,Intel(R) Xeon(R) CPU E5-2696 v3 @ 2.30GHz,OpenVINO CPU,5114,5034,4475
544840,"Thu, 06 Aug 2026 21:52:06 +0000",HUANANZHI Default string,NVIDIA GeForce RTX 3090,ONNX DirectML,20965,30383,13376
544841,"Thu, 06 Aug 2026 21:52:37 +0000",B550 Taichi,AMD Ryzen 9 3900X 12-Core Processor,OpenVINO CPU,4117,4133,4918
544842,"Thu, 06 Aug 2026 21:53:40 +0000","Micro-Star International Co., Ltd. MS-7E34",Intel(R) Core(TM) Ultra 7 270K Plus,ONNX CPU,3620,1500,7506
544843,"Thu, 06 Aug 2026 22:07:21 +0000",iPhone 13,Apple A15 Bionic,Core ML CPU,3181,5878,4700
544844,"Thu, 06 Aug 2026 22:11:21 +0000",iPhone 13,Apple A15 Bionic,Core ML GPU,3134,3334,3334
544845,"Thu, 06 Aug 2026 22:12:07 +0000",iPad Pro (12.9-inch 5th generation),Apple M1,Core ML CPU,3125,5565,4570
544846,"Thu, 06 Aug 2026 22:12:14 +0000",ASUSTeK COMPUTER INC. ASUS TUF Gaming A14 FA401WV_FA401WV,AMD Ryzen AI 9 HX 370 w/ Radeon 890M,OpenVINO CPU,5102,5115,13734
544847,"Thu, 06 Aug 2026 22:12:48 +0000",iPad Pro (12.9-inch 5th generation),Apple M1,Core ML CPU,3125,5565,4570
544848,"Thu, 06 Aug 2026 22:13:40 +0000",iPhone 13,Apple A15 Bionic,Core ML Neural Engine,3165,19439,22406
544849,"Thu, 06 Aug 2026 22:13:56 +0000","iPhone18,5",ARM,Core ML CPU,4636,7612,6075
544850,"Thu, 06 Aug 2026 22:15:21 +0000",iPad Pro (12.9-inch 5th generation),Apple M1,Core ML GPU,5515,6267,5975
544851,"Thu, 06 Aug 2026 22:16:20 +0000",ASUSTeK COMPUTER INC. ASUS TUF Gaming A14 FA401WV_FA401WV,NVIDIA GeForce RTX 4060 Laptop GPU,ONNX DirectML,13565,25742,10464
544852,"Thu, 06 Aug 2026 22:16:36 +0000",iPad Pro (12.9-inch 5th generation),Apple M1,Core ML GPU,5515,6267,5975
544853,"Thu, 06 Aug 2026 22:16:47 +0000",iPhone 15 Pro Max,Apple A17 Pro,Core ML CPU,3110,5692,4501
544854,"Thu, 06 Aug 2026 22:17:13 +0000",iPhone 15 Pro Max,Apple A17 Pro,Core ML CPU,3110,5692,4501
544855,"Thu, 06 Aug 2026 22:17:29 +0000","iPhone18,5",ARM,Core ML GPU,6772,14082,15405
544856,"Thu, 06 Aug 2026 22:18:34 +0000",iPad Pro (12.9-inch 5th generation),Apple M1,Core ML Neural Engine,3139,16616,16319
544857,"Thu, 06 Aug 2026 22:19:06 +0000",ASUSTeK COMPUTER INC. ASUS TUF Gaming A14 FA401WV_FA401WV,AMD Radeon(TM) 890M Graphics,ONNX DirectML,6629,10256,4705
544858,"Thu, 06 Aug 2026 22:19:51 +0000",iPhone 15 Pro Max,Apple A17 Pro,Core ML GPU,5066,6037,5760
544859,"Thu, 06 Aug 2026 22:20:27 +0000",iPhone 15 Pro Max,Apple A17 Pro,Core ML GPU,5066,6037,5760
544860,"Thu, 06 Aug 2026 22:20:35 +0000","iPhone18,5",ARM,Core ML Neural Engine,4313,33549,48495
544861,"Thu, 06 Aug 2026 22:20:42 +0000",iPhone 15 Pro Max,Apple A17 Pro,Core ML GPU,5066,6037,5760
544862,"Thu, 06 Aug 2026 22:22:40 +0000",iPhone 15 Pro Max,Apple A17 Pro,Core ML Neural Engine,3102,24305,34968
544863,"Thu, 06 Aug 2026 22:23:20 +0000",iPhone 15 Pro Max,Apple A17 Pro,Core ML Neural Engine,3102,24305,34968
544864,"Thu, 06 Aug 2026 22:26:48 +0000",iPad Pro (12.9-inch 5th generation),Apple M1,Core ML Neural Engine,3118,16536,16286
544865,"Thu, 06 Aug 2026 22:27:06 +0000",iPad Pro (12.9-inch 5th generation),Apple M1,Core ML Neural Engine,3118,16536,16286
544866,"Thu, 06 Aug 2026 22:27:34 +0000",MacBook Air (Late 2020),Apple M1,Core ML CPU,3209,5397,4410
544867,"Thu, 06 Aug 2026 22:30:07 +0000",MacBook Air (Late 2020),Apple M1,Core ML GPU,4912,5640,5274
544868,"Thu, 06 Aug 2026 22:32:11 +0000",MacBook Air (Late 2020),Apple M1,Core ML Neural Engine,3202,15923,15628
544869,"Thu, 06 Aug 2026 22:33:06 +0000","Gigabyte Technology Co., Ltd. Z790 AORUS MASTER X",Intel Core i7-13700KF,ONNX CPU,4993,1763,9000
544870,"Thu, 06 Aug 2026 22:34:50 +0000","Gigabyte Technology Co., Ltd. Z790 AORUS MASTER X",NVIDIA GeForce RTX 5070 Ti,ONNX DirectML,31745,53209,24548
544871,"Thu, 06 Aug 2026 22:38:15 +0000",HP HP EliteBook X G1a 14 inch Notebook Next Gen AI PC,AMD Ryzen AI 9 HX PRO 375 w/ Radeon 890M,OpenVINO CPU,5069,5081,12921
544872,"Thu, 06 Aug 2026 22:41:13 +0000","Gigabyte Technology Co., Ltd. Z790 AORUS MASTER X",Intel Core i7-13700KF,ONNX CPU,4540,1690,8124
544873,"Thu, 06 Aug 2026 22:57:33 +0000",Xiaomi Mi 9T Pro,Qualcomm Snapdragon 855,TensorFlow Lite CPU,827,1476,1631
544874,"Thu, 06 Aug 2026 23:01:38 +0000",Xiaomi Mi 9T Pro,Qualcomm Snapdragon 855,TensorFlow Lite GPU,1030,1499,1228
544875,"Thu, 06 Aug 2026 23:10:54 +0000",HP HP All-in-One 24-df0xxx,AMD Athlon Gold 3150U with Radeon Graphics,OpenVINO CPU,321,332,361
544876,"Thu, 06 Aug 2026 23:14:37 +0000",Samsung Galaxy Z Fold6,Qualcomm Snapdragon 8 Gen 3,TensorFlow Lite CPU,1822,1981,2785
544877,"Thu, 06 Aug 2026 23:17:55 +0000",Xiaomi Mi 9T Pro,Qualcomm Snapdragon 855,TensorFlow Lite NNAPI,412,217,913
544878,"Thu, 06 Aug 2026 23:24:38 +0000",Dell Inc. Dell Tower ECT1250,Intel(R) Core(TM) Ultra 7 265,ONNX CPU,5210,2003,8923
544879,"Thu, 06 Aug 2026 23:28:52 +0000",Micro Computer (HK) Tech Limited Venus Series,Intel(R) Iris(R) Xe Graphics (iGPU),OpenVINO GPU,5050,6836,10498
544880,"Thu, 06 Aug 2026 23:32:16 +0000",LENOVO 21Q9S02A00,Intel(R) Core(TM) Ultra 7 265H,TensorFlow Lite CPU,2606,2618,1911
544881,"Thu, 06 Aug 2026 23:32:33 +0000",Micro Computer (HK) Tech Limited Venus Series,Intel(R) Iris(R) Xe Graphics,ONNX DirectML,2894,2879,1790
544882,"Thu, 06 Aug 2026 23:33:17 +0000",Dell Inc. Dell Tower ECT1250,Intel(R) AI Boost,OpenVINO NPU,6403,9144,14752
544883,"Thu, 06 Aug 2026 23:37:11 +0000",ASUS System Product Name,Intel(R) Core(TM) Ultra 7 270K Plus,ONNX CPU,7668,2786,12548
544884,"Thu, 06 Aug 2026 23:39:16 +0000",Dell Inc. Dell Tower ECT1250,Intel(R) Graphics (iGPU),OpenVINO GPU,4660,8098,12942
544885,"Thu, 06 Aug 2026 23:41:28 +0000",Dell Inc. Dell Tower ECT1250,Intel(R) Core(TM) Ultra 7 265,OpenVINO CPU,6453,4781,15980
544886,"Thu, 06 Aug 2026 23:41:37 +0000",ASUS System Product Name,Intel(R) Graphics (iGPU),OpenVINO GPU,5679,9106,13839
544887,"Thu, 06 Aug 2026 23:42:23 +0000",iPhone 16 Pro Max,Apple A18 Pro,Core ML CPU,4634,8007,6419
544888,"Thu, 06 Aug 2026 23:50:41 +0000",Dell Inc. Dell Tower ECT1250,Intel(R) AI Boost,OpenVINO NPU,6461,9097,14708
544889,"Thu, 06 Aug 2026 23:53:03 +0000",Dell Inc. Dell Tower ECT1250,Intel(R) AI Boost,OpenVINO NPU,6452,9082,14724
544890,"Thu, 06 Aug 2026 23:54:39 +0000",Dell Inc. Dell Tower ECT1250,Intel(R) Graphics (iGPU),OpenVINO GPU,4857,8216,12814
544891,"Thu, 06 Aug 2026 23:55:44 +0000",LENOVO 21Q9S02A00,Intel(R) Core(TM) Ultra 7 265H,TensorFlow Lite CPU,2642,2637,1930
544892,"Thu, 06 Aug 2026 23:57:01 +0000",Dell Inc. Dell Tower ECT1250,Intel(R) Graphics (iGPU),OpenVINO GPU,4834,8166,12794
544893,"Fri, 07 Aug 2026 00:11:48 +0000",samsung SM-S948B,Qualcomm ARMv8,TensorFlow Lite CPU,2209,3613,5268
544894,"Fri, 07 Aug 2026 00:12:21 +0000",Generic,Intel Core i7-8700,ONNX CPU,2261,1024,3471
544895,"Fri, 07 Aug 2026 00:13:48 +0000",samsung SM-S948B,Qualcomm ARMv8,TensorFlow Lite GPU,2867,4473,3979
544896,"Fri, 07 Aug 2026 00:26:02 +0000",samsung SM-S948B,Qualcomm ARMv8,TensorFlow Lite NNAPI,621,600,1360
544897,"Fri, 07 Aug 2026 00:33:44 +0000",samsung SM-S948B,Qualcomm ARMv8,TensorFlow Lite QNN,574,31803,79791
544898,"Fri, 07 Aug 2026 00:45:09 +0000",GMKtec NucBox_K12,AMD Ryzen 7 H 255 w/ Radeon 780M Graphics,TensorFlow Lite CPU,2587,2580,1713
544899,"Fri, 07 Aug 2026 00:52:51 +0000","Micro-Star International Co., Ltd. MS-7D77",AMD Radeon RX 9060 XT,ONNX DirectML,21058,32887,18520
544900,"Fri, 07 Aug 2026 01:01:56 +0000","Micro-Star International Co., Ltd. MS-7E07",Intel Core i9-14900KF,ONNX CPU,4980,1679,8588
544901,"Fri, 07 Aug 2026 01:03:39 +0000","Micro-Star International Co., Ltd. MS-7E07",NVIDIA GeForce RTX 5070 Ti,ONNX DirectML,31717,53286,24604
544902,"Fri, 07 Aug 2026 01:04:50 +0000",iPhone 15 Pro,Apple A17 Pro,Core ML Neural Engine,4050,25025,35264
544903,"Fri, 07 Aug 2026 01:09:06 +0000",iPhone 16e,Apple A18,Core ML Neural Engine,4438,35060,48999
544904,"Fri, 07 Aug 2026 01:09:36 +0000",iPhone 16e,Apple A18,Core ML Neural Engine,4438,35060,48999
544905,"Fri, 07 Aug 2026 01:21:22 +0000","Mac17,6",Apple M5 Max,Core ML CPU,5475,9396,7359
544906,"Fri, 07 Aug 2026 01:27:11 +0000",Google Pixel 10 Pro XL,Google Tensor G5,TensorFlow Lite CPU,2296,2694,3727
544907,"Fri, 07 Aug 2026 01:27:58 +0000",INFINIX Infinix X6878,ARM ARMv8,TensorFlow Lite CPU,1246,1800,2190
544908,"Fri, 07 Aug 2026 01:30:29 +0000",iPhone 16 Pro Max,Apple A18 Pro,Core ML CPU,4495,7452,5877
544909,"Fri, 07 Aug 2026 01:32:41 +0000","Mac17,6",Apple M5 Max,Core ML GPU,26851,43608,40493
544910,"Fri, 07 Aug 2026 01:32:49 +0000",iPhone 16 Pro Max,Apple A18 Pro,Core ML Neural Engine,4418,34791,49566
544911,"Fri, 07 Aug 2026 01:34:45 +0000","Mac17,6",Apple M5 Max,Core ML Neural Engine,5486,47015,64040
544912,"Fri, 07 Aug 2026 01:36:16 +0000","Mac17,6",Apple M5 Max,Core ML Neural Engine,5417,47253,63544
544913,"Fri, 07 Aug 2026 01:54:56 +0000",iPhone 11 Pro,Apple A13 Bionic,Core ML CPU,1816,3282,2727
544914,"Fri, 07 Aug 2026 01:55:59 +0000",Default string Default string,AMD Ryzen AI 5 435 w/ Radeon 840M,ONNX CPU,2819,1579,6344
544915,"Fri, 07 Aug 2026 02:00:09 +0000",Default string Default string,AMD Ryzen AI 5 435 w/ Radeon 840M,ONNX CPU,2925,1665,6513
544916,"Fri, 07 Aug 2026 02:12:41 +0000",Default string Default string,AMD Ryzen AI 5 435 w/ Radeon 840M,ONNX CPU,2927,1642,6461
544917,"Fri, 07 Aug 2026 02:19:59 +0000",Default string Default string,AMD Ryzen AI 5 435 w/ Radeon 840M,ONNX CPU,2783,1519,6306
544918,"Fri, 07 Aug 2026 02:30:27 +0000","Mac17,6",Apple M5 Max,Core ML CPU,4894,8638,6815
544919,"Fri, 07 Aug 2026 02:30:28 +0000","Micro-Star International Co., Ltd. MS-7E70",AMD Ryzen 7 9850X3D 8-Core Processor,ONNX CPU,6181,2442,12367
544920,"Fri, 07 Aug 2026 02:35:02 +0000",samsung SM-S948B,Qualcomm ARMv8,TensorFlow Lite QNN,667,33144,83040
544921,"Fri, 07 Aug 2026 02:36:42 +0000","Micro-Star International Co., Ltd. MS-7E70",AMD Ryzen 7 9850X3D 8-Core Processor,ONNX CPU,9031,3288,15136
544922,"Fri, 07 Aug 2026 02:44:36 +0000",ASUS System Product Name,AMD Ryzen 7 9800X3D,ONNX CPU,8170,3139,14832
544923,"Fri, 07 Aug 2026 02:47:30 +0000","Micro-Star International Co., Ltd. MS-7E70",AMD Ryzen 7 9850X3D 8-Core Processor,ONNX CPU,9443,3378,15370
544924,"Fri, 07 Aug 2026 02:49:42 +0000",ASUSTeK COMPUTER INC. ASUS TUF Gaming A16 FA608UM_FA608UM,AMD Ryzen 7 260 w/ Radeon 780M Graphics,ONNX CPU,2817,1360,6561
544925,"Fri, 07 Aug 2026 02:57:47 +0000",Mac Studio (2025),Apple M4 Max,Core ML CPU,5927,9577,7340
544926,"Fri, 07 Aug 2026 03:02:22 +0000",ASUS System Product Name,AMD Ryzen 7 9800X3D,ONNX CPU,8978,3285,15401
544927,"Fri, 07 Aug 2026 03:02:39 +0000","iPad16,9",ARM,Core ML CPU,5381,8466,6678
544928,"Fri, 07 Aug 2026 03:04:34 +0000","iPad16,9",ARM,Core ML GPU,9404,10506,10427
544929,"Fri, 07 Aug 2026 03:07:11 +0000","iPad16,9",ARM,Core ML Neural Engine,5323,35775,49500
544930,"Fri, 07 Aug 2026 03:10:15 +0000",Dell Inc. Precision 5490,Intel Core Ultra 7 165H,ONNX CPU,1736,677,4283
544931,"Fri, 07 Aug 2026 03:21:02 +0000",HONOR ANN-AN00,ARM SM7325,TensorFlow Lite CPU,343,597,718
544932,"Fri, 07 Aug 2026 03:24:43 +0000",ASUSTeK COMPUTER INC. ASUS EXPERTBOOK PM3406CKA,AMD Ryzen AI 7 350,ONNX CPU,3852,1937,8900
544933,"Fri, 07 Aug 2026 03:29:23 +0000",iPhone 17 Pro Max,Apple A19 Pro,Core ML CPU,5351,8535,6734
544934,"Fri, 07 Aug 2026 03:36:59 +0000","Shanghai Zhaoxin Semiconductor Co., Ltd. ZXE CRB",ZHAOXIN KaiXian KX-7000,ONNX CPU,725,346,483
544935,"Fri, 07 Aug 2026 03:44:24 +0000",ASUS System Product Name,Intel Core i7-9700K,ONNX CPU,2733,1143,4144
544936,"Fri, 07 Aug 2026 03:49:37 +0000","Shanghai Zhaoxin Semiconductor Co., Ltd. ZXE CRB",ZHAOXIN KaiXian KX-7000,OpenVINO CPU,1271,1302,888
544937,"Fri, 07 Aug 2026 03:53:01 +0000",HONOR ANN-AN00,ARM SM7325,TensorFlow Lite QNN,178,180,9827
544938,"Fri, 07 Aug 2026 03:55:56 +0000",iPhone 16 Pro Max,Apple A18 Pro,Core ML Neural Engine,4690,35194,48152
544939,"Fri, 07 Aug 2026 03:56:20 +0000",OUKITEL C17 Mini,ARM ARMv8,TensorFlow Lite CPU,322,608,557
544940,"Fri, 07 Aug 2026 03:59:10 +0000",Samsung Galaxy S25,Qualcomm Snapdragon 8 Elite,TensorFlow Lite CPU,2739,3911,5115
544941,"Fri, 07 Aug 2026 04:18:54 +0000",Dell Inc. Latitude 7420,Intel Core i5-1135G7,ONNX CPU,2280,1033,4642
544942,"Fri, 07 Aug 2026 04:24:22 +0000",samsung SM-F976N,Qualcomm ARMv8,TensorFlow Lite CPU,2244,3386,5088
544943,"Fri, 07 Aug 2026 04:24:28 +0000",Samsung Galaxy S25,Qualcomm Snapdragon 8 Elite,TensorFlow Lite CPU,2437,3273,4041
544944,"Fri, 07 Aug 2026 04:25:30 +0000",LENOVO 21MMS5QR00,Intel Core Ultra 5 135U,ONNX CPU,1635,747,3537
544945,"Fri, 07 Aug 2026 04:26:14 +0000",samsung SM-F976N,Qualcomm ARMv8,TensorFlow Lite GPU,2945,4474,3957
544946,"Fri, 07 Aug 2026 04:32:05 +0000",Samsung Galaxy S25 Ultra,Qualcomm Snapdragon 8 Elite,TensorFlow Lite NNAPI,682,685,1504
544947,"Fri, 07 Aug 2026 04:37:16 +0000",ASUSTeK COMPUTER INC. ASUS TUF Gaming F15 FX506HF_FX506HF,Intel Core i5-11400H,ONNX CPU,1723,897,3675
544948,"Fri, 07 Aug 2026 04:38:32 +0000",ASUSTeK COMPUTER INC. ASUS EXPERTBOOK PM3406CKA,AMD Ryzen AI 7 350,ONNX CPU,3797,2062,8675
544949,"Fri, 07 Aug 2026 04:39:16 +0000",samsung SM-F976N,Qualcomm ARMv8,TensorFlow Lite NNAPI,514,615,1229
544950,"Fri, 07 Aug 2026 04:46:18 +0000",Dell Inc. Latitude 7420,Intel Core i5-1135G7,ONNX CPU,2170,943,4512
544951,"Fri, 07 Aug 2026 04:47:02 +0000",Dell Inc. Latitude 7420,Intel Core i5-1135G7,ONNX CPU,2233,1021,4590
544952,"Fri, 07 Aug 2026 04:47:13 +0000",samsung SM-F976N,Qualcomm ARMv8,TensorFlow Lite QNN,597,27564,67388
544953,"Fri, 07 Aug 2026 04:49:11 +0000","iPad17,1",ARM,Core ML CPU,5565,8999,6892
544954,"Fri, 07 Aug 2026 04:52:18 +0000","iPad17,1",ARM,Core ML GPU,14180,24959,26444
544955,"Fri, 07 Aug 2026 04:54:39 +0000","iPad17,1",ARM,Core ML Neural Engine,5551,40692,57193
544956,"Fri, 07 Aug 2026 05:00:20 +0000",ASUSTeK COMPUTER INC. ASUS TUF Gaming F15 FX506HF_FX506HF,Intel Core i5-11400H,ONNX CPU,1553,732,3265
544957,"Fri, 07 Aug 2026 05:00:34 +0000",Dell Inc. Latitude 7420,Intel Core i5-1135G7,ONNX CPU,2194,991,4461
544958,"Fri, 07 Aug 2026 05:02:41 +0000",ASUSTeK COMPUTER INC. ASUS TUF Gaming F15 FX506HF_FX506HF,11th Gen Intel(R) Core(TM) i5-11400H @ 2.70GHz,OpenVINO CPU,3442,3377,7894
544959,"Fri, 07 Aug 2026 05:07:48 +0000","Mac17,4",Apple M5,Core ML CPU,3033,4905,3748
544960,"Fri, 07 Aug 2026 05:26:18 +0000","Micro-Star International Co., Ltd. MS-7E70",AMD Ryzen 7 9850X3D 8-Core Processor,ONNX CPU,9361,3453,15367
544961,"Fri, 07 Aug 2026 05:27:44 +0000",ASUSTeK COMPUTER INC. ASUS EXPERTBOOK PM3406CKA,AMD Ryzen AI 7 350,ONNX CPU,3906,2066,8707
544962,"Fri, 07 Aug 2026 05:35:20 +0000",iPhone 15 Pro,Apple A17 Pro,Core ML CPU,3848,7145,5838
544963,"Fri, 07 Aug 2026 05:46:48 +0000",ASUSTeK COMPUTER INC. X406UAR,Intel Core i5-8250U,ONNX CPU,914,469,1229
544964,"Fri, 07 Aug 2026 05:54:27 +0000",Default string BirmanPlus-GPT3,AMD Ryzen AI 5 435 w/ Radeon 840M,ONNX CPU,2722,1558,6208
544965,"Fri, 07 Aug 2026 05:58:52 +0000",ASUSTeK COMPUTER INC. X406UAR,Intel(R) UHD Graphics 620,ONNX DirectML,875,1043,714
544966,"Fri, 07 Aug 2026 05:59:17 +0000",Default string BirmanPlus-GPT3,AMD Ryzen AI 5 435 w/ Radeon 840M,ONNX CPU,2453,1434,5925
544967,"Fri, 07 Aug 2026 06:01:39 +0000",HONOR ALI-NX1,ARM ARMv8,TensorFlow Lite CPU,311,497,576
544968,"Fri, 07 Aug 2026 06:04:56 +0000",iPhone 16,Apple A18,Core ML CPU,4707,7775,6137
544969,"Fri, 07 Aug 2026 06:07:18 +0000",ASUSTeK COMPUTER INC. ASUS EXPERTBOOK PM3406CKA,AMD Ryzen AI 7 350,ONNX CPU,3779,2017,8683
544970,"Fri, 07 Aug 2026 06:12:05 +0000",iPhone XS Max,Apple A12 Bionic,Core ML Neural Engine,503,2098,366
544971,"Fri, 07 Aug 2026 06:13:46 +0000",HONOR ALI-NX1,ARM ARMv8,TensorFlow Lite GPU,350,615,542
544972,"Fri, 07 Aug 2026 06:21:01 +0000",GIGABYTE GIGABYTE RPL993,AMD Ryzen 9 9950X 16-Core Processor,OpenVINO CPU,12562,12706,30619
544973,"Fri, 07 Aug 2026 06:22:03 +0000",ASUSTeK COMPUTER INC. ASUS EXPERTCENTER P500SV,Intel(R) UHD Graphics,ONNX DirectML,2559,2569,1651
544974,"Fri, 07 Aug 2026 06:24:49 +0000",iPhone SE (3rd generation),Apple A15 Bionic,Core ML Neural Engine,3276,20390,22331
544975,"Fri, 07 Aug 2026 06:25:13 +0000",iPhone 16 Pro Max,Apple A18 Pro,Core ML Neural Engine,4746,35487,48018
544976,"Fri, 07 Aug 2026 06:26:17 +0000",Mac Studio (2025),Apple M4 Max,Core ML CPU,6242,10207,7750
544977,"Fri, 07 Aug 2026 06:28:12 +0000",Mac Studio (2025),Apple M4 Max,Core ML GPU,22916,25471,23843
544978,"Fri, 07 Aug 2026 06:30:24 +0000",Mac Studio (2025),Apple M4 Max,Core ML Neural Engine,6233,41097,57466
544979,"Fri, 07 Aug 2026 06:30:59 +0000",Default string BirmanPlus-GPT3,AMD Ryzen AI 5 435 w/ Radeon 840M,ONNX CPU,2403,1382,5780
544980,"Fri, 07 Aug 2026 06:36:17 +0000",Default string BirmanPlus-GPT3,AMD Ryzen AI 5 435 w/ Radeon 840M,ONNX CPU,2493,1408,5841
544981,"Fri, 07 Aug 2026 06:38:16 +0000",OEMQAJ 766_MIS Product Name DV,"NVIDIA RTX Spark N1X (6144-core GPU, 20-core CPU)",ONNX CPU,1714,3413,6433
544982,"Fri, 07 Aug 2026 06:38:42 +0000",iPhone 12 Pro Max,Apple A14 Bionic,Core ML CPU,2612,4668,3884
544983,"Fri, 07 Aug 2026 06:40:03 +0000",Default string Default string,Intel(R) Celeron(R) J6413 @ 1.80GHz,OpenVINO CPU,119,111,391
544984,"Fri, 07 Aug 2026 06:44:36 +0000","Micro-Star International Co., Ltd. MS-7D75",AMD Ryzen 9 9950X,ONNX CPU,6606,2770,12788
544985,"Fri, 07 Aug 2026 06:53:47 +0000",iPhone 17 Pro Max,Apple A19 Pro,Core ML CPU,5270,8491,6679
544986,"Fri, 07 Aug 2026 06:54:25 +0000",Dell Inc. Dell Pro Tower QCT1255,AMD Ryzen 5 8500G,ONNX CPU,2146,694,3578
544987,"Fri, 07 Aug 2026 06:59:07 +0000",Dell Inc. Dell Pro Tower QCT1255,AMD Radeon 740M Graphics,ONNX DirectML,3319,5122,2364
544988,"Fri, 07 Aug 2026 07:02:18 +0000",iPhone XS Max,Apple A12 Bionic,Core ML CPU,574,1006,878
544989,"Fri, 07 Aug 2026 07:04:19 +0000",ASUSTeK COMPUTER INC. ASUS EXPERTCENTER P500SV,Intel Core i7-13620H,ONNX CPU,3939,1682,7437
544990,"Fri, 07 Aug 2026 07:08:44 +0000",iPhone 17 Pro,Apple A19 Pro,Core ML CPU,4,5,23
544991,"Fri, 07 Aug 2026 07:10:54 +0000",iPhone 17 Pro,Apple A19 Pro,Core ML Neural Engine,5420,39826,57692
544992,"Fri, 07 Aug 2026 07:15:09 +0000",LENOVO 21E6S0C600,Intel Core i7-1255U,ONNX CPU,724,325,915
544993,"Fri, 07 Aug 2026 07:15:13 +0000",iPhone 12 Pro Max,Apple A14 Bionic,Core ML CPU,2755,4927,4091
544994,"Fri, 07 Aug 2026 07:15:18 +0000",iPhone 12 Pro Max,Apple A14 Bionic,Core ML CPU,2755,4927,4091
544995,"Fri, 07 Aug 2026 07:18:08 +0000",iPhone 12 Pro Max,Apple A14 Bionic,Core ML Neural Engine,2744,13600,13449
544996,"Fri, 07 Aug 2026 07:18:13 +0000",iPhone 12 Pro Max,Apple A14 Bionic,Core ML Neural Engine,2744,13600,13449
544997,"Fri, 07 Aug 2026 07:18:39 +0000",ASUSTeK COMPUTER INC. ASUS EXPERTBOOK PM3406CKA,AMD Radeon(TM) 860M Graphics,ONNX DirectML,6222,10011,4842
544998,"Fri, 07 Aug 2026 07:32:23 +0000",Dell Inc. Latitude 7420,Intel Core i5-1135G7,ONNX CPU,1801,886,3761
544999,"Fri, 07 Aug 2026 07:32:49 +0000","Gigabyte Technology Co., Ltd. B450M DS3H WIFI",AMD Ryzen 5 5600G,ONNX CPU,2748,1309,4292
545000,"Fri, 07 Aug 2026 07:32:53 +0000",ASUSTeK COMPUTER INC. ASUS EXPERTCENTER P500SV,Intel Core i7-13620H,ONNX CPU,3814,1640,7232
545001,"Fri, 07 Aug 2026 07:35:21 +0000","Gigabyte Technology Co., Ltd. B450M DS3H WIFI",AMD Ryzen 5 5600G with Radeon Graphics,OpenVINO CPU,3561,3562,6177
545002,"Fri, 07 Aug 2026 07:36:41 +0000",Dell Inc. Latitude 7420,Intel Core i5-1135G7,ONNX CPU,1726,883,3739
545003,"Fri, 07 Aug 2026 07:42:06 +0000",Dell Inc. Latitude 7420,Intel Core i5-1135G7,ONNX CPU,1804,893,3729
545004,"Fri, 07 Aug 2026 07:42:43 +0000","iPad17,1",ARM,Core ML Neural Engine,5587,41511,58630
545005,"Fri, 07 Aug 2026 07:44:30 +0000",iPad (10th generation),Apple A14 Bionic,Core ML CPU,2661,4799,3971
545006,"Fri, 07 Aug 2026 07:47:11 +0000",iPad (10th generation),Apple A14 Bionic,Core ML CPU,1974,3767,2785
545007,"Fri, 07 Aug 2026 07:47:34 +0000",iPad (10th generation),Apple A14 Bionic,Core ML CPU,1857,3232,2695
545008,"Fri, 07 Aug 2026 07:51:21 +0000",iPad (10th generation),Apple A14 Bionic,Core ML GPU,2281,2292,2375
545009,"Fri, 07 Aug 2026 07:51:21 +0000",iPad (10th generation),Apple A14 Bionic,Core ML GPU,2133,2388,2307
545010,"Fri, 07 Aug 2026 07:52:52 +0000",Dell Inc. Latitude 7420,Intel Core i5-1135G7,ONNX CPU,2099,970,4578
545011,"Fri, 07 Aug 2026 07:54:05 +0000",Dell Inc. Latitude 7420,Intel Core i5-1135G7,ONNX CPU,1757,864,3697
545012,"Fri, 07 Aug 2026 07:54:27 +0000",iPad (10th generation),Apple A14 Bionic,Core ML Neural Engine,2675,12231,12579
545013,"Fri, 07 Aug 2026 07:57:34 +0000",Dell Inc. Latitude 7420,Intel Core i5-1135G7,ONNX CPU,1692,843,3659
545014,"Fri, 07 Aug 2026 08:03:46 +0000",Dell Inc. Latitude 7420,Intel Core i5-1135G7,ONNX CPU,1636,814,3565
545015,"Fri, 07 Aug 2026 08:04:43 +0000",iPad (10th generation),Apple A14 Bionic,Core ML Neural Engine,2737,12138,12180
545016,"Fri, 07 Aug 2026 08:05:35 +0000",ASUSTeK COMPUTER INC. ASUS EXPERTCENTER P500SV,Intel Core i7-13620H,ONNX CPU,3862,1636,7286
545017,"Fri, 07 Aug 2026 08:06:10 +0000",samsung SC-52F,Qualcomm ARMv8,TensorFlow Lite CPU,2630,3720,4456
545018,"Fri, 07 Aug 2026 08:08:21 +0000","MacBook Air (13-inch, 2025)",Apple M4,Core ML CPU,4833,7879,6351
545019,"Fri, 07 Aug 2026 08:08:41 +0000",samsung SC-52F,Qualcomm ARMv8,TensorFlow Lite GPU,2537,3972,3392
545020,"Fri, 07 Aug 2026 08:09:47 +0000",AAEON CEXD-INTRBL,Intel(R) Arc(TM) B390 GPU (iGPU),OpenVINO GPU,19561,51425,65231
545021,"Fri, 07 Aug 2026 08:10:57 +0000",ASUSTeK COMPUTER INC. ASUS EXPERTBOOK PM3406CKA,AMD Radeon(TM) 860M Graphics,ONNX DirectML,6534,10887,4789
545022,"Fri, 07 Aug 2026 08:11:30 +0000",Dell Inc. Latitude 7420,Intel Core i5-1135G7,ONNX CPU,2126,990,4418
545023,"Fri, 07 Aug 2026 08:12:48 +0000",Dell Inc. Latitude 7420,Intel Core i5-1135G7,ONNX CPU,1778,870,3709
545024,"Fri, 07 Aug 2026 08:12:59 +0000","MacBook Air (13-inch, 2025)",Apple M4,Core ML GPU,8097,9117,8861
545025,"Fri, 07 Aug 2026 08:15:08 +0000","MacBook Air (13-inch, 2025)",Apple M4,Core ML Neural Engine,4598,38027,53531
545026,"Fri, 07 Aug 2026 08:17:46 +0000",ASUSTeK COMPUTER INC. ASUS EXPERTCENTER P500SV,Intel(R) UHD Graphics,ONNX DirectML,2517,2551,1633
545027,"Fri, 07 Aug 2026 08:18:43 +0000",ASUSTeK COMPUTER INC. ASUS EXPERTBOOK PM3406CKA,AMD Radeon(TM) 860M Graphics,ONNX DirectML,6577,10868,4923
545028,"Fri, 07 Aug 2026 08:19:25 +0000",Dell Inc. Latitude 7420,Intel Core i5-1135G7,ONNX CPU,2037,932,4439
545029,"Fri, 07 Aug 2026 08:20:26 +0000",ASUSTeK COMPUTER INC. ASUS EXPERTCENTER P500SV,Intel(R) UHD Graphics,ONNX DirectML,2531,2561,1656
545030,"Fri, 07 Aug 2026 08:20:48 +0000",LENOVO 21SK,Intel Core Ultra 5 135H,ONNX CPU,2728,1315,5691
545031,"Fri, 07 Aug 2026 08:21:39 +0000",samsung SC-52F,Qualcomm ARMv8,TensorFlow Lite NNAPI,579,574,1236
545032,"Fri, 07 Aug 2026 08:26:41 +0000",samsung SC-52F,Qualcomm ARMv8,TensorFlow Lite QNN,480,26594,65377
545033,"Fri, 07 Aug 2026 08:26:43 +0000",iPhone 17,Apple A19,Core ML CPU,4739,7923,6275
545034,"Fri, 07 Aug 2026 08:34:16 +0000","iPad16,8",ARM,Core ML Neural Engine,5203,38521,55213
545035,"Fri, 07 Aug 2026 08:35:36 +0000","MacBook Air (13-inch, 2025)",Apple M4,Core ML CPU,5133,8260,6583
545036,"Fri, 07 Aug 2026 08:36:11 +0000",LENOVO 21SK,Intel(R) Core(TM) Ultra 5 135H,OpenVINO CPU,2643,2693,6248
545037,"Fri, 07 Aug 2026 08:37:24 +0000","MacBook Air (13-inch, 2025)",Apple M4,Core ML GPU,8248,7544,8916
545038,"Fri, 07 Aug 2026 08:38:59 +0000","MacBook Air (13-inch, 2025)",Apple M4,Core ML Neural Engine,5149,38608,56266
545039,"Fri, 07 Aug 2026 08:41:38 +0000",ASUSTeK COMPUTER INC. ASUS EXPERTCENTER P500SV,13th Gen Intel(R) Core(TM) i7-13620H,OpenVINO CPU,5017,4989,11205
545040,"Fri, 07 Aug 2026 08:42:47 +0000",LENOVO 21SK,Intel(R) AI Boost,OpenVINO NPU,2621,8208,13131
545041,"Fri, 07 Aug 2026 08:43:22 +0000",ASUSTeK COMPUTER INC. ASUS EXPERTBOOK PM3406CKA,AMD Ryzen AI 7 350 w/ Radeon 860M,OpenVINO CPU,5064,5025,13837
545042,"Fri, 07 Aug 2026 08:53:56 +0000",OnePlus PKX110,Qualcomm ARMv8,TensorFlow Lite QNN,197,24224,52582
545043,"Fri, 07 Aug 2026 08:55:39 +0000",ASUSTeK COMPUTER INC. ASUS EXPERTBOOK PM3406CKA,AMD Ryzen AI 7 350 w/ Radeon 860M,OpenVINO CPU,4940,4924,13653
545044,"Fri, 07 Aug 2026 09:02:13 +0000",ASUSTeK COMPUTER INC. ASUS EXPERTCENTER P500SV,13th Gen Intel(R) Core(TM) i7-13620H,OpenVINO CPU,5008,4976,11295
545045,"Fri, 07 Aug 2026 09:07:42 +0000",ASUS System Product Name,AMD Ryzen 5 9600X,ONNX CPU,6843,2928,11896
545046,"Fri, 07 Aug 2026 09:09:38 +0000",ASUS System Product Name,AMD Radeon RX 9060 XT,ONNX DirectML,24706,37836,21348
545047,"Fri, 07 Aug 2026 09:09:42 +0000",Google Pixel 10 Pro,Google Tensor G5,TensorFlow Lite CPU,1900,2207,3122
545048,"Fri, 07 Aug 2026 09:10:46 +0000",Micro Computer (HK) Tech Limited N5 PRO,AMD Ryzen AI 9 HX PRO 370 w/ Radeon 890M,ONNX CPU,3805,1870,7605
545049,"Fri, 07 Aug 2026 09:13:28 +0000",ASUSTeK COMPUTER INC. ASUS EXPERTBOOK PM3406CKA,AMD Ryzen AI 7 350 w/ Radeon 860M,OpenVINO CPU,4818,4799,12934
545050,"Fri, 07 Aug 2026 09:13:59 +0000",ASUSTeK COMPUTER INC. ASUS EXPERTCENTER P500SV,Intel(R) UHD Graphics (iGPU),OpenVINO GPU,3977,5667,8932
545051,"Fri, 07 Aug 2026 09:16:47 +0000",Micro Computer (HK) Tech Limited N5 PRO,AMD Ryzen AI 9 HX PRO 370 w/ Radeon 890M,ONNX CPU,3866,1817,7771
545052,"Fri, 07 Aug 2026 09:17:27 +0000",Google Pixel 10 Pro,Google Tensor G5,TensorFlow Lite GPU,539,511,411
545053,"Fri, 07 Aug 2026 09:18:45 +0000",samsung SM-S942U,Qualcomm ARMv8,TensorFlow Lite CPU,2589,4297,6144
545054,"Fri, 07 Aug 2026 09:19:28 +0000",Google Pixel 10 Pro,Google Tensor G5,TensorFlow Lite CPU,2238,2753,3375
545055,"Fri, 07 Aug 2026 09:19:55 +0000",ASUSTeK COMPUTER INC. ASUS EXPERTCENTER P500SV,Intel(R) UHD Graphics (iGPU),OpenVINO GPU,3989,5666,8919
545056,"Fri, 07 Aug 2026 09:21:26 +0000",samsung SM-S942U,Qualcomm ARMv8,TensorFlow Lite CPU,2046,3329,4793
545057,"Fri, 07 Aug 2026 09:22:21 +0000",Google Pixel 10 Pro,Google Tensor G5,TensorFlow Lite CPU,1660,1998,3040
545058,"Fri, 07 Aug 2026 09:22:41 +0000","Mac17,3",Apple M5,Core ML Neural Engine,5592,41570,59747
545059,"Fri, 07 Aug 2026 09:23:33 +0000","Micro-Star International Co., Ltd. Prestige 16 AI Studio B1VGG",Intel(R) AI Boost,OpenVINO NPU,2754,8067,11866
545060,"Fri, 07 Aug 2026 09:24:18 +0000",samsung SM-S942U,Qualcomm ARMv8,TensorFlow Lite CPU,1741,2866,3971
545061,"Fri, 07 Aug 2026 09:25:39 +0000",Google Pixel 10 Pro,Google Tensor G5,TensorFlow Lite CPU,1460,2067,2706
545062,"Fri, 07 Aug 2026 09:27:01 +0000","Mac17,3",Apple M5,Core ML GPU,12669,22845,23451
545063,"Fri, 07 Aug 2026 09:28:58 +0000","Mac17,3",Apple M5,Core ML CPU,5620,10105,7491
545064,"Fri, 07 Aug 2026 09:41:23 +0000",HP HP All-in-One 24-df0xxx,AMD Radeon(TM) Graphics,ONNX DirectML,793,1039,604
545065,"Fri, 07 Aug 2026 09:50:47 +0000",samsung SM-S731B,ARM ARMv8,TensorFlow Lite CPU,2281,2488,3448
545066,"Fri, 07 Aug 2026 09:53:23 +0000",samsung SM-T575,ARMv8,TensorFlow Lite CPU,13,13,7
545067,"Fri, 07 Aug 2026 09:55:17 +0000",Google Pixel 10 Pro XL,Google Tensor G5,TensorFlow Lite NNAPI,427,897,3641
545068,"Fri, 07 Aug 2026 09:55:28 +0000",iPad Pro 11-inch (M4),Apple M4,Core ML Neural Engine,5257,35267,48632
545069,"Fri, 07 Aug 2026 09:55:45 +0000",Dell Inc. Dell Pro Max 16 MC16250,Intel(R) Core(TM) Ultra 7 265H,ONNX CPU,4915,2074,9319
545070,"Fri, 07 Aug 2026 09:55:57 +0000",Dell Inc. Dell Pro 5 16 P516260,Intel(R) Core(TM) Ultra 7 366H,ONNX CPU,4203,1646,7977
545071,"Fri, 07 Aug 2026 09:56:14 +0000",iPhone 16 Pro Max,Apple A18 Pro,Core ML GPU,5872,7370,7154
545072,"Fri, 07 Aug 2026 09:57:02 +0000","MacBook Pro (16-inch, 2021)",Apple M1 Pro,Core ML Neural Engine,3689,18321,18399
545073,"Fri, 07 Aug 2026 09:58:15 +0000",LENOVO 20XLS1QF0F,AMD Ryzen 5 PRO 5650U,ONNX CPU,1540,399,2483
545074,"Fri, 07 Aug 2026 09:58:28 +0000",Dell Inc. Dell Pro Max 16 MC16250,Intel(R) Arc(TM) Pro 140T GPU (16GB),ONNX DirectML,7664,11735,5066
545075,"Fri, 07 Aug 2026 09:58:40 +0000",Dell Inc. Dell Pro 5 16 P516260,Intel(R) Graphics,ONNX DirectML,4864,10020,3490
545076,"Fri, 07 Aug 2026 09:58:47 +0000","Mac17,3",Apple M5,Core ML Neural Engine,5759,41788,58559
545077,"Fri, 07 Aug 2026 09:59:18 +0000",iPhone 16 Pro Max,Apple A18 Pro,Core ML Neural Engine,3908,33227,45909
545078,"Fri, 07 Aug 2026 10:00:09 +0000",Micro Computer (HK) Tech Limited N5 PRO,AMD Ryzen AI 9 HX PRO 370 w/ Radeon 890M,ONNX CPU,4164,1932,7869
545079,"Fri, 07 Aug 2026 10:00:32 +0000",samsung SM-T575,ARMv8,TensorFlow Lite CPU,13,13,7
545080,"Fri, 07 Aug 2026 10:03:34 +0000",Dell Inc. Dell Pro Max 16 MC16250,Intel(R) Core(TM) Ultra 7 265H,OpenVINO CPU,5649,5980,13672
545081,"Fri, 07 Aug 2026 10:03:46 +0000",Dell Inc. Dell Pro 5 16 P516260,Intel(R) Core(TM) Ultra 7 366H,OpenVINO CPU,4470,4289,8878
545082,"Fri, 07 Aug 2026 10:06:38 +0000",Micro Computer (HK) Tech Limited N5 PRO,AMD Ryzen AI 9 HX PRO 370 w/ Radeon 890M,ONNX CPU,3850,1920,7710
545083,"Fri, 07 Aug 2026 10:06:58 +0000",samsung SM-T575,ARMv8,TensorFlow Lite GPU,41,680,548
545084,"Fri, 07 Aug 2026 10:07:23 +0000",Dell Inc. Dell Pro Max 16 MC16250,Intel(R) Arc(TM) Pro 140T GPU (16GB) (iGPU),OpenVINO GPU,10610,26763,33882
545085,"Fri, 07 Aug 2026 10:07:26 +0000",Dell Inc. Vostro 3670,NVIDIA GeForce GTX 980,ONNX DirectML,5790,5897,4178
545086,"Fri, 07 Aug 2026 10:07:33 +0000",Dell Inc. Dell Pro 5 16 P516260,Intel(R) Graphics (iGPU),OpenVINO GPU,6296,19119,27236
545087,"Fri, 07 Aug 2026 10:10:43 +0000",Dell Inc. Dell Pro Max 16 MC16250,Intel(R) AI Boost,OpenVINO NPU,5745,9995,15466
545088,"Fri, 07 Aug 2026 10:10:50 +0000",Dell Inc. Dell Pro 5 16 P516260,Intel(R) AI Boost,OpenVINO NPU,4341,28927,50294
545089,"Fri, 07 Aug 2026 10:10:51 +0000",Acer Swift SF14-61T,AMD Ryzen AI 9 365,ONNX CPU,2750,1372,6366
545090,"Fri, 07 Aug 2026 10:14:33 +0000",Generic,AMD Ryzen 9 5900X 12-Core Processor,OpenVINO CPU,5456,5445,7783
545091,"Fri, 07 Aug 2026 10:15:25 +0000",LENOVO 83D2,Intel(R) AI Boost,OpenVINO NPU,2475,8288,13064
545092,"Fri, 07 Aug 2026 10:21:24 +0000",ASRock B850I Lightning WiFi,NVIDIA GeForce RTX 5060 Ti,ONNX DirectML,23940,45744,18514
545093,"Fri, 07 Aug 2026 10:31:31 +0000",ASUSTeK COMPUTER INC. ASUS Vivobook S 14 M5406WA_M5406WA,AMD Radeon RX 9060 XT,ONNX DirectML,16213,21544,12761
545094,"Fri, 07 Aug 2026 10:35:10 +0000",ASUSTeK COMPUTER INC. ROG Zephyrus G15 GA503QR_GA503QR,NVIDIA GeForce RTX 3070 Laptop GPU,ONNX DirectML,13075,20921,8852
545095,"Fri, 07 Aug 2026 10:37:14 +0000",iPhone 11,Apple A13 Bionic,Core ML CPU,1169,2281,1877
545096,"Fri, 07 Aug 2026 10:51:51 +0000",H3C MegaBook 2,Intel(R) AI Boost,OpenVINO NPU,3209,35142,52383
545097,"Fri, 07 Aug 2026 10:52:00 +0000",H3C MegaBook 2,Intel(R) AI Boost,OpenVINO NPU,3224,34582,52059
545098,"Fri, 07 Aug 2026 11:15:43 +0000",Dell Inc. Latitude 7420,Intel Core i5-1135G7,ONNX CPU,2061,947,4414
545099,"Fri, 07 Aug 2026 11:30:31 +0000",ASUS System Product Name,AMD Ryzen 7 9700X,ONNX CPU,8030,3255,13904
545100,"Fri, 07 Aug 2026 11:33:39 +0000",ASUS System Product Name,NVIDIA GeForce RTX 5070,ONNX DirectML,31546,57977,24175
545101,"Fri, 07 Aug 2026 11:42:23 +0000",ASUS System Product Name,AMD Ryzen 5 7600X,ONNX CPU,4505,2077,9000
545102,"Fri, 07 Aug 2026 11:44:37 +0000",ASUS System Product Name,NVIDIA GeForce RTX 5060,ONNX DirectML,21207,39797,16430
545103,"Fri, 07 Aug 2026 11:52:27 +0000","Gigabyte Technology Co., Ltd. Z690 AORUS PRO DDR4",Intel Core i9-14900KF,ONNX CPU,5618,1801,9915
545104,"Fri, 07 Aug 2026 11:52:59 +0000",motorola moto g35 5G,ARM ARMv8,TensorFlow Lite GPU,418,675,567
545105,"Fri, 07 Aug 2026 11:54:06 +0000","Gigabyte Technology Co., Ltd. Z690 AORUS PRO DDR4",Intel(R) Core(TM) i9-14900KF,OpenVINO CPU,5858,5800,13682
545106,"Fri, 07 Aug 2026 11:55:58 +0000","Gigabyte Technology Co., Ltd. Z690 AORUS PRO DDR4",Intel(R) Arc(TM) A770 Graphics,ONNX DirectML,12834,13267,9895
545107,"Fri, 07 Aug 2026 12:00:47 +0000",ASUS System Product Name,Intel Core i7-14700K,ONNX CPU,5132,1792,8996
545108,"Fri, 07 Aug 2026 12:09:19 +0000",Xiaomi 25102PCBEG,Qualcomm ARMv8,TensorFlow Lite GPU,2614,3829,3165
545109,"Fri, 07 Aug 2026 12:13:29 +0000",Xiaomi 25102PCBEG,Qualcomm ARMv8,TensorFlow Lite GPU,2661,3869,3188
545110,"Fri, 07 Aug 2026 12:13:44 +0000",iPhone 17,Apple A19,Core ML CPU,4781,9021,6769
545111,"Fri, 07 Aug 2026 12:15:05 +0000",Microsoft Corporation Surface Laptop for Business 15in 8th Ed Intel,Intel(R) Core(TM) Ultra X7 368H,ONNX CPU,4437,1610,7563
545112,"Fri, 07 Aug 2026 12:15:32 +0000",Dell Inc. Dell Pro 7 14 P714260,Intel(R) Core(TM) Ultra 5 335,ONNX CPU,3399,1526,6990
545113,"Fri, 07 Aug 2026 12:17:24 +0000",Microsoft Corporation Surface Laptop for Business 15in 8th Ed Intel,Intel(R) Core(TM) Ultra X7 368H,ONNX CPU,4251,1691,7739
545114,"Fri, 07 Aug 2026 12:18:00 +0000",Dell Inc. Dell Pro 7 14 P714260,Intel(R) Core(TM) Ultra 5 335,ONNX CPU,3464,1488,6649
545115,"Fri, 07 Aug 2026 12:18:16 +0000","Micro-Star International Co., Ltd. MS-7E70",AMD Ryzen 7 9800X3D,ONNX CPU,9439,3447,14929
545116,"Fri, 07 Aug 2026 12:20:35 +0000","Micro-Star International Co., Ltd. MS-7E70",NVIDIA GeForce RTX 5070 Ti,ONNX DirectML,36462,64782,27516
545117,"Fri, 07 Aug 2026 12:20:36 +0000",Microsoft Corporation Surface Laptop for Business 15in 8th Ed Intel,Intel(R) Core(TM) Ultra X7 368H,ONNX CPU,4511,1717,7844
545118,"Fri, 07 Aug 2026 12:21:18 +0000",Dell Inc. Dell Pro 7 14 P714260,Intel(R) Core(TM) Ultra 5 335,ONNX CPU,3358,1485,6691
545119,"Fri, 07 Aug 2026 12:21:23 +0000","Gigabyte Technology Co., Ltd. AX370-Gaming 5",NVIDIA GeForce RTX 3090,ONNX DirectML,24069,35825,14808
545120,"Fri, 07 Aug 2026 12:23:34 +0000",Microsoft Corporation Surface Laptop for Business 15in 8th Ed Intel,Intel(R) Arc(TM) B390 GPU,ONNX DirectML,10145,18303,6619
545121,"Fri, 07 Aug 2026 12:24:03 +0000",Dell Inc. Dell Pro 7 14 P714260,Intel(R) Graphics,ONNX DirectML,6378,12593,4296
545122,"Fri, 07 Aug 2026 12:25:43 +0000",Microsoft Corporation Surface Laptop for Business 15in 8th Ed Intel,Intel(R) Arc(TM) B390 GPU,ONNX DirectML,9499,18229,6702
545123,"Fri, 07 Aug 2026 12:26:24 +0000",Dell Inc. Dell Pro 7 14 P714260,Intel(R) Graphics,ONNX DirectML,5962,11971,4455
545124,"Fri, 07 Aug 2026 12:28:56 +0000",Microsoft Corporation Surface Laptop for Business 15in 8th Ed Intel,Intel(R) Arc(TM) B390 GPU,ONNX DirectML,9906,18146,6461
545125,"Fri, 07 Aug 2026 12:29:11 +0000",Dell Inc. Dell Pro 7 14 P714260,Intel(R) Graphics,ONNX DirectML,5914,11557,4174
545126,"Fri, 07 Aug 2026 12:30:09 +0000",motorola motorola razr fold 2026,Qualcomm ARMv8,TensorFlow Lite CPU,2194,3043,4101
545127,"Fri, 07 Aug 2026 12:30:21 +0000",motorola motorola razr ultra 2026,Qualcomm ARMv8,TensorFlow Lite CPU,2095,2834,3586
545128,"Fri, 07 Aug 2026 12:31:28 +0000",Microsoft Corporation Surface Laptop for Business 15in 8th Ed Intel,Intel(R) Core(TM) Ultra X7 368H,OpenVINO CPU,4044,3631,7669
545129,"Fri, 07 Aug 2026 12:32:08 +0000",Dell Inc. Dell Pro 7 14 P714260,Intel(R) Core(TM) Ultra 5 335,OpenVINO CPU,3341,2313,8675
545130,"Fri, 07 Aug 2026 12:32:21 +0000",motorola motorola razr fold 2026,Qualcomm ARMv8,TensorFlow Lite CPU,2026,2761,3726
545131,"Fri, 07 Aug 2026 12:34:39 +0000",motorola motorola razr fold 2026,Qualcomm ARMv8,TensorFlow Lite CPU,2018,2745,3968
545132,"Fri, 07 Aug 2026 12:35:01 +0000",motorola motorola razr ultra 2026,Qualcomm ARMv8,TensorFlow Lite CPU,1821,2344,2900
545133,"Fri, 07 Aug 2026 12:35:50 +0000",Microsoft Corporation Surface Laptop for Business 15in 8th Ed Intel,Intel(R) Core(TM) Ultra X7 368H,OpenVINO CPU,3885,3611,7631
545134,"Fri, 07 Aug 2026 12:36:21 +0000",Dell Inc. Dell Pro 7 14 P714260,Intel(R) Core(TM) Ultra 5 335,OpenVINO CPU,3338,2322,8628
545135,"Fri, 07 Aug 2026 12:39:56 +0000","Microsoft Corporation Microsoft Surface Pro, 11th Edition",Snapdragon(R) X 12-core X1E80100 @ 3.40 GHz,ONNX CPU,1230,2395,4856
545136,"Fri, 07 Aug 2026 12:43:47 +0000","Microsoft Corporation Microsoft Surface Pro, 11th Edition",Snapdragon(R) X 12-core X1E80100 @ 3.40 GHz,ONNX CPU,1236,2402,4746
545138,"Fri, 07 Aug 2026 12:51:46 +0000","Microsoft Corporation Microsoft Surface Pro, 11th Edition",Snapdragon(R) X 12-core X1E80100 @ 3.40 GHz,ONNX CPU,1265,2551,5666
545139,"Fri, 07 Aug 2026 12:51:51 +0000",Dell Inc. Dell Pro 7 14 P714260,Intel(R) Core(TM) Ultra 5 335,OpenVINO CPU,3209,2247,8464
545140,"Fri, 07 Aug 2026 12:51:59 +0000",Microsoft Corporation Surface Laptop for Business 15in 8th Ed Intel,Intel(R) Core(TM) Ultra X7 368H,OpenVINO CPU,4124,3829,7841
545141,"Fri, 07 Aug 2026 12:54:37 +0000","Microsoft Corporation Microsoft Surface Pro, 11th Edition",Snapdragon(R) X 12-core X1E80100 @ 3.40 GHz,ONNX CPU,1275,2543,4993
545142,"Fri, 07 Aug 2026 12:55:03 +0000",Microsoft Corporation Surface Laptop for Business 15in 8th Ed Intel,Intel(R) Arc(TM) B390 GPU (iGPU),OpenVINO GPU,18278,46150,58777
545143,"Fri, 07 Aug 2026 12:55:11 +0000",Dell Inc. Dell Pro 7 14 P714260,Intel(R) Graphics (iGPU),OpenVINO GPU,9192,26982,33887
545144,"Fri, 07 Aug 2026 12:56:56 +0000",Microsoft Corporation Surface Laptop for Business 15in 8th Ed Intel,Intel(R) Arc(TM) B390 GPU (iGPU),OpenVINO GPU,18885,47438,59188
545145,"Fri, 07 Aug 2026 12:57:16 +0000",Dell Inc. Dell Pro 7 14 P714260,Intel(R) Graphics (iGPU),OpenVINO GPU,9253,27058,33929
545146,"Fri, 07 Aug 2026 12:57:39 +0000","Gigabyte Technology Co., Ltd. Z890 AORUS ELITE WIFI7",NVIDIA GeForce RTX 5080,ONNX DirectML,35902,60047,27409
545147,"Fri, 07 Aug 2026 12:59:15 +0000",Dell Inc. Dell Pro 7 14 P714260,Intel(R) Graphics (iGPU),OpenVINO GPU,9154,27584,34478
545148,"Fri, 07 Aug 2026 12:59:18 +0000",Microsoft Corporation Surface Laptop for Business 15in 8th Ed Intel,Intel(R) Arc(TM) B390 GPU (iGPU),OpenVINO GPU,18892,46975,58988
545149,"Fri, 07 Aug 2026 12:59:34 +0000","Microsoft Corporation Microsoft Surface Pro, 11th Edition",Snapdragon(R) X 12-core X1E80100 @ 3.40 GHz,ONNX QNN,1255,18642,47865
545150,"Fri, 07 Aug 2026 13:03:40 +0000",OPPO CPH2695,ARM ARMv8,TensorFlow Lite CPU,467,798,909
545151,"Fri, 07 Aug 2026 13:05:40 +0000","Gigabyte Technology Co., Ltd. Z890 AORUS ELITE WIFI7",NVIDIA GeForce RTX 5080,ONNX DirectML,35479,58461,26949
545152,"Fri, 07 Aug 2026 13:07:51 +0000",Microsoft Corporation Surface Pro 13in 12th Ed Snapdragon,Snapdragon X2 Elite @ 4.03 GHz,ONNX CPU,1723,3131,6309
545153,"Fri, 07 Aug 2026 13:15:29 +0000",ASUS System Product Name,Intel(R) Core(TM) Ultra 5 250K Plus,ONNX CPU,2603,1318,5364
545154,"Fri, 07 Aug 2026 13:16:08 +0000",iPhone 17,Apple A19,Core ML Neural Engine,4562,39048,57594
545155,"Fri, 07 Aug 2026 13:17:02 +0000","Micro-Star International Co., Ltd. MS-7D06",NVIDIA GeForce RTX 3080,ONNX DirectML,11164,16383,8817
545156,"Fri, 07 Aug 2026 13:20:30 +0000","Micro-Star International Co., Ltd. MS-7E41",Intel Core Ultra 7 265K,ONNX CPU,4293,1757,8119
545157,"Fri, 07 Aug 2026 13:22:44 +0000",Acer Aspire A715-42G,AMD Ryzen 5 5500U,ONNX CPU,738,367,1084
545158,"Fri, 07 Aug 2026 13:27:36 +0000",samsung SM-S948B,Qualcomm ARMv8,TensorFlow Lite QNN,698,31317,80146
545159,"Fri, 07 Aug 2026 13:39:23 +0000",Microsoft Corporation Surface Laptop for Business 15in 8th Ed Intel,Intel(R) AI Boost,OpenVINO NPU,4538,36712,56156
545160,"Fri, 07 Aug 2026 13:40:23 +0000",Dell Inc. Dell Pro 7 14 P714260,Intel(R) AI Boost,OpenVINO NPU,3162,35942,56155
545161,"Fri, 07 Aug 2026 13:42:06 +0000",ASUS System Product Name,Intel(R) Core(TM) Ultra 5 245K,ONNX CPU,5989,2367,10981
545162,"Fri, 07 Aug 2026 13:42:15 +0000",Microsoft Corporation Surface Laptop for Business 15in 8th Ed Intel,Intel(R) AI Boost,OpenVINO NPU,4453,36934,56542
545163,"Fri, 07 Aug 2026 13:43:01 +0000","Microsoft Corporation Microsoft Surface Pro, 11th Edition",Snapdragon(R) X 12-core X1E80100 @ 3.40 GHz,ONNX QNN,1074,18640,48017
545164,"Fri, 07 Aug 2026 13:44:15 +0000",ASUS System Product Name,Intel(R) Core(TM) Ultra 5 245K,ONNX CPU,5963,2464,11111
545165,"Fri, 07 Aug 2026 13:45:21 +0000",Microsoft Corporation Surface Laptop for Business 15in 8th Ed Intel,Intel(R) AI Boost,OpenVINO NPU,4394,37185,56172
545166,"Fri, 07 Aug 2026 13:46:09 +0000",Dell Inc. Dell Pro 7 14 P714260,Intel(R) AI Boost,OpenVINO NPU,3211,35149,55634
545167,"Fri, 07 Aug 2026 13:46:33 +0000","Microsoft Corporation Microsoft Surface Pro, 11th Edition",Snapdragon(R) X 12-core X1E80100 @ 3.40 GHz,ONNX QNN,1264,18703,48939
545168,"Fri, 07 Aug 2026 13:56:47 +0000",Dell Inc. Dell Pro 7 14 P714260,Intel(R) AI Boost,OpenVINO NPU,3264,36034,56548
545169,"Fri, 07 Aug 2026 13:58:01 +0000",LENOVO 83M0,AMD Ryzen 7 260 w/ Radeon 780M Graphics,ONNX CPU,2411,1173,5511
545170,"Fri, 07 Aug 2026 13:59:52 +0000",ASUSTeK COMPUTER INC. ASUS EXPERTCENTER D300TA_D300TA,Intel Core i3-10100,ONNX CPU,1471,748,1815
545171,"Fri, 07 Aug 2026 14:00:08 +0000",ASUSTeK COMPUTER INC. ASUS EXPERTCENTER D300TA_D300TA,Intel Core i3-10100,ONNX CPU,1414,673,2109
545172,"Fri, 07 Aug 2026 14:01:16 +0000","Micro-Star International Co., Ltd. MS-7E54",Intel Core Ultra 7 265K,ONNX CPU,6885,2545,11404
545173,"Fri, 07 Aug 2026 14:02:56 +0000","Micro-Star International Co., Ltd. MS-7E54",NVIDIA GeForce RTX 5070,ONNX DirectML,28684,50652,22287
545174,"Fri, 07 Aug 2026 14:07:18 +0000",iPhone 17 Pro,Apple A19 Pro,Core ML CPU,5331,8444,6638
545175,"Fri, 07 Aug 2026 14:10:06 +0000",Intel(R) Client Systems NUC11PAHi5,Intel(R) Iris(R) Xe Graphics (iGPU),OpenVINO GPU,3562,4944,7812
545176,"Fri, 07 Aug 2026 14:12:02 +0000",samsung SM-F971B,Qualcomm ARMv8,TensorFlow Lite CPU,2579,4069,5724
545177,"Fri, 07 Aug 2026 14:14:07 +0000",samsung SM-F971B,Qualcomm ARMv8,TensorFlow Lite GPU,2944,4701,4028
545178,"Fri, 07 Aug 2026 14:14:15 +0000",Google Pixel 9,Google Tensor G4,TensorFlow Lite NNAPI,339,4860,9514
545179,"Fri, 07 Aug 2026 14:18:44 +0000",Google Pixel 9,Google Tensor G4,TensorFlow Lite GPU,1144,1785,1351
545180,"Fri, 07 Aug 2026 14:23:33 +0000",iPhone Air,Apple A19 Pro,Core ML Neural Engine,5111,37051,51175
545181,"Fri, 07 Aug 2026 14:23:49 +0000",samsung SM-A576B,ARM ARMv8,TensorFlow Lite NNAPI,278,279,626
545182,"Fri, 07 Aug 2026 14:28:04 +0000",iPhone Air,Apple A19 Pro,Core ML GPU,8630,16178,17166
545183,"Fri, 07 Aug 2026 14:32:13 +0000",Samsung Galaxy S23 FE,Samsung Exynos 2200,TensorFlow Lite CPU,1499,1688,2365
545184,"Fri, 07 Aug 2026 14:34:09 +0000",Xiaomi 2406APNFAG,ARM ARMv8,TensorFlow Lite GPU,678,975,810
545185,"Fri, 07 Aug 2026 14:35:44 +0000",Samsung Galaxy S23 FE,Samsung Exynos 2200,TensorFlow Lite GPU,996,1608,1395
545186,"Fri, 07 Aug 2026 14:37:53 +0000",Samsung Galaxy S20 FE 5G,Qualcomm Snapdragon 865,TensorFlow Lite CPU,317,566,628
545187,"Fri, 07 Aug 2026 14:40:35 +0000",Xiaomi 2406APNFAG,ARM ARMv8,TensorFlow Lite NNAPI,727,3611,3555
545188,"Fri, 07 Aug 2026 14:41:19 +0000",DIALN PRODUCTS INC X10ULTRA,ARM Unisoc,TensorFlow Lite CPU,115,222,169
545189,"Fri, 07 Aug 2026 14:42:52 +0000",motorola motorola razr ultra 2026,Qualcomm ARMv8,TensorFlow Lite CPU,1962,2642,3248
545190,"Fri, 07 Aug 2026 14:45:05 +0000",Samsung Galaxy S20 FE 5G,Qualcomm Snapdragon 865,TensorFlow Lite GPU,566,870,790
545191,"Fri, 07 Aug 2026 14:49:23 +0000",Samsung Galaxy S23 FE,Samsung Exynos 2200,TensorFlow Lite NNAPI,286,288,741
545192,"Fri, 07 Aug 2026 14:49:34 +0000",LENOVO 83M0,AMD Ryzen 7 260 w/ Radeon 780M Graphics,ONNX CPU,2213,1085,5447
545193,"Fri, 07 Aug 2026 14:52:21 +0000",Xiaomi 2406APNFAG,ARM ARMv8,TensorFlow Lite CPU,364,636,902
545194,"Fri, 07 Aug 2026 14:57:43 +0000","iPad16,8",ARM,Core ML CPU,5175,8481,6796
545195,"Fri, 07 Aug 2026 15:05:26 +0000",HP HP EliteBook 840 G8 Notebook PC,Intel Core i7-1185G7,ONNX CPU,1549,811,2811
545196,"Fri, 07 Aug 2026 15:06:28 +0000","Mac17,6",Apple M5 Max,Core ML CPU,5291,9332,7219
545197,"Fri, 07 Aug 2026 15:09:47 +0000","Mac17,6",Apple M5 Max,Core ML GPU,29366,46291,43218
545198,"Fri, 07 Aug 2026 15:11:21 +0000",Samsung Galaxy S20 FE 5G,Qualcomm Snapdragon 865,TensorFlow Lite NNAPI,213,172,780
545199,"Fri, 07 Aug 2026 15:19:58 +0000","Gigabyte Technology Co., Ltd. X870E AORUS ELITE WIFI7",NVIDIA GeForce RTX 5080,ONNX DirectML,39750,66286,30071
545200,"Fri, 07 Aug 2026 15:21:13 +0000",DIALN PRODUCTS INC X10ULTRA,ARM Unisoc,TensorFlow Lite CPU,127,237,176
545201,"Fri, 07 Aug 2026 15:24:37 +0000",iPhone 16 Pro,Apple A18 Pro,Core ML CPU,4694,8074,6495
545202,"Fri, 07 Aug 2026 15:24:45 +0000","Gigabyte Technology Co., Ltd. X870E AORUS ELITE WIFI7",AMD Ryzen 7 9800X3D,ONNX CPU,9454,3458,15196
545203,"Fri, 07 Aug 2026 15:27:27 +0000",HP HP EliteBook 840 14 inch G10 Notebook PC,Intel Core i5-1345U,ONNX CPU,1422,603,3011
545204,"Fri, 07 Aug 2026 15:41:03 +0000",iPad Pro 12.9-inch (4th generation),Apple A12Z Bionic,Core ML CPU,1026,1608,1382
545205,"Fri, 07 Aug 2026 15:42:05 +0000",Samsung Galaxy Tab S9,Qualcomm Snapdragon 8 Gen 2,TensorFlow Lite QNN,491,17526,42834
545206,"Fri, 07 Aug 2026 15:46:00 +0000",iPad Pro 12.9-inch (4th generation),Apple A12Z Bionic,Core ML CPU,996,1571,1349
545207,"Fri, 07 Aug 2026 15:49:05 +0000",LENOVO 83JM,Intel(R) AI Boost,OpenVINO NPU,4551,10191,15755
545208,"Fri, 07 Aug 2026 15:53:37 +0000","MacBook Air (13-inch, 2025)",Apple M4,Core ML GPU,11089,12939,11124
545209,"Fri, 07 Aug 2026 15:59:13 +0000","MacBook Air (13-inch, 2025)",Apple M4,Core ML Neural Engine,5044,39650,55639
545210,"Fri, 07 Aug 2026 16:19:07 +0000",Acer Predator PHN16-73,Intel Core Ultra 9 275HX,ONNX CPU,5839,2168,9452
545211,"Fri, 07 Aug 2026 16:19:33 +0000",Samsung Galaxy A53 5G,Samsung Exynos 1280,TensorFlow Lite CPU,421,738,864
545212,"Fri, 07 Aug 2026 16:28:25 +0000",Samsung Galaxy A53 5G,Samsung Exynos 1280,TensorFlow Lite GPU,392,635,522
545213,"Fri, 07 Aug 2026 16:29:49 +0000",Acer Predator PHN16-73,Intel Core Ultra 9 275HX,ONNX CPU,5705,2188,9709
545214,"Fri, 07 Aug 2026 16:46:38 +0000",Samsung Galaxy A53 5G,Samsung Exynos 1280,TensorFlow Lite NNAPI,214,275,347
545215,"Fri, 07 Aug 2026 16:53:28 +0000",iPhone Air,Apple A19 Pro,Core ML CPU,5264,9698,7194
545216,"Fri, 07 Aug 2026 16:54:19 +0000",samsung SM-F971W,Qualcomm ARMv8,TensorFlow Lite CPU,2756,4588,6404
545217,"Fri, 07 Aug 2026 16:54:28 +0000",LENOVO 83F1,AMD Ryzen AI 7 350,ONNX CPU,3532,1880,8474
545218,"Fri, 07 Aug 2026 16:56:31 +0000",iPhone Air,Apple A19 Pro,Core ML GPU,8265,15314,16148
545219,"Fri, 07 Aug 2026 16:58:00 +0000",LENOVO 83F1,AMD Radeon(TM) 860M Graphics,ONNX DirectML,6234,9987,4655
545220,"Fri, 07 Aug 2026 16:58:31 +0000",iPhone Air,Apple A19 Pro,Core ML Neural Engine,4902,36533,53582
545221,"Fri, 07 Aug 2026 17:02:34 +0000",ASUSTeK COMPUTER INC. ROG Strix G16 G615LW_G615LW,Intel Core Ultra 9 275HX,ONNX CPU,6451,2347,10881
545222,"Fri, 07 Aug 2026 17:02:52 +0000",ASUSTeK COMPUTER INC. ASUS Zenbook Duo UX8406CA_UX8406CA,Intel Core Ultra 9 285H,ONNX CPU,4255,1619,7689
545223,"Fri, 07 Aug 2026 17:03:49 +0000",LENOVO 83F1,AMD Ryzen AI 7 350 w/ Radeon 860M,OpenVINO CPU,4805,4764,12981
545224,"Fri, 07 Aug 2026 17:06:56 +0000",LENOVO 83F1,AMD Radeon(TM) 860M Graphics,ONNX DirectML,6573,11030,4867
545225,"Fri, 07 Aug 2026 17:08:13 +0000",nubia NX741J,Qualcomm ARMv8,TensorFlow Lite CPU,1854,2939,4161
545226,"Fri, 07 Aug 2026 17:09:44 +0000",ASUSTeK COMPUTER INC. ROG Strix G16 G615LW_G615LW,Intel(R) Core(TM) Ultra 9 275HX,OpenVINO CPU,8519,8924,16110
545227,"Fri, 07 Aug 2026 17:10:05 +0000",ASUSTeK COMPUTER INC. ASUS Zenbook Duo UX8406CA_UX8406CA,Intel(R) Core(TM) Ultra 9 285H,OpenVINO CPU,4989,5213,12082
545228,"Fri, 07 Aug 2026 17:10:30 +0000",LENOVO 83F1,NVIDIA GeForce RTX 5060 Laptop GPU,ONNX DirectML,17340,34062,13375
545229,"Fri, 07 Aug 2026 17:12:13 +0000",ASUSTeK COMPUTER INC. ROG Strix G16 G615LW_G615LW,Intel(R) AI Boost,OpenVINO NPU,8420,10134,15629
545230,"Fri, 07 Aug 2026 17:12:26 +0000",ASUSTeK COMPUTER INC. ASUS Zenbook Duo UX8406CA_UX8406CA,Intel(R) AI Boost,OpenVINO NPU,5075,10080,15639
545231,"Fri, 07 Aug 2026 17:14:40 +0000",ASUSTeK COMPUTER INC. ROG Strix G16 G615LW_G615LW,NVIDIA GeForce RTX 5080 Laptop GPU,ONNX DirectML,28567,48915,22490
545232,"Fri, 07 Aug 2026 17:15:16 +0000",ASUSTeK COMPUTER INC. ASUS Zenbook Duo UX8406CA_UX8406CA,Intel(R) Arc(TM) 140T GPU (16GB),ONNX DirectML,8534,12325,5599
545233,"Fri, 07 Aug 2026 17:18:47 +0000",ASUSTeK COMPUTER INC. ROG Strix G16 G615LW_G615LW,NVIDIA GeForce RTX 5080 Laptop GPU,ONNX DirectML,28590,48770,22367
545234,"Fri, 07 Aug 2026 17:19:18 +0000",OPPO CPH2865,ARM ARMv8,TensorFlow Lite CPU,1459,1786,2644
545235,"Fri, 07 Aug 2026 17:27:33 +0000","iPad17,4",ARM,Core ML CPU,5662,9058,7002
545236,"Fri, 07 Aug 2026 17:38:34 +0000",HP Victus by HP Gaming Laptop 15-fa1xxx,Intel Core i5-13420H,ONNX CPU,2065,1065,4445
545237,"Fri, 07 Aug 2026 17:39:10 +0000",Samsung Galaxy S25 Ultra,Qualcomm Snapdragon 8 Elite,TensorFlow Lite CPU,2366,3203,4112
545238,"Fri, 07 Aug 2026 17:42:32 +0000",HP Victus by HP Gaming Laptop 15-fa1xxx,NVIDIA GeForce RTX 4050 Laptop GPU,ONNX DirectML,13391,23215,10822
545239,"Fri, 07 Aug 2026 17:47:13 +0000",HUAWEI ADY-LX9,ARMv8,TensorFlow Lite CPU,854,1451,1411
545240,"Fri, 07 Aug 2026 17:47:17 +0000","MacBook Pro (16-inch, 2024)",Apple M4 Pro,Core ML CPU,5873,9657,7464
545241,"Fri, 07 Aug 2026 17:47:38 +0000",LENOVO 83DK,AMD Ryzen 5 8640HS,ONNX CPU,1537,761,3424
545242,"Fri, 07 Aug 2026 17:49:44 +0000",LENOVO 83DK,AMD Radeon 760M Graphics,ONNX DirectML,5854,8066,4629
545243,"Fri, 07 Aug 2026 17:52:35 +0000",LENOVO 83DK,AMD Ryzen 5 8640HS w/ Radeon 760M Graphics,OpenVINO CPU,2128,2087,5776
545244,"Fri, 07 Aug 2026 18:02:32 +0000",samsung SM-F9660,Qualcomm ARMv8,TensorFlow Lite QNN,473,26594,64618
545245,"Fri, 07 Aug 2026 18:02:39 +0000",Oppo Find X9,Mediatek Dimensity 9500,TensorFlow Lite CPU,2062,2853,2855
545246,"Fri, 07 Aug 2026 18:05:50 +0000",Oppo Find X9,Mediatek Dimensity 9500,TensorFlow Lite GPU,1444,1990,1642
545247,"Fri, 07 Aug 2026 18:10:42 +0000","Gigabyte Technology Co., Ltd. TRX50 AERO D",AMD Ryzen Threadripper 7960X,ONNX CPU,3389,1210,6766
545248,"Fri, 07 Aug 2026 18:14:24 +0000","Gigabyte Technology Co., Ltd. TRX50 AERO D",NVIDIA RTX PRO 4500 Blackwell,ONNX DirectML,36629,62877,27731
545249,"Fri, 07 Aug 2026 18:25:32 +0000",samsung SM-F9660,Qualcomm ARMv8,TensorFlow Lite GPU,2468,3924,3357
545250,"Fri, 07 Aug 2026 18:29:48 +0000",LENOVO 82JU,AMD Ryzen 5 5600H,ONNX CPU,1737,884,2982
545251,"Fri, 07 Aug 2026 18:33:18 +0000",samsung SM-F971B,Qualcomm ARMv8,TensorFlow Lite CPU,2319,3830,5625
545252,"Fri, 07 Aug 2026 18:33:36 +0000",LENOVO 82JU,AMD Ryzen 5 5600H,ONNX CPU,1907,979,3399
545253,"Fri, 07 Aug 2026 18:37:14 +0000",samsung SM-F971B,Qualcomm ARMv8,TensorFlow Lite GPU,2637,4031,3020
545254,"Fri, 07 Aug 2026 18:43:18 +0000",iPhone 16 Pro Max,Apple A18 Pro,Core ML Neural Engine,4321,34297,49519
545255,"Fri, 07 Aug 2026 18:43:41 +0000",iPhone 16 Pro Max,Apple A18 Pro,Core ML Neural Engine,4321,34297,49519
545256,"Fri, 07 Aug 2026 18:43:43 +0000",iPhone 16 Pro Max,Apple A18 Pro,Core ML Neural Engine,4321,34297,49519
545257,"Fri, 07 Aug 2026 18:43:53 +0000",iPhone 16 Pro Max,Apple A18 Pro,Core ML Neural Engine,4321,34297,49519
545258,"Fri, 07 Aug 2026 18:43:54 +0000",iPhone 16 Pro Max,Apple A18 Pro,Core ML Neural Engine,4321,34297,49519
545259,"Fri, 07 Aug 2026 18:44:25 +0000",samsung SM-S948U,Qualcomm ARMv8,TensorFlow Lite CPU,2883,4854,6867
545260,"Fri, 07 Aug 2026 18:44:33 +0000",samsung SM-F971U,Qualcomm ARMv8,TensorFlow Lite CPU,2712,4307,6299
545261,"Fri, 07 Aug 2026 18:45:45 +0000",iPad Air 11-inch (M2),Apple M2,Core ML CPU,3394,6295,5069
545262,"Fri, 07 Aug 2026 18:46:41 +0000",samsung SM-S948U,Qualcomm ARMv8,TensorFlow Lite GPU,3103,4801,4343
545263,"Fri, 07 Aug 2026 18:46:41 +0000",samsung SM-F971U,Qualcomm ARMv8,TensorFlow Lite GPU,2963,4624,3965
545264,"Fri, 07 Aug 2026 18:47:11 +0000",samsung SM-F971B,Qualcomm ARMv8,TensorFlow Lite NNAPI,634,598,1337
545265,"Fri, 07 Aug 2026 18:50:26 +0000",iPhone 16 Pro Max,Apple A18 Pro,Core ML GPU,5996,7372,7454
545266,"Fri, 07 Aug 2026 18:53:00 +0000",iPhone 16 Pro Max,Apple A18 Pro,Core ML CPU,4653,7829,6171
545267,"Fri, 07 Aug 2026 18:53:18 +0000",samsung SM-F971B,Qualcomm ARMv8,TensorFlow Lite QNN,588,27708,69045
545268,"Fri, 07 Aug 2026 19:03:06 +0000",LENOVO 21XJ0032US,Intel(R) Core(TM) Ultra 7 366H,ONNX CPU,4959,1897,8765
545269,"Fri, 07 Aug 2026 19:04:00 +0000","Gigabyte Technology Co., Ltd. AB350M-Gaming 3",AMD Ryzen 7 3800X,ONNX CPU,2910,1268,3335
545270,"Fri, 07 Aug 2026 19:05:16 +0000",Google Pixel 6,Google Tensor,TensorFlow Lite NNAPI,195,1299,4829
545271,"Fri, 07 Aug 2026 19:06:29 +0000","Gigabyte Technology Co., Ltd. AB350M-Gaming 3",AMD Radeon RX 7600,ONNX DirectML,17136,21634,13385
545272,"Fri, 07 Aug 2026 19:08:21 +0000",Dell Inc. Dell Pro Max 16 Plus MB16250,Intel(R) Core(TM) Ultra 7 265HX,ONNX CPU,5761,2213,9748
545273,"Fri, 07 Aug 2026 19:09:41 +0000","Gigabyte Technology Co., Ltd. AB350M-Gaming 3",AMD Ryzen 7 3800X,ONNX CPU,2272,1058,2512
545274,"Fri, 07 Aug 2026 19:10:47 +0000",Dell Inc. Dell Pro Max 16 Plus MB16250,Intel(R) Core(TM) Ultra 7 265HX,ONNX CPU,5867,2297,10293
545275,"Fri, 07 Aug 2026 19:12:46 +0000","Gigabyte Technology Co., Ltd. AB350M-Gaming 3",AMD Ryzen 7 3800X 8-Core Processor,OpenVINO CPU,3878,3862,4407
545276,"Fri, 07 Aug 2026 19:12:56 +0000",iPhone 16,Apple A18,Core ML CPU,3673,6240,4982
545277,"Fri, 07 Aug 2026 19:13:20 +0000","Mac17,5",Apple A18 Pro,Core ML CPU,4911,8278,6608
545278,"Fri, 07 Aug 2026 19:15:58 +0000","MacBook Pro (14-inch, 2021)",Apple M1 Pro,Core ML CPU,3853,6342,5085
545279,"Fri, 07 Aug 2026 19:16:36 +0000",Dell Inc. Dell Pro Max 16 Plus MB16250,Intel(R) Core(TM) Ultra 7 265HX,ONNX CPU,6055,2213,10387
545280,"Fri, 07 Aug 2026 19:18:00 +0000",Samsung Galaxy A56,Samsung Exynos 1580,TensorFlow Lite GPU,774,1164,842
545281,"Fri, 07 Aug 2026 19:18:06 +0000",Google Pixel 6,Google Tensor,TensorFlow Lite GPU,868,1213,1018
545282,"Fri, 07 Aug 2026 19:18:17 +0000","MacBook Pro (14-inch, 2021)",Apple M1 Pro,Core ML GPU,10034,11006,9881
545283,"Fri, 07 Aug 2026 19:18:24 +0000","Mac17,5",Apple A18 Pro,Core ML GPU,7392,8725,7921
545284,"Fri, 07 Aug 2026 19:18:52 +0000",Google Pixel 8,Google Tensor G3,TensorFlow Lite CPU,1762,1825,2723
545285,"Fri, 07 Aug 2026 19:20:18 +0000","Mac17,5",Apple A18 Pro,Core ML Neural Engine,4631,34904,48838
545286,"Fri, 07 Aug 2026 19:20:26 +0000","MacBook Pro (14-inch, 2021)",Apple M1 Pro,Core ML Neural Engine,3832,17411,17222
545287,"Fri, 07 Aug 2026 19:35:17 +0000",Samsung Galaxy A56,Samsung Exynos 1580,TensorFlow Lite NNAPI,275,276,642
545288,"Fri, 07 Aug 2026 19:41:10 +0000","Mac15,12",Apple M3,Core ML CPU,4116,7468,5990
545289,"Fri, 07 Aug 2026 19:53:27 +0000",iPhone 16,Apple A18,Core ML GPU,3942,4525,4527
545290,"Fri, 07 Aug 2026 19:58:13 +0000",samsung SM-F971B,Qualcomm ARMv8,TensorFlow Lite CPU,2317,3801,5206
545291,"Fri, 07 Aug 2026 19:58:35 +0000",Inversenet Inc. FRONTIER,Intel Core i7-12700F,ONNX CPU,4102,1671,7899
545292,"Fri, 07 Aug 2026 20:16:33 +0000",CASPER BILGISAYAR SISTEMLERI EXCALIBUR G915,Intel Core i7-13620H,ONNX CPU,3677,1559,6874
545293,"Fri, 07 Aug 2026 20:18:33 +0000",CASPER BILGISAYAR SISTEMLERI EXCALIBUR G915,NVIDIA GeForce RTX 5070 Laptop GPU,ONNX DirectML,19236,35320,14866
545294,"Fri, 07 Aug 2026 20:19:56 +0000",iPhone 16 Pro,Apple A18 Pro,Core ML CPU,4823,8205,6599
545295,"Fri, 07 Aug 2026 20:21:07 +0000",LENOVO 83F2,AMD Ryzen 9 9955HX 16-Core Processor,ONNX CPU,2831,1048,5131
545296,"Fri, 07 Aug 2026 20:30:07 +0000","iPhone18,5",ARM,Core ML Neural Engine,4338,34972,47661
545297,"Fri, 07 Aug 2026 20:34:31 +0000",Samsung Galaxy S22,Qualcomm Snapdragon 8 Gen 1,TensorFlow Lite CPU,1306,1496,1841
545298,"Fri, 07 Aug 2026 20:34:52 +0000",iPad Pro 13-inch (M4),Apple M4,Core ML CPU,5114,8453,6773
545299,"Fri, 07 Aug 2026 20:37:10 +0000",iPad Pro 13-inch (M4),Apple M4,Core ML GPU,10997,12862,12263
545300,"Fri, 07 Aug 2026 20:39:03 +0000",iPad Pro 13-inch (M4),Apple M4,Core ML Neural Engine,5116,38624,55009
545301,"Fri, 07 Aug 2026 20:44:01 +0000",Samsung Galaxy S22,Qualcomm Snapdragon 8 Gen 1,TensorFlow Lite QNN,213,11596,31081
545302,"Fri, 07 Aug 2026 20:44:10 +0000",LENOVO 91B6001CUK,Snapdragon(R) X - X126100 - Qualcomm(R) Oryon(TM) CPU,ONNX QNN,1472,16326,40657
545303,"Fri, 07 Aug 2026 20:44:28 +0000","Microsoft Corporation Microsoft Surface Laptop, 7th Edition",Snapdragon(R) X 12-core X1E80100 @ 3.40 GHz,ONNX QNN,1400,18486,49592
545304,"Fri, 07 Aug 2026 20:51:32 +0000",iPhone 15 Plus,Apple A16 Bionic,Core ML CPU,3503,6454,5231
545305,"Fri, 07 Aug 2026 20:52:18 +0000",LENOVO 83F2,AMD Ryzen 9 9955HX 16-Core Processor,ONNX CPU,3276,1235,5836
545306,"Fri, 07 Aug 2026 21:01:43 +0000",HP HP EliteBook 8 G2i 14 inch Notebook Next Gen AI PC,Intel(R) Core(TM) Ultra 7 355,OpenVINO CPU,2993,2166,8068
545307,"Fri, 07 Aug 2026 21:04:47 +0000",HP HP EliteBook 8 G2i 14 inch Notebook Next Gen AI PC,Intel(R) Graphics (iGPU),OpenVINO GPU,9125,27751,34989
545308,"Fri, 07 Aug 2026 21:08:41 +0000",HP HP EliteBook 8 G2i 14 inch Notebook Next Gen AI PC,Intel(R) AI Boost,OpenVINO NPU,3292,36294,54311
545309,"Fri, 07 Aug 2026 21:31:26 +0000",ASUS Zenbook Duo UX8407AA,Intel(R) Core(TM) Ultra X9 388H,ONNX CPU,3754,1547,7278
545310,"Fri, 07 Aug 2026 21:34:00 +0000",ASUS Zenbook Duo UX8407AA,Intel(R) Core(TM) Ultra X9 388H,ONNX CPU,3821,1501,7455
545311,"Fri, 07 Aug 2026 21:34:42 +0000","Gigabyte Technology Co., Ltd. H110M-A",Intel Core i5-6500,ONNX CPU,1375,699,1931
545312,"Fri, 07 Aug 2026 21:36:19 +0000",ASUS Zenbook Duo UX8407AA,Intel(R) Arc(TM) B390 GPU,ONNX DirectML,11622,21528,7996
545313,"Fri, 07 Aug 2026 21:38:11 +0000",ASUS Zenbook Duo UX8407AA,Intel(R) Arc(TM) B390 GPU,ONNX DirectML,11605,20542,7755
545314,"Fri, 07 Aug 2026 21:45:17 +0000",LENOVO 12YH001SGE,Intel(R) AI Boost,OpenVINO NPU,4433,9141,14690
545315,"Fri, 07 Aug 2026 21:57:22 +0000",ASUS System Product Name,AMD Ryzen 5 9600X,ONNX CPU,5103,2368,10690
545316,"Fri, 07 Aug 2026 21:59:57 +0000",ASUS System Product Name,NVIDIA GeForce RTX 5060 Ti,ONNX DirectML,23340,43897,18084
545317,"Fri, 07 Aug 2026 22:05:07 +0000",System manufacturer System Product Name,AMD Phenom II X4 960T,ONNX CPU,407,277,443
545318,"Fri, 07 Aug 2026 22:12:37 +0000",iPhone 16 Pro,Apple A18 Pro,Core ML Neural Engine,4369,36112,51077
545319,"Fri, 07 Aug 2026 22:12:48 +0000",iPhone 16 Pro,Apple A18 Pro,Core ML Neural Engine,4369,36112,51077
545320,"Fri, 07 Aug 2026 22:14:32 +0000",iPhone 16 Pro,Apple A18 Pro,Core ML CPU,4420,7072,5601
545321,"Fri, 07 Aug 2026 22:17:08 +0000",iPhone 16 Pro,Apple A18 Pro,Core ML GPU,5751,6966,6844
545322,"Fri, 07 Aug 2026 22:26:10 +0000",Parallels International GmbH. Parallels ARM Virtual Machine,Apple Silicon,ONNX CPU,1165,2038,3835
545323,"Fri, 07 Aug 2026 22:35:13 +0000",ASUS System Product Name,Intel Core Ultra 9 285K,ONNX CPU,7305,2745,12183
545324,"Fri, 07 Aug 2026 22:37:25 +0000",ASUS Vivobook S16 M3607GA,AMD Ryzen AI 7 445 w/ Radeon 840M,ONNX CPU,2532,1462,5784
545325,"Fri, 07 Aug 2026 22:48:54 +0000",iPhone 16,Apple A18,Core ML Neural Engine,2285,19847,25938
545326,"Fri, 07 Aug 2026 22:53:02 +0000",Xiaomi Redmi Note 14 4G,Mediatek Helio G99 Ultra,TensorFlow Lite GPU,301,477,418
545327,"Fri, 07 Aug 2026 23:00:05 +0000",Xiaomi Redmi Note 14 4G,Mediatek Helio G99 Ultra,TensorFlow Lite CPU,448,616,884
545328,"Fri, 07 Aug 2026 23:22:40 +0000","Micro-Star International Co., Ltd. MS-7D98",NVIDIA GeForce RTX 4060 Ti,ONNX DirectML,19973,33875,15409
545329,"Fri, 07 Aug 2026 23:46:09 +0000","iPad17,3",ARM,Core ML Neural Engine,5562,39839,58562
545330,"Fri, 07 Aug 2026 23:47:51 +0000","iPad17,3",ARM,Core ML Neural Engine,5562,39839,58562
545331,"Fri, 07 Aug 2026 23:56:52 +0000","Micro-Star International Co., Ltd. MS-7C91",AMD Ryzen 9 5950X,ONNX CPU,4435,1722,7048
545332,"Sat, 08 Aug 2026 00:15:37 +0000",Default string Default string,AMD Ryzen 3 PRO 7330U,ONNX CPU,1418,831,2642
545333,"Sat, 08 Aug 2026 00:17:10 +0000","Micro-Star International Co., Ltd. MS-7C91",NVIDIA GeForce RTX 4090,ONNX DirectML,36604,49852,27709
545334,"Sat, 08 Aug 2026 00:17:54 +0000",ASRock Z890 Taichi OCF,Intel(R) Core(TM) Ultra 7 270K Plus,ONNX CPU,7819,2833,12473
545335,"Sat, 08 Aug 2026 00:19:03 +0000","Micro-Star International Co., Ltd. MS-7C91",AMD Ryzen 9 5950X 16-Core Processor,OpenVINO CPU,6097,5794,8514
545336,"Sat, 08 Aug 2026 00:26:16 +0000",ASRock Z890 Taichi OCF,Intel(R) Graphics (iGPU),OpenVINO GPU,6046,9467,14297
545337,"Sat, 08 Aug 2026 00:30:03 +0000",ASRock Z890 Taichi OCF,Intel(R) Arc(TM) Pro B70 Graphics (dGPU),OpenVINO GPU,36678,80578,87980
545338,"Sat, 08 Aug 2026 00:33:39 +0000",ASRock Z890 Taichi OCF,Intel(R) AI Boost,OpenVINO NPU,10468,10274,15931
545339,"Sat, 08 Aug 2026 00:38:54 +0000",ASUSTeK COMPUTER INC. ELM_PN54,AMD Ryzen AI 7 350,TensorFlow Lite CPU,2309,2289,1865
545340,"Sat, 08 Aug 2026 00:39:20 +0000",ASRock Z890 Taichi OCF,Intel(R) Graphics,ONNX DirectML,3733,5012,2652
545341,"Sat, 08 Aug 2026 00:40:58 +0000",iPhone Air,Apple A19 Pro,Core ML CPU,4662,8426,6225
545342,"Sat, 08 Aug 2026 00:42:20 +0000",ASRock Z890 Taichi OCF,Intel(R) Arc(TM) Pro B70 Graphics,ONNX DirectML,26639,41641,16234
545343,"Sat, 08 Aug 2026 00:52:44 +0000",LENOVO 83M0,AMD Ryzen 7 260 w/ Radeon 780M Graphics,ONNX CPU,3511,1700,7507
545344,"Sat, 08 Aug 2026 00:55:02 +0000",LENOVO 83M0,AMD Ryzen 7 260 w/ Radeon 780M Graphics,OpenVINO CPU,4718,4783,16018
545345,"Sat, 08 Aug 2026 00:58:43 +0000",ASUSTeK COMPUTER INC. ELM_PN54,AMD Ryzen AI 7 350,TensorFlow Lite CPU,2292,2255,1858
545346,"Sat, 08 Aug 2026 00:58:52 +0000",LENOVO 83M0,AMD Radeon(TM) 780M Graphics,ONNX DirectML,4983,8926,3675
545347,"Sat, 08 Aug 2026 01:01:10 +0000",LENOVO 83M0,NVIDIA GeForce RTX 5060 Laptop GPU,ONNX DirectML,14920,29295,11807
545348,"Sat, 08 Aug 2026 01:19:34 +0000",iPhone Air,Apple A19 Pro,Core ML CPU,5261,9628,7109
545349,"Sat, 08 Aug 2026 01:26:15 +0000",Unknown,Intel Xeon E3-1270 V2,ONNX CPU,592,371,725
545350,"Sat, 08 Aug 2026 01:35:52 +0000","Gigabyte Technology Co., Ltd. Z890 AORUS MASTER",Intel(R) Core(TM) Ultra 7 270K Plus,ONNX CPU,7604,2884,13185
545351,"Sat, 08 Aug 2026 01:39:50 +0000",ASUS NUC16GDKU56,Intel(R) Core(TM) Ultra 5 325,ONNX CPU,2863,1257,5744
545352,"Sat, 08 Aug 2026 01:41:00 +0000","Gigabyte Technology Co., Ltd. Z890 AORUS MASTER",Intel(R) Core(TM) Ultra 7 270K Plus,OpenVINO CPU,9722,11545,17464
545353,"Sat, 08 Aug 2026 01:50:56 +0000",iPhone 15 Pro Max,Apple A17 Pro,Core ML CPU,3999,7242,5908
545354,"Sat, 08 Aug 2026 01:54:00 +0000",iPhone 15 Pro Max,Apple A17 Pro,Core ML GPU,5368,6207,5741
545355,"Sat, 08 Aug 2026 01:56:28 +0000",iPhone 15 Pro Max,Apple A17 Pro,Core ML Neural Engine,3758,27310,36553
545356,"Sat, 08 Aug 2026 01:57:33 +0000",iPhone 17 Pro,Apple A19 Pro,Core ML CPU,5549,9947,7387
545357,"Sat, 08 Aug 2026 01:57:35 +0000",iPhone 17 Pro,Apple A19 Pro,Core ML CPU,5549,9947,7387
545358,"Sat, 08 Aug 2026 01:57:38 +0000",iPhone 16 Pro Max,Apple A18 Pro,Core ML CPU,4977,8171,6478
545359,"Sat, 08 Aug 2026 01:57:40 +0000",iPhone 16 Pro Max,Apple A18 Pro,Core ML CPU,4977,8171,6478
545360,"Sat, 08 Aug 2026 01:57:48 +0000",iPhone 15 Pro Max,Apple A17 Pro,Core ML Neural Engine,3097,26539,37787
545361,"Sat, 08 Aug 2026 01:59:02 +0000",iPhone 17 Pro,Apple A19 Pro,Core ML GPU,9921,18179,19909
545362,"Sat, 08 Aug 2026 01:59:04 +0000",iPhone 17 Pro,Apple A19 Pro,Core ML GPU,9921,18179,19909
545363,"Sat, 08 Aug 2026 01:59:31 +0000",iPhone 16 Pro Max,Apple A18 Pro,Core ML GPU,6050,7403,7658
545364,"Sat, 08 Aug 2026 01:59:33 +0000",iPhone 16 Pro Max,Apple A18 Pro,Core ML GPU,6050,7403,7658
545365,"Sat, 08 Aug 2026 02:00:53 +0000",iPhone 17 Pro,Apple A19 Pro,Core ML Neural Engine,5516,40797,58508
545366,"Sat, 08 Aug 2026 02:00:54 +0000",iPhone 17 Pro,Apple A19 Pro,Core ML Neural Engine,5516,40797,58508
545367,"Sat, 08 Aug 2026 02:01:15 +0000",iPhone 16 Pro Max,Apple A18 Pro,Core ML Neural Engine,4892,36225,50740
545368,"Sat, 08 Aug 2026 02:01:17 +0000",iPhone 16 Pro Max,Apple A18 Pro,Core ML Neural Engine,4892,36225,50740
545369,"Sat, 08 Aug 2026 02:01:19 +0000",Samsung Galaxy A25,Samsung Exynos 1280,TensorFlow Lite NNAPI,236,299,374
545370,"Sat, 08 Aug 2026 02:12:43 +0000",Dell Inc. Dell Pro 16 Plus PB16250,Intel(R) Core(TM) Ultra 7 266V,ONNX CPU,1455,728,2534
545371,"Sat, 08 Aug 2026 02:15:18 +0000",iPhone Air,Apple A19 Pro,Core ML Neural Engine,5129,38793,55927
545372,"Sat, 08 Aug 2026 02:15:34 +0000",iPhone Air,Apple A19 Pro,Core ML Neural Engine,5129,38793,55927
545373,"Sat, 08 Aug 2026 02:24:29 +0000",ASUS System Product Name,Intel(R) AI Boost,OpenVINO NPU,4450,10163,16177
545374,"Sat, 08 Aug 2026 02:24:44 +0000",samsung SM-F971Q,Qualcomm ARMv8,TensorFlow Lite CPU,2127,3618,5116
545375,"Sat, 08 Aug 2026 02:29:20 +0000",ASUS System Product Name,Intel(R) Graphics (iGPU),OpenVINO GPU,5196,8551,13003
545376,"Sat, 08 Aug 2026 02:31:45 +0000",ASUS System Product Name,Intel(R) AI Boost,OpenVINO NPU,4665,10195,16216
545377,"Sat, 08 Aug 2026 02:51:29 +0000","Micro-Star International Co., Ltd. MS-7B23",Intel Core i7-8700,ONNX CPU,2728,1227,3863
545378,"Sat, 08 Aug 2026 02:51:37 +0000",Dell Inc. Dell Pro 16 Plus PB16250,Intel(R) Core(TM) Ultra 7 266V,OpenVINO CPU,2869,2071,7718
545379,"Sat, 08 Aug 2026 02:51:39 +0000",MacBook Pro (15-inch Late 2016),Intel Core i7-6820HQ,Core ML CPU,603,80,67
545380,"Sat, 08 Aug 2026 02:53:02 +0000",HP HP Z2 Mini G1i Workstation Desktop PC,NVIDIA RTX A2000 12GB,ONNX DirectML,11079,21807,7663
545381,"Sat, 08 Aug 2026 02:58:31 +0000",vivo X300,Mediatek Dimensity 9500,TensorFlow Lite CPU,1557,2373,2405
545382,"Sat, 08 Aug 2026 03:02:14 +0000",vivo X300,Mediatek Dimensity 9500,TensorFlow Lite GPU,1190,1752,1435
545383,"Sat, 08 Aug 2026 03:17:54 +0000",vivo X300,Mediatek Dimensity 9500,TensorFlow Lite NNAPI,369,388,770
545384,"Sat, 08 Aug 2026 03:27:08 +0000","Micro-Star International Co., Ltd. MS-7E47",AMD Ryzen 5 9600X,ONNX CPU,5545,2417,11235
545385,"Sat, 08 Aug 2026 03:35:37 +0000",samsung SM-S948U,Qualcomm ARMv8,TensorFlow Lite QNN,391,31342,77424
545386,"Sat, 08 Aug 2026 03:38:40 +0000",iPhone 17,Apple A19,Core ML CPU,4961,9292,7063
545387,"Sat, 08 Aug 2026 03:40:59 +0000",iPhone 16 Pro Max,Apple A18 Pro,Core ML Neural Engine,4638,35777,51979
545388,"Sat, 08 Aug 2026 03:41:19 +0000",iPhone 16 Pro Max,Apple A18 Pro,Core ML Neural Engine,4638,35777,51979
545389,"Sat, 08 Aug 2026 03:42:53 +0000",iPhone 15 Pro Max,Apple A17 Pro,Core ML CPU,3766,6903,5719
545390,"Sat, 08 Aug 2026 03:43:50 +0000",iPhone 17,Apple A19,Core ML GPU,8631,16641,17740
545391,"Sat, 08 Aug 2026 03:45:33 +0000",iPhone 17,Apple A19,Core ML Neural Engine,4653,36800,51443
545392,"Sat, 08 Aug 2026 04:53:57 +0000",ASRock X670E Taichi,Intel(R) Arc(TM) B580 Graphics,ONNX DirectML,19337,31306,13117
545393,"Sat, 08 Aug 2026 05:05:20 +0000",ASRock X670E Taichi,Intel(R) Arc(TM) B580 Graphics (dGPU),OpenVINO GPU,24802,54443,60899
545394,"Sat, 08 Aug 2026 05:09:23 +0000",ASRock X670E Taichi,Intel(R) Arc(TM) B580 Graphics,ONNX DirectML,21936,34792,14172
545395,"Sat, 08 Aug 2026 05:14:24 +0000",iPad Pro 11-inch (M4),Apple M4,Core ML CPU,5391,8549,6740
545396,"Sat, 08 Aug 2026 05:14:42 +0000","iPad17,1",ARM,Core ML CPU,5611,8994,6988
545397,"Sat, 08 Aug 2026 05:16:23 +0000","iPad17,1",ARM,Core ML Neural Engine,5582,41675,58936
545398,"Sat, 08 Aug 2026 05:23:43 +0000",ASUS System Product Name,Intel(R) AI Boost,OpenVINO NPU,6360,10579,16429
545399,"Sat, 08 Aug 2026 05:28:28 +0000",ASUS System Product Name,Intel(R) AI Boost,OpenVINO NPU,9636,10588,16527
545400,"Sat, 08 Aug 2026 05:38:42 +0000",iPhone Air,Apple A19 Pro,Core ML CPU,5215,8325,6603
545401,"Sat, 08 Aug 2026 06:00:13 +0000",samsung SM-S948N,Qualcomm ARMv8,TensorFlow Lite CPU,864,1945,3099
545402,"Sat, 08 Aug 2026 06:04:31 +0000","Micro-Star International Co., Ltd. MS-7E32",Intel(R) Core(TM) Ultra 7 265K,ONNX CPU,7010,2645,11760
545403,"Sat, 08 Aug 2026 06:06:36 +0000",samsung SM-S948N,Qualcomm ARMv8,TensorFlow Lite QNN,411,29199,71951
545404,"Sat, 08 Aug 2026 06:07:09 +0000","Micro-Star International Co., Ltd. MS-7C91",AMD Ryzen 9 5950X,ONNX CPU,3370,1324,5542
545405,"Sat, 08 Aug 2026 06:11:54 +0000","iPad16,8",ARM,Core ML Neural Engine,5197,38545,54754
545406,"Sat, 08 Aug 2026 06:14:58 +0000",samsung SM-S948N,Qualcomm ARMv8,TensorFlow Lite NNAPI,599,570,1296
545407,"Sat, 08 Aug 2026 06:17:07 +0000",samsung SM-S948N,Qualcomm ARMv8,TensorFlow Lite GPU,2300,3592,2974
545408,"Sat, 08 Aug 2026 06:23:14 +0000",B450M-HDV R4.0,AMD Radeon RX 7600,ONNX DirectML,18491,22412,15140
545409,"Sat, 08 Aug 2026 06:23:33 +0000",iPhone 17 Pro Max,Apple A19 Pro,Core ML GPU,9781,17848,19621
545410,"Sat, 08 Aug 2026 06:25:52 +0000",iPhone 17 Pro Max,Apple A19 Pro,Core ML GPU,9781,17848,19621
545411,"Sat, 08 Aug 2026 06:26:42 +0000",ASRock X670E Taichi,AMD Radeon AI PRO R9700,ONNX DirectML,33634,45251,29494
545412,"Sat, 08 Aug 2026 06:28:50 +0000",B450M-HDV R4.0,AMD Ryzen 5 5600GT,ONNX CPU,2677,1196,4185
545413,"Sat, 08 Aug 2026 06:31:05 +0000","Micro-Star International Co., Ltd. MS-7C91",NVIDIA GeForce RTX 4090,ONNX DirectML,34881,46738,26971
545414,"Sat, 08 Aug 2026 06:33:49 +0000",iPhone 17 Pro,Apple A19 Pro,Core ML CPU,5342,8449,6728
545415,"Sat, 08 Aug 2026 06:36:06 +0000","Micro-Star International Co., Ltd. MS-7E32",NVIDIA GeForce RTX 5070,ONNX DirectML,27745,48213,21241
545416,"Sat, 08 Aug 2026 06:37:55 +0000",iPhone 17 Pro,Apple A19 Pro,Core ML GPU,9945,18768,20192
545417,"Sat, 08 Aug 2026 06:44:26 +0000",Dell Inc. Dell G15 5530,Intel Core i5-13450HX,ONNX CPU,2559,1178,5194
545418,"Sat, 08 Aug 2026 07:02:14 +0000","Micro-Star International Co., Ltd. MS-7C91",NVIDIA GeForce RTX 4090,ONNX DirectML,37183,50622,28149
545419,"Sat, 08 Aug 2026 07:04:27 +0000",Google Google Pixelbook Go,placeholder,TensorFlow Lite CPU,15,15,8
545420,"Sat, 08 Aug 2026 07:07:22 +0000","Micro-Star International Co., Ltd. MS-7C91",AMD Ryzen 9 5950X 16-Core Processor,OpenVINO CPU,6504,6413,8798
545421,"Sat, 08 Aug 2026 07:08:32 +0000",iPhone 13,Apple A15 Bionic,Core ML CPU,3306,6010,4863
545422,"Sat, 08 Aug 2026 07:11:51 +0000","Gigabyte Technology Co., Ltd. B650M GAMING WIFI",AMD Ryzen 5 7600X,ONNX CPU,4469,2026,8770
545423,"Sat, 08 Aug 2026 07:13:40 +0000","Gigabyte Technology Co., Ltd. B650M GAMING WIFI",NVIDIA GeForce RTX 5060,ONNX DirectML,20617,37629,16142
545424,"Sat, 08 Aug 2026 07:21:59 +0000",Dell Inc. Latitude 7420,Intel Core i5-1135G7,ONNX CPU,2113,947,4546
545425,"Sat, 08 Aug 2026 07:25:56 +0000","Gigabyte Technology Co., Ltd. B850 GAMING X WIFI6E",AMD Ryzen 7 7700X,ONNX CPU,4320,1940,8346
545426,"Sat, 08 Aug 2026 07:29:22 +0000",Dell Inc. Latitude 7420,Intel Core i5-1135G7,ONNX CPU,2029,980,4290
545427,"Sat, 08 Aug 2026 07:30:00 +0000",realme RMX5270,ARM ARMv8,TensorFlow Lite CPU,550,942,1060
545428,"Sat, 08 Aug 2026 07:35:04 +0000",Dell Inc. Latitude 7420,Intel Core i5-1135G7,ONNX CPU,2022,937,4283
545429,"Sat, 08 Aug 2026 07:38:27 +0000",Samsung Galaxy S23 Ultra,Qualcomm Snapdragon 8 Gen 2,TensorFlow Lite CPU,1878,2297,3241
545430,"Sat, 08 Aug 2026 07:39:51 +0000",iPhone 14 Pro Max,Apple A16 Bionic,Core ML Neural Engine,3629,22514,26439
545431,"Sat, 08 Aug 2026 07:43:15 +0000",iPhone 14 Pro Max,Apple A16 Bionic,Core ML CPU,3610,6572,5347
545432,"Sat, 08 Aug 2026 07:43:30 +0000","Micro-Star International Co., Ltd. MS-7E07",Intel Core i9-14900KF,ONNX CPU,5139,1738,8893
545433,"Sat, 08 Aug 2026 07:45:47 +0000","Micro-Star International Co., Ltd. MS-7E07",NVIDIA GeForce RTX 5070 Ti,ONNX DirectML,33528,57028,25847
545434,"Sat, 08 Aug 2026 07:48:51 +0000","Micro-Star International Co., Ltd. MS-7E07",Intel(R) Core(TM) i9-14900KF,OpenVINO CPU,5768,5714,14066
545435,"Sat, 08 Aug 2026 07:59:21 +0000",iPhone 15 Pro Max,Apple A17 Pro,Core ML CPU,3804,7061,5802
545436,"Sat, 08 Aug 2026 08:06:08 +0000",iPad Pro 11-inch (2nd generation),Apple A12Z Bionic,Core ML CPU,1042,1606,1360
545437,"Sat, 08 Aug 2026 08:20:20 +0000",Dell Inc. Latitude 7420,Intel Core i5-1135G7,ONNX CPU,2153,964,4598
545438,"Sat, 08 Aug 2026 08:22:15 +0000",Dell Inc. Latitude 7420,Intel Core i5-1135G7,ONNX CPU,2064,962,4436
545439,"Sat, 08 Aug 2026 08:26:48 +0000",iPhone 13 mini,Apple A15 Bionic,Core ML CPU,3358,6019,4898
545440,"Sat, 08 Aug 2026 08:28:35 +0000",iPad Pro 13-inch (M4),Apple M4,Core ML CPU,5143,8478,6780
545441,"Sat, 08 Aug 2026 08:30:41 +0000",Dell Inc. Latitude 7420,Intel Core i5-1135G7,ONNX CPU,2122,982,4433
545442,"Sat, 08 Aug 2026 08:30:52 +0000",iPad Pro 13-inch (M4),Apple M4,Core ML Neural Engine,5125,38513,54944
545443,"Sat, 08 Aug 2026 08:34:12 +0000",samsung SM-S938B,Qualcomm ARMv8,TensorFlow Lite CPU,2252,2266,3637
545444,"Sat, 08 Aug 2026 08:39:17 +0000",ASUS System Product Name,AMD Ryzen 7 9700X,ONNX CPU,7544,3212,13249
545445,"Sat, 08 Aug 2026 08:45:25 +0000",Samsung Galaxy S23,Qualcomm Snapdragon 8 Gen 2,TensorFlow Lite CPU,2039,2557,3573
545446,"Sat, 08 Aug 2026 08:59:01 +0000","iPhone18,5",ARM,Core ML CPU,4135,6686,5462
545447,"Sat, 08 Aug 2026 09:01:48 +0000",Samsung Galaxy S23,Qualcomm Snapdragon 8 Gen 2,TensorFlow Lite GPU,1318,1997,1572
545448,"Sat, 08 Aug 2026 09:02:05 +0000","iPhone18,5",ARM,Core ML GPU,7339,14065,12772
545449,"Sat, 08 Aug 2026 09:04:06 +0000","iPhone18,5",ARM,Core ML Neural Engine,4044,32226,44764
545450,"Sat, 08 Aug 2026 09:04:32 +0000",ASUS System Product Name,NVIDIA GeForce RTX 5060 Ti,ONNX DirectML,24296,46662,18850
545451,"Sat, 08 Aug 2026 09:04:35 +0000",iPhone 17 Pro Max,Apple A19 Pro,Core ML CPU,5344,8467,6719
545452,"Sat, 08 Aug 2026 09:04:37 +0000","Micro-Star International Co., Ltd. MS-7E47",NVIDIA GeForce GTX 1650,ONNX DirectML,6870,5729,4840
545453,"Sat, 08 Aug 2026 09:05:31 +0000","Micro-Star International Co., Ltd. MS-7D14",Intel(R) Arc(TM) B570 Graphics,ONNX DirectML,13469,20414,9820
545454,"Sat, 08 Aug 2026 09:09:53 +0000","Micro-Star International Co., Ltd. MS-7D14",Intel(R) Arc(TM) B570 Graphics (dGPU),OpenVINO GPU,17644,35671,38096
545455,"Sat, 08 Aug 2026 09:14:38 +0000",Dell Inc. Latitude 7420,Intel Core i5-1135G7,ONNX CPU,1999,967,4434
545456,"Sat, 08 Aug 2026 09:20:10 +0000",Dell Inc. Latitude 7420,Intel Core i5-1135G7,ONNX CPU,2058,946,4352
545457,"Sat, 08 Aug 2026 09:24:56 +0000",Dell Inc. Latitude 7420,Intel Core i5-1135G7,ONNX CPU,2220,1005,4596
545458,"Sat, 08 Aug 2026 09:32:03 +0000",Micro Computer (HK) Tech Limited N5 PRO,AMD Ryzen AI 9 HX PRO 370 w/ Radeon 890M,ONNX CPU,3620,1747,7405
545459,"Sat, 08 Aug 2026 09:35:01 +0000",Default string Default string,AMD RYZEN AI MAX+ 395 w/ Radeon 8060S,OpenVINO CPU,6915,6660,18711
545460,"Sat, 08 Aug 2026 10:08:06 +0000",iPhone 17 Pro Max,Apple A19 Pro,Core ML CPU,5510,10054,7404
545461,"Sat, 08 Aug 2026 10:09:28 +0000",iPhone 17 Pro Max,Apple A19 Pro,Core ML GPU,9901,18141,19845
545462,"Sat, 08 Aug 2026 10:11:05 +0000",iPhone 17 Pro Max,Apple A19 Pro,Core ML Neural Engine,5445,39934,57751
545463,"Sat, 08 Aug 2026 10:18:18 +0000",ASUS System Product Name,Intel Core i7-10700KF,ONNX CPU,4292,1736,5564
545464,"Sat, 08 Aug 2026 10:21:15 +0000",Dell Inc. Latitude 7420,Intel Core i5-1135G7,ONNX CPU,2184,1002,4524
545465,"Sat, 08 Aug 2026 10:22:40 +0000",LENOVO 83DH,AMD Ryzen 7 8845HS,ONNX CPU,3731,1721,7921
545466,"Sat, 08 Aug 2026 10:24:58 +0000",LENOVO 83DH,NVIDIA GeForce RTX 4060 Laptop GPU,ONNX DirectML,16841,29312,13308
545467,"Sat, 08 Aug 2026 10:26:38 +0000",Dell Inc. Latitude 7420,Intel Core i5-1135G7,ONNX CPU,2082,945,4354
545468,"Sat, 08 Aug 2026 10:27:55 +0000",ASUS System Product Name,AMD Radeon RX 6700 XT,ONNX DirectML,20602,22571,15901
545469,"Sat, 08 Aug 2026 10:34:30 +0000",Dell Inc. Latitude 7420,Intel Core i5-1135G7,ONNX CPU,2203,1014,4567
545470,"Sat, 08 Aug 2026 10:35:28 +0000",Xiaomi Poco F6,Qualcomm Snapdragon 8s Gen 3,TensorFlow Lite GPU,1296,2015,1665
545471,"Sat, 08 Aug 2026 10:37:07 +0000",TCL T951K,ARM ARMv8,TensorFlow Lite GPU,570,776,643
545472,"Sat, 08 Aug 2026 10:37:18 +0000",TCL T807D,ARM ARMv8,TensorFlow Lite GPU,519,749,642
545473,"Sat, 08 Aug 2026 10:39:41 +0000",LENOVO TB520FU,ARM ARMv8,TensorFlow Lite CPU,2576,2991,4074
545474,"Sat, 08 Aug 2026 10:42:19 +0000",LENOVO TB520FU,ARM ARMv8,TensorFlow Lite GPU,2035,3196,2476
545475,"Sat, 08 Aug 2026 10:50:49 +0000",LENOVO TB520FU,ARM ARMv8,TensorFlow Lite QNN,410,21530,57298
545476,"Sat, 08 Aug 2026 10:51:07 +0000",LENOVO 82YA,Intel Core i5-13500H,ONNX CPU,3367,1444,6246
545477,"Sat, 08 Aug 2026 11:00:23 +0000","iPad17,2",ARM,Core ML CPU,5587,9127,7031
545478,"Sat, 08 Aug 2026 11:00:29 +0000","iPad17,2",ARM,Core ML CPU,5587,9127,7031
545479,"Sat, 08 Aug 2026 11:02:12 +0000",LENOVO TB520FU,ARM ARMv8,TensorFlow Lite NNAPI,394,386,848
545480,"Sat, 08 Aug 2026 11:02:35 +0000",LENOVO 82YA,NVIDIA GeForce RTX 4060 Laptop GPU,ONNX DirectML,16900,28978,13214
545481,"Sat, 08 Aug 2026 11:03:38 +0000","iPad17,2",ARM,Core ML GPU,14361,25623,27137
545482,"Sat, 08 Aug 2026 11:03:43 +0000","iPad17,2",ARM,Core ML GPU,14361,25623,27137
545483,"Sat, 08 Aug 2026 11:05:24 +0000","Gigabyte Technology Co., Ltd. X870I AORUS PRO ICE",AMD Ryzen 9 9950X3D,ONNX CPU,7636,2809,14271
545484,"Sat, 08 Aug 2026 11:05:33 +0000",LENOVO 82YA,13th Gen Intel(R) Core(TM) i5-13500H,OpenVINO CPU,3207,3119,7083
545485,"Sat, 08 Aug 2026 11:05:43 +0000","iPad17,2",ARM,Core ML Neural Engine,5578,42428,59876
545486,"Sat, 08 Aug 2026 11:05:47 +0000","iPad17,2",ARM,Core ML Neural Engine,5578,42428,59876
545487,"Sat, 08 Aug 2026 11:10:26 +0000","Gigabyte Technology Co., Ltd. X870I AORUS PRO ICE",AMD Ryzen 9 9950X3D 16-Core Processor,OpenVINO CPU,13359,13566,32659
545488,"Sat, 08 Aug 2026 11:11:54 +0000","Gigabyte Technology Co., Ltd. X870I AORUS PRO ICE",AMD Ryzen 9 9950X3D 16-Core Processor,OpenVINO CPU,13311,13384,32411
545489,"Sat, 08 Aug 2026 11:11:54 +0000",iPhone 16 Pro Max,Apple A18 Pro,Core ML Neural Engine,4576,34986,47617
545490,"Sat, 08 Aug 2026 11:14:13 +0000",iPhone 16 Pro,Apple A18 Pro,Core ML CPU,5078,8337,6603
545491,"Sat, 08 Aug 2026 11:14:15 +0000",iPhone 16 Pro,Apple A18 Pro,Core ML CPU,5078,8337,6603
545492,"Sat, 08 Aug 2026 11:16:11 +0000",iPhone 16 Pro Max,Apple A18 Pro,Core ML CPU,4643,8072,6414
545493,"Sat, 08 Aug 2026 11:18:31 +0000","Gigabyte Technology Co., Ltd. X870I AORUS PRO ICE",NVIDIA GeForce RTX 5090,ONNX DirectML,49517,74126,36355
545494,"Sat, 08 Aug 2026 11:18:38 +0000",iPhone 16 Pro,Apple A18 Pro,Core ML GPU,6069,7630,7575
545495,"Sat, 08 Aug 2026 11:18:40 +0000",iPhone 16 Pro,Apple A18 Pro,Core ML GPU,6069,7630,7575
545496,"Sat, 08 Aug 2026 11:21:05 +0000",iPhone 16 Pro,Apple A18 Pro,Core ML Neural Engine,5067,36665,51908
545497,"Sat, 08 Aug 2026 11:21:07 +0000",iPhone 16 Pro,Apple A18 Pro,Core ML Neural Engine,5067,36665,51908
545498,"Sat, 08 Aug 2026 11:21:48 +0000",iPhone 16 Pro Max,Apple A18 Pro,Core ML CPU,4643,8072,6414
545499,"Sat, 08 Aug 2026 11:24:02 +0000",iPhone 16 Pro Max,Apple A18 Pro,Core ML GPU,7118,8067,7691
545500,"Sat, 08 Aug 2026 11:24:06 +0000",iPhone 16 Pro Max,Apple A18 Pro,Core ML GPU,7118,8067,7691
545501,"Sat, 08 Aug 2026 11:24:36 +0000","Mac17,8",Apple M5 Pro,Core ML GPU,21771,37201,36408
545502,"Sat, 08 Aug 2026 11:24:51 +0000","Gigabyte Technology Co., Ltd. X870I AORUS PRO ICE",NVIDIA GeForce RTX 5090,ONNX DirectML,49577,74049,36308
545503,"Sat, 08 Aug 2026 11:25:57 +0000",iPhone 16 Pro Max,Apple A18 Pro,Core ML Neural Engine,4583,35062,47925
545504,"Sat, 08 Aug 2026 11:26:30 +0000","Mac17,8",Apple M5 Pro,Core ML Neural Engine,5305,47323,63836
545505,"Sat, 08 Aug 2026 11:26:50 +0000",Xiaomi 2602BPC18G,ARM ARMv8,TensorFlow Lite CPU,985,1002,1386
545506,"Sat, 08 Aug 2026 11:27:59 +0000","Mac17,8",Apple M5 Pro,Core ML CPU,5380,9330,7234
545507,"Sat, 08 Aug 2026 11:28:16 +0000",iPhone 16 Pro Max,Apple A18 Pro,Core ML Neural Engine,4583,35062,47925
545508,"Sat, 08 Aug 2026 11:32:07 +0000",Xiaomi 2602BPC18G,ARM ARMv8,TensorFlow Lite GPU,1263,1642,1409
545509,"Sat, 08 Aug 2026 11:33:56 +0000",Dell Inc. Latitude 7420,Intel Core i5-1135G7,ONNX CPU,2111,954,4425
545510,"Sat, 08 Aug 2026 11:36:53 +0000",Dell Inc. Latitude 7420,Intel Core i5-1135G7,ONNX CPU,2051,978,4435
545511,"Sat, 08 Aug 2026 11:38:38 +0000","Mac17,2",Apple M5,Core ML CPU,5600,9089,7030
545512,"Sat, 08 Aug 2026 11:39:13 +0000",Xiaomi 2602BPC18G,ARM ARMv8,TensorFlow Lite NNAPI,1058,7369,10164
545513,"Sat, 08 Aug 2026 11:41:02 +0000","Mac17,2",Apple M5,Core ML GPU,14857,28186,28319
545514,"Sat, 08 Aug 2026 11:42:21 +0000",iPhone 16 Pro,Apple A18 Pro,Core ML CPU,4600,8029,6345
545515,"Sat, 08 Aug 2026 11:43:02 +0000","Mac17,2",Apple M5,Core ML Neural Engine,5610,42534,61169
545516,"Sat, 08 Aug 2026 11:44:33 +0000","Mac17,2",Apple M5,Core ML CPU,5619,9165,7088
545517,"Sat, 08 Aug 2026 11:44:41 +0000",iPhone 16 Pro,Apple A18 Pro,Core ML GPU,6862,7955,7855
545518,"Sat, 08 Aug 2026 11:46:02 +0000",iPhone 16 Pro,Apple A18 Pro,Core ML GPU,6862,7955,7855
545519,"Sat, 08 Aug 2026 11:52:03 +0000",Xiaomi Poco F7,Qualcomm Snapdragon 8s Gen 4,TensorFlow Lite QNN,302,303,47720
545520,"Sat, 08 Aug 2026 12:10:25 +0000",OPPO OPD2515,Qualcomm ARMv8,TensorFlow Lite CPU,2193,3899,5794
545521,"Sat, 08 Aug 2026 12:14:44 +0000",ASUS System Product Name,AMD Ryzen 5 9600X,ONNX CPU,6660,2987,11770
545522,"Sat, 08 Aug 2026 12:15:52 +0000","Gigabyte Technology Co., Ltd. B850 GAMING X WIFI6E",AMD Ryzen 7 9700X,ONNX CPU,6528,2610,11663
545523,"Sat, 08 Aug 2026 12:16:21 +0000",Dell Inc. Latitude 7420,Intel Core i5-1135G7,ONNX CPU,2053,963,4357
545524,"Sat, 08 Aug 2026 12:17:38 +0000","Gigabyte Technology Co., Ltd. B850 GAMING X WIFI6E",AMD Radeon RX 9070 XT,ONNX DirectML,35827,50541,31395
545525,"Sat, 08 Aug 2026 12:19:16 +0000","Gigabyte Technology Co., Ltd. B850 GAMING X WIFI6E",AMD Ryzen 7 9700X,ONNX CPU,6985,2912,12512
545526,"Sat, 08 Aug 2026 12:24:58 +0000",HONOR BCC-N,Intel(R) Core(TM) Ultra X7 358H,ONNX CPU,4525,1885,8707
545527,"Sat, 08 Aug 2026 12:30:01 +0000",OnePlus PKX110,Qualcomm ARMv8,TensorFlow Lite CPU,2316,3216,4259
545528,"Sat, 08 Aug 2026 12:31:18 +0000",HONOR BCC-N,Intel(R) AI Boost,OpenVINO NPU,5122,36051,54901
545529,"Sat, 08 Aug 2026 12:33:23 +0000",iPhone 14 Pro Max,Apple A16 Bionic,Core ML CPU,3608,6520,5342
545530,"Sat, 08 Aug 2026 12:33:28 +0000",OnePlus PKX110,Qualcomm ARMv8,TensorFlow Lite GPU,2817,4485,3787
545531,"Sat, 08 Aug 2026 12:34:34 +0000",OPPO OPD2515,Qualcomm ARMv8,TensorFlow Lite GPU,1804,2429,2079
545532,"Sat, 08 Aug 2026 12:34:37 +0000",HONOR BCC-N,Intel(R) Arc(TM) B390 GPU (iGPU),OpenVINO GPU,18624,46515,56614
545533,"Sat, 08 Aug 2026 12:38:51 +0000",Infinix ZERO BOOK 13,Intel Core i9-13900H,ONNX CPU,3689,1505,6909
545534,"Sat, 08 Aug 2026 12:43:19 +0000",Google Pixel 10 Pro,Google Tensor G5,TensorFlow Lite CPU,1538,1805,2290
545535,"Sat, 08 Aug 2026 12:43:46 +0000",iPhone 17 Pro Max,Apple A19 Pro,Core ML Neural Engine,4912,33687,48754
545536,"Sat, 08 Aug 2026 12:47:30 +0000",OPPO OPD2515,Qualcomm ARMv8,TensorFlow Lite NNAPI,332,333,740
545537,"Sat, 08 Aug 2026 12:51:44 +0000","Mac17,2",Apple M5,Core ML CPU,5260,8646,6867
545538,"Sat, 08 Aug 2026 12:51:46 +0000","MacBook Air (13-inch, 2025)",Apple M4,Core ML CPU,5036,8383,6701
545539,"Sat, 08 Aug 2026 12:53:17 +0000",Shuttle Inc. SX79R,Radeon RX 560 XT,ONNX DirectML,5971,6167,4322
545540,"Sat, 08 Aug 2026 12:55:48 +0000",Xiaomi 2602BPC18I,ARM ARMv8,TensorFlow Lite NNAPI,1006,6722,9108
545541,"Sat, 08 Aug 2026 12:58:59 +0000",Xiaomi 2602BPC18I,ARM ARMv8,TensorFlow Lite GPU,1274,1671,1363
545542,"Sat, 08 Aug 2026 13:00:20 +0000",OnePlus PKX110,Qualcomm ARMv8,TensorFlow Lite NNAPI,159,176,328
545543,"Sat, 08 Aug 2026 13:03:00 +0000",iPad Pro 11-inch (M4),Apple M4,Core ML CPU,5392,8478,6745
545544,"Sat, 08 Aug 2026 13:03:02 +0000",iPad Pro 11-inch (M4),Apple M4,Core ML CPU,5392,8478,6745
545545,"Sat, 08 Aug 2026 13:05:03 +0000",iPad Pro 11-inch (M4),Apple M4,Core ML GPU,10678,12554,11945
545546,"Sat, 08 Aug 2026 13:05:07 +0000",iPad Pro 11-inch (M4),Apple M4,Core ML GPU,10678,12554,11945
545547,"Sat, 08 Aug 2026 13:05:36 +0000",HP HP OmniBook 3 Laptop 14-hw0xxx,AMD Ryzen 5 230 w/ Radeon 760M Graphics,ONNX CPU,2881,1417,6161
545548,"Sat, 08 Aug 2026 13:06:01 +0000",HP HP EliteBook X G2a 14 inch Notebook Next Gen AI PC,AMD Ryzen AI 5 435 w/ Radeon 840M,ONNX CPU,2075,1214,5494
545549,"Sat, 08 Aug 2026 13:06:47 +0000",iPad Pro 11-inch (M4),Apple M4,Core ML Neural Engine,5339,34907,48243
545550,"Sat, 08 Aug 2026 13:06:53 +0000",iPad Pro 11-inch (M4),Apple M4,Core ML Neural Engine,5339,34907,48243
545551,"Sat, 08 Aug 2026 13:09:31 +0000",Shuttle Inc. SX79R,Intel Xeon E5-1650,ONNX CPU,1162,541,1099
545552,"Sat, 08 Aug 2026 13:10:36 +0000",iPhone 17 Pro Max,Apple A19 Pro,Core ML CPU,5256,9871,7183
545553,"Sat, 08 Aug 2026 13:10:52 +0000",iPhone 17 Pro Max,Apple A19 Pro,Core ML CPU,5256,9871,7183
545554,"Sat, 08 Aug 2026 13:11:27 +0000",Shuttle Inc. SX79R,Radeon RX 560 XT,ONNX DirectML,5967,6166,4300
545555,"Sat, 08 Aug 2026 13:14:11 +0000",Shuttle Inc. SX79R,Radeon RX 560 XT,ONNX DirectML,5976,6160,4304
545556,"Sat, 08 Aug 2026 13:14:20 +0000",HP Victus by HP Gaming Laptop 15-fa2xxx,Intel(R) Core(TM) 5 210H,ONNX CPU,2723,1377,5574
545557,"Sat, 08 Aug 2026 13:15:58 +0000",iPhone 17 Pro Max,Apple A19 Pro,Core ML GPU,9668,17950,19668
545558,"Sat, 08 Aug 2026 13:16:00 +0000",Shuttle Inc. SX79R,Radeon RX 560 XT,ONNX DirectML,5983,6196,4306
545559,"Sat, 08 Aug 2026 13:17:20 +0000",BOSGAME LIMITED VTA-439,AMD Ryzen AI 9 HX 470 w/ Radeon 890M,ONNX CPU,3383,1751,6835
545560,"Sat, 08 Aug 2026 13:17:46 +0000",iPhone 17 Pro Max,Apple A19 Pro,Core ML GPU,9774,18151,19659
545561,"Sat, 08 Aug 2026 13:17:52 +0000",iPhone 17 Pro Max,Apple A19 Pro,Core ML GPU,9774,18151,19659
545562,"Sat, 08 Aug 2026 13:17:58 +0000",ECS A320AM4-M3,AMD Radeon RX 9060 XT,ONNX DirectML,15653,22019,13418
545563,"Sat, 08 Aug 2026 13:19:38 +0000",iPhone 17 Pro Max,Apple A19 Pro,Core ML Neural Engine,5392,40577,59463
545564,"Sat, 08 Aug 2026 13:19:46 +0000",iPhone 17 Pro Max,Apple A19 Pro,Core ML Neural Engine,5392,40577,59463
545565,"Sat, 08 Aug 2026 13:21:01 +0000",HP HP OmniBook 3 Laptop 14-hw0xxx,AMD Radeon(TM) 760M Graphics,ONNX DirectML,4639,7563,3396
545566,"Sat, 08 Aug 2026 13:21:14 +0000",HP HP EliteBook X G2a 14 inch Notebook Next Gen AI PC,AMD Radeon(TM) 840M Graphics,ONNX DirectML,3996,5659,3724
545567,"Sat, 08 Aug 2026 13:21:20 +0000",BOSGAME LIMITED VTA-439,AMD Radeon(TM) 890M Graphics,ONNX DirectML,5215,9974,3747
545568,"Sat, 08 Aug 2026 13:23:25 +0000",Supermicro X10SAE,NVIDIA GeForce RTX 5080,ONNX DirectML,23717,33913,19503
545569,"Sat, 08 Aug 2026 13:23:58 +0000",BOSGAME LIMITED VTA-439,AMD Ryzen AI 9 HX 470 w/ Radeon 890M,OpenVINO CPU,5043,5118,14953
545570,"Sat, 08 Aug 2026 13:24:02 +0000",LENOVO 83JG,AMD Radeon 780M Graphics,ONNX DirectML,5180,9079,3629
545571,"Sat, 08 Aug 2026 13:24:46 +0000",LENOVO 21R0,NVIDIA GeForce RTX 5060 Laptop GPU,ONNX DirectML,18988,36859,14631
545572,"Sat, 08 Aug 2026 13:24:59 +0000",iPhone 17 Pro Max,Apple A19 Pro,Core ML CPU,5378,8580,6769
545573,"Sat, 08 Aug 2026 13:25:19 +0000",iPhone 12 Pro Max,Apple A14 Bionic,Core ML CPU,1705,3025,2460
545574,"Sat, 08 Aug 2026 13:26:01 +0000",iPhone 12 Pro Max,Apple A14 Bionic,Core ML CPU,1705,3025,2460
545575,"Sat, 08 Aug 2026 13:26:13 +0000","Gigabyte Technology Co., Ltd. B660 GAMING X AX DDR4",NVIDIA GeForce RTX 3060 Ti,ONNX DirectML,17437,29958,11490
545576,"Sat, 08 Aug 2026 13:26:20 +0000",LENOVO 83JG,NVIDIA GeForce RTX 5060 Laptop GPU,ONNX DirectML,16515,30535,13313
545577,"Sat, 08 Aug 2026 13:31:08 +0000",LENOVO 83TE,Intel(R) Core(TM) Ultra 7 355,ONNX CPU,3330,1455,6659
545578,"Sat, 08 Aug 2026 13:31:16 +0000",iPhone 17 Pro Max,Apple A19 Pro,Core ML CPU,5358,8464,6702
545579,"Sat, 08 Aug 2026 13:31:22 +0000",ASUS System Product Name,AMD Ryzen 5 9600X,ONNX CPU,6635,2969,11776
545580,"Sat, 08 Aug 2026 13:33:00 +0000",ASUS System Product Name,AMD Radeon RX 9060 XT,ONNX DirectML,25303,38817,21893
545581,"Sat, 08 Aug 2026 13:34:12 +0000",LENOVO 83TE,Intel(R) Graphics,ONNX DirectML,6358,12634,4213
545582,"Sat, 08 Aug 2026 13:39:08 +0000",Acer Nitro AN515-57,Intel Core i9-11900H,ONNX CPU,2694,1237,6137
545583,"Sat, 08 Aug 2026 13:39:44 +0000",samsung SM-A075F,ARM ARMv8,TensorFlow Lite CPU,514,890,985
545584,"Sat, 08 Aug 2026 13:41:19 +0000",Shuttle Inc. SX79R,Radeon RX 470 Series,ONNX DirectML,5163,3983,3960
545585,"Sat, 08 Aug 2026 13:41:47 +0000",Acer Nitro AN515-57,Intel Core i9-11900H,ONNX CPU,2624,1179,6018
545586,"Sat, 08 Aug 2026 13:50:36 +0000",iPhone 17 Pro,Apple A19 Pro,Core ML CPU,5337,8408,6725
545587,"Sat, 08 Aug 2026 13:52:34 +0000","Micro-Star International Co., Ltd. Prestige 16 AI+ C3MTG",Intel(R) AI Boost,OpenVINO NPU,4210,37311,59537
545588,"Sat, 08 Aug 2026 13:53:15 +0000",iPhone 17 Pro,Apple A19 Pro,Core ML GPU,9576,18357,19674
545589,"Sat, 08 Aug 2026 13:54:56 +0000",iPhone 17 Pro,Apple A19 Pro,Core ML Neural Engine,5197,38146,52799
545590,"Sat, 08 Aug 2026 13:55:47 +0000","Micro-Star International Co., Ltd. Prestige 16 AI+ C3MTG",Intel(R) Arc(TM) B390 GPU (iGPU),OpenVINO GPU,15346,37766,45234
545591,"Sat, 08 Aug 2026 13:56:15 +0000",samsung SM-A075F,ARM ARMv8,TensorFlow Lite GPU,293,468,394
545592,"Sat, 08 Aug 2026 14:03:24 +0000","iPad16,8",ARM,Core ML CPU,5145,8504,6756
545593,"Sat, 08 Aug 2026 14:04:47 +0000","iPad16,8",ARM,Core ML CPU,5170,8436,6747
545594,"Sat, 08 Aug 2026 14:05:26 +0000","MacBook Air (13-inch, 2025)",Apple M4,Core ML CPU,2837,4638,3641
545595,"Sat, 08 Aug 2026 14:05:53 +0000","Mac17,2",Apple M5,Core ML CPU,5597,9079,7066
545596,"Sat, 08 Aug 2026 14:07:52 +0000","MacBook Air (13-inch, 2025)",Apple M4,Core ML CPU,5131,8466,6782
545597,"Sat, 08 Aug 2026 14:08:16 +0000","Mac17,2",Apple M5,Core ML GPU,14827,27849,28277
545598,"Sat, 08 Aug 2026 14:10:06 +0000","Mac17,2",Apple M5,Core ML Neural Engine,5592,42833,60562
545599,"Sat, 08 Aug 2026 14:10:15 +0000","MacBook Air (13-inch, 2025)",Apple M4,Core ML GPU,10904,12845,11387
545600,"Sat, 08 Aug 2026 14:11:41 +0000",Huawei Mate 60 Pro,HiSilicon Kirin 9000S,TensorFlow Lite CPU,662,1241,1143
545601,"Sat, 08 Aug 2026 14:11:58 +0000","MacBook Air (13-inch, 2025)",Apple M4,Core ML Neural Engine,5101,38363,54478
545602,"Sat, 08 Aug 2026 14:14:38 +0000",Samsung Galaxy S22 Ultra,Qualcomm Snapdragon 8 Gen 1,TensorFlow Lite CPU,1100,1234,1722
545603,"Sat, 08 Aug 2026 14:16:49 +0000","Micro-Star International Co., Ltd. Prestige 16 AI+ C3MTG",Intel(R) Arc(TM) B390 GPU,ONNX DirectML,10052,16339,7187
545604,"Sat, 08 Aug 2026 14:17:38 +0000",Realme GT 7 Pro,Qualcomm Snapdragon 8 Elite,TensorFlow Lite GPU,2654,4242,3453
545605,"Sat, 08 Aug 2026 14:22:09 +0000",Huawei Mate 60 Pro,HiSilicon Kirin 9000S,TensorFlow Lite GPU,334,405,364
545606,"Sat, 08 Aug 2026 14:25:21 +0000",Samsung Galaxy S22 Ultra,Qualcomm Snapdragon 8 Gen 1,TensorFlow Lite GPU,985,1598,1443
545607,"Sat, 08 Aug 2026 14:31:29 +0000",iPhone 17 Pro,Apple A19 Pro,Core ML CPU,5440,8594,6815
545608,"Sat, 08 Aug 2026 14:32:55 +0000",Realme GT 7 Pro,Qualcomm Snapdragon 8 Elite,TensorFlow Lite GPU,2524,4032,3451
545609,"Sat, 08 Aug 2026 14:33:42 +0000","MacPro7,1",Intel Core i9-14900K,Core ML CPU,2051,1412,854
545610,"Sat, 08 Aug 2026 14:34:06 +0000",vivo X200 Ultra,Qualcomm Snapdragon 8 Elite,TensorFlow Lite CPU,2117,2974,3844
545611,"Sat, 08 Aug 2026 14:42:43 +0000",iPad (11th generation),Apple A16,Core ML Neural Engine,3691,22472,25715
545612,"Sat, 08 Aug 2026 14:43:55 +0000",Acer Aspire A324-53,Intel(R) Core(TM) 3 100U,ONNX CPU,1616,809,3683
545613,"Sat, 08 Aug 2026 14:44:22 +0000",iPad (11th generation),Apple A16,Core ML Neural Engine,3676,22066,25345
545614,"Sat, 08 Aug 2026 14:48:49 +0000",iPhone 16 Pro,Apple A18 Pro,Core ML CPU,4286,7218,6081
545615,"Sat, 08 Aug 2026 14:54:03 +0000",iPad (11th generation),Apple A16,Core ML Neural Engine,3679,22910,25664
545616,"Sat, 08 Aug 2026 14:55:37 +0000",Huawei Mate 60 Pro,HiSilicon Kirin 9000S,TensorFlow Lite NNAPI,237,225,512
545617,"Sat, 08 Aug 2026 14:59:56 +0000",iPhone 16 Pro Max,Apple A18 Pro,Core ML CPU,4648,8124,6488
545618,"Sat, 08 Aug 2026 15:00:15 +0000",iPhone 16 Pro Max,Apple A18 Pro,Core ML CPU,4648,8124,6488
545619,"Sat, 08 Aug 2026 15:08:47 +0000",iPhone 16 Pro Max,Apple A18 Pro,Core ML Neural Engine,4730,34973,47565
545620,"Sat, 08 Aug 2026 15:18:34 +0000",iPad Pro 12.9-inch (4th generation),Apple A12Z Bionic,Core ML CPU,1037,1600,1390
545621,"Sat, 08 Aug 2026 15:24:12 +0000","Micro-Star International Co., Ltd. MS-7C91",AMD Ryzen 5 5600X,ONNX CPU,2624,1280,3956
545622,"Sat, 08 Aug 2026 15:29:48 +0000",OnePlus 13,Qualcomm Snapdragon 8 Elite,TensorFlow Lite NNAPI,168,166,384
545623,"Sat, 08 Aug 2026 15:47:05 +0000",Dell Inc. Dell 14S DS14260,Intel(R) AI Boost,OpenVINO NPU,4405,38246,60326
545624,"Sat, 08 Aug 2026 16:00:58 +0000","Micro-Star International Co., Ltd. MS-7E12",AMD Ryzen 7 7800X3D,ONNX CPU,3757,1625,8108
545625,"Sat, 08 Aug 2026 16:08:15 +0000",iPhone 16 Pro,Apple A18 Pro,Core ML CPU,4786,8241,6524
545626,"Sat, 08 Aug 2026 16:23:26 +0000","iPad17,4",ARM,Core ML CPU,5601,9014,6973
545627,"Sat, 08 Aug 2026 16:24:05 +0000",Framework Desktop (AMD Ryzen AI Max 300 Series),AMD Ryzen AI Max+ 395,ONNX CPU,5934,2208,10595
545628,"Sat, 08 Aug 2026 16:38:45 +0000",Xiaomi Poco X7 Pro,Mediatek Dimensity 8400 Ultra,TensorFlow Lite CPU,924,1004,1320
545629,"Sat, 08 Aug 2026 16:42:35 +0000",Xiaomi Poco X7 Pro,Mediatek Dimensity 8400 Ultra,TensorFlow Lite GPU,1036,1410,1103
545630,"Sat, 08 Aug 2026 16:47:10 +0000",Xiaomi Poco X7 Pro,Mediatek Dimensity 8400 Ultra,TensorFlow Lite NNAPI,852,5464,6985
545631,"Sat, 08 Aug 2026 16:57:37 +0000","iPhone18,5",ARM,Core ML Neural Engine,4614,36899,50990
545632,"Sat, 08 Aug 2026 16:57:53 +0000",LENOVO 83DV,Intel Core i7-13650HX,ONNX CPU,2860,1062,5264
545633,"Sat, 08 Aug 2026 16:59:22 +0000","iPhone18,5",ARM,Core ML CPU,4431,7549,5984
545634,"Sat, 08 Aug 2026 17:02:31 +0000","iPhone18,5",ARM,Core ML GPU,7735,15588,16140
545635,"Sat, 08 Aug 2026 17:07:13 +0000",samsung SM-S948B,Qualcomm ARMv8,TensorFlow Lite CPU,2889,4608,6393
545636,"Sat, 08 Aug 2026 17:09:40 +0000",LENOVO 20QQTINDEX,Intel Core i7-9850H,TensorFlow Lite CPU,1418,1424,838
545637,"Sat, 08 Aug 2026 17:12:52 +0000",To Be Filled By O.E.M. B450M Steel Legend,AMD Ryzen 5 5600,TensorFlow Lite CPU,2113,2123,1128
545638,"Sat, 08 Aug 2026 17:13:00 +0000","iPad17,3",ARM,Core ML Neural Engine,5602,41725,58881
545639,"Sat, 08 Aug 2026 17:21:26 +0000",iPad Pro 13-inch (M4),Apple M4,Core ML CPU,5130,8490,6790
545640,"Sat, 08 Aug 2026 17:23:14 +0000",iPad Pro 13-inch (M4),Apple M4,Core ML GPU,10977,12870,12250
545641,"Sat, 08 Aug 2026 17:25:22 +0000",iPad Pro 13-inch (M4),Apple M4,Core ML Neural Engine,5142,38619,55340
545642,"Sat, 08 Aug 2026 17:28:01 +0000",ASUSTeK COMPUTER INC. ProArt P16 H7606WI_H7606WI,AMD Ryzen AI 9 HX 370,ONNX CPU,3456,1662,7835
545643,"Sat, 08 Aug 2026 17:31:13 +0000",ASUSTeK COMPUTER INC. ProArt P16 H7606WI_H7606WI,AMD Radeon(TM) 890M Graphics,ONNX DirectML,7690,13350,6099
545644,"Sat, 08 Aug 2026 17:33:11 +0000",ASUSTeK COMPUTER INC. ProArt P16 H7606WI_H7606WI,NVIDIA GeForce RTX 4070 Laptop GPU,ONNX DirectML,16250,31015,12863
545645,"Sat, 08 Aug 2026 17:35:03 +0000",ASUSTeK COMPUTER INC. ProArt P16 H7606WI_H7606WI,AMD Ryzen AI 9 HX 370 w/ Radeon 890M,OpenVINO CPU,5497,5456,14447
545646,"Sat, 08 Aug 2026 17:35:06 +0000",ASUS System Product Name,Intel Core i7-14700K,ONNX CPU,5658,1883,9664
545647,"Sat, 08 Aug 2026 17:38:11 +0000",Realme 8,MediaTek Helio G95,TensorFlow Lite GPU,40,670,558
545648,"Sat, 08 Aug 2026 17:40:25 +0000",ASUS System Product Name,Intel(R) Core(TM) i7-14700K,OpenVINO CPU,6942,7501,16250
545649,"Sat, 08 Aug 2026 17:44:14 +0000",ASUS System Product Name,NVIDIA GeForce RTX 3080 Ti,ONNX DirectML,23724,36472,14456
545650,"Sat, 08 Aug 2026 17:45:16 +0000",Realme 8,MediaTek Helio G95,TensorFlow Lite CPU,423,732,804
545651,"Sat, 08 Aug 2026 17:50:14 +0000",ASUS System Product Name,NVIDIA GeForce RTX 3080,ONNX DirectML,22789,35519,14086
545652,"Sat, 08 Aug 2026 17:52:07 +0000",ASUS System Product Name,NVIDIA GeForce RTX 3080 Ti,ONNX DirectML,23898,36380,14532
545653,"Sat, 08 Aug 2026 17:52:32 +0000",BOSGAME LIMITED VTA-439,AMD Ryzen AI 9 HX 470 w/ Radeon 890M,ONNX CPU,3436,1757,6879
545654,"Sat, 08 Aug 2026 17:54:47 +0000",ASUS System Product Name,NVIDIA GeForce RTX 3080,ONNX DirectML,23276,36544,14323
545655,"Sat, 08 Aug 2026 17:54:52 +0000",BOSGAME LIMITED VTA-439,AMD Radeon(TM) 890M Graphics,ONNX DirectML,5131,10205,3765
545656,"Sat, 08 Aug 2026 17:56:57 +0000",BOSGAME LIMITED VTA-439,AMD Ryzen AI 9 HX 470 w/ Radeon 890M,OpenVINO CPU,5106,5136,14680
545657,"Sat, 08 Aug 2026 18:07:46 +0000",iPhone 15 Pro Max,Apple A17 Pro,Core ML CPU,3704,7003,5739
545658,"Sat, 08 Aug 2026 18:08:01 +0000",iPhone 15 Pro Max,Apple A17 Pro,Core ML CPU,3704,7003,5739
545659,"Sat, 08 Aug 2026 18:08:03 +0000",DIALN PRODUCTS INC X10ULTRA,ARM Unisoc,TensorFlow Lite CPU,115,212,164
545660,"Sat, 08 Aug 2026 18:10:12 +0000",ASUS System Product Name,Intel(R) Core(TM) Ultra 5 250K Plus,OpenVINO CPU,9133,9358,14194
545661,"Sat, 08 Aug 2026 18:11:46 +0000",Default string Default string,AMD Ryzen 3 PRO 7330U,ONNX CPU,1468,862,2698
545662,"Sat, 08 Aug 2026 18:14:27 +0000",ASUSTeK COMPUTER INC. ASUS TUF Gaming A15 FA506IV_FA506IV,AMD Ryzen 7 4800H,ONNX CPU,2171,1004,2932
545663,"Sat, 08 Aug 2026 18:17:05 +0000",ASUSTeK COMPUTER INC. ASUS TUF Gaming A15 FA506IV_FA506IV,NVIDIA GeForce RTX 2060,ONNX DirectML,9244,16014,6720
545664,"Sat, 08 Aug 2026 18:19:39 +0000",ASUSTeK COMPUTER INC. ASUS TUF Gaming A15 FA506IV_FA506IV,AMD Ryzen 7 4800H with Radeon Graphics,OpenVINO CPU,3089,3118,3921
545665,"Sat, 08 Aug 2026 18:24:46 +0000",B450M Steel Legend,NVIDIA GeForce RTX 5060,ONNX DirectML,14829,23450,12261
545666,"Sat, 08 Aug 2026 18:28:33 +0000",B450M Steel Legend,AMD Ryzen 5 5600,ONNX CPU,2576,1231,4310
545667,"Sat, 08 Aug 2026 18:35:07 +0000","iPad17,4",ARM,Core ML Neural Engine,5553,41513,58614
545668,"Sat, 08 Aug 2026 18:35:36 +0000",To Be Filled By O.E.M. B450M Steel Legend,AMD Ryzen 5 5600,ONNX CPU,2816,849,4721
545669,"Sat, 08 Aug 2026 18:37:02 +0000","iPad17,4",ARM,Core ML CPU,5583,8898,6907
545670,"Sat, 08 Aug 2026 18:39:31 +0000","iPad17,4",ARM,Core ML GPU,14430,25606,27028
545671,"Sat, 08 Aug 2026 18:49:20 +0000",samsung SM-A576W,ARM ARMv8,TensorFlow Lite CPU,1754,2383,3638
545672,"Sat, 08 Aug 2026 18:49:36 +0000",Samsung Galaxy A56,Samsung Exynos 1580,TensorFlow Lite CPU,1484,2006,3155
545673,"Sat, 08 Aug 2026 18:53:37 +0000",Xiaomi Poco F5,Qualcomm Snapdragon 7+ Gen 2,TensorFlow Lite CPU,1098,1859,2610
545674,"Sat, 08 Aug 2026 19:29:18 +0000",Xiaomi 25113PN0EC,Qualcomm ARMv8,TensorFlow Lite CPU,1645,2767,3902
545675,"Sat, 08 Aug 2026 19:32:13 +0000",Xiaomi 25113PN0EC,Qualcomm ARMv8,TensorFlow Lite GPU,1382,2183,1826
545676,"Sat, 08 Aug 2026 19:40:20 +0000",ASRock Z890 Pro-A,Intel(R) Core(TM) Ultra 7 270K Plus,OpenVINO CPU,9335,10006,16815
545677,"Sat, 08 Aug 2026 19:56:07 +0000",realme RMX5270,ARM ARMv8,TensorFlow Lite GPU,345,582,490
545678,"Sat, 08 Aug 2026 20:01:47 +0000",Xiaomi Redmi Note 13,Mediatek Dimensity 6080,TensorFlow Lite CPU,490,824,906
545679,"Sat, 08 Aug 2026 20:04:06 +0000",Acer Swift SFE14-51T,Intel(R) Core(TM) Ultra 9 288V,ONNX CPU,1194,773,2102
545680,"Sat, 08 Aug 2026 20:10:39 +0000",Acer Swift SFE14-51T,Intel(R) AI Boost,OpenVINO NPU,3009,31315,51787
545681,"Sat, 08 Aug 2026 20:34:30 +0000","Mac17,4",Apple M5,Core ML CPU,5545,9017,6909
545682,"Sat, 08 Aug 2026 20:37:54 +0000","Mac17,4",Apple M5,Core ML GPU,14379,25635,27108
545683,"Sat, 08 Aug 2026 20:39:39 +0000",samsung SM-S948U,Qualcomm ARMv8,TensorFlow Lite CPU,2594,4346,6199
545684,"Sat, 08 Aug 2026 20:40:52 +0000","Mac17,4",Apple M5,Core ML Neural Engine,5531,41729,59085
545685,"Sat, 08 Aug 2026 20:41:21 +0000",samsung SM-S948U,Qualcomm ARMv8,TensorFlow Lite GPU,2930,4670,4027
545686,"Sat, 08 Aug 2026 20:42:02 +0000",LENOVO 21QX000LUS,Intel Core Ultra 7 258V,ONNX CPU,2997,1403,6327
545687,"Sat, 08 Aug 2026 20:45:10 +0000",samsung SM-S948U,Qualcomm ARMv8,TensorFlow Lite QNN,745,31745,80396
545688,"Sat, 08 Aug 2026 20:53:57 +0000",LENOVO 21QX000LUS,Intel(R) Core(TM) Ultra 7 258V,OpenVINO CPU,3121,2251,8197
545689,"Sat, 08 Aug 2026 20:55:43 +0000",iPhone 11,Apple A13 Bionic,Core ML CPU,1827,3216,2690
545690,"Sat, 08 Aug 2026 20:56:50 +0000",LENOVO 21QX000LUS,Intel(R) Arc(TM) 140V GPU (16GB) (iGPU),OpenVINO GPU,11984,32375,39547
545691,"Sat, 08 Aug 2026 20:59:52 +0000",LENOVO 21QX000LUS,Intel(R) AI Boost,OpenVINO NPU,3104,25945,40821
545692,"Sat, 08 Aug 2026 21:06:19 +0000","MacBook Pro (14-inch, 2024)",Apple M4 Max,Core ML Neural Engine,4102,31908,44402
545693,"Sat, 08 Aug 2026 21:26:31 +0000",Xiaomi 2511FPC34G,ARM ARMv8,TensorFlow Lite CPU,966,998,1389
545694,"Sat, 08 Aug 2026 21:28:31 +0000",iPad Pro 13-inch (M4),Apple M4,Core ML CPU,5069,8371,6681
545695,"Sat, 08 Aug 2026 21:40:20 +0000",Samsung Galaxy A25,Samsung Exynos 1280,TensorFlow Lite CPU,478,852,974
545696,"Sat, 08 Aug 2026 21:48:20 +0000",Honor Magic8 Pro,Qualcomm Snapdragon 8 Elite Gen 5,TensorFlow Lite CPU,1405,1807,2451
545697,"Sat, 08 Aug 2026 21:50:52 +0000",Google Pixel 10 Pro XL,Google Tensor G5,TensorFlow Lite CPU,2454,3160,4539
545698,"Sat, 08 Aug 2026 21:51:22 +0000",iPhone 17 Pro Max,Apple A19 Pro,Core ML CPU,5587,10124,7477
545699,"Sat, 08 Aug 2026 21:52:26 +0000",iPhone 14 Pro,Apple A16 Bionic,Core ML CPU,3553,6528,5290
545700,"Sat, 08 Aug 2026 21:52:43 +0000",iPhone 17 Pro Max,Apple A19 Pro,Core ML GPU,9956,18343,20025
545701,"Sat, 08 Aug 2026 21:54:01 +0000",iPhone 17 Pro Max,Apple A19 Pro,Core ML Neural Engine,5623,40999,58757
545702,"Sat, 08 Aug 2026 21:54:20 +0000",iPhone 14 Pro,Apple A16 Bionic,Core ML GPU,4422,4810,4562
545703,"Sat, 08 Aug 2026 22:04:38 +0000",samsung SM-F971B,Qualcomm ARMv8,TensorFlow Lite CPU,2408,4064,6076
545704,"Sat, 08 Aug 2026 22:07:42 +0000",ASUSTeK COMPUTER INC. ProArt P16 H7606WP_H7606WP,AMD Ryzen AI 9 HX 370,ONNX CPU,2706,1309,6243
545705,"Sat, 08 Aug 2026 22:08:28 +0000",iPhone 16,Apple A18,Core ML CPU,4600,7872,6288
545706,"Sat, 08 Aug 2026 22:08:38 +0000",iPhone 16,Apple A18,Core ML CPU,4600,7872,6288
545707,"Sat, 08 Aug 2026 22:08:55 +0000",iPhone 17 Pro Max,Apple A19 Pro,Core ML CPU,5429,8659,6842
545708,"Sat, 08 Aug 2026 22:09:27 +0000",iPhone 17 Pro Max,Apple A19 Pro,Core ML CPU,5429,8659,6842
545709,"Sat, 08 Aug 2026 22:15:48 +0000","Mac17,2",Apple M5,Core ML CPU,5636,9051,7071
545710,"Sat, 08 Aug 2026 22:18:20 +0000","Mac17,2",Apple M5,Core ML GPU,14663,27763,28338
545711,"Sat, 08 Aug 2026 22:23:33 +0000",ASRock X870E Taichi,AMD Ryzen 9 9950X3D,ONNX CPU,7391,3017,13544
545712,"Sat, 08 Aug 2026 22:25:46 +0000",ASRock X870E Taichi,NVIDIA GeForce RTX 5090,ONNX DirectML,53106,79118,39076
545713,"Sat, 08 Aug 2026 22:27:36 +0000",ASRock X870E Taichi,AMD Ryzen 9 9950X3D 16-Core Processor,OpenVINO CPU,14357,14104,34250
545714,"Sat, 08 Aug 2026 22:50:18 +0000","Gigabyte Technology Co., Ltd. GA-MA790XT-UD4P",AMD Phenom(tm) II X4 B50 Processor,ONNX CPU,339,248,382
545715,"Sat, 08 Aug 2026 23:01:28 +0000",GMKtec NucBox K8 Plus,AMD Ryzen 7 8845HS,ONNX CPU,3760,1772,7943
545716,"Sat, 08 Aug 2026 23:05:36 +0000",LENOVO 83F1,AMD Ryzen AI 7 350,ONNX CPU,3735,1952,8813
545717,"Sat, 08 Aug 2026 23:05:52 +0000","Gigabyte Technology Co., Ltd. GA-MA790XT-UD4P",AMD Phenom(tm) II X4 B50 Processor,ONNX CPU,343,250,387
545718,"Sat, 08 Aug 2026 23:06:03 +0000","Micro-Star International Co., Ltd. Pulse 16 AI C1VGKG",Intel Core Ultra 7 155H,ONNX CPU,3385,1435,6653
545719,"Sat, 08 Aug 2026 23:10:44 +0000",LENOVO 83F1,AMD Ryzen AI 7 350,ONNX CPU,3075,1763,8100
545720,"Sat, 08 Aug 2026 23:13:46 +0000","Micro-Star International Co., Ltd. Pulse 16 AI C1VGKG",Intel(R) Core(TM) Ultra 7 155H,OpenVINO CPU,2958,2961,7039
545721,"Sat, 08 Aug 2026 23:23:21 +0000",MacBook Air (2022),Apple M2,Core ML CPU,3495,6261,5095
545722,"Sat, 08 Aug 2026 23:42:27 +0000",iPhone 17 Pro,Apple A19 Pro,Core ML Neural Engine,5540,40534,58633
545723,"Sat, 08 Aug 2026 23:51:47 +0000",iPhone 17,Apple A19,Core ML CPU,4754,7914,6378
545724,"Sat, 08 Aug 2026 23:56:38 +0000",iPhone 17,Apple A19,Core ML Neural Engine,4747,37642,51603
545725,"Sun, 09 Aug 2026 00:02:09 +0000",iPhone 14,Apple A15 Bionic,Core ML CPU,3128,5604,4503
545726,"Sun, 09 Aug 2026 00:03:20 +0000",HP HP EliteBook X G2i 14 inch Notebook Next Gen AI PC,Intel(R) Core(TM) Ultra 7 356H,ONNX CPU,3538,1497,6935
545727,"Sun, 09 Aug 2026 00:04:22 +0000",iPhone 16 Pro Max,Apple A18 Pro,Core ML Neural Engine,4597,34984,47918
545728,"Sun, 09 Aug 2026 00:04:37 +0000",iPhone 16 Pro Max,Apple A18 Pro,Core ML Neural Engine,4597,34984,47918
545729,"Sun, 09 Aug 2026 00:25:05 +0000",samsung SM-T227U,ARM MT8768WT,TensorFlow Lite CPU,230,236,296
545730,"Sun, 09 Aug 2026 01:03:53 +0000",ASUSTeK COMPUTER INC. ASUS TUF Gaming A17 FA706IU_FA706IU,AMD Ryzen 7 4800H,ONNX CPU,1702,829,2285
545731,"Sun, 09 Aug 2026 01:04:06 +0000",iPhone 15 Pro Max,Apple A17 Pro,Core ML CPU,4023,7199,5918
545732,"Sun, 09 Aug 2026 01:07:28 +0000","MacBook Pro (16-inch, Nov 2023)",Apple M3 Max,Core ML CPU,3901,5420,4500
545733,"Sun, 09 Aug 2026 01:13:49 +0000",ASUSTeK COMPUTER INC. ASUS TUF Gaming A17 FA706IU_FA706IU,NVIDIA GeForce GTX 1660 Ti,ONNX DirectML,8859,7210,6481
545734,"Sun, 09 Aug 2026 01:16:13 +0000",iPhone 17 Pro Max,Apple A19 Pro,Core ML CPU,5350,8471,6801
545735,"Sun, 09 Aug 2026 01:18:19 +0000",iPad Pro (12.9-inch 2nd Generation),Apple A10X Fusion,Core ML CPU,633,30,29
545736,"Sun, 09 Aug 2026 01:19:23 +0000",HP HP Z2 Mini G1a Workstation Desktop PC,AMD RYZEN AI MAX+ PRO 395 w/ Radeon 8060S,ONNX CPU,6251,2505,10644
545737,"Sun, 09 Aug 2026 01:20:00 +0000","Micro-Star International Co., Ltd. MS-7E24",AMD Ryzen 5 8600G,ONNX CPU,2515,1274,6071
545738,"Sun, 09 Aug 2026 01:21:20 +0000",iPhone 15,Apple A16 Bionic,Core ML CPU,3517,6461,5208
545739,"Sun, 09 Aug 2026 01:21:40 +0000",iPhone 17 Pro Max,Apple A19 Pro,Core ML CPU,5350,8471,6801
545740,"Sun, 09 Aug 2026 01:22:04 +0000",OnePlus CPH2749,Qualcomm ARMv8,TensorFlow Lite CPU,1739,3286,4728
545741,"Sun, 09 Aug 2026 01:24:03 +0000","Micro-Star International Co., Ltd. MS-7E24",AMD Ryzen 5 8600G w/ Radeon 760M Graphics,OpenVINO CPU,5223,5263,14888
545742,"Sun, 09 Aug 2026 01:24:34 +0000",OnePlus CPH2749,Qualcomm ARMv8,TensorFlow Lite GPU,3001,4584,3891
545743,"Sun, 09 Aug 2026 01:25:16 +0000",iPhone 15,Apple A16 Bionic,Core ML GPU,3748,3998,4053
545744,"Sun, 09 Aug 2026 01:28:30 +0000",HP HP Z2 Mini G1a Workstation Desktop PC,AMD RYZEN AI MAX+ PRO 395 w/ Radeon 8060S,OpenVINO CPU,12305,12396,28338
545745,"Sun, 09 Aug 2026 01:29:09 +0000",GEEKOM IT13 Max,Intel Core Ultra 9 185H,ONNX CPU,3530,1439,6605
545746,"Sun, 09 Aug 2026 01:30:45 +0000",HP HP Z2 Mini G1a Workstation Desktop PC,AMD Radeon(TM) 8060S Graphics,ONNX DirectML,25112,35325,20969
545747,"Sun, 09 Aug 2026 01:34:39 +0000",GEEKOM IT13 Max,Intel(R) Core(TM) Ultra 9 185H,OpenVINO CPU,3185,3142,7340
545748,"Sun, 09 Aug 2026 01:39:13 +0000",iPhone SE (3rd generation),Apple A15 Bionic,Core ML CPU,2928,4435,3792
545749,"Sun, 09 Aug 2026 01:42:08 +0000",Dell Inc. Dell Pro Precision 5 16 PW516261,Intel(R) Core(TM) Ultra 5 336H,ONNX CPU,4297,1907,7834
545750,"Sun, 09 Aug 2026 01:45:46 +0000",GEEKOM IT13 Max,Intel(R) Arc(TM) Graphics,ONNX DirectML,4692,7722,3462
545751,"Sun, 09 Aug 2026 01:49:37 +0000",iPhone 17 Pro Max,Apple A19 Pro,Core ML Neural Engine,5409,38586,51984
545752,"Sun, 09 Aug 2026 01:49:44 +0000",iPhone 17 Pro Max,Apple A19 Pro,Core ML Neural Engine,5409,38586,51984
545753,"Sun, 09 Aug 2026 01:51:22 +0000",GEEKOM IT13 Max,Intel(R) Core(TM) Ultra 9 185H,OpenVINO CPU,3133,3095,7119
545754,"Sun, 09 Aug 2026 01:59:18 +0000",Acer Predator PHN16-72,Intel Core i7-14700HX,ONNX CPU,4810,1592,8270
545755,"Sun, 09 Aug 2026 02:08:00 +0000",GEEKOM IT13 Max,Intel(R) Arc(TM) Graphics (iGPU),OpenVINO GPU,8255,13877,21638
545756,"Sun, 09 Aug 2026 02:08:49 +0000",motorola motorola edge 60 pro,ARM ARMv8,TensorFlow Lite NNAPI,1013,4191,4183
545757,"Sun, 09 Aug 2026 02:10:12 +0000",iPhone 14,Apple A15 Bionic,Core ML CPU,3029,5732,4525
545758,"Sun, 09 Aug 2026 02:22:09 +0000",Maxsun MS-Challenger H810ITX WIFI,Intel(R) Core(TM) Ultra 5 245KF,ONNX CPU,5234,2148,9915
545759,"Sun, 09 Aug 2026 02:24:11 +0000",Maxsun MS-Challenger H810ITX WIFI,NVIDIA GeForce RTX 5070 Ti,ONNX DirectML,31859,54218,24563
545760,"Sun, 09 Aug 2026 02:25:56 +0000",iPhone 16 Pro,Apple A18 Pro,Core ML CPU,4669,8129,6460
545761,"Sun, 09 Aug 2026 02:30:01 +0000",iPhone XR,Apple A12 Bionic,Core ML CPU,533,907,799
545762,"Sun, 09 Aug 2026 02:43:57 +0000","Mac17,6",Apple M5 Max,Core ML CPU,4233,7329,5378
545763,"Sun, 09 Aug 2026 02:47:36 +0000",GEEKOM IT13 Max,Intel Core Ultra 9 185H,ONNX CPU,3564,1437,6793
545764,"Sun, 09 Aug 2026 02:47:57 +0000",Google Pixel 8,Google Tensor G3,TensorFlow Lite CPU,922,1053,1402
545765,"Sun, 09 Aug 2026 02:54:13 +0000",Google Pixel 8,Google Tensor G3,TensorFlow Lite GPU,944,1341,1018
545766,"Sun, 09 Aug 2026 02:55:39 +0000",ASUS System Product Name,AMD Radeon RX 7600,ONNX DirectML,15786,20081,12433
545767,"Sun, 09 Aug 2026 02:56:38 +0000",iPhone 16e,Apple A18,Core ML CPU,4477,7466,5878
545768,"Sun, 09 Aug 2026 02:56:53 +0000","iPhone18,5",ARM,Core ML CPU,4674,8816,6627
545769,"Sun, 09 Aug 2026 02:58:16 +0000",iPhone 16e,Apple A18,Core ML CPU,2742,5491,3659
545770,"Sun, 09 Aug 2026 02:58:46 +0000",iPhone 16e,Apple A18,Core ML CPU,3458,5751,4828
545771,"Sun, 09 Aug 2026 03:00:48 +0000",GEEKOM IT13 Max,Intel(R) Arc(TM) Graphics,ONNX DirectML,4851,7979,3526
545772,"Sun, 09 Aug 2026 03:07:36 +0000",Google Pixel 8,Google Tensor G3,TensorFlow Lite NNAPI,221,3549,6387
545773,"Sun, 09 Aug 2026 03:08:41 +0000",iPhone 16e,Apple A18,Core ML CPU,4466,7678,6163
545774,"Sun, 09 Aug 2026 03:08:42 +0000",Google Pixel 6,Google Tensor,TensorFlow Lite CPU,673,1265,1268
545775,"Sun, 09 Aug 2026 03:09:00 +0000",Samsung Galaxy Z Fold6,Qualcomm Snapdragon 8 Gen 3,TensorFlow Lite CPU,2371,2677,3760
545776,"Sun, 09 Aug 2026 03:10:18 +0000",GEEKOM IT13 Max,Intel(R) Core(TM) Ultra 9 185H,OpenVINO CPU,3351,3313,7911
545777,"Sun, 09 Aug 2026 03:11:23 +0000",iPhone 17 Pro,Apple A19 Pro,Core ML Neural Engine,5622,41000,58354
545778,"Sun, 09 Aug 2026 03:11:29 +0000",Xiaomi M2012K11AG,ARM Qualcomm,TensorFlow Lite CPU,609,1062,1053
545779,"Sun, 09 Aug 2026 03:12:59 +0000",Google Pixel 6,Google Tensor,TensorFlow Lite GPU,953,1409,1120
545780,"Sun, 09 Aug 2026 03:17:54 +0000",Xiaomi M2012K11AG,ARM Qualcomm,TensorFlow Lite GPU,806,1213,1116
545781,"Sun, 09 Aug 2026 03:20:36 +0000","MacBook Pro (16-inch, 2023)",Apple M2 Max,Core ML CPU,4365,7273,5827
545782,"Sun, 09 Aug 2026 03:22:49 +0000","MacBook Pro (16-inch, 2023)",Apple M2 Max,Core ML GPU,17700,19548,17070
545783,"Sun, 09 Aug 2026 03:26:15 +0000","MacBook Pro (16-inch, 2023)",Apple M2 Max,Core ML Neural Engine,4349,28926,32263
545784,"Sun, 09 Aug 2026 03:26:33 +0000",Xiaomi M2012K11AG,ARM Qualcomm,TensorFlow Lite GPU,805,1208,1105
545785,"Sun, 09 Aug 2026 03:36:30 +0000",Google Pixel 6,Google Tensor,TensorFlow Lite NNAPI,164,1036,3753
545786,"Sun, 09 Aug 2026 03:37:20 +0000",HONOR MTN-NX1,ARM ARMv8,TensorFlow Lite GPU,477,898,690
545787,"Sun, 09 Aug 2026 03:51:51 +0000",Xiaomi M2012K11AG,ARM Qualcomm,TensorFlow Lite NNAPI,240,178,900
545788,"Sun, 09 Aug 2026 03:57:20 +0000",HONOR MTN-NX1,ARM ARMv8,TensorFlow Lite QNN,218,218,10706
545789,"Sun, 09 Aug 2026 04:41:06 +0000",Microsoft Corporation Surface Pro for Business 13in 12th Ed Snapdragon,Snapdragon X2 Elite @ 4.03 GHz,ONNX CPU,1714,3162,6792
545790,"Sun, 09 Aug 2026 04:47:08 +0000","Mac17,8",Apple M5 Pro,Core ML CPU,6034,10483,7813
545791,"Sun, 09 Aug 2026 04:48:58 +0000",Xiaomi 15 Pro,Qualcomm Snapdragon 8 Elite,TensorFlow Lite CPU,2338,3289,4245
545792,"Sun, 09 Aug 2026 04:49:14 +0000","Mac17,8",Apple M5 Pro,Core ML Neural Engine,6019,46087,62440
545793,"Sun, 09 Aug 2026 04:52:12 +0000",Xiaomi 15 Pro,Qualcomm Snapdragon 8 Elite,TensorFlow Lite GPU,2559,3958,3481
545794,"Sun, 09 Aug 2026 04:53:51 +0000",iPhone 16e,Apple A18,Core ML Neural Engine,4654,35197,49255
545795,"Sun, 09 Aug 2026 04:59:18 +0000","Gigabyte Technology Co., Ltd. B550M AORUS ELITE",AMD Ryzen 7 5800X,ONNX CPU,3671,1624,5733
545796,"Sun, 09 Aug 2026 05:01:23 +0000",vivo V2520A,Qualcomm ARMv8,TensorFlow Lite CPU,2190,2849,3818
545797,"Sun, 09 Aug 2026 05:02:04 +0000",Xiaomi 15 Pro,Qualcomm Snapdragon 8 Elite,TensorFlow Lite NNAPI,500,496,1108
545798,"Sun, 09 Aug 2026 05:04:15 +0000",vivo V2520A,Qualcomm ARMv8,TensorFlow Lite GPU,1566,2351,2083
